ARM GAS  C:\Users\Nathan\AppData\Local\Temp\ccd5lrSx.s 			page 1


   1              		.cpu cortex-m4
   2              		.arch armv7e-m
   3              		.fpu fpv4-sp-d16
   4              		.eabi_attribute 27, 1
   5              		.eabi_attribute 28, 1
   6              		.eabi_attribute 20, 1
   7              		.eabi_attribute 21, 1
   8              		.eabi_attribute 23, 3
   9              		.eabi_attribute 24, 1
  10              		.eabi_attribute 25, 1
  11              		.eabi_attribute 26, 1
  12              		.eabi_attribute 30, 1
  13              		.eabi_attribute 34, 1
  14              		.eabi_attribute 18, 4
  15              		.file	"ble_events.c"
  16              		.text
  17              		.section	.text.hci_disconnection_complete_event,"ax",%progbits
  18              		.align	1
  19              		.weak	hci_disconnection_complete_event
  20              		.syntax unified
  21              		.thumb
  22              		.thumb_func
  24              	hci_disconnection_complete_event:
  25              		@ args = 0, pretend = 0, frame = 0
  26              		@ frame_needed = 0, uses_anonymous_args = 0
  27              		@ link register save eliminated.
  28 0000 7047     		bx	lr
  30              		.section	.text.hci_disconnection_complete_event_process,"ax",%progbits
  31              		.align	1
  32              		.syntax unified
  33              		.thumb
  34              		.thumb_func
  36              	hci_disconnection_complete_event_process:
  37              		@ args = 0, pretend = 0, frame = 0
  38              		@ frame_needed = 0, uses_anonymous_args = 0
  39 0000 08B5     		push	{r3, lr}
  40 0002 C278     		ldrb	r2, [r0, #3]	@ zero_extendqisi2
  41 0004 B0F80110 		ldrh	r1, [r0, #1]	@ unaligned
  42 0008 0078     		ldrb	r0, [r0]	@ zero_extendqisi2
  43 000a FFF7FEFF 		bl	hci_disconnection_complete_event
  44 000e 08BD     		pop	{r3, pc}
  46              		.section	.text.hci_encryption_change_event,"ax",%progbits
  47              		.align	1
  48              		.weak	hci_encryption_change_event
  49              		.syntax unified
  50              		.thumb
  51              		.thumb_func
  53              	hci_encryption_change_event:
  54              		@ args = 0, pretend = 0, frame = 0
  55              		@ frame_needed = 0, uses_anonymous_args = 0
  56              		@ link register save eliminated.
  57 0000 7047     		bx	lr
  59              		.section	.text.hci_encryption_change_event_process,"ax",%progbits
  60              		.align	1
  61              		.syntax unified
  62              		.thumb
  63              		.thumb_func
ARM GAS  C:\Users\Nathan\AppData\Local\Temp\ccd5lrSx.s 			page 2


  65              	hci_encryption_change_event_process:
  66              		@ args = 0, pretend = 0, frame = 0
  67              		@ frame_needed = 0, uses_anonymous_args = 0
  68 0000 08B5     		push	{r3, lr}
  69 0002 C278     		ldrb	r2, [r0, #3]	@ zero_extendqisi2
  70 0004 B0F80110 		ldrh	r1, [r0, #1]	@ unaligned
  71 0008 0078     		ldrb	r0, [r0]	@ zero_extendqisi2
  72 000a FFF7FEFF 		bl	hci_encryption_change_event
  73 000e 08BD     		pop	{r3, pc}
  75              		.section	.text.hci_read_remote_version_information_complete_event,"ax",%progbits
  76              		.align	1
  77              		.weak	hci_read_remote_version_information_complete_event
  78              		.syntax unified
  79              		.thumb
  80              		.thumb_func
  82              	hci_read_remote_version_information_complete_event:
  83              		@ args = 4, pretend = 0, frame = 0
  84              		@ frame_needed = 0, uses_anonymous_args = 0
  85              		@ link register save eliminated.
  86 0000 7047     		bx	lr
  88              		.section	.text.hci_read_remote_version_information_complete_event_process,"ax",%progbits
  89              		.align	1
  90              		.syntax unified
  91              		.thumb
  92              		.thumb_func
  94              	hci_read_remote_version_information_complete_event_process:
  95              		@ args = 0, pretend = 0, frame = 0
  96              		@ frame_needed = 0, uses_anonymous_args = 0
  97 0000 00B5     		push	{lr}
  98 0002 83B0     		sub	sp, sp, #12
  99 0004 C388     		ldrh	r3, [r0, #6]	@ unaligned
 100 0006 0093     		str	r3, [sp]
 101 0008 8388     		ldrh	r3, [r0, #4]	@ unaligned
 102 000a C278     		ldrb	r2, [r0, #3]	@ zero_extendqisi2
 103 000c B0F80110 		ldrh	r1, [r0, #1]	@ unaligned
 104 0010 0078     		ldrb	r0, [r0]	@ zero_extendqisi2
 105 0012 FFF7FEFF 		bl	hci_read_remote_version_information_complete_event
 106 0016 03B0     		add	sp, sp, #12
 107              		@ sp needed
 108 0018 00BD     		pop	{pc}
 110              		.section	.text.hci_hardware_error_event,"ax",%progbits
 111              		.align	1
 112              		.weak	hci_hardware_error_event
 113              		.syntax unified
 114              		.thumb
 115              		.thumb_func
 117              	hci_hardware_error_event:
 118              		@ args = 0, pretend = 0, frame = 0
 119              		@ frame_needed = 0, uses_anonymous_args = 0
 120              		@ link register save eliminated.
 121 0000 7047     		bx	lr
 123              		.section	.text.hci_hardware_error_event_process,"ax",%progbits
 124              		.align	1
 125              		.syntax unified
 126              		.thumb
 127              		.thumb_func
 129              	hci_hardware_error_event_process:
ARM GAS  C:\Users\Nathan\AppData\Local\Temp\ccd5lrSx.s 			page 3


 130              		@ args = 0, pretend = 0, frame = 0
 131              		@ frame_needed = 0, uses_anonymous_args = 0
 132 0000 08B5     		push	{r3, lr}
 133 0002 0078     		ldrb	r0, [r0]	@ zero_extendqisi2
 134 0004 FFF7FEFF 		bl	hci_hardware_error_event
 135 0008 08BD     		pop	{r3, pc}
 137              		.section	.text.hci_number_of_completed_packets_event,"ax",%progbits
 138              		.align	1
 139              		.weak	hci_number_of_completed_packets_event
 140              		.syntax unified
 141              		.thumb
 142              		.thumb_func
 144              	hci_number_of_completed_packets_event:
 145              		@ args = 0, pretend = 0, frame = 0
 146              		@ frame_needed = 0, uses_anonymous_args = 0
 147              		@ link register save eliminated.
 148 0000 7047     		bx	lr
 150              		.section	.text.hci_number_of_completed_packets_event_process,"ax",%progbits
 151              		.align	1
 152              		.syntax unified
 153              		.thumb
 154              		.thumb_func
 156              	hci_number_of_completed_packets_event_process:
 157              		@ args = 0, pretend = 0, frame = 0
 158              		@ frame_needed = 0, uses_anonymous_args = 0
 159 0000 08B5     		push	{r3, lr}
 160 0002 0146     		mov	r1, r0
 161 0004 11F8010B 		ldrb	r0, [r1], #1	@ zero_extendqisi2
 162 0008 FFF7FEFF 		bl	hci_number_of_completed_packets_event
 163 000c 08BD     		pop	{r3, pc}
 165              		.section	.text.hci_encryption_key_refresh_complete_event,"ax",%progbits
 166              		.align	1
 167              		.weak	hci_encryption_key_refresh_complete_event
 168              		.syntax unified
 169              		.thumb
 170              		.thumb_func
 172              	hci_encryption_key_refresh_complete_event:
 173              		@ args = 0, pretend = 0, frame = 0
 174              		@ frame_needed = 0, uses_anonymous_args = 0
 175              		@ link register save eliminated.
 176 0000 7047     		bx	lr
 178              		.section	.text.hci_encryption_key_refresh_complete_event_process,"ax",%progbits
 179              		.align	1
 180              		.syntax unified
 181              		.thumb
 182              		.thumb_func
 184              	hci_encryption_key_refresh_complete_event_process:
 185              		@ args = 0, pretend = 0, frame = 0
 186              		@ frame_needed = 0, uses_anonymous_args = 0
 187 0000 08B5     		push	{r3, lr}
 188 0002 B0F80110 		ldrh	r1, [r0, #1]	@ unaligned
 189 0006 0078     		ldrb	r0, [r0]	@ zero_extendqisi2
 190 0008 FFF7FEFF 		bl	hci_encryption_key_refresh_complete_event
 191 000c 08BD     		pop	{r3, pc}
 193              		.section	.text.hci_le_connection_complete_event,"ax",%progbits
 194              		.align	1
 195              		.weak	hci_le_connection_complete_event
ARM GAS  C:\Users\Nathan\AppData\Local\Temp\ccd5lrSx.s 			page 4


 196              		.syntax unified
 197              		.thumb
 198              		.thumb_func
 200              	hci_le_connection_complete_event:
 201              		@ args = 20, pretend = 0, frame = 0
 202              		@ frame_needed = 0, uses_anonymous_args = 0
 203              		@ link register save eliminated.
 204 0000 7047     		bx	lr
 206              		.section	.text.hci_le_connection_complete_event_process,"ax",%progbits
 207              		.align	1
 208              		.syntax unified
 209              		.thumb
 210              		.thumb_func
 212              	hci_le_connection_complete_event_process:
 213              		@ args = 0, pretend = 0, frame = 0
 214              		@ frame_needed = 0, uses_anonymous_args = 0
 215 0000 00B5     		push	{lr}
 216 0002 87B0     		sub	sp, sp, #28
 217 0004 431D     		adds	r3, r0, #5
 218 0006 427C     		ldrb	r2, [r0, #17]	@ zero_extendqisi2
 219 0008 0492     		str	r2, [sp, #16]
 220 000a B0F80F20 		ldrh	r2, [r0, #15]	@ unaligned
 221 000e 0392     		str	r2, [sp, #12]
 222 0010 B0F80D20 		ldrh	r2, [r0, #13]	@ unaligned
 223 0014 0292     		str	r2, [sp, #8]
 224 0016 B0F80B20 		ldrh	r2, [r0, #11]	@ unaligned
 225 001a 0192     		str	r2, [sp, #4]
 226 001c 0093     		str	r3, [sp]
 227 001e 0379     		ldrb	r3, [r0, #4]	@ zero_extendqisi2
 228 0020 C278     		ldrb	r2, [r0, #3]	@ zero_extendqisi2
 229 0022 B0F80110 		ldrh	r1, [r0, #1]	@ unaligned
 230 0026 0078     		ldrb	r0, [r0]	@ zero_extendqisi2
 231 0028 FFF7FEFF 		bl	hci_le_connection_complete_event
 232 002c 07B0     		add	sp, sp, #28
 233              		@ sp needed
 234 002e 00BD     		pop	{pc}
 236              		.section	.text.hci_le_advertising_report_event,"ax",%progbits
 237              		.align	1
 238              		.weak	hci_le_advertising_report_event
 239              		.syntax unified
 240              		.thumb
 241              		.thumb_func
 243              	hci_le_advertising_report_event:
 244              		@ args = 0, pretend = 0, frame = 0
 245              		@ frame_needed = 0, uses_anonymous_args = 0
 246              		@ link register save eliminated.
 247 0000 7047     		bx	lr
 249              		.section	.text.hci_le_advertising_report_event_process,"ax",%progbits
 250              		.align	1
 251              		.syntax unified
 252              		.thumb
 253              		.thumb_func
 255              	hci_le_advertising_report_event_process:
 256              		@ args = 0, pretend = 0, frame = 16
 257              		@ frame_needed = 0, uses_anonymous_args = 0
 258 0000 2DE9F041 		push	{r4, r5, r6, r7, r8, lr}
 259 0004 84B0     		sub	sp, sp, #16
ARM GAS  C:\Users\Nathan\AppData\Local\Temp\ccd5lrSx.s 			page 5


 260 0006 8046     		mov	r8, r0
 261 0008 0446     		mov	r4, r0
 262 000a 0026     		movs	r6, #0
 263 000c 14E0     		b	.L24
 264              	.L25:
 265 000e 651C     		adds	r5, r4, #1
 266 0010 0922     		movs	r2, #9
 267 0012 2946     		mov	r1, r5
 268 0014 6846     		mov	r0, sp
 269 0016 FFF7FEFF 		bl	Osal_MemCpy
 270 001a 04F10A03 		add	r3, r4, #10
 271 001e CDF80930 		str	r3, [sp, #9]	@ unaligned
 272 0022 637A     		ldrb	r3, [r4, #9]	@ zero_extendqisi2
 273 0024 0933     		adds	r3, r3, #9
 274 0026 EC18     		adds	r4, r5, r3
 275 0028 EB5C     		ldrb	r3, [r5, r3]	@ zero_extendqisi2
 276 002a 8DF80D30 		strb	r3, [sp, #13]
 277 002e 6946     		mov	r1, sp
 278 0030 0120     		movs	r0, #1
 279 0032 FFF7FEFF 		bl	hci_le_advertising_report_event
 280 0036 0136     		adds	r6, r6, #1
 281              	.L24:
 282 0038 98F80030 		ldrb	r3, [r8]	@ zero_extendqisi2
 283 003c B342     		cmp	r3, r6
 284 003e E6DC     		bgt	.L25
 285 0040 04B0     		add	sp, sp, #16
 286              		@ sp needed
 287 0042 BDE8F081 		pop	{r4, r5, r6, r7, r8, pc}
 289              		.section	.text.hci_le_connection_update_complete_event,"ax",%progbits
 290              		.align	1
 291              		.weak	hci_le_connection_update_complete_event
 292              		.syntax unified
 293              		.thumb
 294              		.thumb_func
 296              	hci_le_connection_update_complete_event:
 297              		@ args = 4, pretend = 0, frame = 0
 298              		@ frame_needed = 0, uses_anonymous_args = 0
 299              		@ link register save eliminated.
 300 0000 7047     		bx	lr
 302              		.section	.text.hci_le_connection_update_complete_event_process,"ax",%progbits
 303              		.align	1
 304              		.syntax unified
 305              		.thumb
 306              		.thumb_func
 308              	hci_le_connection_update_complete_event_process:
 309              		@ args = 0, pretend = 0, frame = 0
 310              		@ frame_needed = 0, uses_anonymous_args = 0
 311 0000 00B5     		push	{lr}
 312 0002 83B0     		sub	sp, sp, #12
 313 0004 B0F80730 		ldrh	r3, [r0, #7]	@ unaligned
 314 0008 0093     		str	r3, [sp]
 315 000a B0F80530 		ldrh	r3, [r0, #5]	@ unaligned
 316 000e B0F80320 		ldrh	r2, [r0, #3]	@ unaligned
 317 0012 B0F80110 		ldrh	r1, [r0, #1]	@ unaligned
 318 0016 0078     		ldrb	r0, [r0]	@ zero_extendqisi2
 319 0018 FFF7FEFF 		bl	hci_le_connection_update_complete_event
 320 001c 03B0     		add	sp, sp, #12
ARM GAS  C:\Users\Nathan\AppData\Local\Temp\ccd5lrSx.s 			page 6


 321              		@ sp needed
 322 001e 00BD     		pop	{pc}
 324              		.section	.text.hci_le_read_remote_features_complete_event,"ax",%progbits
 325              		.align	1
 326              		.weak	hci_le_read_remote_features_complete_event
 327              		.syntax unified
 328              		.thumb
 329              		.thumb_func
 331              	hci_le_read_remote_features_complete_event:
 332              		@ args = 0, pretend = 0, frame = 0
 333              		@ frame_needed = 0, uses_anonymous_args = 0
 334              		@ link register save eliminated.
 335 0000 7047     		bx	lr
 337              		.section	.text.hci_le_read_remote_features_complete_event_process,"ax",%progbits
 338              		.align	1
 339              		.syntax unified
 340              		.thumb
 341              		.thumb_func
 343              	hci_le_read_remote_features_complete_event_process:
 344              		@ args = 0, pretend = 0, frame = 0
 345              		@ frame_needed = 0, uses_anonymous_args = 0
 346 0000 08B5     		push	{r3, lr}
 347 0002 C21C     		adds	r2, r0, #3
 348 0004 B0F80110 		ldrh	r1, [r0, #1]	@ unaligned
 349 0008 0078     		ldrb	r0, [r0]	@ zero_extendqisi2
 350 000a FFF7FEFF 		bl	hci_le_read_remote_features_complete_event
 351 000e 08BD     		pop	{r3, pc}
 353              		.section	.text.hci_le_long_term_key_request_event,"ax",%progbits
 354              		.align	1
 355              		.weak	hci_le_long_term_key_request_event
 356              		.syntax unified
 357              		.thumb
 358              		.thumb_func
 360              	hci_le_long_term_key_request_event:
 361              		@ args = 0, pretend = 0, frame = 0
 362              		@ frame_needed = 0, uses_anonymous_args = 0
 363              		@ link register save eliminated.
 364 0000 7047     		bx	lr
 366              		.section	.text.hci_le_long_term_key_request_event_process,"ax",%progbits
 367              		.align	1
 368              		.syntax unified
 369              		.thumb
 370              		.thumb_func
 372              	hci_le_long_term_key_request_event_process:
 373              		@ args = 0, pretend = 0, frame = 0
 374              		@ frame_needed = 0, uses_anonymous_args = 0
 375 0000 08B5     		push	{r3, lr}
 376 0002 4289     		ldrh	r2, [r0, #10]	@ unaligned
 377 0004 811C     		adds	r1, r0, #2
 378 0006 0088     		ldrh	r0, [r0]	@ unaligned
 379 0008 FFF7FEFF 		bl	hci_le_long_term_key_request_event
 380 000c 08BD     		pop	{r3, pc}
 382              		.section	.text.hci_le_data_length_change_event,"ax",%progbits
 383              		.align	1
 384              		.weak	hci_le_data_length_change_event
 385              		.syntax unified
 386              		.thumb
ARM GAS  C:\Users\Nathan\AppData\Local\Temp\ccd5lrSx.s 			page 7


 387              		.thumb_func
 389              	hci_le_data_length_change_event:
 390              		@ args = 4, pretend = 0, frame = 0
 391              		@ frame_needed = 0, uses_anonymous_args = 0
 392              		@ link register save eliminated.
 393 0000 7047     		bx	lr
 395              		.section	.text.hci_le_data_length_change_event_process,"ax",%progbits
 396              		.align	1
 397              		.syntax unified
 398              		.thumb
 399              		.thumb_func
 401              	hci_le_data_length_change_event_process:
 402              		@ args = 0, pretend = 0, frame = 0
 403              		@ frame_needed = 0, uses_anonymous_args = 0
 404 0000 00B5     		push	{lr}
 405 0002 83B0     		sub	sp, sp, #12
 406 0004 0389     		ldrh	r3, [r0, #8]	@ unaligned
 407 0006 0093     		str	r3, [sp]
 408 0008 C388     		ldrh	r3, [r0, #6]	@ unaligned
 409 000a 8288     		ldrh	r2, [r0, #4]	@ unaligned
 410 000c 4188     		ldrh	r1, [r0, #2]	@ unaligned
 411 000e 0088     		ldrh	r0, [r0]	@ unaligned
 412 0010 FFF7FEFF 		bl	hci_le_data_length_change_event
 413 0014 03B0     		add	sp, sp, #12
 414              		@ sp needed
 415 0016 00BD     		pop	{pc}
 417              		.section	.text.hci_le_read_local_p256_public_key_complete_event,"ax",%progbits
 418              		.align	1
 419              		.weak	hci_le_read_local_p256_public_key_complete_event
 420              		.syntax unified
 421              		.thumb
 422              		.thumb_func
 424              	hci_le_read_local_p256_public_key_complete_event:
 425              		@ args = 0, pretend = 0, frame = 0
 426              		@ frame_needed = 0, uses_anonymous_args = 0
 427              		@ link register save eliminated.
 428 0000 7047     		bx	lr
 430              		.section	.text.hci_le_read_local_p256_public_key_complete_event_process,"ax",%progbits
 431              		.align	1
 432              		.syntax unified
 433              		.thumb
 434              		.thumb_func
 436              	hci_le_read_local_p256_public_key_complete_event_process:
 437              		@ args = 0, pretend = 0, frame = 0
 438              		@ frame_needed = 0, uses_anonymous_args = 0
 439 0000 08B5     		push	{r3, lr}
 440 0002 0146     		mov	r1, r0
 441 0004 11F8010B 		ldrb	r0, [r1], #1	@ zero_extendqisi2
 442 0008 FFF7FEFF 		bl	hci_le_read_local_p256_public_key_complete_event
 443 000c 08BD     		pop	{r3, pc}
 445              		.section	.text.hci_le_generate_dhkey_complete_event,"ax",%progbits
 446              		.align	1
 447              		.weak	hci_le_generate_dhkey_complete_event
 448              		.syntax unified
 449              		.thumb
 450              		.thumb_func
 452              	hci_le_generate_dhkey_complete_event:
ARM GAS  C:\Users\Nathan\AppData\Local\Temp\ccd5lrSx.s 			page 8


 453              		@ args = 0, pretend = 0, frame = 0
 454              		@ frame_needed = 0, uses_anonymous_args = 0
 455              		@ link register save eliminated.
 456 0000 7047     		bx	lr
 458              		.section	.text.hci_le_generate_dhkey_complete_event_process,"ax",%progbits
 459              		.align	1
 460              		.syntax unified
 461              		.thumb
 462              		.thumb_func
 464              	hci_le_generate_dhkey_complete_event_process:
 465              		@ args = 0, pretend = 0, frame = 0
 466              		@ frame_needed = 0, uses_anonymous_args = 0
 467 0000 08B5     		push	{r3, lr}
 468 0002 0146     		mov	r1, r0
 469 0004 11F8010B 		ldrb	r0, [r1], #1	@ zero_extendqisi2
 470 0008 FFF7FEFF 		bl	hci_le_generate_dhkey_complete_event
 471 000c 08BD     		pop	{r3, pc}
 473              		.section	.text.hci_le_enhanced_connection_complete_event,"ax",%progbits
 474              		.align	1
 475              		.weak	hci_le_enhanced_connection_complete_event
 476              		.syntax unified
 477              		.thumb
 478              		.thumb_func
 480              	hci_le_enhanced_connection_complete_event:
 481              		@ args = 28, pretend = 0, frame = 0
 482              		@ frame_needed = 0, uses_anonymous_args = 0
 483              		@ link register save eliminated.
 484 0000 7047     		bx	lr
 486              		.section	.text.hci_le_enhanced_connection_complete_event_process,"ax",%progbits
 487              		.align	1
 488              		.syntax unified
 489              		.thumb
 490              		.thumb_func
 492              	hci_le_enhanced_connection_complete_event_process:
 493              		@ args = 0, pretend = 0, frame = 0
 494              		@ frame_needed = 0, uses_anonymous_args = 0
 495 0000 00B5     		push	{lr}
 496 0002 89B0     		sub	sp, sp, #36
 497 0004 431D     		adds	r3, r0, #5
 498 0006 00F10B02 		add	r2, r0, #11
 499 000a 00F11101 		add	r1, r0, #17
 500 000e 90F81DC0 		ldrb	ip, [r0, #29]	@ zero_extendqisi2
 501 0012 CDF818C0 		str	ip, [sp, #24]
 502 0016 B0F81BC0 		ldrh	ip, [r0, #27]	@ unaligned
 503 001a CDF814C0 		str	ip, [sp, #20]
 504 001e B0F819C0 		ldrh	ip, [r0, #25]	@ unaligned
 505 0022 CDF810C0 		str	ip, [sp, #16]
 506 0026 B0F817C0 		ldrh	ip, [r0, #23]	@ unaligned
 507 002a CDF80CC0 		str	ip, [sp, #12]
 508 002e 0291     		str	r1, [sp, #8]
 509 0030 0192     		str	r2, [sp, #4]
 510 0032 0093     		str	r3, [sp]
 511 0034 0379     		ldrb	r3, [r0, #4]	@ zero_extendqisi2
 512 0036 C278     		ldrb	r2, [r0, #3]	@ zero_extendqisi2
 513 0038 B0F80110 		ldrh	r1, [r0, #1]	@ unaligned
 514 003c 0078     		ldrb	r0, [r0]	@ zero_extendqisi2
 515 003e FFF7FEFF 		bl	hci_le_enhanced_connection_complete_event
ARM GAS  C:\Users\Nathan\AppData\Local\Temp\ccd5lrSx.s 			page 9


 516 0042 09B0     		add	sp, sp, #36
 517              		@ sp needed
 518 0044 00BD     		pop	{pc}
 520              		.section	.text.hci_le_directed_advertising_report_event,"ax",%progbits
 521              		.align	1
 522              		.weak	hci_le_directed_advertising_report_event
 523              		.syntax unified
 524              		.thumb
 525              		.thumb_func
 527              	hci_le_directed_advertising_report_event:
 528              		@ args = 0, pretend = 0, frame = 0
 529              		@ frame_needed = 0, uses_anonymous_args = 0
 530              		@ link register save eliminated.
 531 0000 7047     		bx	lr
 533              		.section	.text.hci_le_directed_advertising_report_event_process,"ax",%progbits
 534              		.align	1
 535              		.syntax unified
 536              		.thumb
 537              		.thumb_func
 539              	hci_le_directed_advertising_report_event_process:
 540              		@ args = 0, pretend = 0, frame = 0
 541              		@ frame_needed = 0, uses_anonymous_args = 0
 542 0000 08B5     		push	{r3, lr}
 543 0002 0146     		mov	r1, r0
 544 0004 11F8010B 		ldrb	r0, [r1], #1	@ zero_extendqisi2
 545 0008 FFF7FEFF 		bl	hci_le_directed_advertising_report_event
 546 000c 08BD     		pop	{r3, pc}
 548              		.section	.text.hci_le_phy_update_complete_event,"ax",%progbits
 549              		.align	1
 550              		.weak	hci_le_phy_update_complete_event
 551              		.syntax unified
 552              		.thumb
 553              		.thumb_func
 555              	hci_le_phy_update_complete_event:
 556              		@ args = 0, pretend = 0, frame = 0
 557              		@ frame_needed = 0, uses_anonymous_args = 0
 558              		@ link register save eliminated.
 559 0000 7047     		bx	lr
 561              		.section	.text.hci_le_phy_update_complete_event_process,"ax",%progbits
 562              		.align	1
 563              		.syntax unified
 564              		.thumb
 565              		.thumb_func
 567              	hci_le_phy_update_complete_event_process:
 568              		@ args = 0, pretend = 0, frame = 0
 569              		@ frame_needed = 0, uses_anonymous_args = 0
 570 0000 08B5     		push	{r3, lr}
 571 0002 0379     		ldrb	r3, [r0, #4]	@ zero_extendqisi2
 572 0004 C278     		ldrb	r2, [r0, #3]	@ zero_extendqisi2
 573 0006 B0F80110 		ldrh	r1, [r0, #1]	@ unaligned
 574 000a 0078     		ldrb	r0, [r0]	@ zero_extendqisi2
 575 000c FFF7FEFF 		bl	hci_le_phy_update_complete_event
 576 0010 08BD     		pop	{r3, pc}
 578              		.section	.text.hci_le_extended_advertising_report_event,"ax",%progbits
 579              		.align	1
 580              		.weak	hci_le_extended_advertising_report_event
 581              		.syntax unified
ARM GAS  C:\Users\Nathan\AppData\Local\Temp\ccd5lrSx.s 			page 10


 582              		.thumb
 583              		.thumb_func
 585              	hci_le_extended_advertising_report_event:
 586              		@ args = 40, pretend = 0, frame = 0
 587              		@ frame_needed = 0, uses_anonymous_args = 0
 588              		@ link register save eliminated.
 589 0000 7047     		bx	lr
 591              		.section	.text.hci_le_extended_advertising_report_event_process,"ax",%progbits
 592              		.align	1
 593              		.syntax unified
 594              		.thumb
 595              		.thumb_func
 597              	hci_le_extended_advertising_report_event_process:
 598              		@ args = 0, pretend = 0, frame = 0
 599              		@ frame_needed = 0, uses_anonymous_args = 0
 600 0000 00B5     		push	{lr}
 601 0002 8BB0     		sub	sp, sp, #44
 602 0004 00F11203 		add	r3, r0, #18
 603 0008 00F11902 		add	r2, r0, #25
 604 000c 0992     		str	r2, [sp, #36]
 605 000e 027E     		ldrb	r2, [r0, #24]	@ zero_extendqisi2
 606 0010 0892     		str	r2, [sp, #32]
 607 0012 0793     		str	r3, [sp, #28]
 608 0014 437C     		ldrb	r3, [r0, #17]	@ zero_extendqisi2
 609 0016 0693     		str	r3, [sp, #24]
 610 0018 B0F80F30 		ldrh	r3, [r0, #15]	@ unaligned
 611 001c 0593     		str	r3, [sp, #20]
 612 001e 837B     		ldrb	r3, [r0, #14]	@ zero_extendqisi2
 613 0020 0493     		str	r3, [sp, #16]
 614 0022 437B     		ldrb	r3, [r0, #13]	@ zero_extendqisi2
 615 0024 0393     		str	r3, [sp, #12]
 616 0026 037B     		ldrb	r3, [r0, #12]	@ zero_extendqisi2
 617 0028 0293     		str	r3, [sp, #8]
 618 002a C37A     		ldrb	r3, [r0, #11]	@ zero_extendqisi2
 619 002c 0193     		str	r3, [sp, #4]
 620 002e 837A     		ldrb	r3, [r0, #10]	@ zero_extendqisi2
 621 0030 0093     		str	r3, [sp]
 622 0032 031D     		adds	r3, r0, #4
 623 0034 C278     		ldrb	r2, [r0, #3]	@ zero_extendqisi2
 624 0036 B0F80110 		ldrh	r1, [r0, #1]	@ unaligned
 625 003a 0078     		ldrb	r0, [r0]	@ zero_extendqisi2
 626 003c FFF7FEFF 		bl	hci_le_extended_advertising_report_event
 627 0040 0BB0     		add	sp, sp, #44
 628              		@ sp needed
 629 0042 00BD     		pop	{pc}
 631              		.section	.text.hci_le_scan_timeout_event,"ax",%progbits
 632              		.align	1
 633              		.weak	hci_le_scan_timeout_event
 634              		.syntax unified
 635              		.thumb
 636              		.thumb_func
 638              	hci_le_scan_timeout_event:
 639              		@ args = 0, pretend = 0, frame = 0
 640              		@ frame_needed = 0, uses_anonymous_args = 0
 641              		@ link register save eliminated.
 642 0000 7047     		bx	lr
 644              		.section	.text.hci_le_scan_timeout_event_process,"ax",%progbits
ARM GAS  C:\Users\Nathan\AppData\Local\Temp\ccd5lrSx.s 			page 11


 645              		.align	1
 646              		.syntax unified
 647              		.thumb
 648              		.thumb_func
 650              	hci_le_scan_timeout_event_process:
 651              		@ args = 0, pretend = 0, frame = 0
 652              		@ frame_needed = 0, uses_anonymous_args = 0
 653 0000 08B5     		push	{r3, lr}
 654 0002 FFF7FEFF 		bl	hci_le_scan_timeout_event
 655 0006 08BD     		pop	{r3, pc}
 657              		.section	.text.hci_le_advertising_set_terminated_event,"ax",%progbits
 658              		.align	1
 659              		.weak	hci_le_advertising_set_terminated_event
 660              		.syntax unified
 661              		.thumb
 662              		.thumb_func
 664              	hci_le_advertising_set_terminated_event:
 665              		@ args = 0, pretend = 0, frame = 0
 666              		@ frame_needed = 0, uses_anonymous_args = 0
 667              		@ link register save eliminated.
 668 0000 7047     		bx	lr
 670              		.section	.text.hci_le_advertising_set_terminated_event_process,"ax",%progbits
 671              		.align	1
 672              		.syntax unified
 673              		.thumb
 674              		.thumb_func
 676              	hci_le_advertising_set_terminated_event_process:
 677              		@ args = 0, pretend = 0, frame = 0
 678              		@ frame_needed = 0, uses_anonymous_args = 0
 679 0000 08B5     		push	{r3, lr}
 680 0002 0379     		ldrb	r3, [r0, #4]	@ zero_extendqisi2
 681 0004 4288     		ldrh	r2, [r0, #2]	@ unaligned
 682 0006 4178     		ldrb	r1, [r0, #1]	@ zero_extendqisi2
 683 0008 0078     		ldrb	r0, [r0]	@ zero_extendqisi2
 684 000a FFF7FEFF 		bl	hci_le_advertising_set_terminated_event
 685 000e 08BD     		pop	{r3, pc}
 687              		.section	.text.hci_le_scan_request_received_event,"ax",%progbits
 688              		.align	1
 689              		.weak	hci_le_scan_request_received_event
 690              		.syntax unified
 691              		.thumb
 692              		.thumb_func
 694              	hci_le_scan_request_received_event:
 695              		@ args = 0, pretend = 0, frame = 0
 696              		@ frame_needed = 0, uses_anonymous_args = 0
 697              		@ link register save eliminated.
 698 0000 7047     		bx	lr
 700              		.section	.text.hci_le_scan_request_received_event_process,"ax",%progbits
 701              		.align	1
 702              		.syntax unified
 703              		.thumb
 704              		.thumb_func
 706              	hci_le_scan_request_received_event_process:
 707              		@ args = 0, pretend = 0, frame = 0
 708              		@ frame_needed = 0, uses_anonymous_args = 0
 709 0000 08B5     		push	{r3, lr}
 710 0002 821C     		adds	r2, r0, #2
ARM GAS  C:\Users\Nathan\AppData\Local\Temp\ccd5lrSx.s 			page 12


 711 0004 4178     		ldrb	r1, [r0, #1]	@ zero_extendqisi2
 712 0006 0078     		ldrb	r0, [r0]	@ zero_extendqisi2
 713 0008 FFF7FEFF 		bl	hci_le_scan_request_received_event
 714 000c 08BD     		pop	{r3, pc}
 716              		.section	.text.hci_le_channel_selection_algorithm_event,"ax",%progbits
 717              		.align	1
 718              		.weak	hci_le_channel_selection_algorithm_event
 719              		.syntax unified
 720              		.thumb
 721              		.thumb_func
 723              	hci_le_channel_selection_algorithm_event:
 724              		@ args = 0, pretend = 0, frame = 0
 725              		@ frame_needed = 0, uses_anonymous_args = 0
 726              		@ link register save eliminated.
 727 0000 7047     		bx	lr
 729              		.section	.text.hci_le_channel_selection_algorithm_event_process,"ax",%progbits
 730              		.align	1
 731              		.syntax unified
 732              		.thumb
 733              		.thumb_func
 735              	hci_le_channel_selection_algorithm_event_process:
 736              		@ args = 0, pretend = 0, frame = 0
 737              		@ frame_needed = 0, uses_anonymous_args = 0
 738 0000 08B5     		push	{r3, lr}
 739 0002 8178     		ldrb	r1, [r0, #2]	@ zero_extendqisi2
 740 0004 0088     		ldrh	r0, [r0]	@ unaligned
 741 0006 FFF7FEFF 		bl	hci_le_channel_selection_algorithm_event
 742 000a 08BD     		pop	{r3, pc}
 744              		.section	.text.aci_hal_end_of_radio_activity_event,"ax",%progbits
 745              		.align	1
 746              		.weak	aci_hal_end_of_radio_activity_event
 747              		.syntax unified
 748              		.thumb
 749              		.thumb_func
 751              	aci_hal_end_of_radio_activity_event:
 752              		@ args = 4, pretend = 0, frame = 0
 753              		@ frame_needed = 0, uses_anonymous_args = 0
 754              		@ link register save eliminated.
 755 0000 7047     		bx	lr
 757              		.section	.text.aci_hal_end_of_radio_activity_event_process,"ax",%progbits
 758              		.align	1
 759              		.syntax unified
 760              		.thumb
 761              		.thumb_func
 763              	aci_hal_end_of_radio_activity_event_process:
 764              		@ args = 0, pretend = 0, frame = 0
 765              		@ frame_needed = 0, uses_anonymous_args = 0
 766 0000 00B5     		push	{lr}
 767 0002 83B0     		sub	sp, sp, #12
 768 0004 C379     		ldrb	r3, [r0, #7]	@ zero_extendqisi2
 769 0006 0093     		str	r3, [sp]
 770 0008 8379     		ldrb	r3, [r0, #6]	@ zero_extendqisi2
 771 000a D0F80220 		ldr	r2, [r0, #2]	@ unaligned
 772 000e 4178     		ldrb	r1, [r0, #1]	@ zero_extendqisi2
 773 0010 0078     		ldrb	r0, [r0]	@ zero_extendqisi2
 774 0012 FFF7FEFF 		bl	aci_hal_end_of_radio_activity_event
 775 0016 03B0     		add	sp, sp, #12
ARM GAS  C:\Users\Nathan\AppData\Local\Temp\ccd5lrSx.s 			page 13


 776              		@ sp needed
 777 0018 00BD     		pop	{pc}
 779              		.section	.text.aci_hal_scan_req_report_event,"ax",%progbits
 780              		.align	1
 781              		.weak	aci_hal_scan_req_report_event
 782              		.syntax unified
 783              		.thumb
 784              		.thumb_func
 786              	aci_hal_scan_req_report_event:
 787              		@ args = 0, pretend = 0, frame = 0
 788              		@ frame_needed = 0, uses_anonymous_args = 0
 789              		@ link register save eliminated.
 790 0000 7047     		bx	lr
 792              		.section	.text.aci_hal_scan_req_report_event_process,"ax",%progbits
 793              		.align	1
 794              		.syntax unified
 795              		.thumb
 796              		.thumb_func
 798              	aci_hal_scan_req_report_event_process:
 799              		@ args = 0, pretend = 0, frame = 0
 800              		@ frame_needed = 0, uses_anonymous_args = 0
 801 0000 08B5     		push	{r3, lr}
 802 0002 821C     		adds	r2, r0, #2
 803 0004 4178     		ldrb	r1, [r0, #1]	@ zero_extendqisi2
 804 0006 0078     		ldrb	r0, [r0]	@ zero_extendqisi2
 805 0008 FFF7FEFF 		bl	aci_hal_scan_req_report_event
 806 000c 08BD     		pop	{r3, pc}
 808              		.section	.text.aci_hal_warning_event,"ax",%progbits
 809              		.align	1
 810              		.weak	aci_hal_warning_event
 811              		.syntax unified
 812              		.thumb
 813              		.thumb_func
 815              	aci_hal_warning_event:
 816              		@ args = 0, pretend = 0, frame = 0
 817              		@ frame_needed = 0, uses_anonymous_args = 0
 818              		@ link register save eliminated.
 819 0000 7047     		bx	lr
 821              		.section	.text.aci_hal_warning_event_process,"ax",%progbits
 822              		.align	1
 823              		.syntax unified
 824              		.thumb
 825              		.thumb_func
 827              	aci_hal_warning_event_process:
 828              		@ args = 0, pretend = 0, frame = 0
 829              		@ frame_needed = 0, uses_anonymous_args = 0
 830 0000 08B5     		push	{r3, lr}
 831 0002 821C     		adds	r2, r0, #2
 832 0004 4178     		ldrb	r1, [r0, #1]	@ zero_extendqisi2
 833 0006 0078     		ldrb	r0, [r0]	@ zero_extendqisi2
 834 0008 FFF7FEFF 		bl	aci_hal_warning_event
 835 000c 08BD     		pop	{r3, pc}
 837              		.section	.text.aci_gap_limited_discoverable_event,"ax",%progbits
 838              		.align	1
 839              		.weak	aci_gap_limited_discoverable_event
 840              		.syntax unified
 841              		.thumb
ARM GAS  C:\Users\Nathan\AppData\Local\Temp\ccd5lrSx.s 			page 14


 842              		.thumb_func
 844              	aci_gap_limited_discoverable_event:
 845              		@ args = 0, pretend = 0, frame = 0
 846              		@ frame_needed = 0, uses_anonymous_args = 0
 847              		@ link register save eliminated.
 848 0000 7047     		bx	lr
 850              		.section	.text.aci_gap_limited_discoverable_event_process,"ax",%progbits
 851              		.align	1
 852              		.syntax unified
 853              		.thumb
 854              		.thumb_func
 856              	aci_gap_limited_discoverable_event_process:
 857              		@ args = 0, pretend = 0, frame = 0
 858              		@ frame_needed = 0, uses_anonymous_args = 0
 859 0000 08B5     		push	{r3, lr}
 860 0002 FFF7FEFF 		bl	aci_gap_limited_discoverable_event
 861 0006 08BD     		pop	{r3, pc}
 863              		.section	.text.aci_gap_pairing_complete_event,"ax",%progbits
 864              		.align	1
 865              		.weak	aci_gap_pairing_complete_event
 866              		.syntax unified
 867              		.thumb
 868              		.thumb_func
 870              	aci_gap_pairing_complete_event:
 871              		@ args = 0, pretend = 0, frame = 0
 872              		@ frame_needed = 0, uses_anonymous_args = 0
 873              		@ link register save eliminated.
 874 0000 7047     		bx	lr
 876              		.section	.text.aci_gap_pairing_complete_event_process,"ax",%progbits
 877              		.align	1
 878              		.syntax unified
 879              		.thumb
 880              		.thumb_func
 882              	aci_gap_pairing_complete_event_process:
 883              		@ args = 0, pretend = 0, frame = 0
 884              		@ frame_needed = 0, uses_anonymous_args = 0
 885 0000 08B5     		push	{r3, lr}
 886 0002 C278     		ldrb	r2, [r0, #3]	@ zero_extendqisi2
 887 0004 8178     		ldrb	r1, [r0, #2]	@ zero_extendqisi2
 888 0006 0088     		ldrh	r0, [r0]	@ unaligned
 889 0008 FFF7FEFF 		bl	aci_gap_pairing_complete_event
 890 000c 08BD     		pop	{r3, pc}
 892              		.section	.text.aci_gap_pass_key_req_event,"ax",%progbits
 893              		.align	1
 894              		.weak	aci_gap_pass_key_req_event
 895              		.syntax unified
 896              		.thumb
 897              		.thumb_func
 899              	aci_gap_pass_key_req_event:
 900              		@ args = 0, pretend = 0, frame = 0
 901              		@ frame_needed = 0, uses_anonymous_args = 0
 902              		@ link register save eliminated.
 903 0000 7047     		bx	lr
 905              		.section	.text.aci_gap_pass_key_req_event_process,"ax",%progbits
 906              		.align	1
 907              		.syntax unified
 908              		.thumb
ARM GAS  C:\Users\Nathan\AppData\Local\Temp\ccd5lrSx.s 			page 15


 909              		.thumb_func
 911              	aci_gap_pass_key_req_event_process:
 912              		@ args = 0, pretend = 0, frame = 0
 913              		@ frame_needed = 0, uses_anonymous_args = 0
 914 0000 08B5     		push	{r3, lr}
 915 0002 0088     		ldrh	r0, [r0]	@ unaligned
 916 0004 FFF7FEFF 		bl	aci_gap_pass_key_req_event
 917 0008 08BD     		pop	{r3, pc}
 919              		.section	.text.aci_gap_authorization_req_event,"ax",%progbits
 920              		.align	1
 921              		.weak	aci_gap_authorization_req_event
 922              		.syntax unified
 923              		.thumb
 924              		.thumb_func
 926              	aci_gap_authorization_req_event:
 927              		@ args = 0, pretend = 0, frame = 0
 928              		@ frame_needed = 0, uses_anonymous_args = 0
 929              		@ link register save eliminated.
 930 0000 7047     		bx	lr
 932              		.section	.text.aci_gap_authorization_req_event_process,"ax",%progbits
 933              		.align	1
 934              		.syntax unified
 935              		.thumb
 936              		.thumb_func
 938              	aci_gap_authorization_req_event_process:
 939              		@ args = 0, pretend = 0, frame = 0
 940              		@ frame_needed = 0, uses_anonymous_args = 0
 941 0000 08B5     		push	{r3, lr}
 942 0002 0088     		ldrh	r0, [r0]	@ unaligned
 943 0004 FFF7FEFF 		bl	aci_gap_authorization_req_event
 944 0008 08BD     		pop	{r3, pc}
 946              		.section	.text.aci_gap_bond_lost_event,"ax",%progbits
 947              		.align	1
 948              		.weak	aci_gap_bond_lost_event
 949              		.syntax unified
 950              		.thumb
 951              		.thumb_func
 953              	aci_gap_bond_lost_event:
 954              		@ args = 0, pretend = 0, frame = 0
 955              		@ frame_needed = 0, uses_anonymous_args = 0
 956              		@ link register save eliminated.
 957 0000 7047     		bx	lr
 959              		.section	.text.aci_gap_bond_lost_event_process,"ax",%progbits
 960              		.align	1
 961              		.syntax unified
 962              		.thumb
 963              		.thumb_func
 965              	aci_gap_bond_lost_event_process:
 966              		@ args = 0, pretend = 0, frame = 0
 967              		@ frame_needed = 0, uses_anonymous_args = 0
 968 0000 08B5     		push	{r3, lr}
 969 0002 0088     		ldrh	r0, [r0]	@ unaligned
 970 0004 FFF7FEFF 		bl	aci_gap_bond_lost_event
 971 0008 08BD     		pop	{r3, pc}
 973              		.section	.text.aci_gap_proc_complete_event,"ax",%progbits
 974              		.align	1
 975              		.weak	aci_gap_proc_complete_event
ARM GAS  C:\Users\Nathan\AppData\Local\Temp\ccd5lrSx.s 			page 16


 976              		.syntax unified
 977              		.thumb
 978              		.thumb_func
 980              	aci_gap_proc_complete_event:
 981              		@ args = 0, pretend = 0, frame = 0
 982              		@ frame_needed = 0, uses_anonymous_args = 0
 983              		@ link register save eliminated.
 984 0000 7047     		bx	lr
 986              		.section	.text.aci_gap_proc_complete_event_process,"ax",%progbits
 987              		.align	1
 988              		.syntax unified
 989              		.thumb
 990              		.thumb_func
 992              	aci_gap_proc_complete_event_process:
 993              		@ args = 0, pretend = 0, frame = 0
 994              		@ frame_needed = 0, uses_anonymous_args = 0
 995 0000 08B5     		push	{r3, lr}
 996 0002 C31C     		adds	r3, r0, #3
 997 0004 8278     		ldrb	r2, [r0, #2]	@ zero_extendqisi2
 998 0006 4178     		ldrb	r1, [r0, #1]	@ zero_extendqisi2
 999 0008 0078     		ldrb	r0, [r0]	@ zero_extendqisi2
 1000 000a FFF7FEFF 		bl	aci_gap_proc_complete_event
 1001 000e 08BD     		pop	{r3, pc}
 1003              		.section	.text.aci_gap_addr_not_resolved_event,"ax",%progbits
 1004              		.align	1
 1005              		.weak	aci_gap_addr_not_resolved_event
 1006              		.syntax unified
 1007              		.thumb
 1008              		.thumb_func
 1010              	aci_gap_addr_not_resolved_event:
 1011              		@ args = 0, pretend = 0, frame = 0
 1012              		@ frame_needed = 0, uses_anonymous_args = 0
 1013              		@ link register save eliminated.
 1014 0000 7047     		bx	lr
 1016              		.section	.text.aci_gap_addr_not_resolved_event_process,"ax",%progbits
 1017              		.align	1
 1018              		.syntax unified
 1019              		.thumb
 1020              		.thumb_func
 1022              	aci_gap_addr_not_resolved_event_process:
 1023              		@ args = 0, pretend = 0, frame = 0
 1024              		@ frame_needed = 0, uses_anonymous_args = 0
 1025 0000 08B5     		push	{r3, lr}
 1026 0002 0088     		ldrh	r0, [r0]	@ unaligned
 1027 0004 FFF7FEFF 		bl	aci_gap_addr_not_resolved_event
 1028 0008 08BD     		pop	{r3, pc}
 1030              		.section	.text.aci_gap_numeric_comparison_value_event,"ax",%progbits
 1031              		.align	1
 1032              		.weak	aci_gap_numeric_comparison_value_event
 1033              		.syntax unified
 1034              		.thumb
 1035              		.thumb_func
 1037              	aci_gap_numeric_comparison_value_event:
 1038              		@ args = 0, pretend = 0, frame = 0
 1039              		@ frame_needed = 0, uses_anonymous_args = 0
 1040              		@ link register save eliminated.
 1041 0000 7047     		bx	lr
ARM GAS  C:\Users\Nathan\AppData\Local\Temp\ccd5lrSx.s 			page 17


 1043              		.section	.text.aci_gap_numeric_comparison_value_event_process,"ax",%progbits
 1044              		.align	1
 1045              		.syntax unified
 1046              		.thumb
 1047              		.thumb_func
 1049              	aci_gap_numeric_comparison_value_event_process:
 1050              		@ args = 0, pretend = 0, frame = 0
 1051              		@ frame_needed = 0, uses_anonymous_args = 0
 1052 0000 08B5     		push	{r3, lr}
 1053 0002 D0F80210 		ldr	r1, [r0, #2]	@ unaligned
 1054 0006 0088     		ldrh	r0, [r0]	@ unaligned
 1055 0008 FFF7FEFF 		bl	aci_gap_numeric_comparison_value_event
 1056 000c 08BD     		pop	{r3, pc}
 1058              		.section	.text.aci_gap_keypress_notification_event,"ax",%progbits
 1059              		.align	1
 1060              		.weak	aci_gap_keypress_notification_event
 1061              		.syntax unified
 1062              		.thumb
 1063              		.thumb_func
 1065              	aci_gap_keypress_notification_event:
 1066              		@ args = 0, pretend = 0, frame = 0
 1067              		@ frame_needed = 0, uses_anonymous_args = 0
 1068              		@ link register save eliminated.
 1069 0000 7047     		bx	lr
 1071              		.section	.text.aci_gap_keypress_notification_event_process,"ax",%progbits
 1072              		.align	1
 1073              		.syntax unified
 1074              		.thumb
 1075              		.thumb_func
 1077              	aci_gap_keypress_notification_event_process:
 1078              		@ args = 0, pretend = 0, frame = 0
 1079              		@ frame_needed = 0, uses_anonymous_args = 0
 1080 0000 08B5     		push	{r3, lr}
 1081 0002 8178     		ldrb	r1, [r0, #2]	@ zero_extendqisi2
 1082 0004 0088     		ldrh	r0, [r0]	@ unaligned
 1083 0006 FFF7FEFF 		bl	aci_gap_keypress_notification_event
 1084 000a 08BD     		pop	{r3, pc}
 1086              		.section	.text.aci_gap_pairing_request_event,"ax",%progbits
 1087              		.align	1
 1088              		.weak	aci_gap_pairing_request_event
 1089              		.syntax unified
 1090              		.thumb
 1091              		.thumb_func
 1093              	aci_gap_pairing_request_event:
 1094              		@ args = 0, pretend = 0, frame = 0
 1095              		@ frame_needed = 0, uses_anonymous_args = 0
 1096              		@ link register save eliminated.
 1097 0000 7047     		bx	lr
 1099              		.section	.text.aci_gap_pairing_request_event_process,"ax",%progbits
 1100              		.align	1
 1101              		.syntax unified
 1102              		.thumb
 1103              		.thumb_func
 1105              	aci_gap_pairing_request_event_process:
 1106              		@ args = 0, pretend = 0, frame = 0
 1107              		@ frame_needed = 0, uses_anonymous_args = 0
 1108 0000 08B5     		push	{r3, lr}
ARM GAS  C:\Users\Nathan\AppData\Local\Temp\ccd5lrSx.s 			page 18


 1109 0002 C278     		ldrb	r2, [r0, #3]	@ zero_extendqisi2
 1110 0004 8178     		ldrb	r1, [r0, #2]	@ zero_extendqisi2
 1111 0006 0088     		ldrh	r0, [r0]	@ unaligned
 1112 0008 FFF7FEFF 		bl	aci_gap_pairing_request_event
 1113 000c 08BD     		pop	{r3, pc}
 1115              		.section	.text.aci_l2cap_connection_update_resp_event,"ax",%progbits
 1116              		.align	1
 1117              		.weak	aci_l2cap_connection_update_resp_event
 1118              		.syntax unified
 1119              		.thumb
 1120              		.thumb_func
 1122              	aci_l2cap_connection_update_resp_event:
 1123              		@ args = 0, pretend = 0, frame = 0
 1124              		@ frame_needed = 0, uses_anonymous_args = 0
 1125              		@ link register save eliminated.
 1126 0000 7047     		bx	lr
 1128              		.section	.text.aci_l2cap_connection_update_resp_event_process,"ax",%progbits
 1129              		.align	1
 1130              		.syntax unified
 1131              		.thumb
 1132              		.thumb_func
 1134              	aci_l2cap_connection_update_resp_event_process:
 1135              		@ args = 0, pretend = 0, frame = 0
 1136              		@ frame_needed = 0, uses_anonymous_args = 0
 1137 0000 08B5     		push	{r3, lr}
 1138 0002 4188     		ldrh	r1, [r0, #2]	@ unaligned
 1139 0004 0088     		ldrh	r0, [r0]	@ unaligned
 1140 0006 FFF7FEFF 		bl	aci_l2cap_connection_update_resp_event
 1141 000a 08BD     		pop	{r3, pc}
 1143              		.section	.text.aci_l2cap_proc_timeout_event,"ax",%progbits
 1144              		.align	1
 1145              		.weak	aci_l2cap_proc_timeout_event
 1146              		.syntax unified
 1147              		.thumb
 1148              		.thumb_func
 1150              	aci_l2cap_proc_timeout_event:
 1151              		@ args = 0, pretend = 0, frame = 0
 1152              		@ frame_needed = 0, uses_anonymous_args = 0
 1153              		@ link register save eliminated.
 1154 0000 7047     		bx	lr
 1156              		.section	.text.aci_l2cap_proc_timeout_event_process,"ax",%progbits
 1157              		.align	1
 1158              		.syntax unified
 1159              		.thumb
 1160              		.thumb_func
 1162              	aci_l2cap_proc_timeout_event_process:
 1163              		@ args = 0, pretend = 0, frame = 0
 1164              		@ frame_needed = 0, uses_anonymous_args = 0
 1165 0000 08B5     		push	{r3, lr}
 1166 0002 C21C     		adds	r2, r0, #3
 1167 0004 8178     		ldrb	r1, [r0, #2]	@ zero_extendqisi2
 1168 0006 0088     		ldrh	r0, [r0]	@ unaligned
 1169 0008 FFF7FEFF 		bl	aci_l2cap_proc_timeout_event
 1170 000c 08BD     		pop	{r3, pc}
 1172              		.section	.text.aci_l2cap_connection_update_req_event,"ax",%progbits
 1173              		.align	1
 1174              		.weak	aci_l2cap_connection_update_req_event
ARM GAS  C:\Users\Nathan\AppData\Local\Temp\ccd5lrSx.s 			page 19


 1175              		.syntax unified
 1176              		.thumb
 1177              		.thumb_func
 1179              	aci_l2cap_connection_update_req_event:
 1180              		@ args = 12, pretend = 0, frame = 0
 1181              		@ frame_needed = 0, uses_anonymous_args = 0
 1182              		@ link register save eliminated.
 1183 0000 7047     		bx	lr
 1185              		.section	.text.aci_l2cap_connection_update_req_event_process,"ax",%progbits
 1186              		.align	1
 1187              		.syntax unified
 1188              		.thumb
 1189              		.thumb_func
 1191              	aci_l2cap_connection_update_req_event_process:
 1192              		@ args = 0, pretend = 0, frame = 0
 1193              		@ frame_needed = 0, uses_anonymous_args = 0
 1194 0000 00B5     		push	{lr}
 1195 0002 85B0     		sub	sp, sp, #20
 1196 0004 B0F80B30 		ldrh	r3, [r0, #11]	@ unaligned
 1197 0008 0293     		str	r3, [sp, #8]
 1198 000a B0F80930 		ldrh	r3, [r0, #9]	@ unaligned
 1199 000e 0193     		str	r3, [sp, #4]
 1200 0010 B0F80730 		ldrh	r3, [r0, #7]	@ unaligned
 1201 0014 0093     		str	r3, [sp]
 1202 0016 B0F80530 		ldrh	r3, [r0, #5]	@ unaligned
 1203 001a B0F80320 		ldrh	r2, [r0, #3]	@ unaligned
 1204 001e 8178     		ldrb	r1, [r0, #2]	@ zero_extendqisi2
 1205 0020 0088     		ldrh	r0, [r0]	@ unaligned
 1206 0022 FFF7FEFF 		bl	aci_l2cap_connection_update_req_event
 1207 0026 05B0     		add	sp, sp, #20
 1208              		@ sp needed
 1209 0028 00BD     		pop	{pc}
 1211              		.section	.text.aci_l2cap_command_reject_event,"ax",%progbits
 1212              		.align	1
 1213              		.weak	aci_l2cap_command_reject_event
 1214              		.syntax unified
 1215              		.thumb
 1216              		.thumb_func
 1218              	aci_l2cap_command_reject_event:
 1219              		@ args = 4, pretend = 0, frame = 0
 1220              		@ frame_needed = 0, uses_anonymous_args = 0
 1221              		@ link register save eliminated.
 1222 0000 7047     		bx	lr
 1224              		.section	.text.aci_l2cap_command_reject_event_process,"ax",%progbits
 1225              		.align	1
 1226              		.syntax unified
 1227              		.thumb
 1228              		.thumb_func
 1230              	aci_l2cap_command_reject_event_process:
 1231              		@ args = 0, pretend = 0, frame = 0
 1232              		@ frame_needed = 0, uses_anonymous_args = 0
 1233 0000 00B5     		push	{lr}
 1234 0002 83B0     		sub	sp, sp, #12
 1235 0004 831D     		adds	r3, r0, #6
 1236 0006 0093     		str	r3, [sp]
 1237 0008 4379     		ldrb	r3, [r0, #5]	@ zero_extendqisi2
 1238 000a B0F80320 		ldrh	r2, [r0, #3]	@ unaligned
ARM GAS  C:\Users\Nathan\AppData\Local\Temp\ccd5lrSx.s 			page 20


 1239 000e 8178     		ldrb	r1, [r0, #2]	@ zero_extendqisi2
 1240 0010 0088     		ldrh	r0, [r0]	@ unaligned
 1241 0012 FFF7FEFF 		bl	aci_l2cap_command_reject_event
 1242 0016 03B0     		add	sp, sp, #12
 1243              		@ sp needed
 1244 0018 00BD     		pop	{pc}
 1246              		.section	.text.aci_l2cap_coc_connect_event,"ax",%progbits
 1247              		.align	1
 1248              		.weak	aci_l2cap_coc_connect_event
 1249              		.syntax unified
 1250              		.thumb
 1251              		.thumb_func
 1253              	aci_l2cap_coc_connect_event:
 1254              		@ args = 8, pretend = 0, frame = 0
 1255              		@ frame_needed = 0, uses_anonymous_args = 0
 1256              		@ link register save eliminated.
 1257 0000 7047     		bx	lr
 1259              		.section	.text.aci_l2cap_coc_connect_event_process,"ax",%progbits
 1260              		.align	1
 1261              		.syntax unified
 1262              		.thumb
 1263              		.thumb_func
 1265              	aci_l2cap_coc_connect_event_process:
 1266              		@ args = 0, pretend = 0, frame = 0
 1267              		@ frame_needed = 0, uses_anonymous_args = 0
 1268 0000 00B5     		push	{lr}
 1269 0002 83B0     		sub	sp, sp, #12
 1270 0004 837A     		ldrb	r3, [r0, #10]	@ zero_extendqisi2
 1271 0006 0193     		str	r3, [sp, #4]
 1272 0008 0389     		ldrh	r3, [r0, #8]	@ unaligned
 1273 000a 0093     		str	r3, [sp]
 1274 000c C388     		ldrh	r3, [r0, #6]	@ unaligned
 1275 000e 8288     		ldrh	r2, [r0, #4]	@ unaligned
 1276 0010 4188     		ldrh	r1, [r0, #2]	@ unaligned
 1277 0012 0088     		ldrh	r0, [r0]	@ unaligned
 1278 0014 FFF7FEFF 		bl	aci_l2cap_coc_connect_event
 1279 0018 03B0     		add	sp, sp, #12
 1280              		@ sp needed
 1281 001a 00BD     		pop	{pc}
 1283              		.section	.text.aci_l2cap_coc_connect_confirm_event,"ax",%progbits
 1284              		.align	1
 1285              		.weak	aci_l2cap_coc_connect_confirm_event
 1286              		.syntax unified
 1287              		.thumb
 1288              		.thumb_func
 1290              	aci_l2cap_coc_connect_confirm_event:
 1291              		@ args = 12, pretend = 0, frame = 0
 1292              		@ frame_needed = 0, uses_anonymous_args = 0
 1293              		@ link register save eliminated.
 1294 0000 7047     		bx	lr
 1296              		.section	.text.aci_l2cap_coc_connect_confirm_event_process,"ax",%progbits
 1297              		.align	1
 1298              		.syntax unified
 1299              		.thumb
 1300              		.thumb_func
 1302              	aci_l2cap_coc_connect_confirm_event_process:
 1303              		@ args = 0, pretend = 0, frame = 0
ARM GAS  C:\Users\Nathan\AppData\Local\Temp\ccd5lrSx.s 			page 21


 1304              		@ frame_needed = 0, uses_anonymous_args = 0
 1305 0000 00B5     		push	{lr}
 1306 0002 85B0     		sub	sp, sp, #20
 1307 0004 00F10B03 		add	r3, r0, #11
 1308 0008 0293     		str	r3, [sp, #8]
 1309 000a 837A     		ldrb	r3, [r0, #10]	@ zero_extendqisi2
 1310 000c 0193     		str	r3, [sp, #4]
 1311 000e 0389     		ldrh	r3, [r0, #8]	@ unaligned
 1312 0010 0093     		str	r3, [sp]
 1313 0012 C388     		ldrh	r3, [r0, #6]	@ unaligned
 1314 0014 8288     		ldrh	r2, [r0, #4]	@ unaligned
 1315 0016 4188     		ldrh	r1, [r0, #2]	@ unaligned
 1316 0018 0088     		ldrh	r0, [r0]	@ unaligned
 1317 001a FFF7FEFF 		bl	aci_l2cap_coc_connect_confirm_event
 1318 001e 05B0     		add	sp, sp, #20
 1319              		@ sp needed
 1320 0020 00BD     		pop	{pc}
 1322              		.section	.text.aci_l2cap_coc_reconf_event,"ax",%progbits
 1323              		.align	1
 1324              		.weak	aci_l2cap_coc_reconf_event
 1325              		.syntax unified
 1326              		.thumb
 1327              		.thumb_func
 1329              	aci_l2cap_coc_reconf_event:
 1330              		@ args = 4, pretend = 0, frame = 0
 1331              		@ frame_needed = 0, uses_anonymous_args = 0
 1332              		@ link register save eliminated.
 1333 0000 7047     		bx	lr
 1335              		.section	.text.aci_l2cap_coc_reconf_event_process,"ax",%progbits
 1336              		.align	1
 1337              		.syntax unified
 1338              		.thumb
 1339              		.thumb_func
 1341              	aci_l2cap_coc_reconf_event_process:
 1342              		@ args = 0, pretend = 0, frame = 0
 1343              		@ frame_needed = 0, uses_anonymous_args = 0
 1344 0000 00B5     		push	{lr}
 1345 0002 83B0     		sub	sp, sp, #12
 1346 0004 C31D     		adds	r3, r0, #7
 1347 0006 0093     		str	r3, [sp]
 1348 0008 8379     		ldrb	r3, [r0, #6]	@ zero_extendqisi2
 1349 000a 8288     		ldrh	r2, [r0, #4]	@ unaligned
 1350 000c 4188     		ldrh	r1, [r0, #2]	@ unaligned
 1351 000e 0088     		ldrh	r0, [r0]	@ unaligned
 1352 0010 FFF7FEFF 		bl	aci_l2cap_coc_reconf_event
 1353 0014 03B0     		add	sp, sp, #12
 1354              		@ sp needed
 1355 0016 00BD     		pop	{pc}
 1357              		.section	.text.aci_l2cap_coc_reconf_confirm_event,"ax",%progbits
 1358              		.align	1
 1359              		.weak	aci_l2cap_coc_reconf_confirm_event
 1360              		.syntax unified
 1361              		.thumb
 1362              		.thumb_func
 1364              	aci_l2cap_coc_reconf_confirm_event:
 1365              		@ args = 0, pretend = 0, frame = 0
 1366              		@ frame_needed = 0, uses_anonymous_args = 0
ARM GAS  C:\Users\Nathan\AppData\Local\Temp\ccd5lrSx.s 			page 22


 1367              		@ link register save eliminated.
 1368 0000 7047     		bx	lr
 1370              		.section	.text.aci_l2cap_coc_reconf_confirm_event_process,"ax",%progbits
 1371              		.align	1
 1372              		.syntax unified
 1373              		.thumb
 1374              		.thumb_func
 1376              	aci_l2cap_coc_reconf_confirm_event_process:
 1377              		@ args = 0, pretend = 0, frame = 0
 1378              		@ frame_needed = 0, uses_anonymous_args = 0
 1379 0000 08B5     		push	{r3, lr}
 1380 0002 4188     		ldrh	r1, [r0, #2]	@ unaligned
 1381 0004 0088     		ldrh	r0, [r0]	@ unaligned
 1382 0006 FFF7FEFF 		bl	aci_l2cap_coc_reconf_confirm_event
 1383 000a 08BD     		pop	{r3, pc}
 1385              		.section	.text.aci_l2cap_coc_disconnect_event,"ax",%progbits
 1386              		.align	1
 1387              		.weak	aci_l2cap_coc_disconnect_event
 1388              		.syntax unified
 1389              		.thumb
 1390              		.thumb_func
 1392              	aci_l2cap_coc_disconnect_event:
 1393              		@ args = 0, pretend = 0, frame = 0
 1394              		@ frame_needed = 0, uses_anonymous_args = 0
 1395              		@ link register save eliminated.
 1396 0000 7047     		bx	lr
 1398              		.section	.text.aci_l2cap_coc_disconnect_event_process,"ax",%progbits
 1399              		.align	1
 1400              		.syntax unified
 1401              		.thumb
 1402              		.thumb_func
 1404              	aci_l2cap_coc_disconnect_event_process:
 1405              		@ args = 0, pretend = 0, frame = 0
 1406              		@ frame_needed = 0, uses_anonymous_args = 0
 1407 0000 08B5     		push	{r3, lr}
 1408 0002 0078     		ldrb	r0, [r0]	@ zero_extendqisi2
 1409 0004 FFF7FEFF 		bl	aci_l2cap_coc_disconnect_event
 1410 0008 08BD     		pop	{r3, pc}
 1412              		.section	.text.aci_l2cap_coc_flow_control_event,"ax",%progbits
 1413              		.align	1
 1414              		.weak	aci_l2cap_coc_flow_control_event
 1415              		.syntax unified
 1416              		.thumb
 1417              		.thumb_func
 1419              	aci_l2cap_coc_flow_control_event:
 1420              		@ args = 0, pretend = 0, frame = 0
 1421              		@ frame_needed = 0, uses_anonymous_args = 0
 1422              		@ link register save eliminated.
 1423 0000 7047     		bx	lr
 1425              		.section	.text.aci_l2cap_coc_flow_control_event_process,"ax",%progbits
 1426              		.align	1
 1427              		.syntax unified
 1428              		.thumb
 1429              		.thumb_func
 1431              	aci_l2cap_coc_flow_control_event_process:
 1432              		@ args = 0, pretend = 0, frame = 0
 1433              		@ frame_needed = 0, uses_anonymous_args = 0
ARM GAS  C:\Users\Nathan\AppData\Local\Temp\ccd5lrSx.s 			page 23


 1434 0000 08B5     		push	{r3, lr}
 1435 0002 B0F80110 		ldrh	r1, [r0, #1]	@ unaligned
 1436 0006 0078     		ldrb	r0, [r0]	@ zero_extendqisi2
 1437 0008 FFF7FEFF 		bl	aci_l2cap_coc_flow_control_event
 1438 000c 08BD     		pop	{r3, pc}
 1440              		.section	.text.aci_l2cap_coc_rx_data_event,"ax",%progbits
 1441              		.align	1
 1442              		.weak	aci_l2cap_coc_rx_data_event
 1443              		.syntax unified
 1444              		.thumb
 1445              		.thumb_func
 1447              	aci_l2cap_coc_rx_data_event:
 1448              		@ args = 0, pretend = 0, frame = 0
 1449              		@ frame_needed = 0, uses_anonymous_args = 0
 1450              		@ link register save eliminated.
 1451 0000 7047     		bx	lr
 1453              		.section	.text.aci_l2cap_coc_rx_data_event_process,"ax",%progbits
 1454              		.align	1
 1455              		.syntax unified
 1456              		.thumb
 1457              		.thumb_func
 1459              	aci_l2cap_coc_rx_data_event_process:
 1460              		@ args = 0, pretend = 0, frame = 0
 1461              		@ frame_needed = 0, uses_anonymous_args = 0
 1462 0000 08B5     		push	{r3, lr}
 1463 0002 C21C     		adds	r2, r0, #3
 1464 0004 B0F80110 		ldrh	r1, [r0, #1]	@ unaligned
 1465 0008 0078     		ldrb	r0, [r0]	@ zero_extendqisi2
 1466 000a FFF7FEFF 		bl	aci_l2cap_coc_rx_data_event
 1467 000e 08BD     		pop	{r3, pc}
 1469              		.section	.text.aci_l2cap_coc_tx_pool_available_event,"ax",%progbits
 1470              		.align	1
 1471              		.weak	aci_l2cap_coc_tx_pool_available_event
 1472              		.syntax unified
 1473              		.thumb
 1474              		.thumb_func
 1476              	aci_l2cap_coc_tx_pool_available_event:
 1477              		@ args = 0, pretend = 0, frame = 0
 1478              		@ frame_needed = 0, uses_anonymous_args = 0
 1479              		@ link register save eliminated.
 1480 0000 7047     		bx	lr
 1482              		.section	.text.aci_l2cap_coc_tx_pool_available_event_process,"ax",%progbits
 1483              		.align	1
 1484              		.syntax unified
 1485              		.thumb
 1486              		.thumb_func
 1488              	aci_l2cap_coc_tx_pool_available_event_process:
 1489              		@ args = 0, pretend = 0, frame = 0
 1490              		@ frame_needed = 0, uses_anonymous_args = 0
 1491 0000 08B5     		push	{r3, lr}
 1492 0002 FFF7FEFF 		bl	aci_l2cap_coc_tx_pool_available_event
 1493 0006 08BD     		pop	{r3, pc}
 1495              		.section	.text.aci_gatt_attribute_modified_event,"ax",%progbits
 1496              		.align	1
 1497              		.weak	aci_gatt_attribute_modified_event
 1498              		.syntax unified
 1499              		.thumb
ARM GAS  C:\Users\Nathan\AppData\Local\Temp\ccd5lrSx.s 			page 24


 1500              		.thumb_func
 1502              	aci_gatt_attribute_modified_event:
 1503              		@ args = 4, pretend = 0, frame = 0
 1504              		@ frame_needed = 0, uses_anonymous_args = 0
 1505              		@ link register save eliminated.
 1506 0000 7047     		bx	lr
 1508              		.section	.text.aci_gatt_attribute_modified_event_process,"ax",%progbits
 1509              		.align	1
 1510              		.syntax unified
 1511              		.thumb
 1512              		.thumb_func
 1514              	aci_gatt_attribute_modified_event_process:
 1515              		@ args = 0, pretend = 0, frame = 0
 1516              		@ frame_needed = 0, uses_anonymous_args = 0
 1517 0000 00B5     		push	{lr}
 1518 0002 83B0     		sub	sp, sp, #12
 1519 0004 00F10803 		add	r3, r0, #8
 1520 0008 0093     		str	r3, [sp]
 1521 000a C388     		ldrh	r3, [r0, #6]	@ unaligned
 1522 000c 8288     		ldrh	r2, [r0, #4]	@ unaligned
 1523 000e 4188     		ldrh	r1, [r0, #2]	@ unaligned
 1524 0010 0088     		ldrh	r0, [r0]	@ unaligned
 1525 0012 FFF7FEFF 		bl	aci_gatt_attribute_modified_event
 1526 0016 03B0     		add	sp, sp, #12
 1527              		@ sp needed
 1528 0018 00BD     		pop	{pc}
 1530              		.section	.text.aci_gatt_proc_timeout_event,"ax",%progbits
 1531              		.align	1
 1532              		.weak	aci_gatt_proc_timeout_event
 1533              		.syntax unified
 1534              		.thumb
 1535              		.thumb_func
 1537              	aci_gatt_proc_timeout_event:
 1538              		@ args = 0, pretend = 0, frame = 0
 1539              		@ frame_needed = 0, uses_anonymous_args = 0
 1540              		@ link register save eliminated.
 1541 0000 7047     		bx	lr
 1543              		.section	.text.aci_gatt_proc_timeout_event_process,"ax",%progbits
 1544              		.align	1
 1545              		.syntax unified
 1546              		.thumb
 1547              		.thumb_func
 1549              	aci_gatt_proc_timeout_event_process:
 1550              		@ args = 0, pretend = 0, frame = 0
 1551              		@ frame_needed = 0, uses_anonymous_args = 0
 1552 0000 08B5     		push	{r3, lr}
 1553 0002 0088     		ldrh	r0, [r0]	@ unaligned
 1554 0004 FFF7FEFF 		bl	aci_gatt_proc_timeout_event
 1555 0008 08BD     		pop	{r3, pc}
 1557              		.section	.text.aci_att_exchange_mtu_resp_event,"ax",%progbits
 1558              		.align	1
 1559              		.weak	aci_att_exchange_mtu_resp_event
 1560              		.syntax unified
 1561              		.thumb
 1562              		.thumb_func
 1564              	aci_att_exchange_mtu_resp_event:
 1565              		@ args = 0, pretend = 0, frame = 0
ARM GAS  C:\Users\Nathan\AppData\Local\Temp\ccd5lrSx.s 			page 25


 1566              		@ frame_needed = 0, uses_anonymous_args = 0
 1567              		@ link register save eliminated.
 1568 0000 7047     		bx	lr
 1570              		.section	.text.aci_att_exchange_mtu_resp_event_process,"ax",%progbits
 1571              		.align	1
 1572              		.syntax unified
 1573              		.thumb
 1574              		.thumb_func
 1576              	aci_att_exchange_mtu_resp_event_process:
 1577              		@ args = 0, pretend = 0, frame = 0
 1578              		@ frame_needed = 0, uses_anonymous_args = 0
 1579 0000 08B5     		push	{r3, lr}
 1580 0002 4188     		ldrh	r1, [r0, #2]	@ unaligned
 1581 0004 0088     		ldrh	r0, [r0]	@ unaligned
 1582 0006 FFF7FEFF 		bl	aci_att_exchange_mtu_resp_event
 1583 000a 08BD     		pop	{r3, pc}
 1585              		.section	.text.aci_att_find_info_resp_event,"ax",%progbits
 1586              		.align	1
 1587              		.weak	aci_att_find_info_resp_event
 1588              		.syntax unified
 1589              		.thumb
 1590              		.thumb_func
 1592              	aci_att_find_info_resp_event:
 1593              		@ args = 0, pretend = 0, frame = 0
 1594              		@ frame_needed = 0, uses_anonymous_args = 0
 1595              		@ link register save eliminated.
 1596 0000 7047     		bx	lr
 1598              		.section	.text.aci_att_find_info_resp_event_process,"ax",%progbits
 1599              		.align	1
 1600              		.syntax unified
 1601              		.thumb
 1602              		.thumb_func
 1604              	aci_att_find_info_resp_event_process:
 1605              		@ args = 0, pretend = 0, frame = 0
 1606              		@ frame_needed = 0, uses_anonymous_args = 0
 1607 0000 08B5     		push	{r3, lr}
 1608 0002 031D     		adds	r3, r0, #4
 1609 0004 C278     		ldrb	r2, [r0, #3]	@ zero_extendqisi2
 1610 0006 8178     		ldrb	r1, [r0, #2]	@ zero_extendqisi2
 1611 0008 0088     		ldrh	r0, [r0]	@ unaligned
 1612 000a FFF7FEFF 		bl	aci_att_find_info_resp_event
 1613 000e 08BD     		pop	{r3, pc}
 1615              		.section	.text.aci_att_find_by_type_value_resp_event,"ax",%progbits
 1616              		.align	1
 1617              		.weak	aci_att_find_by_type_value_resp_event
 1618              		.syntax unified
 1619              		.thumb
 1620              		.thumb_func
 1622              	aci_att_find_by_type_value_resp_event:
 1623              		@ args = 0, pretend = 0, frame = 0
 1624              		@ frame_needed = 0, uses_anonymous_args = 0
 1625              		@ link register save eliminated.
 1626 0000 7047     		bx	lr
 1628              		.section	.text.aci_att_find_by_type_value_resp_event_process,"ax",%progbits
 1629              		.align	1
 1630              		.syntax unified
 1631              		.thumb
ARM GAS  C:\Users\Nathan\AppData\Local\Temp\ccd5lrSx.s 			page 26


 1632              		.thumb_func
 1634              	aci_att_find_by_type_value_resp_event_process:
 1635              		@ args = 0, pretend = 0, frame = 0
 1636              		@ frame_needed = 0, uses_anonymous_args = 0
 1637 0000 08B5     		push	{r3, lr}
 1638 0002 C21C     		adds	r2, r0, #3
 1639 0004 8178     		ldrb	r1, [r0, #2]	@ zero_extendqisi2
 1640 0006 0088     		ldrh	r0, [r0]	@ unaligned
 1641 0008 FFF7FEFF 		bl	aci_att_find_by_type_value_resp_event
 1642 000c 08BD     		pop	{r3, pc}
 1644              		.section	.text.aci_att_read_by_type_resp_event,"ax",%progbits
 1645              		.align	1
 1646              		.weak	aci_att_read_by_type_resp_event
 1647              		.syntax unified
 1648              		.thumb
 1649              		.thumb_func
 1651              	aci_att_read_by_type_resp_event:
 1652              		@ args = 0, pretend = 0, frame = 0
 1653              		@ frame_needed = 0, uses_anonymous_args = 0
 1654              		@ link register save eliminated.
 1655 0000 7047     		bx	lr
 1657              		.section	.text.aci_att_read_by_type_resp_event_process,"ax",%progbits
 1658              		.align	1
 1659              		.syntax unified
 1660              		.thumb
 1661              		.thumb_func
 1663              	aci_att_read_by_type_resp_event_process:
 1664              		@ args = 0, pretend = 0, frame = 0
 1665              		@ frame_needed = 0, uses_anonymous_args = 0
 1666 0000 08B5     		push	{r3, lr}
 1667 0002 031D     		adds	r3, r0, #4
 1668 0004 C278     		ldrb	r2, [r0, #3]	@ zero_extendqisi2
 1669 0006 8178     		ldrb	r1, [r0, #2]	@ zero_extendqisi2
 1670 0008 0088     		ldrh	r0, [r0]	@ unaligned
 1671 000a FFF7FEFF 		bl	aci_att_read_by_type_resp_event
 1672 000e 08BD     		pop	{r3, pc}
 1674              		.section	.text.aci_att_read_resp_event,"ax",%progbits
 1675              		.align	1
 1676              		.weak	aci_att_read_resp_event
 1677              		.syntax unified
 1678              		.thumb
 1679              		.thumb_func
 1681              	aci_att_read_resp_event:
 1682              		@ args = 0, pretend = 0, frame = 0
 1683              		@ frame_needed = 0, uses_anonymous_args = 0
 1684              		@ link register save eliminated.
 1685 0000 7047     		bx	lr
 1687              		.section	.text.aci_att_read_resp_event_process,"ax",%progbits
 1688              		.align	1
 1689              		.syntax unified
 1690              		.thumb
 1691              		.thumb_func
 1693              	aci_att_read_resp_event_process:
 1694              		@ args = 0, pretend = 0, frame = 0
 1695              		@ frame_needed = 0, uses_anonymous_args = 0
 1696 0000 08B5     		push	{r3, lr}
 1697 0002 C21C     		adds	r2, r0, #3
ARM GAS  C:\Users\Nathan\AppData\Local\Temp\ccd5lrSx.s 			page 27


 1698 0004 8178     		ldrb	r1, [r0, #2]	@ zero_extendqisi2
 1699 0006 0088     		ldrh	r0, [r0]	@ unaligned
 1700 0008 FFF7FEFF 		bl	aci_att_read_resp_event
 1701 000c 08BD     		pop	{r3, pc}
 1703              		.section	.text.aci_att_read_blob_resp_event,"ax",%progbits
 1704              		.align	1
 1705              		.weak	aci_att_read_blob_resp_event
 1706              		.syntax unified
 1707              		.thumb
 1708              		.thumb_func
 1710              	aci_att_read_blob_resp_event:
 1711              		@ args = 0, pretend = 0, frame = 0
 1712              		@ frame_needed = 0, uses_anonymous_args = 0
 1713              		@ link register save eliminated.
 1714 0000 7047     		bx	lr
 1716              		.section	.text.aci_att_read_blob_resp_event_process,"ax",%progbits
 1717              		.align	1
 1718              		.syntax unified
 1719              		.thumb
 1720              		.thumb_func
 1722              	aci_att_read_blob_resp_event_process:
 1723              		@ args = 0, pretend = 0, frame = 0
 1724              		@ frame_needed = 0, uses_anonymous_args = 0
 1725 0000 08B5     		push	{r3, lr}
 1726 0002 C21C     		adds	r2, r0, #3
 1727 0004 8178     		ldrb	r1, [r0, #2]	@ zero_extendqisi2
 1728 0006 0088     		ldrh	r0, [r0]	@ unaligned
 1729 0008 FFF7FEFF 		bl	aci_att_read_blob_resp_event
 1730 000c 08BD     		pop	{r3, pc}
 1732              		.section	.text.aci_att_read_multiple_resp_event,"ax",%progbits
 1733              		.align	1
 1734              		.weak	aci_att_read_multiple_resp_event
 1735              		.syntax unified
 1736              		.thumb
 1737              		.thumb_func
 1739              	aci_att_read_multiple_resp_event:
 1740              		@ args = 0, pretend = 0, frame = 0
 1741              		@ frame_needed = 0, uses_anonymous_args = 0
 1742              		@ link register save eliminated.
 1743 0000 7047     		bx	lr
 1745              		.section	.text.aci_att_read_multiple_resp_event_process,"ax",%progbits
 1746              		.align	1
 1747              		.syntax unified
 1748              		.thumb
 1749              		.thumb_func
 1751              	aci_att_read_multiple_resp_event_process:
 1752              		@ args = 0, pretend = 0, frame = 0
 1753              		@ frame_needed = 0, uses_anonymous_args = 0
 1754 0000 08B5     		push	{r3, lr}
 1755 0002 C21C     		adds	r2, r0, #3
 1756 0004 8178     		ldrb	r1, [r0, #2]	@ zero_extendqisi2
 1757 0006 0088     		ldrh	r0, [r0]	@ unaligned
 1758 0008 FFF7FEFF 		bl	aci_att_read_multiple_resp_event
 1759 000c 08BD     		pop	{r3, pc}
 1761              		.section	.text.aci_att_read_by_group_type_resp_event,"ax",%progbits
 1762              		.align	1
 1763              		.weak	aci_att_read_by_group_type_resp_event
ARM GAS  C:\Users\Nathan\AppData\Local\Temp\ccd5lrSx.s 			page 28


 1764              		.syntax unified
 1765              		.thumb
 1766              		.thumb_func
 1768              	aci_att_read_by_group_type_resp_event:
 1769              		@ args = 0, pretend = 0, frame = 0
 1770              		@ frame_needed = 0, uses_anonymous_args = 0
 1771              		@ link register save eliminated.
 1772 0000 7047     		bx	lr
 1774              		.section	.text.aci_att_read_by_group_type_resp_event_process,"ax",%progbits
 1775              		.align	1
 1776              		.syntax unified
 1777              		.thumb
 1778              		.thumb_func
 1780              	aci_att_read_by_group_type_resp_event_process:
 1781              		@ args = 0, pretend = 0, frame = 0
 1782              		@ frame_needed = 0, uses_anonymous_args = 0
 1783 0000 08B5     		push	{r3, lr}
 1784 0002 031D     		adds	r3, r0, #4
 1785 0004 C278     		ldrb	r2, [r0, #3]	@ zero_extendqisi2
 1786 0006 8178     		ldrb	r1, [r0, #2]	@ zero_extendqisi2
 1787 0008 0088     		ldrh	r0, [r0]	@ unaligned
 1788 000a FFF7FEFF 		bl	aci_att_read_by_group_type_resp_event
 1789 000e 08BD     		pop	{r3, pc}
 1791              		.section	.text.aci_att_prepare_write_resp_event,"ax",%progbits
 1792              		.align	1
 1793              		.weak	aci_att_prepare_write_resp_event
 1794              		.syntax unified
 1795              		.thumb
 1796              		.thumb_func
 1798              	aci_att_prepare_write_resp_event:
 1799              		@ args = 4, pretend = 0, frame = 0
 1800              		@ frame_needed = 0, uses_anonymous_args = 0
 1801              		@ link register save eliminated.
 1802 0000 7047     		bx	lr
 1804              		.section	.text.aci_att_prepare_write_resp_event_process,"ax",%progbits
 1805              		.align	1
 1806              		.syntax unified
 1807              		.thumb
 1808              		.thumb_func
 1810              	aci_att_prepare_write_resp_event_process:
 1811              		@ args = 0, pretend = 0, frame = 0
 1812              		@ frame_needed = 0, uses_anonymous_args = 0
 1813 0000 00B5     		push	{lr}
 1814 0002 83B0     		sub	sp, sp, #12
 1815 0004 C31D     		adds	r3, r0, #7
 1816 0006 0093     		str	r3, [sp]
 1817 0008 8379     		ldrb	r3, [r0, #6]	@ zero_extendqisi2
 1818 000a 8288     		ldrh	r2, [r0, #4]	@ unaligned
 1819 000c 4188     		ldrh	r1, [r0, #2]	@ unaligned
 1820 000e 0088     		ldrh	r0, [r0]	@ unaligned
 1821 0010 FFF7FEFF 		bl	aci_att_prepare_write_resp_event
 1822 0014 03B0     		add	sp, sp, #12
 1823              		@ sp needed
 1824 0016 00BD     		pop	{pc}
 1826              		.section	.text.aci_att_exec_write_resp_event,"ax",%progbits
 1827              		.align	1
 1828              		.weak	aci_att_exec_write_resp_event
ARM GAS  C:\Users\Nathan\AppData\Local\Temp\ccd5lrSx.s 			page 29


 1829              		.syntax unified
 1830              		.thumb
 1831              		.thumb_func
 1833              	aci_att_exec_write_resp_event:
 1834              		@ args = 0, pretend = 0, frame = 0
 1835              		@ frame_needed = 0, uses_anonymous_args = 0
 1836              		@ link register save eliminated.
 1837 0000 7047     		bx	lr
 1839              		.section	.text.aci_att_exec_write_resp_event_process,"ax",%progbits
 1840              		.align	1
 1841              		.syntax unified
 1842              		.thumb
 1843              		.thumb_func
 1845              	aci_att_exec_write_resp_event_process:
 1846              		@ args = 0, pretend = 0, frame = 0
 1847              		@ frame_needed = 0, uses_anonymous_args = 0
 1848 0000 08B5     		push	{r3, lr}
 1849 0002 0088     		ldrh	r0, [r0]	@ unaligned
 1850 0004 FFF7FEFF 		bl	aci_att_exec_write_resp_event
 1851 0008 08BD     		pop	{r3, pc}
 1853              		.section	.text.aci_gatt_indication_event,"ax",%progbits
 1854              		.align	1
 1855              		.weak	aci_gatt_indication_event
 1856              		.syntax unified
 1857              		.thumb
 1858              		.thumb_func
 1860              	aci_gatt_indication_event:
 1861              		@ args = 0, pretend = 0, frame = 0
 1862              		@ frame_needed = 0, uses_anonymous_args = 0
 1863              		@ link register save eliminated.
 1864 0000 7047     		bx	lr
 1866              		.section	.text.aci_gatt_indication_event_process,"ax",%progbits
 1867              		.align	1
 1868              		.syntax unified
 1869              		.thumb
 1870              		.thumb_func
 1872              	aci_gatt_indication_event_process:
 1873              		@ args = 0, pretend = 0, frame = 0
 1874              		@ frame_needed = 0, uses_anonymous_args = 0
 1875 0000 08B5     		push	{r3, lr}
 1876 0002 431D     		adds	r3, r0, #5
 1877 0004 0279     		ldrb	r2, [r0, #4]	@ zero_extendqisi2
 1878 0006 4188     		ldrh	r1, [r0, #2]	@ unaligned
 1879 0008 0088     		ldrh	r0, [r0]	@ unaligned
 1880 000a FFF7FEFF 		bl	aci_gatt_indication_event
 1881 000e 08BD     		pop	{r3, pc}
 1883              		.section	.text.aci_gatt_notification_event,"ax",%progbits
 1884              		.align	1
 1885              		.weak	aci_gatt_notification_event
 1886              		.syntax unified
 1887              		.thumb
 1888              		.thumb_func
 1890              	aci_gatt_notification_event:
 1891              		@ args = 0, pretend = 0, frame = 0
 1892              		@ frame_needed = 0, uses_anonymous_args = 0
 1893              		@ link register save eliminated.
 1894 0000 7047     		bx	lr
ARM GAS  C:\Users\Nathan\AppData\Local\Temp\ccd5lrSx.s 			page 30


 1896              		.section	.text.aci_gatt_notification_event_process,"ax",%progbits
 1897              		.align	1
 1898              		.syntax unified
 1899              		.thumb
 1900              		.thumb_func
 1902              	aci_gatt_notification_event_process:
 1903              		@ args = 0, pretend = 0, frame = 0
 1904              		@ frame_needed = 0, uses_anonymous_args = 0
 1905 0000 08B5     		push	{r3, lr}
 1906 0002 431D     		adds	r3, r0, #5
 1907 0004 0279     		ldrb	r2, [r0, #4]	@ zero_extendqisi2
 1908 0006 4188     		ldrh	r1, [r0, #2]	@ unaligned
 1909 0008 0088     		ldrh	r0, [r0]	@ unaligned
 1910 000a FFF7FEFF 		bl	aci_gatt_notification_event
 1911 000e 08BD     		pop	{r3, pc}
 1913              		.section	.text.aci_gatt_proc_complete_event,"ax",%progbits
 1914              		.align	1
 1915              		.weak	aci_gatt_proc_complete_event
 1916              		.syntax unified
 1917              		.thumb
 1918              		.thumb_func
 1920              	aci_gatt_proc_complete_event:
 1921              		@ args = 0, pretend = 0, frame = 0
 1922              		@ frame_needed = 0, uses_anonymous_args = 0
 1923              		@ link register save eliminated.
 1924 0000 7047     		bx	lr
 1926              		.section	.text.aci_gatt_proc_complete_event_process,"ax",%progbits
 1927              		.align	1
 1928              		.syntax unified
 1929              		.thumb
 1930              		.thumb_func
 1932              	aci_gatt_proc_complete_event_process:
 1933              		@ args = 0, pretend = 0, frame = 0
 1934              		@ frame_needed = 0, uses_anonymous_args = 0
 1935 0000 08B5     		push	{r3, lr}
 1936 0002 8178     		ldrb	r1, [r0, #2]	@ zero_extendqisi2
 1937 0004 0088     		ldrh	r0, [r0]	@ unaligned
 1938 0006 FFF7FEFF 		bl	aci_gatt_proc_complete_event
 1939 000a 08BD     		pop	{r3, pc}
 1941              		.section	.text.aci_gatt_error_resp_event,"ax",%progbits
 1942              		.align	1
 1943              		.weak	aci_gatt_error_resp_event
 1944              		.syntax unified
 1945              		.thumb
 1946              		.thumb_func
 1948              	aci_gatt_error_resp_event:
 1949              		@ args = 0, pretend = 0, frame = 0
 1950              		@ frame_needed = 0, uses_anonymous_args = 0
 1951              		@ link register save eliminated.
 1952 0000 7047     		bx	lr
 1954              		.section	.text.aci_gatt_error_resp_event_process,"ax",%progbits
 1955              		.align	1
 1956              		.syntax unified
 1957              		.thumb
 1958              		.thumb_func
 1960              	aci_gatt_error_resp_event_process:
 1961              		@ args = 0, pretend = 0, frame = 0
ARM GAS  C:\Users\Nathan\AppData\Local\Temp\ccd5lrSx.s 			page 31


 1962              		@ frame_needed = 0, uses_anonymous_args = 0
 1963 0000 08B5     		push	{r3, lr}
 1964 0002 4379     		ldrb	r3, [r0, #5]	@ zero_extendqisi2
 1965 0004 B0F80320 		ldrh	r2, [r0, #3]	@ unaligned
 1966 0008 8178     		ldrb	r1, [r0, #2]	@ zero_extendqisi2
 1967 000a 0088     		ldrh	r0, [r0]	@ unaligned
 1968 000c FFF7FEFF 		bl	aci_gatt_error_resp_event
 1969 0010 08BD     		pop	{r3, pc}
 1971              		.section	.text.aci_gatt_disc_read_char_by_uuid_resp_event,"ax",%progbits
 1972              		.align	1
 1973              		.weak	aci_gatt_disc_read_char_by_uuid_resp_event
 1974              		.syntax unified
 1975              		.thumb
 1976              		.thumb_func
 1978              	aci_gatt_disc_read_char_by_uuid_resp_event:
 1979              		@ args = 0, pretend = 0, frame = 0
 1980              		@ frame_needed = 0, uses_anonymous_args = 0
 1981              		@ link register save eliminated.
 1982 0000 7047     		bx	lr
 1984              		.section	.text.aci_gatt_disc_read_char_by_uuid_resp_event_process,"ax",%progbits
 1985              		.align	1
 1986              		.syntax unified
 1987              		.thumb
 1988              		.thumb_func
 1990              	aci_gatt_disc_read_char_by_uuid_resp_event_process:
 1991              		@ args = 0, pretend = 0, frame = 0
 1992              		@ frame_needed = 0, uses_anonymous_args = 0
 1993 0000 08B5     		push	{r3, lr}
 1994 0002 431D     		adds	r3, r0, #5
 1995 0004 0279     		ldrb	r2, [r0, #4]	@ zero_extendqisi2
 1996 0006 4188     		ldrh	r1, [r0, #2]	@ unaligned
 1997 0008 0088     		ldrh	r0, [r0]	@ unaligned
 1998 000a FFF7FEFF 		bl	aci_gatt_disc_read_char_by_uuid_resp_event
 1999 000e 08BD     		pop	{r3, pc}
 2001              		.section	.text.aci_gatt_write_permit_req_event,"ax",%progbits
 2002              		.align	1
 2003              		.weak	aci_gatt_write_permit_req_event
 2004              		.syntax unified
 2005              		.thumb
 2006              		.thumb_func
 2008              	aci_gatt_write_permit_req_event:
 2009              		@ args = 0, pretend = 0, frame = 0
 2010              		@ frame_needed = 0, uses_anonymous_args = 0
 2011              		@ link register save eliminated.
 2012 0000 7047     		bx	lr
 2014              		.section	.text.aci_gatt_write_permit_req_event_process,"ax",%progbits
 2015              		.align	1
 2016              		.syntax unified
 2017              		.thumb
 2018              		.thumb_func
 2020              	aci_gatt_write_permit_req_event_process:
 2021              		@ args = 0, pretend = 0, frame = 0
 2022              		@ frame_needed = 0, uses_anonymous_args = 0
 2023 0000 08B5     		push	{r3, lr}
 2024 0002 431D     		adds	r3, r0, #5
 2025 0004 0279     		ldrb	r2, [r0, #4]	@ zero_extendqisi2
 2026 0006 4188     		ldrh	r1, [r0, #2]	@ unaligned
ARM GAS  C:\Users\Nathan\AppData\Local\Temp\ccd5lrSx.s 			page 32


 2027 0008 0088     		ldrh	r0, [r0]	@ unaligned
 2028 000a FFF7FEFF 		bl	aci_gatt_write_permit_req_event
 2029 000e 08BD     		pop	{r3, pc}
 2031              		.section	.text.aci_gatt_read_permit_req_event,"ax",%progbits
 2032              		.align	1
 2033              		.weak	aci_gatt_read_permit_req_event
 2034              		.syntax unified
 2035              		.thumb
 2036              		.thumb_func
 2038              	aci_gatt_read_permit_req_event:
 2039              		@ args = 0, pretend = 0, frame = 0
 2040              		@ frame_needed = 0, uses_anonymous_args = 0
 2041              		@ link register save eliminated.
 2042 0000 7047     		bx	lr
 2044              		.section	.text.aci_gatt_read_permit_req_event_process,"ax",%progbits
 2045              		.align	1
 2046              		.syntax unified
 2047              		.thumb
 2048              		.thumb_func
 2050              	aci_gatt_read_permit_req_event_process:
 2051              		@ args = 0, pretend = 0, frame = 0
 2052              		@ frame_needed = 0, uses_anonymous_args = 0
 2053 0000 08B5     		push	{r3, lr}
 2054 0002 8288     		ldrh	r2, [r0, #4]	@ unaligned
 2055 0004 4188     		ldrh	r1, [r0, #2]	@ unaligned
 2056 0006 0088     		ldrh	r0, [r0]	@ unaligned
 2057 0008 FFF7FEFF 		bl	aci_gatt_read_permit_req_event
 2058 000c 08BD     		pop	{r3, pc}
 2060              		.section	.text.aci_gatt_read_multi_permit_req_event,"ax",%progbits
 2061              		.align	1
 2062              		.weak	aci_gatt_read_multi_permit_req_event
 2063              		.syntax unified
 2064              		.thumb
 2065              		.thumb_func
 2067              	aci_gatt_read_multi_permit_req_event:
 2068              		@ args = 0, pretend = 0, frame = 0
 2069              		@ frame_needed = 0, uses_anonymous_args = 0
 2070              		@ link register save eliminated.
 2071 0000 7047     		bx	lr
 2073              		.section	.text.aci_gatt_read_multi_permit_req_event_process,"ax",%progbits
 2074              		.align	1
 2075              		.syntax unified
 2076              		.thumb
 2077              		.thumb_func
 2079              	aci_gatt_read_multi_permit_req_event_process:
 2080              		@ args = 0, pretend = 0, frame = 0
 2081              		@ frame_needed = 0, uses_anonymous_args = 0
 2082 0000 08B5     		push	{r3, lr}
 2083 0002 C21C     		adds	r2, r0, #3
 2084 0004 8178     		ldrb	r1, [r0, #2]	@ zero_extendqisi2
 2085 0006 0088     		ldrh	r0, [r0]	@ unaligned
 2086 0008 FFF7FEFF 		bl	aci_gatt_read_multi_permit_req_event
 2087 000c 08BD     		pop	{r3, pc}
 2089              		.section	.text.aci_gatt_tx_pool_available_event,"ax",%progbits
 2090              		.align	1
 2091              		.weak	aci_gatt_tx_pool_available_event
 2092              		.syntax unified
ARM GAS  C:\Users\Nathan\AppData\Local\Temp\ccd5lrSx.s 			page 33


 2093              		.thumb
 2094              		.thumb_func
 2096              	aci_gatt_tx_pool_available_event:
 2097              		@ args = 0, pretend = 0, frame = 0
 2098              		@ frame_needed = 0, uses_anonymous_args = 0
 2099              		@ link register save eliminated.
 2100 0000 7047     		bx	lr
 2102              		.section	.text.aci_gatt_tx_pool_available_event_process,"ax",%progbits
 2103              		.align	1
 2104              		.syntax unified
 2105              		.thumb
 2106              		.thumb_func
 2108              	aci_gatt_tx_pool_available_event_process:
 2109              		@ args = 0, pretend = 0, frame = 0
 2110              		@ frame_needed = 0, uses_anonymous_args = 0
 2111 0000 08B5     		push	{r3, lr}
 2112 0002 4188     		ldrh	r1, [r0, #2]	@ unaligned
 2113 0004 0088     		ldrh	r0, [r0]	@ unaligned
 2114 0006 FFF7FEFF 		bl	aci_gatt_tx_pool_available_event
 2115 000a 08BD     		pop	{r3, pc}
 2117              		.section	.text.aci_gatt_server_confirmation_event,"ax",%progbits
 2118              		.align	1
 2119              		.weak	aci_gatt_server_confirmation_event
 2120              		.syntax unified
 2121              		.thumb
 2122              		.thumb_func
 2124              	aci_gatt_server_confirmation_event:
 2125              		@ args = 0, pretend = 0, frame = 0
 2126              		@ frame_needed = 0, uses_anonymous_args = 0
 2127              		@ link register save eliminated.
 2128 0000 7047     		bx	lr
 2130              		.section	.text.aci_gatt_server_confirmation_event_process,"ax",%progbits
 2131              		.align	1
 2132              		.syntax unified
 2133              		.thumb
 2134              		.thumb_func
 2136              	aci_gatt_server_confirmation_event_process:
 2137              		@ args = 0, pretend = 0, frame = 0
 2138              		@ frame_needed = 0, uses_anonymous_args = 0
 2139 0000 08B5     		push	{r3, lr}
 2140 0002 0088     		ldrh	r0, [r0]	@ unaligned
 2141 0004 FFF7FEFF 		bl	aci_gatt_server_confirmation_event
 2142 0008 08BD     		pop	{r3, pc}
 2144              		.section	.text.aci_gatt_prepare_write_permit_req_event,"ax",%progbits
 2145              		.align	1
 2146              		.weak	aci_gatt_prepare_write_permit_req_event
 2147              		.syntax unified
 2148              		.thumb
 2149              		.thumb_func
 2151              	aci_gatt_prepare_write_permit_req_event:
 2152              		@ args = 4, pretend = 0, frame = 0
 2153              		@ frame_needed = 0, uses_anonymous_args = 0
 2154              		@ link register save eliminated.
 2155 0000 7047     		bx	lr
 2157              		.section	.text.aci_gatt_prepare_write_permit_req_event_process,"ax",%progbits
 2158              		.align	1
 2159              		.syntax unified
ARM GAS  C:\Users\Nathan\AppData\Local\Temp\ccd5lrSx.s 			page 34


 2160              		.thumb
 2161              		.thumb_func
 2163              	aci_gatt_prepare_write_permit_req_event_process:
 2164              		@ args = 0, pretend = 0, frame = 0
 2165              		@ frame_needed = 0, uses_anonymous_args = 0
 2166 0000 00B5     		push	{lr}
 2167 0002 83B0     		sub	sp, sp, #12
 2168 0004 C31D     		adds	r3, r0, #7
 2169 0006 0093     		str	r3, [sp]
 2170 0008 8379     		ldrb	r3, [r0, #6]	@ zero_extendqisi2
 2171 000a 8288     		ldrh	r2, [r0, #4]	@ unaligned
 2172 000c 4188     		ldrh	r1, [r0, #2]	@ unaligned
 2173 000e 0088     		ldrh	r0, [r0]	@ unaligned
 2174 0010 FFF7FEFF 		bl	aci_gatt_prepare_write_permit_req_event
 2175 0014 03B0     		add	sp, sp, #12
 2176              		@ sp needed
 2177 0016 00BD     		pop	{pc}
 2179              		.section	.text.aci_gatt_eatt_bearer_event,"ax",%progbits
 2180              		.align	1
 2181              		.weak	aci_gatt_eatt_bearer_event
 2182              		.syntax unified
 2183              		.thumb
 2184              		.thumb_func
 2186              	aci_gatt_eatt_bearer_event:
 2187              		@ args = 0, pretend = 0, frame = 0
 2188              		@ frame_needed = 0, uses_anonymous_args = 0
 2189              		@ link register save eliminated.
 2190 0000 7047     		bx	lr
 2192              		.section	.text.aci_gatt_eatt_bearer_event_process,"ax",%progbits
 2193              		.align	1
 2194              		.syntax unified
 2195              		.thumb
 2196              		.thumb_func
 2198              	aci_gatt_eatt_bearer_event_process:
 2199              		@ args = 0, pretend = 0, frame = 0
 2200              		@ frame_needed = 0, uses_anonymous_args = 0
 2201 0000 08B5     		push	{r3, lr}
 2202 0002 8278     		ldrb	r2, [r0, #2]	@ zero_extendqisi2
 2203 0004 4178     		ldrb	r1, [r0, #1]	@ zero_extendqisi2
 2204 0006 0078     		ldrb	r0, [r0]	@ zero_extendqisi2
 2205 0008 FFF7FEFF 		bl	aci_gatt_eatt_bearer_event
 2206 000c 08BD     		pop	{r3, pc}
 2208              		.section	.text.aci_gatt_mult_notification_event,"ax",%progbits
 2209              		.align	1
 2210              		.weak	aci_gatt_mult_notification_event
 2211              		.syntax unified
 2212              		.thumb
 2213              		.thumb_func
 2215              	aci_gatt_mult_notification_event:
 2216              		@ args = 0, pretend = 0, frame = 0
 2217              		@ frame_needed = 0, uses_anonymous_args = 0
 2218              		@ link register save eliminated.
 2219 0000 7047     		bx	lr
 2221              		.section	.text.aci_gatt_mult_notification_event_process,"ax",%progbits
 2222              		.align	1
 2223              		.syntax unified
 2224              		.thumb
ARM GAS  C:\Users\Nathan\AppData\Local\Temp\ccd5lrSx.s 			page 35


 2225              		.thumb_func
 2227              	aci_gatt_mult_notification_event_process:
 2228              		@ args = 0, pretend = 0, frame = 0
 2229              		@ frame_needed = 0, uses_anonymous_args = 0
 2230 0000 08B5     		push	{r3, lr}
 2231 0002 831D     		adds	r3, r0, #6
 2232 0004 8288     		ldrh	r2, [r0, #4]	@ unaligned
 2233 0006 4188     		ldrh	r1, [r0, #2]	@ unaligned
 2234 0008 0088     		ldrh	r0, [r0]	@ unaligned
 2235 000a FFF7FEFF 		bl	aci_gatt_mult_notification_event
 2236 000e 08BD     		pop	{r3, pc}
 2238              		.section	.text.aci_gatt_notification_complete_event,"ax",%progbits
 2239              		.align	1
 2240              		.weak	aci_gatt_notification_complete_event
 2241              		.syntax unified
 2242              		.thumb
 2243              		.thumb_func
 2245              	aci_gatt_notification_complete_event:
 2246              		@ args = 0, pretend = 0, frame = 0
 2247              		@ frame_needed = 0, uses_anonymous_args = 0
 2248              		@ link register save eliminated.
 2249 0000 7047     		bx	lr
 2251              		.section	.text.aci_gatt_notification_complete_event_process,"ax",%progbits
 2252              		.align	1
 2253              		.syntax unified
 2254              		.thumb
 2255              		.thumb_func
 2257              	aci_gatt_notification_complete_event_process:
 2258              		@ args = 0, pretend = 0, frame = 0
 2259              		@ frame_needed = 0, uses_anonymous_args = 0
 2260 0000 08B5     		push	{r3, lr}
 2261 0002 0088     		ldrh	r0, [r0]	@ unaligned
 2262 0004 FFF7FEFF 		bl	aci_gatt_notification_complete_event
 2263 0008 08BD     		pop	{r3, pc}
 2265              		.section	.text.aci_gatt_read_ext_event,"ax",%progbits
 2266              		.align	1
 2267              		.weak	aci_gatt_read_ext_event
 2268              		.syntax unified
 2269              		.thumb
 2270              		.thumb_func
 2272              	aci_gatt_read_ext_event:
 2273              		@ args = 0, pretend = 0, frame = 0
 2274              		@ frame_needed = 0, uses_anonymous_args = 0
 2275              		@ link register save eliminated.
 2276 0000 7047     		bx	lr
 2278              		.section	.text.aci_gatt_read_ext_event_process,"ax",%progbits
 2279              		.align	1
 2280              		.syntax unified
 2281              		.thumb
 2282              		.thumb_func
 2284              	aci_gatt_read_ext_event_process:
 2285              		@ args = 0, pretend = 0, frame = 0
 2286              		@ frame_needed = 0, uses_anonymous_args = 0
 2287 0000 08B5     		push	{r3, lr}
 2288 0002 831D     		adds	r3, r0, #6
 2289 0004 8288     		ldrh	r2, [r0, #4]	@ unaligned
 2290 0006 4188     		ldrh	r1, [r0, #2]	@ unaligned
ARM GAS  C:\Users\Nathan\AppData\Local\Temp\ccd5lrSx.s 			page 36


 2291 0008 0088     		ldrh	r0, [r0]	@ unaligned
 2292 000a FFF7FEFF 		bl	aci_gatt_read_ext_event
 2293 000e 08BD     		pop	{r3, pc}
 2295              		.section	.text.aci_gatt_indication_ext_event,"ax",%progbits
 2296              		.align	1
 2297              		.weak	aci_gatt_indication_ext_event
 2298              		.syntax unified
 2299              		.thumb
 2300              		.thumb_func
 2302              	aci_gatt_indication_ext_event:
 2303              		@ args = 4, pretend = 0, frame = 0
 2304              		@ frame_needed = 0, uses_anonymous_args = 0
 2305              		@ link register save eliminated.
 2306 0000 7047     		bx	lr
 2308              		.section	.text.aci_gatt_indication_ext_event_process,"ax",%progbits
 2309              		.align	1
 2310              		.syntax unified
 2311              		.thumb
 2312              		.thumb_func
 2314              	aci_gatt_indication_ext_event_process:
 2315              		@ args = 0, pretend = 0, frame = 0
 2316              		@ frame_needed = 0, uses_anonymous_args = 0
 2317 0000 00B5     		push	{lr}
 2318 0002 83B0     		sub	sp, sp, #12
 2319 0004 00F10803 		add	r3, r0, #8
 2320 0008 0093     		str	r3, [sp]
 2321 000a C388     		ldrh	r3, [r0, #6]	@ unaligned
 2322 000c 8288     		ldrh	r2, [r0, #4]	@ unaligned
 2323 000e 4188     		ldrh	r1, [r0, #2]	@ unaligned
 2324 0010 0088     		ldrh	r0, [r0]	@ unaligned
 2325 0012 FFF7FEFF 		bl	aci_gatt_indication_ext_event
 2326 0016 03B0     		add	sp, sp, #12
 2327              		@ sp needed
 2328 0018 00BD     		pop	{pc}
 2330              		.section	.text.aci_gatt_notification_ext_event,"ax",%progbits
 2331              		.align	1
 2332              		.weak	aci_gatt_notification_ext_event
 2333              		.syntax unified
 2334              		.thumb
 2335              		.thumb_func
 2337              	aci_gatt_notification_ext_event:
 2338              		@ args = 4, pretend = 0, frame = 0
 2339              		@ frame_needed = 0, uses_anonymous_args = 0
 2340              		@ link register save eliminated.
 2341 0000 7047     		bx	lr
 2343              		.section	.text.aci_gatt_notification_ext_event_process,"ax",%progbits
 2344              		.align	1
 2345              		.syntax unified
 2346              		.thumb
 2347              		.thumb_func
 2349              	aci_gatt_notification_ext_event_process:
 2350              		@ args = 0, pretend = 0, frame = 0
 2351              		@ frame_needed = 0, uses_anonymous_args = 0
 2352 0000 00B5     		push	{lr}
 2353 0002 83B0     		sub	sp, sp, #12
 2354 0004 00F10803 		add	r3, r0, #8
 2355 0008 0093     		str	r3, [sp]
ARM GAS  C:\Users\Nathan\AppData\Local\Temp\ccd5lrSx.s 			page 37


 2356 000a C388     		ldrh	r3, [r0, #6]	@ unaligned
 2357 000c 8288     		ldrh	r2, [r0, #4]	@ unaligned
 2358 000e 4188     		ldrh	r1, [r0, #2]	@ unaligned
 2359 0010 0088     		ldrh	r0, [r0]	@ unaligned
 2360 0012 FFF7FEFF 		bl	aci_gatt_notification_ext_event
 2361 0016 03B0     		add	sp, sp, #12
 2362              		@ sp needed
 2363 0018 00BD     		pop	{pc}
 2365              		.global	hci_vs_event_table
 2366              		.section	.rodata.hci_vs_event_table,"a"
 2367              		.align	2
 2370              	hci_vs_event_table:
 2371 0000 0400     		.short	4
 2372 0002 0000     		.space	2
 2373 0004 00000000 		.word	aci_hal_end_of_radio_activity_event_process
 2374 0008 0500     		.short	5
 2375 000a 0000     		.space	2
 2376 000c 00000000 		.word	aci_hal_scan_req_report_event_process
 2377 0010 0600     		.short	6
 2378 0012 0000     		.space	2
 2379 0014 00000000 		.word	aci_hal_warning_event_process
 2380 0018 0004     		.short	1024
 2381 001a 0000     		.space	2
 2382 001c 00000000 		.word	aci_gap_limited_discoverable_event_process
 2383 0020 0104     		.short	1025
 2384 0022 0000     		.space	2
 2385 0024 00000000 		.word	aci_gap_pairing_complete_event_process
 2386 0028 0204     		.short	1026
 2387 002a 0000     		.space	2
 2388 002c 00000000 		.word	aci_gap_pass_key_req_event_process
 2389 0030 0304     		.short	1027
 2390 0032 0000     		.space	2
 2391 0034 00000000 		.word	aci_gap_authorization_req_event_process
 2392 0038 0504     		.short	1029
 2393 003a 0000     		.space	2
 2394 003c 00000000 		.word	aci_gap_bond_lost_event_process
 2395 0040 0704     		.short	1031
 2396 0042 0000     		.space	2
 2397 0044 00000000 		.word	aci_gap_proc_complete_event_process
 2398 0048 0804     		.short	1032
 2399 004a 0000     		.space	2
 2400 004c 00000000 		.word	aci_gap_addr_not_resolved_event_process
 2401 0050 0904     		.short	1033
 2402 0052 0000     		.space	2
 2403 0054 00000000 		.word	aci_gap_numeric_comparison_value_event_process
 2404 0058 0A04     		.short	1034
 2405 005a 0000     		.space	2
 2406 005c 00000000 		.word	aci_gap_keypress_notification_event_process
 2407 0060 0B04     		.short	1035
 2408 0062 0000     		.space	2
 2409 0064 00000000 		.word	aci_gap_pairing_request_event_process
 2410 0068 0008     		.short	2048
 2411 006a 0000     		.space	2
 2412 006c 00000000 		.word	aci_l2cap_connection_update_resp_event_process
 2413 0070 0108     		.short	2049
 2414 0072 0000     		.space	2
 2415 0074 00000000 		.word	aci_l2cap_proc_timeout_event_process
ARM GAS  C:\Users\Nathan\AppData\Local\Temp\ccd5lrSx.s 			page 38


 2416 0078 0208     		.short	2050
 2417 007a 0000     		.space	2
 2418 007c 00000000 		.word	aci_l2cap_connection_update_req_event_process
 2419 0080 0A08     		.short	2058
 2420 0082 0000     		.space	2
 2421 0084 00000000 		.word	aci_l2cap_command_reject_event_process
 2422 0088 1008     		.short	2064
 2423 008a 0000     		.space	2
 2424 008c 00000000 		.word	aci_l2cap_coc_connect_event_process
 2425 0090 1108     		.short	2065
 2426 0092 0000     		.space	2
 2427 0094 00000000 		.word	aci_l2cap_coc_connect_confirm_event_process
 2428 0098 1208     		.short	2066
 2429 009a 0000     		.space	2
 2430 009c 00000000 		.word	aci_l2cap_coc_reconf_event_process
 2431 00a0 1308     		.short	2067
 2432 00a2 0000     		.space	2
 2433 00a4 00000000 		.word	aci_l2cap_coc_reconf_confirm_event_process
 2434 00a8 1408     		.short	2068
 2435 00aa 0000     		.space	2
 2436 00ac 00000000 		.word	aci_l2cap_coc_disconnect_event_process
 2437 00b0 1508     		.short	2069
 2438 00b2 0000     		.space	2
 2439 00b4 00000000 		.word	aci_l2cap_coc_flow_control_event_process
 2440 00b8 1608     		.short	2070
 2441 00ba 0000     		.space	2
 2442 00bc 00000000 		.word	aci_l2cap_coc_rx_data_event_process
 2443 00c0 1708     		.short	2071
 2444 00c2 0000     		.space	2
 2445 00c4 00000000 		.word	aci_l2cap_coc_tx_pool_available_event_process
 2446 00c8 010C     		.short	3073
 2447 00ca 0000     		.space	2
 2448 00cc 00000000 		.word	aci_gatt_attribute_modified_event_process
 2449 00d0 020C     		.short	3074
 2450 00d2 0000     		.space	2
 2451 00d4 00000000 		.word	aci_gatt_proc_timeout_event_process
 2452 00d8 030C     		.short	3075
 2453 00da 0000     		.space	2
 2454 00dc 00000000 		.word	aci_att_exchange_mtu_resp_event_process
 2455 00e0 040C     		.short	3076
 2456 00e2 0000     		.space	2
 2457 00e4 00000000 		.word	aci_att_find_info_resp_event_process
 2458 00e8 050C     		.short	3077
 2459 00ea 0000     		.space	2
 2460 00ec 00000000 		.word	aci_att_find_by_type_value_resp_event_process
 2461 00f0 060C     		.short	3078
 2462 00f2 0000     		.space	2
 2463 00f4 00000000 		.word	aci_att_read_by_type_resp_event_process
 2464 00f8 070C     		.short	3079
 2465 00fa 0000     		.space	2
 2466 00fc 00000000 		.word	aci_att_read_resp_event_process
 2467 0100 080C     		.short	3080
 2468 0102 0000     		.space	2
 2469 0104 00000000 		.word	aci_att_read_blob_resp_event_process
 2470 0108 090C     		.short	3081
 2471 010a 0000     		.space	2
 2472 010c 00000000 		.word	aci_att_read_multiple_resp_event_process
ARM GAS  C:\Users\Nathan\AppData\Local\Temp\ccd5lrSx.s 			page 39


 2473 0110 0A0C     		.short	3082
 2474 0112 0000     		.space	2
 2475 0114 00000000 		.word	aci_att_read_by_group_type_resp_event_process
 2476 0118 0C0C     		.short	3084
 2477 011a 0000     		.space	2
 2478 011c 00000000 		.word	aci_att_prepare_write_resp_event_process
 2479 0120 0D0C     		.short	3085
 2480 0122 0000     		.space	2
 2481 0124 00000000 		.word	aci_att_exec_write_resp_event_process
 2482 0128 0E0C     		.short	3086
 2483 012a 0000     		.space	2
 2484 012c 00000000 		.word	aci_gatt_indication_event_process
 2485 0130 0F0C     		.short	3087
 2486 0132 0000     		.space	2
 2487 0134 00000000 		.word	aci_gatt_notification_event_process
 2488 0138 100C     		.short	3088
 2489 013a 0000     		.space	2
 2490 013c 00000000 		.word	aci_gatt_proc_complete_event_process
 2491 0140 110C     		.short	3089
 2492 0142 0000     		.space	2
 2493 0144 00000000 		.word	aci_gatt_error_resp_event_process
 2494 0148 120C     		.short	3090
 2495 014a 0000     		.space	2
 2496 014c 00000000 		.word	aci_gatt_disc_read_char_by_uuid_resp_event_process
 2497 0150 130C     		.short	3091
 2498 0152 0000     		.space	2
 2499 0154 00000000 		.word	aci_gatt_write_permit_req_event_process
 2500 0158 140C     		.short	3092
 2501 015a 0000     		.space	2
 2502 015c 00000000 		.word	aci_gatt_read_permit_req_event_process
 2503 0160 150C     		.short	3093
 2504 0162 0000     		.space	2
 2505 0164 00000000 		.word	aci_gatt_read_multi_permit_req_event_process
 2506 0168 160C     		.short	3094
 2507 016a 0000     		.space	2
 2508 016c 00000000 		.word	aci_gatt_tx_pool_available_event_process
 2509 0170 170C     		.short	3095
 2510 0172 0000     		.space	2
 2511 0174 00000000 		.word	aci_gatt_server_confirmation_event_process
 2512 0178 180C     		.short	3096
 2513 017a 0000     		.space	2
 2514 017c 00000000 		.word	aci_gatt_prepare_write_permit_req_event_process
 2515 0180 190C     		.short	3097
 2516 0182 0000     		.space	2
 2517 0184 00000000 		.word	aci_gatt_eatt_bearer_event_process
 2518 0188 1A0C     		.short	3098
 2519 018a 0000     		.space	2
 2520 018c 00000000 		.word	aci_gatt_mult_notification_event_process
 2521 0190 1B0C     		.short	3099
 2522 0192 0000     		.space	2
 2523 0194 00000000 		.word	aci_gatt_notification_complete_event_process
 2524 0198 1D0C     		.short	3101
 2525 019a 0000     		.space	2
 2526 019c 00000000 		.word	aci_gatt_read_ext_event_process
 2527 01a0 1E0C     		.short	3102
 2528 01a2 0000     		.space	2
 2529 01a4 00000000 		.word	aci_gatt_indication_ext_event_process
ARM GAS  C:\Users\Nathan\AppData\Local\Temp\ccd5lrSx.s 			page 40


 2530 01a8 1F0C     		.short	3103
 2531 01aa 0000     		.space	2
 2532 01ac 00000000 		.word	aci_gatt_notification_ext_event_process
 2533              		.global	hci_le_event_table
 2534              		.section	.rodata.hci_le_event_table,"a"
 2535              		.align	2
 2538              	hci_le_event_table:
 2539 0000 0100     		.short	1
 2540 0002 0000     		.space	2
 2541 0004 00000000 		.word	hci_le_connection_complete_event_process
 2542 0008 0200     		.short	2
 2543 000a 0000     		.space	2
 2544 000c 00000000 		.word	hci_le_advertising_report_event_process
 2545 0010 0300     		.short	3
 2546 0012 0000     		.space	2
 2547 0014 00000000 		.word	hci_le_connection_update_complete_event_process
 2548 0018 0400     		.short	4
 2549 001a 0000     		.space	2
 2550 001c 00000000 		.word	hci_le_read_remote_features_complete_event_process
 2551 0020 0500     		.short	5
 2552 0022 0000     		.space	2
 2553 0024 00000000 		.word	hci_le_long_term_key_request_event_process
 2554 0028 0700     		.short	7
 2555 002a 0000     		.space	2
 2556 002c 00000000 		.word	hci_le_data_length_change_event_process
 2557 0030 0800     		.short	8
 2558 0032 0000     		.space	2
 2559 0034 00000000 		.word	hci_le_read_local_p256_public_key_complete_event_process
 2560 0038 0900     		.short	9
 2561 003a 0000     		.space	2
 2562 003c 00000000 		.word	hci_le_generate_dhkey_complete_event_process
 2563 0040 0A00     		.short	10
 2564 0042 0000     		.space	2
 2565 0044 00000000 		.word	hci_le_enhanced_connection_complete_event_process
 2566 0048 0B00     		.short	11
 2567 004a 0000     		.space	2
 2568 004c 00000000 		.word	hci_le_directed_advertising_report_event_process
 2569 0050 0C00     		.short	12
 2570 0052 0000     		.space	2
 2571 0054 00000000 		.word	hci_le_phy_update_complete_event_process
 2572 0058 0D00     		.short	13
 2573 005a 0000     		.space	2
 2574 005c 00000000 		.word	hci_le_extended_advertising_report_event_process
 2575 0060 1100     		.short	17
 2576 0062 0000     		.space	2
 2577 0064 00000000 		.word	hci_le_scan_timeout_event_process
 2578 0068 1200     		.short	18
 2579 006a 0000     		.space	2
 2580 006c 00000000 		.word	hci_le_advertising_set_terminated_event_process
 2581 0070 1300     		.short	19
 2582 0072 0000     		.space	2
 2583 0074 00000000 		.word	hci_le_scan_request_received_event_process
 2584 0078 1400     		.short	20
 2585 007a 0000     		.space	2
 2586 007c 00000000 		.word	hci_le_channel_selection_algorithm_event_process
 2587              		.global	hci_event_table
 2588              		.section	.rodata.hci_event_table,"a"
ARM GAS  C:\Users\Nathan\AppData\Local\Temp\ccd5lrSx.s 			page 41


 2589              		.align	2
 2592              	hci_event_table:
 2593 0000 0500     		.short	5
 2594 0002 0000     		.space	2
 2595 0004 00000000 		.word	hci_disconnection_complete_event_process
 2596 0008 0800     		.short	8
 2597 000a 0000     		.space	2
 2598 000c 00000000 		.word	hci_encryption_change_event_process
 2599 0010 0C00     		.short	12
 2600 0012 0000     		.space	2
 2601 0014 00000000 		.word	hci_read_remote_version_information_complete_event_process
 2602 0018 1000     		.short	16
 2603 001a 0000     		.space	2
 2604 001c 00000000 		.word	hci_hardware_error_event_process
 2605 0020 1300     		.short	19
 2606 0022 0000     		.space	2
 2607 0024 00000000 		.word	hci_number_of_completed_packets_event_process
 2608 0028 3000     		.short	48
 2609 002a 0000     		.space	2
 2610 002c 00000000 		.word	hci_encryption_key_refresh_complete_event_process
 2611              		.ident	"GCC: (xPack GNU Arm Embedded GCC x86_64) 15.2.1 20251203"
ARM GAS  C:\Users\Nathan\AppData\Local\Temp\ccd5lrSx.s 			page 42


DEFINED SYMBOLS
                            *ABS*:00000000 ble_events.c
C:\Users\Nathan\AppData\Local\Temp\ccd5lrSx.s:18     .text.hci_disconnection_complete_event:00000000 $t
C:\Users\Nathan\AppData\Local\Temp\ccd5lrSx.s:24     .text.hci_disconnection_complete_event:00000000 hci_disconnection_complete_event
C:\Users\Nathan\AppData\Local\Temp\ccd5lrSx.s:31     .text.hci_disconnection_complete_event_process:00000000 $t
C:\Users\Nathan\AppData\Local\Temp\ccd5lrSx.s:36     .text.hci_disconnection_complete_event_process:00000000 hci_disconnection_complete_event_process
C:\Users\Nathan\AppData\Local\Temp\ccd5lrSx.s:47     .text.hci_encryption_change_event:00000000 $t
C:\Users\Nathan\AppData\Local\Temp\ccd5lrSx.s:53     .text.hci_encryption_change_event:00000000 hci_encryption_change_event
C:\Users\Nathan\AppData\Local\Temp\ccd5lrSx.s:60     .text.hci_encryption_change_event_process:00000000 $t
C:\Users\Nathan\AppData\Local\Temp\ccd5lrSx.s:65     .text.hci_encryption_change_event_process:00000000 hci_encryption_change_event_process
C:\Users\Nathan\AppData\Local\Temp\ccd5lrSx.s:76     .text.hci_read_remote_version_information_complete_event:00000000 $t
C:\Users\Nathan\AppData\Local\Temp\ccd5lrSx.s:82     .text.hci_read_remote_version_information_complete_event:00000000 hci_read_remote_version_information_complete_event
C:\Users\Nathan\AppData\Local\Temp\ccd5lrSx.s:89     .text.hci_read_remote_version_information_complete_event_process:00000000 $t
C:\Users\Nathan\AppData\Local\Temp\ccd5lrSx.s:94     .text.hci_read_remote_version_information_complete_event_process:00000000 hci_read_remote_version_information_complete_event_process
C:\Users\Nathan\AppData\Local\Temp\ccd5lrSx.s:111    .text.hci_hardware_error_event:00000000 $t
C:\Users\Nathan\AppData\Local\Temp\ccd5lrSx.s:117    .text.hci_hardware_error_event:00000000 hci_hardware_error_event
C:\Users\Nathan\AppData\Local\Temp\ccd5lrSx.s:124    .text.hci_hardware_error_event_process:00000000 $t
C:\Users\Nathan\AppData\Local\Temp\ccd5lrSx.s:129    .text.hci_hardware_error_event_process:00000000 hci_hardware_error_event_process
C:\Users\Nathan\AppData\Local\Temp\ccd5lrSx.s:138    .text.hci_number_of_completed_packets_event:00000000 $t
C:\Users\Nathan\AppData\Local\Temp\ccd5lrSx.s:144    .text.hci_number_of_completed_packets_event:00000000 hci_number_of_completed_packets_event
C:\Users\Nathan\AppData\Local\Temp\ccd5lrSx.s:151    .text.hci_number_of_completed_packets_event_process:00000000 $t
C:\Users\Nathan\AppData\Local\Temp\ccd5lrSx.s:156    .text.hci_number_of_completed_packets_event_process:00000000 hci_number_of_completed_packets_event_process
C:\Users\Nathan\AppData\Local\Temp\ccd5lrSx.s:166    .text.hci_encryption_key_refresh_complete_event:00000000 $t
C:\Users\Nathan\AppData\Local\Temp\ccd5lrSx.s:172    .text.hci_encryption_key_refresh_complete_event:00000000 hci_encryption_key_refresh_complete_event
C:\Users\Nathan\AppData\Local\Temp\ccd5lrSx.s:179    .text.hci_encryption_key_refresh_complete_event_process:00000000 $t
C:\Users\Nathan\AppData\Local\Temp\ccd5lrSx.s:184    .text.hci_encryption_key_refresh_complete_event_process:00000000 hci_encryption_key_refresh_complete_event_process
C:\Users\Nathan\AppData\Local\Temp\ccd5lrSx.s:194    .text.hci_le_connection_complete_event:00000000 $t
C:\Users\Nathan\AppData\Local\Temp\ccd5lrSx.s:200    .text.hci_le_connection_complete_event:00000000 hci_le_connection_complete_event
C:\Users\Nathan\AppData\Local\Temp\ccd5lrSx.s:207    .text.hci_le_connection_complete_event_process:00000000 $t
C:\Users\Nathan\AppData\Local\Temp\ccd5lrSx.s:212    .text.hci_le_connection_complete_event_process:00000000 hci_le_connection_complete_event_process
C:\Users\Nathan\AppData\Local\Temp\ccd5lrSx.s:237    .text.hci_le_advertising_report_event:00000000 $t
C:\Users\Nathan\AppData\Local\Temp\ccd5lrSx.s:243    .text.hci_le_advertising_report_event:00000000 hci_le_advertising_report_event
C:\Users\Nathan\AppData\Local\Temp\ccd5lrSx.s:250    .text.hci_le_advertising_report_event_process:00000000 $t
C:\Users\Nathan\AppData\Local\Temp\ccd5lrSx.s:255    .text.hci_le_advertising_report_event_process:00000000 hci_le_advertising_report_event_process
C:\Users\Nathan\AppData\Local\Temp\ccd5lrSx.s:290    .text.hci_le_connection_update_complete_event:00000000 $t
C:\Users\Nathan\AppData\Local\Temp\ccd5lrSx.s:296    .text.hci_le_connection_update_complete_event:00000000 hci_le_connection_update_complete_event
C:\Users\Nathan\AppData\Local\Temp\ccd5lrSx.s:303    .text.hci_le_connection_update_complete_event_process:00000000 $t
C:\Users\Nathan\AppData\Local\Temp\ccd5lrSx.s:308    .text.hci_le_connection_update_complete_event_process:00000000 hci_le_connection_update_complete_event_process
C:\Users\Nathan\AppData\Local\Temp\ccd5lrSx.s:325    .text.hci_le_read_remote_features_complete_event:00000000 $t
C:\Users\Nathan\AppData\Local\Temp\ccd5lrSx.s:331    .text.hci_le_read_remote_features_complete_event:00000000 hci_le_read_remote_features_complete_event
C:\Users\Nathan\AppData\Local\Temp\ccd5lrSx.s:338    .text.hci_le_read_remote_features_complete_event_process:00000000 $t
C:\Users\Nathan\AppData\Local\Temp\ccd5lrSx.s:343    .text.hci_le_read_remote_features_complete_event_process:00000000 hci_le_read_remote_features_complete_event_process
C:\Users\Nathan\AppData\Local\Temp\ccd5lrSx.s:354    .text.hci_le_long_term_key_request_event:00000000 $t
C:\Users\Nathan\AppData\Local\Temp\ccd5lrSx.s:360    .text.hci_le_long_term_key_request_event:00000000 hci_le_long_term_key_request_event
C:\Users\Nathan\AppData\Local\Temp\ccd5lrSx.s:367    .text.hci_le_long_term_key_request_event_process:00000000 $t
C:\Users\Nathan\AppData\Local\Temp\ccd5lrSx.s:372    .text.hci_le_long_term_key_request_event_process:00000000 hci_le_long_term_key_request_event_process
C:\Users\Nathan\AppData\Local\Temp\ccd5lrSx.s:383    .text.hci_le_data_length_change_event:00000000 $t
C:\Users\Nathan\AppData\Local\Temp\ccd5lrSx.s:389    .text.hci_le_data_length_change_event:00000000 hci_le_data_length_change_event
C:\Users\Nathan\AppData\Local\Temp\ccd5lrSx.s:396    .text.hci_le_data_length_change_event_process:00000000 $t
C:\Users\Nathan\AppData\Local\Temp\ccd5lrSx.s:401    .text.hci_le_data_length_change_event_process:00000000 hci_le_data_length_change_event_process
C:\Users\Nathan\AppData\Local\Temp\ccd5lrSx.s:418    .text.hci_le_read_local_p256_public_key_complete_event:00000000 $t
C:\Users\Nathan\AppData\Local\Temp\ccd5lrSx.s:424    .text.hci_le_read_local_p256_public_key_complete_event:00000000 hci_le_read_local_p256_public_key_complete_event
C:\Users\Nathan\AppData\Local\Temp\ccd5lrSx.s:431    .text.hci_le_read_local_p256_public_key_complete_event_process:00000000 $t
C:\Users\Nathan\AppData\Local\Temp\ccd5lrSx.s:436    .text.hci_le_read_local_p256_public_key_complete_event_process:00000000 hci_le_read_local_p256_public_key_complete_event_process
C:\Users\Nathan\AppData\Local\Temp\ccd5lrSx.s:446    .text.hci_le_generate_dhkey_complete_event:00000000 $t
C:\Users\Nathan\AppData\Local\Temp\ccd5lrSx.s:452    .text.hci_le_generate_dhkey_complete_event:00000000 hci_le_generate_dhkey_complete_event
C:\Users\Nathan\AppData\Local\Temp\ccd5lrSx.s:459    .text.hci_le_generate_dhkey_complete_event_process:00000000 $t
ARM GAS  C:\Users\Nathan\AppData\Local\Temp\ccd5lrSx.s 			page 43


C:\Users\Nathan\AppData\Local\Temp\ccd5lrSx.s:464    .text.hci_le_generate_dhkey_complete_event_process:00000000 hci_le_generate_dhkey_complete_event_process
C:\Users\Nathan\AppData\Local\Temp\ccd5lrSx.s:474    .text.hci_le_enhanced_connection_complete_event:00000000 $t
C:\Users\Nathan\AppData\Local\Temp\ccd5lrSx.s:480    .text.hci_le_enhanced_connection_complete_event:00000000 hci_le_enhanced_connection_complete_event
C:\Users\Nathan\AppData\Local\Temp\ccd5lrSx.s:487    .text.hci_le_enhanced_connection_complete_event_process:00000000 $t
C:\Users\Nathan\AppData\Local\Temp\ccd5lrSx.s:492    .text.hci_le_enhanced_connection_complete_event_process:00000000 hci_le_enhanced_connection_complete_event_process
C:\Users\Nathan\AppData\Local\Temp\ccd5lrSx.s:521    .text.hci_le_directed_advertising_report_event:00000000 $t
C:\Users\Nathan\AppData\Local\Temp\ccd5lrSx.s:527    .text.hci_le_directed_advertising_report_event:00000000 hci_le_directed_advertising_report_event
C:\Users\Nathan\AppData\Local\Temp\ccd5lrSx.s:534    .text.hci_le_directed_advertising_report_event_process:00000000 $t
C:\Users\Nathan\AppData\Local\Temp\ccd5lrSx.s:539    .text.hci_le_directed_advertising_report_event_process:00000000 hci_le_directed_advertising_report_event_process
C:\Users\Nathan\AppData\Local\Temp\ccd5lrSx.s:549    .text.hci_le_phy_update_complete_event:00000000 $t
C:\Users\Nathan\AppData\Local\Temp\ccd5lrSx.s:555    .text.hci_le_phy_update_complete_event:00000000 hci_le_phy_update_complete_event
C:\Users\Nathan\AppData\Local\Temp\ccd5lrSx.s:562    .text.hci_le_phy_update_complete_event_process:00000000 $t
C:\Users\Nathan\AppData\Local\Temp\ccd5lrSx.s:567    .text.hci_le_phy_update_complete_event_process:00000000 hci_le_phy_update_complete_event_process
C:\Users\Nathan\AppData\Local\Temp\ccd5lrSx.s:579    .text.hci_le_extended_advertising_report_event:00000000 $t
C:\Users\Nathan\AppData\Local\Temp\ccd5lrSx.s:585    .text.hci_le_extended_advertising_report_event:00000000 hci_le_extended_advertising_report_event
C:\Users\Nathan\AppData\Local\Temp\ccd5lrSx.s:592    .text.hci_le_extended_advertising_report_event_process:00000000 $t
C:\Users\Nathan\AppData\Local\Temp\ccd5lrSx.s:597    .text.hci_le_extended_advertising_report_event_process:00000000 hci_le_extended_advertising_report_event_process
C:\Users\Nathan\AppData\Local\Temp\ccd5lrSx.s:632    .text.hci_le_scan_timeout_event:00000000 $t
C:\Users\Nathan\AppData\Local\Temp\ccd5lrSx.s:638    .text.hci_le_scan_timeout_event:00000000 hci_le_scan_timeout_event
C:\Users\Nathan\AppData\Local\Temp\ccd5lrSx.s:645    .text.hci_le_scan_timeout_event_process:00000000 $t
C:\Users\Nathan\AppData\Local\Temp\ccd5lrSx.s:650    .text.hci_le_scan_timeout_event_process:00000000 hci_le_scan_timeout_event_process
C:\Users\Nathan\AppData\Local\Temp\ccd5lrSx.s:658    .text.hci_le_advertising_set_terminated_event:00000000 $t
C:\Users\Nathan\AppData\Local\Temp\ccd5lrSx.s:664    .text.hci_le_advertising_set_terminated_event:00000000 hci_le_advertising_set_terminated_event
C:\Users\Nathan\AppData\Local\Temp\ccd5lrSx.s:671    .text.hci_le_advertising_set_terminated_event_process:00000000 $t
C:\Users\Nathan\AppData\Local\Temp\ccd5lrSx.s:676    .text.hci_le_advertising_set_terminated_event_process:00000000 hci_le_advertising_set_terminated_event_process
C:\Users\Nathan\AppData\Local\Temp\ccd5lrSx.s:688    .text.hci_le_scan_request_received_event:00000000 $t
C:\Users\Nathan\AppData\Local\Temp\ccd5lrSx.s:694    .text.hci_le_scan_request_received_event:00000000 hci_le_scan_request_received_event
C:\Users\Nathan\AppData\Local\Temp\ccd5lrSx.s:701    .text.hci_le_scan_request_received_event_process:00000000 $t
C:\Users\Nathan\AppData\Local\Temp\ccd5lrSx.s:706    .text.hci_le_scan_request_received_event_process:00000000 hci_le_scan_request_received_event_process
C:\Users\Nathan\AppData\Local\Temp\ccd5lrSx.s:717    .text.hci_le_channel_selection_algorithm_event:00000000 $t
C:\Users\Nathan\AppData\Local\Temp\ccd5lrSx.s:723    .text.hci_le_channel_selection_algorithm_event:00000000 hci_le_channel_selection_algorithm_event
C:\Users\Nathan\AppData\Local\Temp\ccd5lrSx.s:730    .text.hci_le_channel_selection_algorithm_event_process:00000000 $t
C:\Users\Nathan\AppData\Local\Temp\ccd5lrSx.s:735    .text.hci_le_channel_selection_algorithm_event_process:00000000 hci_le_channel_selection_algorithm_event_process
C:\Users\Nathan\AppData\Local\Temp\ccd5lrSx.s:745    .text.aci_hal_end_of_radio_activity_event:00000000 $t
C:\Users\Nathan\AppData\Local\Temp\ccd5lrSx.s:751    .text.aci_hal_end_of_radio_activity_event:00000000 aci_hal_end_of_radio_activity_event
C:\Users\Nathan\AppData\Local\Temp\ccd5lrSx.s:758    .text.aci_hal_end_of_radio_activity_event_process:00000000 $t
C:\Users\Nathan\AppData\Local\Temp\ccd5lrSx.s:763    .text.aci_hal_end_of_radio_activity_event_process:00000000 aci_hal_end_of_radio_activity_event_process
C:\Users\Nathan\AppData\Local\Temp\ccd5lrSx.s:780    .text.aci_hal_scan_req_report_event:00000000 $t
C:\Users\Nathan\AppData\Local\Temp\ccd5lrSx.s:786    .text.aci_hal_scan_req_report_event:00000000 aci_hal_scan_req_report_event
C:\Users\Nathan\AppData\Local\Temp\ccd5lrSx.s:793    .text.aci_hal_scan_req_report_event_process:00000000 $t
C:\Users\Nathan\AppData\Local\Temp\ccd5lrSx.s:798    .text.aci_hal_scan_req_report_event_process:00000000 aci_hal_scan_req_report_event_process
C:\Users\Nathan\AppData\Local\Temp\ccd5lrSx.s:809    .text.aci_hal_warning_event:00000000 $t
C:\Users\Nathan\AppData\Local\Temp\ccd5lrSx.s:815    .text.aci_hal_warning_event:00000000 aci_hal_warning_event
C:\Users\Nathan\AppData\Local\Temp\ccd5lrSx.s:822    .text.aci_hal_warning_event_process:00000000 $t
C:\Users\Nathan\AppData\Local\Temp\ccd5lrSx.s:827    .text.aci_hal_warning_event_process:00000000 aci_hal_warning_event_process
C:\Users\Nathan\AppData\Local\Temp\ccd5lrSx.s:838    .text.aci_gap_limited_discoverable_event:00000000 $t
C:\Users\Nathan\AppData\Local\Temp\ccd5lrSx.s:844    .text.aci_gap_limited_discoverable_event:00000000 aci_gap_limited_discoverable_event
C:\Users\Nathan\AppData\Local\Temp\ccd5lrSx.s:851    .text.aci_gap_limited_discoverable_event_process:00000000 $t
C:\Users\Nathan\AppData\Local\Temp\ccd5lrSx.s:856    .text.aci_gap_limited_discoverable_event_process:00000000 aci_gap_limited_discoverable_event_process
C:\Users\Nathan\AppData\Local\Temp\ccd5lrSx.s:864    .text.aci_gap_pairing_complete_event:00000000 $t
C:\Users\Nathan\AppData\Local\Temp\ccd5lrSx.s:870    .text.aci_gap_pairing_complete_event:00000000 aci_gap_pairing_complete_event
C:\Users\Nathan\AppData\Local\Temp\ccd5lrSx.s:877    .text.aci_gap_pairing_complete_event_process:00000000 $t
C:\Users\Nathan\AppData\Local\Temp\ccd5lrSx.s:882    .text.aci_gap_pairing_complete_event_process:00000000 aci_gap_pairing_complete_event_process
C:\Users\Nathan\AppData\Local\Temp\ccd5lrSx.s:893    .text.aci_gap_pass_key_req_event:00000000 $t
C:\Users\Nathan\AppData\Local\Temp\ccd5lrSx.s:899    .text.aci_gap_pass_key_req_event:00000000 aci_gap_pass_key_req_event
C:\Users\Nathan\AppData\Local\Temp\ccd5lrSx.s:906    .text.aci_gap_pass_key_req_event_process:00000000 $t
C:\Users\Nathan\AppData\Local\Temp\ccd5lrSx.s:911    .text.aci_gap_pass_key_req_event_process:00000000 aci_gap_pass_key_req_event_process
ARM GAS  C:\Users\Nathan\AppData\Local\Temp\ccd5lrSx.s 			page 44


C:\Users\Nathan\AppData\Local\Temp\ccd5lrSx.s:920    .text.aci_gap_authorization_req_event:00000000 $t
C:\Users\Nathan\AppData\Local\Temp\ccd5lrSx.s:926    .text.aci_gap_authorization_req_event:00000000 aci_gap_authorization_req_event
C:\Users\Nathan\AppData\Local\Temp\ccd5lrSx.s:933    .text.aci_gap_authorization_req_event_process:00000000 $t
C:\Users\Nathan\AppData\Local\Temp\ccd5lrSx.s:938    .text.aci_gap_authorization_req_event_process:00000000 aci_gap_authorization_req_event_process
C:\Users\Nathan\AppData\Local\Temp\ccd5lrSx.s:947    .text.aci_gap_bond_lost_event:00000000 $t
C:\Users\Nathan\AppData\Local\Temp\ccd5lrSx.s:953    .text.aci_gap_bond_lost_event:00000000 aci_gap_bond_lost_event
C:\Users\Nathan\AppData\Local\Temp\ccd5lrSx.s:960    .text.aci_gap_bond_lost_event_process:00000000 $t
C:\Users\Nathan\AppData\Local\Temp\ccd5lrSx.s:965    .text.aci_gap_bond_lost_event_process:00000000 aci_gap_bond_lost_event_process
C:\Users\Nathan\AppData\Local\Temp\ccd5lrSx.s:974    .text.aci_gap_proc_complete_event:00000000 $t
C:\Users\Nathan\AppData\Local\Temp\ccd5lrSx.s:980    .text.aci_gap_proc_complete_event:00000000 aci_gap_proc_complete_event
C:\Users\Nathan\AppData\Local\Temp\ccd5lrSx.s:987    .text.aci_gap_proc_complete_event_process:00000000 $t
C:\Users\Nathan\AppData\Local\Temp\ccd5lrSx.s:992    .text.aci_gap_proc_complete_event_process:00000000 aci_gap_proc_complete_event_process
C:\Users\Nathan\AppData\Local\Temp\ccd5lrSx.s:1004   .text.aci_gap_addr_not_resolved_event:00000000 $t
C:\Users\Nathan\AppData\Local\Temp\ccd5lrSx.s:1010   .text.aci_gap_addr_not_resolved_event:00000000 aci_gap_addr_not_resolved_event
C:\Users\Nathan\AppData\Local\Temp\ccd5lrSx.s:1017   .text.aci_gap_addr_not_resolved_event_process:00000000 $t
C:\Users\Nathan\AppData\Local\Temp\ccd5lrSx.s:1022   .text.aci_gap_addr_not_resolved_event_process:00000000 aci_gap_addr_not_resolved_event_process
C:\Users\Nathan\AppData\Local\Temp\ccd5lrSx.s:1031   .text.aci_gap_numeric_comparison_value_event:00000000 $t
C:\Users\Nathan\AppData\Local\Temp\ccd5lrSx.s:1037   .text.aci_gap_numeric_comparison_value_event:00000000 aci_gap_numeric_comparison_value_event
C:\Users\Nathan\AppData\Local\Temp\ccd5lrSx.s:1044   .text.aci_gap_numeric_comparison_value_event_process:00000000 $t
C:\Users\Nathan\AppData\Local\Temp\ccd5lrSx.s:1049   .text.aci_gap_numeric_comparison_value_event_process:00000000 aci_gap_numeric_comparison_value_event_process
C:\Users\Nathan\AppData\Local\Temp\ccd5lrSx.s:1059   .text.aci_gap_keypress_notification_event:00000000 $t
C:\Users\Nathan\AppData\Local\Temp\ccd5lrSx.s:1065   .text.aci_gap_keypress_notification_event:00000000 aci_gap_keypress_notification_event
C:\Users\Nathan\AppData\Local\Temp\ccd5lrSx.s:1072   .text.aci_gap_keypress_notification_event_process:00000000 $t
C:\Users\Nathan\AppData\Local\Temp\ccd5lrSx.s:1077   .text.aci_gap_keypress_notification_event_process:00000000 aci_gap_keypress_notification_event_process
C:\Users\Nathan\AppData\Local\Temp\ccd5lrSx.s:1087   .text.aci_gap_pairing_request_event:00000000 $t
C:\Users\Nathan\AppData\Local\Temp\ccd5lrSx.s:1093   .text.aci_gap_pairing_request_event:00000000 aci_gap_pairing_request_event
C:\Users\Nathan\AppData\Local\Temp\ccd5lrSx.s:1100   .text.aci_gap_pairing_request_event_process:00000000 $t
C:\Users\Nathan\AppData\Local\Temp\ccd5lrSx.s:1105   .text.aci_gap_pairing_request_event_process:00000000 aci_gap_pairing_request_event_process
C:\Users\Nathan\AppData\Local\Temp\ccd5lrSx.s:1116   .text.aci_l2cap_connection_update_resp_event:00000000 $t
C:\Users\Nathan\AppData\Local\Temp\ccd5lrSx.s:1122   .text.aci_l2cap_connection_update_resp_event:00000000 aci_l2cap_connection_update_resp_event
C:\Users\Nathan\AppData\Local\Temp\ccd5lrSx.s:1129   .text.aci_l2cap_connection_update_resp_event_process:00000000 $t
C:\Users\Nathan\AppData\Local\Temp\ccd5lrSx.s:1134   .text.aci_l2cap_connection_update_resp_event_process:00000000 aci_l2cap_connection_update_resp_event_process
C:\Users\Nathan\AppData\Local\Temp\ccd5lrSx.s:1144   .text.aci_l2cap_proc_timeout_event:00000000 $t
C:\Users\Nathan\AppData\Local\Temp\ccd5lrSx.s:1150   .text.aci_l2cap_proc_timeout_event:00000000 aci_l2cap_proc_timeout_event
C:\Users\Nathan\AppData\Local\Temp\ccd5lrSx.s:1157   .text.aci_l2cap_proc_timeout_event_process:00000000 $t
C:\Users\Nathan\AppData\Local\Temp\ccd5lrSx.s:1162   .text.aci_l2cap_proc_timeout_event_process:00000000 aci_l2cap_proc_timeout_event_process
C:\Users\Nathan\AppData\Local\Temp\ccd5lrSx.s:1173   .text.aci_l2cap_connection_update_req_event:00000000 $t
C:\Users\Nathan\AppData\Local\Temp\ccd5lrSx.s:1179   .text.aci_l2cap_connection_update_req_event:00000000 aci_l2cap_connection_update_req_event
C:\Users\Nathan\AppData\Local\Temp\ccd5lrSx.s:1186   .text.aci_l2cap_connection_update_req_event_process:00000000 $t
C:\Users\Nathan\AppData\Local\Temp\ccd5lrSx.s:1191   .text.aci_l2cap_connection_update_req_event_process:00000000 aci_l2cap_connection_update_req_event_process
C:\Users\Nathan\AppData\Local\Temp\ccd5lrSx.s:1212   .text.aci_l2cap_command_reject_event:00000000 $t
C:\Users\Nathan\AppData\Local\Temp\ccd5lrSx.s:1218   .text.aci_l2cap_command_reject_event:00000000 aci_l2cap_command_reject_event
C:\Users\Nathan\AppData\Local\Temp\ccd5lrSx.s:1225   .text.aci_l2cap_command_reject_event_process:00000000 $t
C:\Users\Nathan\AppData\Local\Temp\ccd5lrSx.s:1230   .text.aci_l2cap_command_reject_event_process:00000000 aci_l2cap_command_reject_event_process
C:\Users\Nathan\AppData\Local\Temp\ccd5lrSx.s:1247   .text.aci_l2cap_coc_connect_event:00000000 $t
C:\Users\Nathan\AppData\Local\Temp\ccd5lrSx.s:1253   .text.aci_l2cap_coc_connect_event:00000000 aci_l2cap_coc_connect_event
C:\Users\Nathan\AppData\Local\Temp\ccd5lrSx.s:1260   .text.aci_l2cap_coc_connect_event_process:00000000 $t
C:\Users\Nathan\AppData\Local\Temp\ccd5lrSx.s:1265   .text.aci_l2cap_coc_connect_event_process:00000000 aci_l2cap_coc_connect_event_process
C:\Users\Nathan\AppData\Local\Temp\ccd5lrSx.s:1284   .text.aci_l2cap_coc_connect_confirm_event:00000000 $t
C:\Users\Nathan\AppData\Local\Temp\ccd5lrSx.s:1290   .text.aci_l2cap_coc_connect_confirm_event:00000000 aci_l2cap_coc_connect_confirm_event
C:\Users\Nathan\AppData\Local\Temp\ccd5lrSx.s:1297   .text.aci_l2cap_coc_connect_confirm_event_process:00000000 $t
C:\Users\Nathan\AppData\Local\Temp\ccd5lrSx.s:1302   .text.aci_l2cap_coc_connect_confirm_event_process:00000000 aci_l2cap_coc_connect_confirm_event_process
C:\Users\Nathan\AppData\Local\Temp\ccd5lrSx.s:1323   .text.aci_l2cap_coc_reconf_event:00000000 $t
C:\Users\Nathan\AppData\Local\Temp\ccd5lrSx.s:1329   .text.aci_l2cap_coc_reconf_event:00000000 aci_l2cap_coc_reconf_event
C:\Users\Nathan\AppData\Local\Temp\ccd5lrSx.s:1336   .text.aci_l2cap_coc_reconf_event_process:00000000 $t
C:\Users\Nathan\AppData\Local\Temp\ccd5lrSx.s:1341   .text.aci_l2cap_coc_reconf_event_process:00000000 aci_l2cap_coc_reconf_event_process
C:\Users\Nathan\AppData\Local\Temp\ccd5lrSx.s:1358   .text.aci_l2cap_coc_reconf_confirm_event:00000000 $t
ARM GAS  C:\Users\Nathan\AppData\Local\Temp\ccd5lrSx.s 			page 45


C:\Users\Nathan\AppData\Local\Temp\ccd5lrSx.s:1364   .text.aci_l2cap_coc_reconf_confirm_event:00000000 aci_l2cap_coc_reconf_confirm_event
C:\Users\Nathan\AppData\Local\Temp\ccd5lrSx.s:1371   .text.aci_l2cap_coc_reconf_confirm_event_process:00000000 $t
C:\Users\Nathan\AppData\Local\Temp\ccd5lrSx.s:1376   .text.aci_l2cap_coc_reconf_confirm_event_process:00000000 aci_l2cap_coc_reconf_confirm_event_process
C:\Users\Nathan\AppData\Local\Temp\ccd5lrSx.s:1386   .text.aci_l2cap_coc_disconnect_event:00000000 $t
C:\Users\Nathan\AppData\Local\Temp\ccd5lrSx.s:1392   .text.aci_l2cap_coc_disconnect_event:00000000 aci_l2cap_coc_disconnect_event
C:\Users\Nathan\AppData\Local\Temp\ccd5lrSx.s:1399   .text.aci_l2cap_coc_disconnect_event_process:00000000 $t
C:\Users\Nathan\AppData\Local\Temp\ccd5lrSx.s:1404   .text.aci_l2cap_coc_disconnect_event_process:00000000 aci_l2cap_coc_disconnect_event_process
C:\Users\Nathan\AppData\Local\Temp\ccd5lrSx.s:1413   .text.aci_l2cap_coc_flow_control_event:00000000 $t
C:\Users\Nathan\AppData\Local\Temp\ccd5lrSx.s:1419   .text.aci_l2cap_coc_flow_control_event:00000000 aci_l2cap_coc_flow_control_event
C:\Users\Nathan\AppData\Local\Temp\ccd5lrSx.s:1426   .text.aci_l2cap_coc_flow_control_event_process:00000000 $t
C:\Users\Nathan\AppData\Local\Temp\ccd5lrSx.s:1431   .text.aci_l2cap_coc_flow_control_event_process:00000000 aci_l2cap_coc_flow_control_event_process
C:\Users\Nathan\AppData\Local\Temp\ccd5lrSx.s:1441   .text.aci_l2cap_coc_rx_data_event:00000000 $t
C:\Users\Nathan\AppData\Local\Temp\ccd5lrSx.s:1447   .text.aci_l2cap_coc_rx_data_event:00000000 aci_l2cap_coc_rx_data_event
C:\Users\Nathan\AppData\Local\Temp\ccd5lrSx.s:1454   .text.aci_l2cap_coc_rx_data_event_process:00000000 $t
C:\Users\Nathan\AppData\Local\Temp\ccd5lrSx.s:1459   .text.aci_l2cap_coc_rx_data_event_process:00000000 aci_l2cap_coc_rx_data_event_process
C:\Users\Nathan\AppData\Local\Temp\ccd5lrSx.s:1470   .text.aci_l2cap_coc_tx_pool_available_event:00000000 $t
C:\Users\Nathan\AppData\Local\Temp\ccd5lrSx.s:1476   .text.aci_l2cap_coc_tx_pool_available_event:00000000 aci_l2cap_coc_tx_pool_available_event
C:\Users\Nathan\AppData\Local\Temp\ccd5lrSx.s:1483   .text.aci_l2cap_coc_tx_pool_available_event_process:00000000 $t
C:\Users\Nathan\AppData\Local\Temp\ccd5lrSx.s:1488   .text.aci_l2cap_coc_tx_pool_available_event_process:00000000 aci_l2cap_coc_tx_pool_available_event_process
C:\Users\Nathan\AppData\Local\Temp\ccd5lrSx.s:1496   .text.aci_gatt_attribute_modified_event:00000000 $t
C:\Users\Nathan\AppData\Local\Temp\ccd5lrSx.s:1502   .text.aci_gatt_attribute_modified_event:00000000 aci_gatt_attribute_modified_event
C:\Users\Nathan\AppData\Local\Temp\ccd5lrSx.s:1509   .text.aci_gatt_attribute_modified_event_process:00000000 $t
C:\Users\Nathan\AppData\Local\Temp\ccd5lrSx.s:1514   .text.aci_gatt_attribute_modified_event_process:00000000 aci_gatt_attribute_modified_event_process
C:\Users\Nathan\AppData\Local\Temp\ccd5lrSx.s:1531   .text.aci_gatt_proc_timeout_event:00000000 $t
C:\Users\Nathan\AppData\Local\Temp\ccd5lrSx.s:1537   .text.aci_gatt_proc_timeout_event:00000000 aci_gatt_proc_timeout_event
C:\Users\Nathan\AppData\Local\Temp\ccd5lrSx.s:1544   .text.aci_gatt_proc_timeout_event_process:00000000 $t
C:\Users\Nathan\AppData\Local\Temp\ccd5lrSx.s:1549   .text.aci_gatt_proc_timeout_event_process:00000000 aci_gatt_proc_timeout_event_process
C:\Users\Nathan\AppData\Local\Temp\ccd5lrSx.s:1558   .text.aci_att_exchange_mtu_resp_event:00000000 $t
C:\Users\Nathan\AppData\Local\Temp\ccd5lrSx.s:1564   .text.aci_att_exchange_mtu_resp_event:00000000 aci_att_exchange_mtu_resp_event
C:\Users\Nathan\AppData\Local\Temp\ccd5lrSx.s:1571   .text.aci_att_exchange_mtu_resp_event_process:00000000 $t
C:\Users\Nathan\AppData\Local\Temp\ccd5lrSx.s:1576   .text.aci_att_exchange_mtu_resp_event_process:00000000 aci_att_exchange_mtu_resp_event_process
C:\Users\Nathan\AppData\Local\Temp\ccd5lrSx.s:1586   .text.aci_att_find_info_resp_event:00000000 $t
C:\Users\Nathan\AppData\Local\Temp\ccd5lrSx.s:1592   .text.aci_att_find_info_resp_event:00000000 aci_att_find_info_resp_event
C:\Users\Nathan\AppData\Local\Temp\ccd5lrSx.s:1599   .text.aci_att_find_info_resp_event_process:00000000 $t
C:\Users\Nathan\AppData\Local\Temp\ccd5lrSx.s:1604   .text.aci_att_find_info_resp_event_process:00000000 aci_att_find_info_resp_event_process
C:\Users\Nathan\AppData\Local\Temp\ccd5lrSx.s:1616   .text.aci_att_find_by_type_value_resp_event:00000000 $t
C:\Users\Nathan\AppData\Local\Temp\ccd5lrSx.s:1622   .text.aci_att_find_by_type_value_resp_event:00000000 aci_att_find_by_type_value_resp_event
C:\Users\Nathan\AppData\Local\Temp\ccd5lrSx.s:1629   .text.aci_att_find_by_type_value_resp_event_process:00000000 $t
C:\Users\Nathan\AppData\Local\Temp\ccd5lrSx.s:1634   .text.aci_att_find_by_type_value_resp_event_process:00000000 aci_att_find_by_type_value_resp_event_process
C:\Users\Nathan\AppData\Local\Temp\ccd5lrSx.s:1645   .text.aci_att_read_by_type_resp_event:00000000 $t
C:\Users\Nathan\AppData\Local\Temp\ccd5lrSx.s:1651   .text.aci_att_read_by_type_resp_event:00000000 aci_att_read_by_type_resp_event
C:\Users\Nathan\AppData\Local\Temp\ccd5lrSx.s:1658   .text.aci_att_read_by_type_resp_event_process:00000000 $t
C:\Users\Nathan\AppData\Local\Temp\ccd5lrSx.s:1663   .text.aci_att_read_by_type_resp_event_process:00000000 aci_att_read_by_type_resp_event_process
C:\Users\Nathan\AppData\Local\Temp\ccd5lrSx.s:1675   .text.aci_att_read_resp_event:00000000 $t
C:\Users\Nathan\AppData\Local\Temp\ccd5lrSx.s:1681   .text.aci_att_read_resp_event:00000000 aci_att_read_resp_event
C:\Users\Nathan\AppData\Local\Temp\ccd5lrSx.s:1688   .text.aci_att_read_resp_event_process:00000000 $t
C:\Users\Nathan\AppData\Local\Temp\ccd5lrSx.s:1693   .text.aci_att_read_resp_event_process:00000000 aci_att_read_resp_event_process
C:\Users\Nathan\AppData\Local\Temp\ccd5lrSx.s:1704   .text.aci_att_read_blob_resp_event:00000000 $t
C:\Users\Nathan\AppData\Local\Temp\ccd5lrSx.s:1710   .text.aci_att_read_blob_resp_event:00000000 aci_att_read_blob_resp_event
C:\Users\Nathan\AppData\Local\Temp\ccd5lrSx.s:1717   .text.aci_att_read_blob_resp_event_process:00000000 $t
C:\Users\Nathan\AppData\Local\Temp\ccd5lrSx.s:1722   .text.aci_att_read_blob_resp_event_process:00000000 aci_att_read_blob_resp_event_process
C:\Users\Nathan\AppData\Local\Temp\ccd5lrSx.s:1733   .text.aci_att_read_multiple_resp_event:00000000 $t
C:\Users\Nathan\AppData\Local\Temp\ccd5lrSx.s:1739   .text.aci_att_read_multiple_resp_event:00000000 aci_att_read_multiple_resp_event
C:\Users\Nathan\AppData\Local\Temp\ccd5lrSx.s:1746   .text.aci_att_read_multiple_resp_event_process:00000000 $t
C:\Users\Nathan\AppData\Local\Temp\ccd5lrSx.s:1751   .text.aci_att_read_multiple_resp_event_process:00000000 aci_att_read_multiple_resp_event_process
C:\Users\Nathan\AppData\Local\Temp\ccd5lrSx.s:1762   .text.aci_att_read_by_group_type_resp_event:00000000 $t
C:\Users\Nathan\AppData\Local\Temp\ccd5lrSx.s:1768   .text.aci_att_read_by_group_type_resp_event:00000000 aci_att_read_by_group_type_resp_event
ARM GAS  C:\Users\Nathan\AppData\Local\Temp\ccd5lrSx.s 			page 46


C:\Users\Nathan\AppData\Local\Temp\ccd5lrSx.s:1775   .text.aci_att_read_by_group_type_resp_event_process:00000000 $t
C:\Users\Nathan\AppData\Local\Temp\ccd5lrSx.s:1780   .text.aci_att_read_by_group_type_resp_event_process:00000000 aci_att_read_by_group_type_resp_event_process
C:\Users\Nathan\AppData\Local\Temp\ccd5lrSx.s:1792   .text.aci_att_prepare_write_resp_event:00000000 $t
C:\Users\Nathan\AppData\Local\Temp\ccd5lrSx.s:1798   .text.aci_att_prepare_write_resp_event:00000000 aci_att_prepare_write_resp_event
C:\Users\Nathan\AppData\Local\Temp\ccd5lrSx.s:1805   .text.aci_att_prepare_write_resp_event_process:00000000 $t
C:\Users\Nathan\AppData\Local\Temp\ccd5lrSx.s:1810   .text.aci_att_prepare_write_resp_event_process:00000000 aci_att_prepare_write_resp_event_process
C:\Users\Nathan\AppData\Local\Temp\ccd5lrSx.s:1827   .text.aci_att_exec_write_resp_event:00000000 $t
C:\Users\Nathan\AppData\Local\Temp\ccd5lrSx.s:1833   .text.aci_att_exec_write_resp_event:00000000 aci_att_exec_write_resp_event
C:\Users\Nathan\AppData\Local\Temp\ccd5lrSx.s:1840   .text.aci_att_exec_write_resp_event_process:00000000 $t
C:\Users\Nathan\AppData\Local\Temp\ccd5lrSx.s:1845   .text.aci_att_exec_write_resp_event_process:00000000 aci_att_exec_write_resp_event_process
C:\Users\Nathan\AppData\Local\Temp\ccd5lrSx.s:1854   .text.aci_gatt_indication_event:00000000 $t
C:\Users\Nathan\AppData\Local\Temp\ccd5lrSx.s:1860   .text.aci_gatt_indication_event:00000000 aci_gatt_indication_event
C:\Users\Nathan\AppData\Local\Temp\ccd5lrSx.s:1867   .text.aci_gatt_indication_event_process:00000000 $t
C:\Users\Nathan\AppData\Local\Temp\ccd5lrSx.s:1872   .text.aci_gatt_indication_event_process:00000000 aci_gatt_indication_event_process
C:\Users\Nathan\AppData\Local\Temp\ccd5lrSx.s:1884   .text.aci_gatt_notification_event:00000000 $t
C:\Users\Nathan\AppData\Local\Temp\ccd5lrSx.s:1890   .text.aci_gatt_notification_event:00000000 aci_gatt_notification_event
C:\Users\Nathan\AppData\Local\Temp\ccd5lrSx.s:1897   .text.aci_gatt_notification_event_process:00000000 $t
C:\Users\Nathan\AppData\Local\Temp\ccd5lrSx.s:1902   .text.aci_gatt_notification_event_process:00000000 aci_gatt_notification_event_process
C:\Users\Nathan\AppData\Local\Temp\ccd5lrSx.s:1914   .text.aci_gatt_proc_complete_event:00000000 $t
C:\Users\Nathan\AppData\Local\Temp\ccd5lrSx.s:1920   .text.aci_gatt_proc_complete_event:00000000 aci_gatt_proc_complete_event
C:\Users\Nathan\AppData\Local\Temp\ccd5lrSx.s:1927   .text.aci_gatt_proc_complete_event_process:00000000 $t
C:\Users\Nathan\AppData\Local\Temp\ccd5lrSx.s:1932   .text.aci_gatt_proc_complete_event_process:00000000 aci_gatt_proc_complete_event_process
C:\Users\Nathan\AppData\Local\Temp\ccd5lrSx.s:1942   .text.aci_gatt_error_resp_event:00000000 $t
C:\Users\Nathan\AppData\Local\Temp\ccd5lrSx.s:1948   .text.aci_gatt_error_resp_event:00000000 aci_gatt_error_resp_event
C:\Users\Nathan\AppData\Local\Temp\ccd5lrSx.s:1955   .text.aci_gatt_error_resp_event_process:00000000 $t
C:\Users\Nathan\AppData\Local\Temp\ccd5lrSx.s:1960   .text.aci_gatt_error_resp_event_process:00000000 aci_gatt_error_resp_event_process
C:\Users\Nathan\AppData\Local\Temp\ccd5lrSx.s:1972   .text.aci_gatt_disc_read_char_by_uuid_resp_event:00000000 $t
C:\Users\Nathan\AppData\Local\Temp\ccd5lrSx.s:1978   .text.aci_gatt_disc_read_char_by_uuid_resp_event:00000000 aci_gatt_disc_read_char_by_uuid_resp_event
C:\Users\Nathan\AppData\Local\Temp\ccd5lrSx.s:1985   .text.aci_gatt_disc_read_char_by_uuid_resp_event_process:00000000 $t
C:\Users\Nathan\AppData\Local\Temp\ccd5lrSx.s:1990   .text.aci_gatt_disc_read_char_by_uuid_resp_event_process:00000000 aci_gatt_disc_read_char_by_uuid_resp_event_process
C:\Users\Nathan\AppData\Local\Temp\ccd5lrSx.s:2002   .text.aci_gatt_write_permit_req_event:00000000 $t
C:\Users\Nathan\AppData\Local\Temp\ccd5lrSx.s:2008   .text.aci_gatt_write_permit_req_event:00000000 aci_gatt_write_permit_req_event
C:\Users\Nathan\AppData\Local\Temp\ccd5lrSx.s:2015   .text.aci_gatt_write_permit_req_event_process:00000000 $t
C:\Users\Nathan\AppData\Local\Temp\ccd5lrSx.s:2020   .text.aci_gatt_write_permit_req_event_process:00000000 aci_gatt_write_permit_req_event_process
C:\Users\Nathan\AppData\Local\Temp\ccd5lrSx.s:2032   .text.aci_gatt_read_permit_req_event:00000000 $t
C:\Users\Nathan\AppData\Local\Temp\ccd5lrSx.s:2038   .text.aci_gatt_read_permit_req_event:00000000 aci_gatt_read_permit_req_event
C:\Users\Nathan\AppData\Local\Temp\ccd5lrSx.s:2045   .text.aci_gatt_read_permit_req_event_process:00000000 $t
C:\Users\Nathan\AppData\Local\Temp\ccd5lrSx.s:2050   .text.aci_gatt_read_permit_req_event_process:00000000 aci_gatt_read_permit_req_event_process
C:\Users\Nathan\AppData\Local\Temp\ccd5lrSx.s:2061   .text.aci_gatt_read_multi_permit_req_event:00000000 $t
C:\Users\Nathan\AppData\Local\Temp\ccd5lrSx.s:2067   .text.aci_gatt_read_multi_permit_req_event:00000000 aci_gatt_read_multi_permit_req_event
C:\Users\Nathan\AppData\Local\Temp\ccd5lrSx.s:2074   .text.aci_gatt_read_multi_permit_req_event_process:00000000 $t
C:\Users\Nathan\AppData\Local\Temp\ccd5lrSx.s:2079   .text.aci_gatt_read_multi_permit_req_event_process:00000000 aci_gatt_read_multi_permit_req_event_process
C:\Users\Nathan\AppData\Local\Temp\ccd5lrSx.s:2090   .text.aci_gatt_tx_pool_available_event:00000000 $t
C:\Users\Nathan\AppData\Local\Temp\ccd5lrSx.s:2096   .text.aci_gatt_tx_pool_available_event:00000000 aci_gatt_tx_pool_available_event
C:\Users\Nathan\AppData\Local\Temp\ccd5lrSx.s:2103   .text.aci_gatt_tx_pool_available_event_process:00000000 $t
C:\Users\Nathan\AppData\Local\Temp\ccd5lrSx.s:2108   .text.aci_gatt_tx_pool_available_event_process:00000000 aci_gatt_tx_pool_available_event_process
C:\Users\Nathan\AppData\Local\Temp\ccd5lrSx.s:2118   .text.aci_gatt_server_confirmation_event:00000000 $t
C:\Users\Nathan\AppData\Local\Temp\ccd5lrSx.s:2124   .text.aci_gatt_server_confirmation_event:00000000 aci_gatt_server_confirmation_event
C:\Users\Nathan\AppData\Local\Temp\ccd5lrSx.s:2131   .text.aci_gatt_server_confirmation_event_process:00000000 $t
C:\Users\Nathan\AppData\Local\Temp\ccd5lrSx.s:2136   .text.aci_gatt_server_confirmation_event_process:00000000 aci_gatt_server_confirmation_event_process
C:\Users\Nathan\AppData\Local\Temp\ccd5lrSx.s:2145   .text.aci_gatt_prepare_write_permit_req_event:00000000 $t
C:\Users\Nathan\AppData\Local\Temp\ccd5lrSx.s:2151   .text.aci_gatt_prepare_write_permit_req_event:00000000 aci_gatt_prepare_write_permit_req_event
C:\Users\Nathan\AppData\Local\Temp\ccd5lrSx.s:2158   .text.aci_gatt_prepare_write_permit_req_event_process:00000000 $t
C:\Users\Nathan\AppData\Local\Temp\ccd5lrSx.s:2163   .text.aci_gatt_prepare_write_permit_req_event_process:00000000 aci_gatt_prepare_write_permit_req_event_process
C:\Users\Nathan\AppData\Local\Temp\ccd5lrSx.s:2180   .text.aci_gatt_eatt_bearer_event:00000000 $t
C:\Users\Nathan\AppData\Local\Temp\ccd5lrSx.s:2186   .text.aci_gatt_eatt_bearer_event:00000000 aci_gatt_eatt_bearer_event
C:\Users\Nathan\AppData\Local\Temp\ccd5lrSx.s:2193   .text.aci_gatt_eatt_bearer_event_process:00000000 $t
ARM GAS  C:\Users\Nathan\AppData\Local\Temp\ccd5lrSx.s 			page 47


C:\Users\Nathan\AppData\Local\Temp\ccd5lrSx.s:2198   .text.aci_gatt_eatt_bearer_event_process:00000000 aci_gatt_eatt_bearer_event_process
C:\Users\Nathan\AppData\Local\Temp\ccd5lrSx.s:2209   .text.aci_gatt_mult_notification_event:00000000 $t
C:\Users\Nathan\AppData\Local\Temp\ccd5lrSx.s:2215   .text.aci_gatt_mult_notification_event:00000000 aci_gatt_mult_notification_event
C:\Users\Nathan\AppData\Local\Temp\ccd5lrSx.s:2222   .text.aci_gatt_mult_notification_event_process:00000000 $t
C:\Users\Nathan\AppData\Local\Temp\ccd5lrSx.s:2227   .text.aci_gatt_mult_notification_event_process:00000000 aci_gatt_mult_notification_event_process
C:\Users\Nathan\AppData\Local\Temp\ccd5lrSx.s:2239   .text.aci_gatt_notification_complete_event:00000000 $t
C:\Users\Nathan\AppData\Local\Temp\ccd5lrSx.s:2245   .text.aci_gatt_notification_complete_event:00000000 aci_gatt_notification_complete_event
C:\Users\Nathan\AppData\Local\Temp\ccd5lrSx.s:2252   .text.aci_gatt_notification_complete_event_process:00000000 $t
C:\Users\Nathan\AppData\Local\Temp\ccd5lrSx.s:2257   .text.aci_gatt_notification_complete_event_process:00000000 aci_gatt_notification_complete_event_process
C:\Users\Nathan\AppData\Local\Temp\ccd5lrSx.s:2266   .text.aci_gatt_read_ext_event:00000000 $t
C:\Users\Nathan\AppData\Local\Temp\ccd5lrSx.s:2272   .text.aci_gatt_read_ext_event:00000000 aci_gatt_read_ext_event
C:\Users\Nathan\AppData\Local\Temp\ccd5lrSx.s:2279   .text.aci_gatt_read_ext_event_process:00000000 $t
C:\Users\Nathan\AppData\Local\Temp\ccd5lrSx.s:2284   .text.aci_gatt_read_ext_event_process:00000000 aci_gatt_read_ext_event_process
C:\Users\Nathan\AppData\Local\Temp\ccd5lrSx.s:2296   .text.aci_gatt_indication_ext_event:00000000 $t
C:\Users\Nathan\AppData\Local\Temp\ccd5lrSx.s:2302   .text.aci_gatt_indication_ext_event:00000000 aci_gatt_indication_ext_event
C:\Users\Nathan\AppData\Local\Temp\ccd5lrSx.s:2309   .text.aci_gatt_indication_ext_event_process:00000000 $t
C:\Users\Nathan\AppData\Local\Temp\ccd5lrSx.s:2314   .text.aci_gatt_indication_ext_event_process:00000000 aci_gatt_indication_ext_event_process
C:\Users\Nathan\AppData\Local\Temp\ccd5lrSx.s:2331   .text.aci_gatt_notification_ext_event:00000000 $t
C:\Users\Nathan\AppData\Local\Temp\ccd5lrSx.s:2337   .text.aci_gatt_notification_ext_event:00000000 aci_gatt_notification_ext_event
C:\Users\Nathan\AppData\Local\Temp\ccd5lrSx.s:2344   .text.aci_gatt_notification_ext_event_process:00000000 $t
C:\Users\Nathan\AppData\Local\Temp\ccd5lrSx.s:2349   .text.aci_gatt_notification_ext_event_process:00000000 aci_gatt_notification_ext_event_process
C:\Users\Nathan\AppData\Local\Temp\ccd5lrSx.s:2370   .rodata.hci_vs_event_table:00000000 hci_vs_event_table
C:\Users\Nathan\AppData\Local\Temp\ccd5lrSx.s:2367   .rodata.hci_vs_event_table:00000000 $d
C:\Users\Nathan\AppData\Local\Temp\ccd5lrSx.s:2538   .rodata.hci_le_event_table:00000000 hci_le_event_table
C:\Users\Nathan\AppData\Local\Temp\ccd5lrSx.s:2535   .rodata.hci_le_event_table:00000000 $d
C:\Users\Nathan\AppData\Local\Temp\ccd5lrSx.s:2592   .rodata.hci_event_table:00000000 hci_event_table
C:\Users\Nathan\AppData\Local\Temp\ccd5lrSx.s:2589   .rodata.hci_event_table:00000000 $d

UNDEFINED SYMBOLS
Osal_MemCpy
