:020000040800F2
:10000000000003208DC5000811980008139800080F
:1000100015980008179800081998000800000000BB
:100020000000000000000000000000001B98000815
:100030001D980008000000001F9800082198000883
:10004000E5C50008E5C50008E5C5000829980008D1
:10005000E5C50008E5C50008E5C50008E5C50008D8
:10006000E5C50008E5C50008E5C50008E5C50008C8
:10007000E5C50008E5C50008E5C50008E5C50008B8
:10008000E5C50008E5C50008E5C500083198000889
:1000900041980008E5C50008E5C50008E5C5000869
:1000A000E5C5000851980008E5C50008E5C5000849
:1000B000E5C50008E5C50008E5C50008E5C5000878
:1000C000E5C50008E5C50008E5C50008E5C5000868
:1000D000E5C50008E5C50008E5C50008E5C5000858
:1000E000E5C50008E5C50008E5C50008E5C5000848
:1000F000699800087198000879980008E5C500081B
:10010000E5C50008E5C50008E5C50008E5C5000827
:10011000E5C50008E5C50008E5C50008E5C5000817
:10012000E5C50008E5C50008E5C50008E5C5000807
:0C013000E5C50008E5C50008E5C50008AD
:10014000034613F8012B002AFBD1181A0138704717
:1001500001F0FF01102A2BDB10F0070F08D010F878
:10016000013B013A8B422DD010F0070F42B3F6D17C
:10017000F0B441EA012141EA014122F007047FF095
:1001800000070023F0E80256083C85EA010586EAEC
:10019000010685FA47F5A3FA87F586FA47F6A5FA28
:1001A00087F68EB9EED1F0BC01F0FF0102F0070234
:1001B00032B110F8013B013A83EA010313B1F8D1DF
:1001C0000020704701387047002D06BF35460338C0
:1001D000073815F0010F07D1013015F4807F02BFF9
:1001E000013015F4C03F0130F0BC0138704700BF4A
:1001F00081F0004102E000BF83F0004330B54FEAD8
:1002000041044FEA430594EA050F08BF90EA020F44
:100210001FBF54EA000C55EA020C7FEA645C7FEAD7
:10022000655C00F0E2804FEA5454D4EB5555B8BFFA
:100230006D420CDD2C4480EA020281EA030382EA6B
:10024000000083EA010180EA020281EA0303362DFD
:1002500088BF30BD11F0004F4FEA01314FF4801CD0
:100260004CEA113102D0404261EB410113F0004FE2
:100270004FEA03334CEA133302D0524263EB430399
:1002800094EA050F00F0A780A4F10104D5F1200E37
:100290000DDB02FA0EFC22FA05F2801841F1000192
:1002A00003FA0EF2801843FA05F359410EE0A5F166
:1002B00020050EF1200E012A03FA0EFC28BF4CF097
:1002C000020C43FA05F3C01851EBE37101F000454D
:1002D00007D54FF0000EDCF1000C7EEB00006EEB5A
:1002E0000101B1F5801F1BD3B1F5001F0CD34908E4
:1002F0005FEA30004FEA3C0C04F101044FEA44523B
:1003000012F5800F80F09A80BCF1004F08BF5FEAC1
:10031000500C50F1000041EB045141EA050130BDA1
:100320005FEA4C0C404141EB0101013C28BFB1F5B3
:10033000801FE9D291F0000F04BF01460020B1FAFE
:1003400081F308BF2033A3F10B03B3F120020CDAD1
:100350000C3208DD02F1140CC2F10C0201FA0CF0AF
:1003600021FA02F10CE002F11402D8BFC2F1200C14
:1003700001FA02F120FA0CFCDCBF41EA0C019040CA
:10038000E41AA2BF01EB0451294330BD6FEA040413
:100390001F3C1CDA0C340EDC04F11404C4F12002FE
:1003A00020FA04F001FA02F340EA030021FA04F310
:1003B00045EA030130BDC4F10C04C4F1200220FA67
:1003C00002F001FA04F340EA0300294630BD21FAA5
:1003D00004F0294630BD94F0000F83F4801306BF6B
:1003E00081F480110134013D4EE77FEA645C18BF5F
:1003F0007FEA655C29D094EA050F08BF90EA020FF6
:1004000005D054EA000C04BF1946104630BD91EAED
:10041000030F1EBF0021002030BD5FEA545C05D1F0
:100420004000494128BF41F0004130BD14F580042F
:100430003CBF01F5801130BD01F0004545F0FE41A3
:1004400041F470014FF0000030BD7FEA645C1ABFD8
:10045000194610467FEA655C1CBF0B46024650EA0F
:10046000013406BF52EA033591EA030F41F400213B
:1004700030BD00BF90F0000F04BF0021704730B5C1
:100480004FF4806404F132044FF000054FF0000196
:1004900050E700BF90F0000F04BF0021704730B557
:1004A0004FF4806404F1320410F0004548BF40422C
:1004B0004FF000013EE700BF42004FEAE2014FEA81
:1004C00031014FEA02701FBF12F07F4393F07F4F5C
:1004D00081F06051704732F07F4208BF704793F05F
:1004E0007F4F04BF41F40021704730B54FF4607472
:1004F00001F0004521F000411CE700BF50EA010275
:1005000008BF704730B54FF000050AE050EA01021D
:1005100008BF704730B511F0004502D5404261EB8D
:1005200041014FF4806404F132045FEA915C3FF4CE
:10053000D8AE4FF003025FEADC0C18BF03325FEA6B
:10054000DC0C18BF033202EBDC02C2F1200300FA1C
:1005500003FC20FA02F001FA03FE40EA0E0021FA41
:1005600002F11444BDE600BF70B54FF0FF0C4CF42F
:10057000E06C1CEA11541DBF1CEA135594EA0C0FE1
:1005800095EA0C0F00F0DEF82C4481EA030621EA1C
:100590004C5123EA4C5350EA013518BF52EA033557
:1005A00041F4801143F4801338D0A0FB02CE4FF009
:1005B0000005E1FB02E506F00042E0FB03E54FF039
:1005C0000006E1FB03569CF0000F18BF4EF0010E31
:1005D000A4F1FF04B6F5007F64F5407404D25FEA2D
:1005E0004E0E6D4146EB060642EAC62141EA5551E0
:1005F0004FEAC52040EA5E504FEACE2EB4F1FD0C22
:1006000088BFBCF5E06F1ED8BEF1004F08BF5FEA9F
:10061000500E50F1000041EB045170BD06F0004651
:1006200046EA010140EA020081EA0301B4EB5C04FE
:10063000C2BFD4EB0C0541EA045170BD41F48011F6
:100640004FF0000E013C00F3AB8014F1360FDEBF1B
:10065000002001F0004170BDC4F10004203C35DAF7
:100660000C341BDC04F11404C4F1200500FA05F37A
:1006700020FA04F001FA05F240EA020001F000421B
:1006800021F0004110EBD37021FA04F642EB060191
:100690005EEA430E08BF20EAD37070BDC4F10C04BB
:1006A000C4F1200500FA04F320FA05F001FA04F27F
:1006B00040EA020001F0004110EBD37041F100016B
:1006C0005EEA430E08BF20EAD37070BDC4F1200576
:1006D00000FA05F24EEA020E20FA04F301FA05F2DE
:1006E00043EA020321FA04F001F0004121FA04F286
:1006F00020EA020000EBD3705EEA430E08BF20EA56
:10070000D37070BD94F0000F0FD101F0004640008F
:1007100041EB010111F4801F08BF013CF7D041EA11
:10072000060195F0000F18BF704703F00046520015
:1007300043EB030313F4801F08BF013DF7D043EAE6
:100740000603704794EA0C0F0CEA135518BF95EA9C
:100750000C0F0CD050EA410618BF52EA4306D1D123
:1007600081EA030101F000414FF0000070BD50EA42
:10077000410606BF1046194652EA430619D094EACC
:100780000C0F02D150EA013613D195EA0C0F05D1B6
:1007900052EA03361CBF104619460AD181EA03010A
:1007A00001F0004141F0FE4141F470014FF00000C2
:1007B00070BD41F0FE4141F4780170BD70B54FF05D
:1007C000FF0C4CF4E06C1CEA11541DBF1CEA1355DD
:1007D00094EA0C0F95EA0C0F00F0A7F8A4EB0504BF
:1007E00081EA030E52EA03354FEA013100F08880B6
:1007F0004FEA03334FF0805545EA131343EA12637F
:100800004FEA022245EA111545EA10654FEA002633
:100810000EF000419D4208BF964244F1FD0404F5EC
:10082000407402D25B084FEA3202B61A65EB030548
:100830005B084FEA32024FF480104FF4002CB6EB05
:10084000020E75EB030E22BFB61A754640EA0C0085
:100850005B084FEA3202B6EB020E75EB030E22BFC5
:10086000B61A754640EA5C005B084FEA3202B6EB06
:10087000020E75EB030E22BFB61A754640EA9C00C5
:100880005B084FEA3202B6EB020E75EB030E22BF95
:10089000B61A754640EADC0055EA060E18D04FEA53
:1008A000051545EA16754FEA06164FEAC30343EAF3
:1008B00052734FEAC2025FEA1C1CC0D111F4801FC0
:1008C0000BD141EA00014FF000004FF0004CB6E7B9
:1008D00011F4801F04BF01430020B4F1FD0C88BF58
:1008E000BCF5E06F3FF6AFAEB5EB030C04BFB6EB63
:1008F000020C5FEA500C50F1000041EB045170BD56
:100900000EF0004E4EEA113114EB5C04C2BFD4EB82
:100910000C0541EA045170BD41F480114FF0000E06
:10092000013C90E645EA060E8DE60CEA135594EA82
:100930000C0F08BF95EA0C0F3FF43BAF94EA0C0F85
:100940000AD150EA01347FF434AF95EA0C0F7FF4FA
:1009500025AF104619462CE795EA0C0F06D152EA4E
:1009600003353FF4FDAE1046194622E750EA410632
:1009700018BF52EA43067FF4C5AE50EA41047FF443
:100980000DAF52EA43057FF4EBAE12E74FF0FF3CA8
:1009900006E000BF4FF0010C02E000BF4FF0010C79
:1009A0004DF804CD4FEA410C7FEA6C5C4FEA430CF2
:1009B00018BF7FEA6C5C1BD001B050EA410C0CBF41
:1009C00052EA430C91EA030F02BF90EA020F0020A3
:1009D000704710F1000F91EA030F58BF994208BF0A
:1009E00090422CBFD8176FEAE37040F001007047C7
:1009F0004FEA410C7FEA6C5C02D150EA013C07D11E
:100A00004FEA430C7FEA6C5CD6D152EA033CD3D068
:100A10005DF8040B704700BF8446104662468C4662
:100A20001946634600E000BF01B5FFF7B7FF002895
:100A300048BF10F1000F01BD4DF808EDFFF7F4FFBE
:100A40000CBF012000205DF808FB00BF4DF808ED49
:100A5000FFF7EAFF34BF012000205DF808FB00BF6C
:100A60004DF808EDFFF7E0FF94BF012000205DF88E
:100A700008FB00BF4DF808EDFFF7CEFF94BF012043
:100A800000205DF808FB00BF4DF808EDFFF7C4FF3C
:100A900034BF012000205DF808FB00BF4FEA41028F
:100AA00012F5001215D211D56FF47873B3EB6252C0
:100AB00012D94FEAC12343F0004343EA505311F0E7
:100AC000004F23FA02F018BF404270474FF0000079
:100AD000704750EA013005D111F0004008BF6FF0B7
:100AE000004070474FF00000704700BF4FEA4102DE
:100AF000B2F1E04324BFB3F5001CDCF1FE5C0DD97C
:100B000001F0004C4FEAC0024CEA5070B2F1004FC5
:100B100040EB830008BF20F00100704711F0804FC8
:100B200021D113F13872BCBF01F00040704741F48D
:100B300080114FEA5252C2F11802C2F1200C10FA91
:100B40000CF320FA02F018BF40F001004FEAC12375
:100B50004FEAD32303FA0CFC40EA0C0023FA02F319
:100B60004FEA4303CCE77FEA625307D150EA0133EF
:100B70001EBF4FF0FE4040F44000704701F00040BF
:100B800040F0FE4040F40000704700BF53B94AB93E
:100B9000002908BF00281CBF4FF0FF314FF0FF3085
:100BA00000F00CB8ADF1080C6DE904CE0CF094FC2B
:100BB000DDF804E0DDE9022304B07047704700BFB0
:100BC00008B5064B1A783AB9054A1AB10548AFF389
:100BD0000080024B01221A7008BD00BF10020020E5
:100BE00000000000F8D7000808B5034B1BB103490B
:100BF0000348AFF3008008BD00000000140200208D
:100C0000F8D7000800B587B0002300930193029342
:100C10000393049305931848184A02604360836065
:100C2000C360036104224261037643760122C261FC
:100C300080F820308362C36280F83030436380F8EC
:100C4000383003F0BBFF88B90D4B009306230193A6
:100C5000042302937F2203920493002305936946A1
:100C6000054804F0F7F820B907B000BD02F076F8A7
:100C7000EAE702F073F8F7E72C02002000000450C6
:100C80000800900C00B589B00023039304930593EA
:100C9000069307930268114B9A4201D009B000BD38
:100CA0004FF0B043DA6C42F40052DA64DA6C02F4CA
:100CB00000520292029ADA6C42F00402DA64DB6CAF
:100CC00003F004030193019B042303930323049380
:100CD00003A9034804F0D0FCE0E700BF0000045083
:100CE0000008004808B5064B93F88030052B00D16A
:100CF00008BD00F017FC024B002283F88020F7E7C4
:100D00009402002000B583B0044B0093044B019380
:100D10006946044801F08CF903B000BD28000320A7
:100D2000410D0008290D000810B504464068083040
:100D300009F08CFD10B10123237010BD2070FCE779
:100D400008B528B1012806D1032003F0A7FD02E071
:100D5000032003F095FD08BD08B50F4BD3F880259F
:100D6000B2F1FF3F10D0D3F884350C480270C2F3C3
:100D7000072242708370C3F30722C270C3F3074295
:100D800002711B0E437108BD002002F02BF90028F0
:100D9000F9D10348F7E700BF0070FF1F18030020D8
:100DA0008CD9000870B588B00024ADF8184000F068
:100DB00040FFFFF7D1FF02460621204600F0B5FEB6
:100DC0002B4A1021182000F0B0FE2A4A10210820DA
:100DD00000F0ABFE1821012000F0DBFE00F06AFD00
:100DE0000DF11A03019307AB00930DF11E030822C6
:100DF0002146012000F0A2FC1F4B0093082322464D
:100E0000BDF81C10BDF81E0000F02EFE06AB0093CE
:100E100002232246BDF81A10BDF81E0000F024FE81
:100E200002221146204600F025FF144D01262E70A7
:100E3000304600F0F4FB6E7008232B7110226A71AB
:100E40004FF00001E9700E49A960AC700494039161
:100E5000029401920093234632463146204600F028
:100E600004FCAB780BB908B070BD00F0D8FCFAE711
:100E70007CD900086CD9000894D80008940200209E
:100E800007B2010000B589B00A4B83F8800000204A
:100E90000690059004900390029001900090034604
:100EA000A022802100F060FB0349072000F086FCAF
:100EB00009B000BD940200200800002030B591B0B8
:100EC0000DF1040C1E4C0FCCACE80F000FCCACE8BD
:100ED0000F000FCCACE80F0094E80700ACE803006B
:100EE000ACF80020FFF70EFF0121022003F09EFC6A
:100EF000144A0021022003F0C3FD01A803F03EFBC9
:100F0000D8B9FFF74FFF09F089FC0F4C002584F892
:100F100080504FF6FF73E3820C4A2946012003F00C
:100F2000AFFD062000F05EFE00F0D1FE657625766E
:100F30000120FFF7A7FF11B030BD01F00FFFE0E780
:100F400010D800085520000894020020E50C000885
:100F500008B543783E2B1BD0FF2B35D0052B0FD186
:100F60008288294BDB8A9A420CD00120FFF78AFF46
:100F7000264801230370244BDB8A438000F0A6FE41
:100F8000012008BD204B0022DA8283F88020ECE7A4
:100F9000C378012BF4D11C4B93F88030042B0ED076
:100FA000194B052283F88020B0F80530164AD38209
:100FB000164800220270438000F088FEE0E7124BE2
:100FC000062283F88020EFE7B0F8033040F20942B0
:100FD00093420DD040F60E4293420FD040F20242AF
:100FE0009342CDD10A49084BD88A00F07EFBC7E76F
:100FF0000121054BD88A00F034FCC1E7024BD88AA6
:1010000000F06BFDBCE700BF9402002090020020BE
:1010100007B2010008B50021022003F01DFC08BD45
:1010200008B5012003F046FC08BD08B5012003F017
:10103000FBFC08BD00B589B00DF1040CDFF828E019
:10104000BEE80F00ACE80F009EE80700ACE8030024
:101050002CF8022B120C8CF8002009F013FF01A8C9
:1010600003F09AFA09B000BD4CD80008054BCA221B
:101070005A6253225A629A6822F007029A60FF224B
:101080005A627047002800407047000008B50020F1
:1010900001F0A8FF68B181794FF0B042054BC2F86A
:1010A0009C30D2F89C3023F47C5343EA0123C2F8ED
:1010B0009C3008BDFECAFECA08B54FF0B042936826
:1010C00043F40043936003F0A7FB054AD2F8803055
:1010D00023F0070343F00403C2F8803008BD00BFCB
:1010E0000004005800B589B009F0CAFD0E4A00217D
:1010F000042003F0C5FC0D4B00930D4B0193694692
:101100000C4803F0F7FA0C4B02930C4B03930C4B77
:10111000049340F23C53059302A809F081FE09F0C4
:10112000ABFD09B000BD00BF194700081004032043
:1011300089100008A5110008F8010320040303200A
:101140001C05032000B585B0002300930193029392
:10115000039343685B7B1BB1012B1DD005B000BD21
:10116000FFF768FF0F238DF800307F238DF80230E2
:101170000B4A13681B0CADF80C301368C3F30B0358
:10118000ADF80E30684603F015FAFFF797FE002120
:10119000012003F04BFBE1E700230370DEE700BF13
:1011A000002004E04368B3F80B30B3F5124F00D0D1
:1011B000704710B584B00446684603F009FA20462B
:1011C000FFF7C0FF04B010BD08B5034B4FF4004259
:1011D0001A61FFF75BFF08BD00400058034AD2F8D0
:1011E000903043F05003C2F8903070470008005828
:1011F00008B5FFF7F3FFFFF739FF08BD08B5FFF7A4
:10120000F7FFFFF759FF0349002001F029FBFFF723
:1012100069FF08BD4C05002038B5044603F08CFC7E
:101220000546B4F1FF3F09D003F092FC044405E009
:10123000054A136923F00403136130BF03F07CFCFB
:10124000401BA042F4D338BD00ED00E008B54FF0DC
:10125000FF3003F047FB08BD704708B500210420AC
:1012600003F0FAFA08BD08B5022003F023FB08BD1D
:1012700008B5022003F0D8FB08BD0180428043601E
:10128000704700002DE9F04F83B0D0F804A0D1F8EA
:1012900004B0B0F800E0B0F802C074465B4612E05B
:1012A000002143F8041B013A002AF9D14FF07E5285
:1012B00043F8042B013C224603E0002143F8041BC1
:1012C000013A002AF9D114B1AEEB0402ECE7E14691
:1012D000DFED686AD846019093E0F1EE677AF4EEAC
:1012E000C77AF1EE10FA13DC02EB8C02013373457E
:1012F00011D2D2ED007AF5EEC07AF1EE10FAECDD03
:10130000F4EEC77AF1EE10FAEEDDB0EE677AEBE7B5
:10131000B0EE677AE8E7B5EE407AF1EE10FA00F049
:101320009B80F5EEC06AF1EE10FA13DDF0EE667AFE
:10133000B4EE677AF1EE10FA0FD1F5EE406AF1EEF5
:1013400010FA00F08E80009BD3ED006AACEB04062F
:10135000324611E0F1EE667AEAE7AEEB0403013BB8
:1013600000E0013B002BFCD1E7E793ED007AC7EEEC
:10137000267AE3EC017A013A002AF6D160465B4610
:1013800006E093ED007AC7EE267AE3EC017A0138A5
:101390000028F6D175464246534625E003EB860306
:1013A00002EB8C021CE0D3ED007AB1EC017A27EE5F
:1013B000267A77EEC77AE3EC017A013F002FF2D16B
:1013C000674659460AE0D2ED007AB1EC017A27EE81
:1013D000267A77EEC77AE2EC017A013F002FF2D14C
:1013E00003EB8403013D013035B1A042D6D0D3EDEB
:1013F000006A37460099E1E70AF1040A09F1FF396A
:101400000134B9F1000F0CD00CFB04F30AEB83029A
:10141000009208EB830BD2ED006A23469FED157A0C
:1014200065E70198F5EE406AF1EE10FA1CD14168CB
:101430000CFB0EF34B450BD901EB8902D2ED007A80
:10144000F5EE407AF1EE10FA02D109F10109EFE769
:101450004B450BD0002001E06FF0040003B0BDE865
:10146000F08F6FF00400F9E70020F7E76FF0040059
:10147000F4E700BF000000002DE9F047034688466E
:10148000D0F804C04D68D2F804904888B3F802E060
:101490001F8800261FE0F3EC017AD2ED006A67EEA8
:1014A000A67A37EE277A02EB800201390029F2D1C1
:1014B0005346A3EC017A013C021B05EB82022CB1DE
:1014C0009A46714663469FED087AEFE706440CEBB7
:1014D0008E0C013F05D009EB860AD8F8042004469B
:1014E000EFE72046BDE8F0870000000070B54368D4
:1014F0004E68B0F800C0458864464FF0000E0BE01F
:1015000053F8040B086001EB8C01013A002AF7D173
:101510000EF1010E013C03D006EB8E012A46F5E7E1
:10152000104670BD30B589B000248DF8074002AD7B
:1015300018222146284601F051FD3F23ADF808301E
:101540008123ADF80A300DF10703069301230793B9
:101550002146284600F0BCFDA04203DB9DF80700B1
:1015600009B030BDFF20FBE72DE9F04FCBB09C4622
:101570009DF854619DF85C5106F1080A04AC04EB37
:101580000A0B77190937E31901930DF10F094FF091
:1015900000088DF80F808DF81000ADF81110ADF82F
:1015A00013208DF815C09DF850318DF816308DF848
:1015B00017603246569906A801F00CFD04F80A504F
:1015C00009362A4658990BF1010001F003FD354414
:1015D000BDF86431E353BDF86831019A5380043596
:1015E00044AE18224146304601F0F8FC3F23ADF8E6
:1015F00010318323ADF8123146944795CDF82091F0
:10160000012349934146304600F062FD404504DB2A
:1016100099F800004BB0BDE8F08FFF20FAE7F0B575
:10162000C9B00DF1070600248DF8074002AF8DF810
:10163000080042AD18222146284601F0CFFC3F2386
:10164000ADF808318523ADF80A314497012345935D
:10165000469647932146284600F03AFDA04202DB19
:10166000307849B0F0BDFF20FBE7F0B5C9B00DF10F
:10167000070700258DF8075002AC8DF808008DF89B
:1016800009108DF80A208DF80B309DF838318DF84F
:101690000C309DF83C318DF80D309DF840318DF8BF
:1016A0000E30519BCDF80F309DF848318DF8133036
:1016B00042AE18222946304601F090FC3F23ADF897
:1016C00008318623ADF80A3144940C23459346979C
:1016D000012347932946304600F0FAFCA84202DB7A
:1016E000387849B0F0BDFF20FBE7F0B5C9B00DF187
:1016F000070700248DF8074002ADADF80800CDF8CB
:101700000A1042AE18222146304601F067FC3F2302
:10171000ADF808318823ADF80A3144950623459386
:101720004697012347932146304600F0D1FCA04262
:1017300002DB387849B0F0BDFF20FBE72DE9F0432C
:10174000C9B080460F4615469946072200216846D3
:1017500001F044FC02AC8DF808808DF809708DF81A
:101760000A5042AD18220021284601F037FC3F23E1
:10177000ADF808318A23ADF80A3144940323459328
:10178000CDF818D1072347930021284600F0A0FC8C
:10179000002811DB9DF8000058B9BDF80120A9F818
:1017A0000020BDF80310509A1180BDF80520519B10
:1017B0001A8049B0BDE8F083FF20FAE72DE9F04137
:1017C000C8B004460DF1070700258DF807500DF14C
:1017D00008088DF8080002460DF1090001F0FAFB37
:1017E000013442AE18222946304601F0F7FB3F2370
:1017F000ADF808318E23ADF80A31CDF8108145944B
:101800004697012347932946304600F061FCA842E1
:1018100003DB387848B0BDE8F081FF20FAE730B547
:1018200089B000248DF8074002AD182221462846D1
:1018300001F0D4FB3F23ADF808309223ADF80A3015
:101840000DF107030693012307932146284600F074
:101850003FFCA04203DB9DF8070009B030BDFF202C
:10186000FBE7F0B5C9B00DF1070700248DF807407C
:1018700002ADADF808008DF80A1042AE18222146DC
:10188000304601F0ABFB3F23ADF80831A523ADF89E
:101890000A314495032345934697012347932146F4
:1018A000304600F015FCA04202DB387849B0F0BDAC
:1018B000FF20FBE730B589B000248DF8074002AD6A
:1018C00018222146284601F089FB3F23ADF8083055
:1018D00040F20113ADF80A300DF10703069301231E
:1018E00007932146284600F0F3FBA04203DB9DF856
:1018F000070009B030BDFF20FBE72DE9F043C9B078
:1019000004460F4690469946012813D002280FD06E
:10191000012502AE35440322002101A801F05EFB3F
:101920008DF80840012C07D0022C36D1102404E099
:101930001125EEE70325ECE70224224639460DF196
:10194000090001F047FB85F8008085F80190033419
:1019500042AD18220021284601F040FB3F23ADF89C
:1019600008314FF48173ADF80A3102AB44934594CA
:1019700001AB4693032347930021284600F0A8FBC0
:1019800000280CDB01AB9DF8040018B9B3F8012066
:10199000509B1A8049B0BDE8F0839720FAE7FF20FA
:1019A000F8E72DE9F043C9B007460C469046994642
:1019B000012915D0022911D0032502AE3544032296
:1019C000002101A801F00AFBADF808708DF80A406B
:1019D000012C07D0022C43D1102404E01325ECE79E
:1019E0000525EAE70224224641460DF10B0001F0ED
:1019F000F1FA4B462B809DF84031AB709DF8443195
:101A0000EB709DF848312B719DF84C316B719DF84E
:101A10005031AB710A3442AD18220021284601F042
:101A2000DDFA3F23ADF808314FF48273ADF80A3187
:101A300002AB4493459401AB4693032347930021A3
:101A4000284600F045FB00280CDB01AB9DF80400A4
:101A500018B9B3F80120559B1A8049B0BDE8F0834E
:101A60009720FAE7FF20F8E72DE9F041C8B01C46BF
:101A70000DF1070800268DF8076002ADADF80800EB
:101A8000ADF80A108DF80C208DF80D301A464E99DD
:101A90000DF10E0001F09EFA063442AF18223146D5
:101AA000384601F09BFA3F23ADF808314FF48373B9
:101AB000ADF80A3144954594CDF818810123479338
:101AC0003146384600F004FBB04204DB98F80000D1
:101AD00048B0BDE8F081FF20FAE7F0B5C9B00DF1DC
:101AE000070600248DF8074002AFADF8080042ADAC
:101AF00018222146284601F071FA3F23ADF808313B
:101B000040F22513ADF80A314497022345934696D7
:101B1000012347932146284600F0DAFAA04202DB6F
:101B2000307849B0F0BDFF20FBE72DE9F041C8B0A7
:101B30000C4611460DF1070800258DF8075002AE3E
:101B40008DF808008DF8094022460DF10A0001F0D9
:101B500041FA023442AF18222946384601F03EFAD3
:101B60003F23ADF808310C23ADF80A314496459473
:101B7000CDF81881012347932946384600F0A8FA8A
:101B8000A84204DB98F8000048B0BDE8F081FF20CF
:101B9000FAE7F0B5C9B00DF1070700248DF807404A
:101BA00002AD8DF808008DF8091042AE18222146CA
:101BB000304601F013FA3F23ADF808310F23ADF89A
:101BC0000A314495022345934697012347932146C2
:101BD000304600F07DFAA04202DB387849B0F0BD13
:101BE000FF20FBE7F0B5C9B00DF1070600248DF822
:101BF000074002AFADF8080042AD18222146284642
:101C000001F0ECF93F23ADF808311823ADF80A31A3
:101C1000449702234593469601234793214628463D
:101C200000F056FAA04202DB307849B0F0BDFF2048
:101C3000FBE730B589B000248DF8074002AD1822CB
:101C40002146284601F0CAF90323ADF80830ADF863
:101C50000A300DF107030693012307932146284616
:101C600000F036FAA04203DB9DF8070009B030BD52
:101C7000FF20FBE7F0B5C9B00DF1070700258DF88F
:101C8000075002AC8DF808008DF809108DF80A2075
:101C900042AE18222946304601F0A0F90823ADF8DB
:101CA00008313123ADF80A31449403234593469714
:101CB000012347932946304600F00AFAA84202DB86
:101CC000387849B0F0BDFF20FBE770477047704798
:101CD0004378FF2B01D000207047B0F8033040F666
:101CE0001342934210D040F61B42934215D040F667
:101CF0000142934220D1B0F80720124B5B88013398
:101D00009A421BD000207047B0F807200D4B5B882B
:101D100001339A4214D00020704700B587B00123E8
:101D20008DF80430B0F80530ADF8143001A8FFF795
:101D3000CCFF002007B000BD002070470120704795
:101D4000012070472003002030B58BB03B4808F0DD
:101D500073FD8F238DF81830E5238DF81930B323E8
:101D60008DF81A30D5238DF81B302E238DF81C30BA
:101D70007F238DF81D304A238DF81E3098238DF86F
:101D80001F302A238DF8203048238DF821307A2304
:101D90008DF82230CC238DF8233000248DF8244098
:101DA0008DF825408DF826408DF8274006AD244B50
:101DB00000930323012229460220FFF79EFD1923E9
:101DC0008DF81830ED238DF8193082228DF81A2005
:101DD000AE228DF81B208DF81C3021238DF81D308C
:101DE0004C238DF81E309D238DF81F3041238DF834
:101DF000203045238DF8213022238DF822308E2388
:101E00008DF823308DF824408DF825408DF826403C
:101E10008DF827400A4B33F8020B059304941023E6
:101E2000039307230293019408230093054B1B8817
:101E30002A460221FFF7B5FD0BB030BDD11C0008CA
:101E400020030020100000202DE9F0438BB005ADE9
:101E50000024059406940794089409944FF0B04325
:101E6000DA6C42F00402DA64DA6C02F004020492E2
:101E7000049ADA6C42F08002DA64DA6C02F08002D2
:101E80000392039ADA6C42F00202DA64DA6C02F02E
:101E900002020292029ADA6C42F00102DA64DA6C0F
:101EA00002F001020192019ADA6C42F00802DA644F
:101EB000DB6C03F008030093009B22464CF2010107
:101EC0004FF0904003F0B2FC2E4F22464FF4A05149
:101ED000384603F0ABFCDFF8B490224603214846B5
:101EE00003F0A4FCDFF8A88022463821404603F026
:101EF0009DFC4FF4005305930694079429463846F9
:101F000003F0BAFB082305930694079429461E485C
:101F100003F0B2FB4CF201030593012606960794E9
:101F2000089429464FF0904003F0A6FB0623059342
:101F30000223069307940894099629464FF090408F
:101F400003F09AFB4FF4A053059306960794089468
:101F50002946384603F090FB032305930696079421
:101F600008942946484603F087FB382305930696D4
:101F7000079408942946404603F07EFB0BB0BDE869
:101F8000F08300BF00080048001C0048000C004817
:101F90000004004808B520B9054B1B6803B19847F9
:101FA00008BD034B1B68002BFAD001209847F7E7C8
:101FB0002803002010B584B004460A4808F0B8FB96
:101FC000094B1C60094808F0B3FB094B01221A7049
:101FD000084B1B6823B10294074A00926846984751
:101FE00004B010BD2C030020C8010020CC0100204B
:101FF000C4010020340300207D21000808B50B46F1
:102000001146094AD2F800C0ACF809008CF80B3030
:102010001A460CF10C000AF0FFFB044B1B6900216F
:102020000846984708BD00BFC801002034030020BF
:1020300010B50C464A68054B1A60054BD861184626
:1020400000F0B6F82068FFF7B5FF10BD28030020A8
:102050003403002000B585B01A4808F06CFB10B9B5
:10206000194B1B7843B9174808F065FB10B9164B9C
:102070001B781BBB05B000BD03A9124808F08BFB01
:10208000124BDB698BB1039A029201228DF8042076
:1020900001A898479DF804200B4B1A700A4B1B7837
:1020A0003BB1039808F0E0FEDDE7074B01221A7010
:1020B000F4E70399034808F04AFBD4E70148FEF728
:1020C000A9FFD7E7CC010020C40100203403002081
:1020D000F0B583B007460020FFF75CFF7D883B88A2
:1020E000C5F3090545EA8325ADB2224B01221A70DA
:1020F000BA68397B2846FFF781FF0026002E33D1CE
:1021000048F2E800FEF791FF05E0B4F80D30AB426D
:1021100016D0237B33BB184808F00DFB0028EDD107
:1021200001A9154808F037FB019C637A0F2BECD00E
:10213000A389AB4208D0E37A002BECD00126EAE772
:102140003B69E27A1A70E4E7A27A033AD2B27B6979
:102150009A42A8BF1A467A6104F10E0138690AF062
:102160005BFBE8E70126D6E70120FFF713FF00201D
:1021700003B0F0BD240300202C03002008B5014665
:10218000437A0E3BDBB2012B06D9074808F0EBFA85
:102190000548FEF73FFF08BD044808F0E4FA0020B8
:1021A000FEF73EFFF7E700BFCC0100202C03002024
:1021B000024B0360024B0361704700BFE1AC0008B3
:1021C00029AD000810B5EFF3108272B6064C6368B3
:1021D00043F40023636082F31088044B1B68984724
:1021E0004FF40023A36010BD000C005854030020DE
:1021F00082B04FF0B043D3F8502142F48012C3F8BC
:102200005021D3F8503103F480130193019B0A4B02
:102210001A6A42F400721A62D3F8D42042F40072AF
:10222000C3F8D42040BF20BF044AD36843F400431E
:10223000D36002B0704700BF000800580004005887
:1022400000B583B04FF0B0431A6D42F480121A65A6
:102250001B6D03F480130193019B084B1A6842F035
:1022600001021A601A6842F480321A602C2003F0CE
:10227000CBF92D2003F0C8F903B000BD000C0058C5
:10228000EFF3108172B6044A536823F001035360E0
:1022900081F31088704700BF000C0058024B4FF4C8
:1022A00080329A60704700BF000C005808B5EFF309
:1022B000108172B6044A536843F40013536081F3EB
:1022C000108808F055FD08BD000C005808B508F04E
:1022D00039FD024B01229A6008BD00BF000C005876
:1022E000EFF3108172B6044A536823F0020353607F
:1022F00081F31088704700BF000C0058064B4FF464
:1023000000329A60EFF3108172B65A6822F40032FC
:102310005A6081F310887047000C005808B5EFF33D
:10232000108172B6044A536843F40033536081F35A
:10233000108808F051FD08BD000C005808B5144B7A
:10234000DB6813F0020F04D1114B5B6813F4003FFC
:1023500014D00F4BDB6813F0080F04D10C4B5B68F3
:1023600013F4002F0DD00A4BDB6813F0200F04D1BB
:10237000074B5B6813F4001F06D008BDFFF7CEFFC4
:10238000FBE7FFF71FFFF8E7FFF790FFF5E700BF58
:10239000000C005808B508F02DFD024B02229A608F
:1023A00008BD00BF000C005808B50C4BDB6813F0EB
:1023B000080F05D18047094B4FF400229A6008BDF1
:1023C000074B1860EFF3108172B6044A536823F488
:1023D0000023536081F31088F1E700BF000C005820
:1023E00054030020EFF3108172B6044A536823F0BF
:1023F0000803536081F31088704700BF000C005839
:1024000008B508F051FD024B08229A6008BD00BFD4
:10241000000C005808B5144BDB6913F0020F0AD109
:10242000114BDB6913F0010F0DD10F4BDB6913F07A
:10243000080F10D108BD0C4B5B6813F0020FEFD1F1
:10244000FFF7A8FFF6E7084B5B6813F0010FECD12C
:10245000FFF73CFFEEE7044B5B6813F0080FE9D190
:10246000FFF7CEFFE6E700BF000C0058064A936A6C
:102470009BB2906A80B203E0034B9A6A034690B223
:102480008342F9D1704700BF0028004001EB4102B0
:102490000F4B03EBC2035B7D5FFA83FC062B05D079
:1024A0000CEB4C020A4B03EBC2031875084B00EB14
:1024B000400203EBC20282F815C000EB400203EBBE
:1024C000C202117501EB410103EBC103587570475E
:1024D00068030020164B1B788B421DD0154B01EB77
:1024E000410203EBC202127D5FFA82FC02EB420260
:1024F00003EBC202507500EB400203EBC2025175C0
:1025000000EB400203EBC20282F814C001EB410170
:1025100003EBC10318757047064B00EB400203EB59
:10252000C202517501EB410103EBC10318757047FD
:10253000650300206803002010B50C46214B1B7872
:1025400083422AD0204A00EB400302EBC30393F8F6
:1025500014C0597D5FFA81FE5B7DDBB20CEB4C0C45
:1025600002EBCC02537506290BD0174B00EB40024F
:1025700003EBC202127DD2B20EEB4E0E03EBCE0382
:102580001A7500EB4000104B03EBC00301221A73D5
:102590000C4B1B78062B0ED010BD0A490B78DBB212
:1025A0000A4A137000EB4002074B03EBC2035B7D4A
:1025B000DBB20B70E5E7002CEED1054B4FF0FF329C
:1025C0001A60E9E765030020680300206403002027
:1025D0006003002008B5104B1B68B3F1FF3F02D128
:1025E000002080B208BDFFF741FF0B4B1B68834200
:1025F0000AD3094B1B681B1A084A107803FB00F02A
:10260000074B1B78D840ECE7064B1A88121A024B8E
:102610001B681344F0E700BF600300205C03002048
:102620005D0300205A03002070B50446314B1B782F
:10263000062B14D12F4A1378DBB22F490B70107080
:1026400000EB40042D4B03EBC404062363752C4BB5
:102650004FF0FF321A6000231E46304670BDFFF770
:10266000B9FF0646254B04EB440203EBC202916816
:102670000144916004EB440203EBC20290681D4ADE
:10268000127802EB420203EBC2039B68834225D817
:10269000184B1B78D9B203EB4303184A02EBC30370
:1026A0005B7DDBB20CE0154A01EB410102EBC1019D
:1026B0004B7DD9B203EB430302EBC302537DDBB284
:1026C000062B07D003EB43030C4A02EBC3039B68C2
:1026D0008342E8D92046FFF7D9FEBEE7054D2978A9
:1026E0002046FFF7F7FE2B78DBB2034A13702C70FD
:1026F000B3E700BF650300206403002068030020E7
:102700006003002010B548B3044601282ED9013CCF
:10271000A4B2194B1B68DA6812F0040FF9D0DA681A
:10272000D2B262F49062DA60144B4FF40022DA60A5
:10273000032002F093FF124A53696FF30F031C4307
:102740005461FFF793FE0F4B18600B4B1A689368A8
:1027500043F480639360AFF3008010BDFFF786FE03
:10276000084B1860032002F06BFFF6E7064B1B785E
:10277000012BCCD1CDE700BF4C050020000800584C
:1027800000280040600300205D03002038B52E4B78
:102790009B6813F4806F05D02C4B1B68DB6813F02B
:1027A000040FF9D1294B1A68936823F4806393606E
:1027B000274B1B78DCB203EB4303264A02EBC3032F
:1027C0009D68FFF707FF8446A84204D9224B0122E7
:1027D0001A70002024E0214B1B8810FA83F3AB42CF
:1027E00006D21E4B188880B21B4B00221A7017E0CD
:1027F000A8B2A0EB0C0080B2174B01221A700FE0B8
:1028000004EB4404134A02EBC404A268A2EB0C02DA
:10281000A26003EB43030F4A02EBC3035C7DE4B207
:10282000062C0ED0234604EB44010A4A02EBC102F7
:1028300092689445E4D9074A02EBC1040022A260E1
:10284000E7E7FFF75FFF38BD002800404C05002098
:1028500065030020680300205E0300205803002069
:1028600010B5494B1B68CA225A6253225A62474B21
:102870009A6842F020029A609A6802F00702C2F158
:102880000402D2B242490A701B6903F4FE034FF4FA
:10289000FE0191FAA1F1002933D0B1FA81F1CB40C8
:1028A000DBB20133DBB23B490B7038490969C1F334
:1028B0000E010131DFF8F8C0ACF80010013901FB5E
:1028C00003F3A3F5A073D3404FF6FE7293421AD9D7
:1028D000314B4FF6FF721A80304B1A6842F40022D7
:1028E0001A60D3F8802042F40022C3F88020002828
:1028F0003FD12B4B01221A702A4B4FF0FF321A6046
:102900000EE02021CBE79BB2234A1380E4E700EBE3
:102910004002254B03EBC20300221A730130C0B200
:102920000528F4D9214B06221A70174C22689368A7
:1029300023F480639360D368DBB263F49063D36065
:10294000164B4FF40022DA60032002F087FE226863
:10295000936843F4804393600B4B1B68FF225A62D9
:1029600000220321084602F03FFE032002F04CFE45
:1029700010BD054B1B68DB6813F4806FECD003209F
:1029800002F05EFEE8E700BF4C0500200028004092
:102990005D0300205C03002058030020000800585D
:1029A0005E03002060030020680300206503002010
:1029B0005A03002038B50446EFF310831D4672B663
:1029C000032002F025FE254B1B68CA225A625322BF
:1029D0005A6204EB4402224B03EBC2031B7B022B23
:1029E00009D01E4B1B68FF225A62032002F00CFE26
:1029F00085F3108838BD00212046FFF79DFD194B57
:102A00001B78DAB2062B06D0174B1B789342E8D01E
:102A1000FFF7BCFEE5E7154B9B6813F4806F05D00C
:102A20000E4B1B68DB6813F0040FF9D10B4B1A68CF
:102A3000936823F480639360D36813F0040FFBD092
:102A4000D368DBB263F49063D360094B4FF4002288
:102A5000DA60032002F002FEC3E700BF4C0500204D
:102A60006803002065030020640300200028004064
:102A70000008005870B504460D4600EB4002204B9C
:102A800003EBC2031B7B022B34D0EFF310831E46F3
:102A900072B6032002F0BCFD1A4B1B68CA225A62B0
:102AA00053225A6204EB4402154B03EBC203022289
:102AB0001A739D605D602046FFF7B6FD124B1B78D0
:102AC000124A12789A4218D10D4B04EB440203EBE0
:102AD000C2029268121A04EB440403EBC4039A6026
:102AE000084B1B68FF225A62032002F08DFD86F31B
:102AF000108870BDFFF75EFFC7E7FFF747FEEFE7FF
:102B0000680300204C0500206503002064030020BA
:102B100008B5904708BD0000F8B5EFF310831D46D7
:102B200072B6354B1B68CA225A6253225A629A689F
:102B300022F480629A60314A1278D4B202EB4202E7
:102B40002F4901EBC202127B022A13D0DA6812F07D
:102B5000040FFBD0DA68D2B262F49062DA60294BDB
:102B60004FF40022DA6085F31088234B1B68FF22A4
:102B70005A62F8BD0A4604EB4403D90002EBC303D2
:102B8000525816461B691F461F4B1B7873B304EB44
:102B900044021B4B03EBC2035B7B012B10D085F37C
:102BA00010882046FFF706FF134B1B68CA225A62A3
:102BB00053225A62324621463846FFF7A9FFD4E72E
:102BC00001212046FFF7B8FC85F3108804EB44028E
:102BD0000B4B03EBC20359682046FFF74BFF064B34
:102BE0001B68CA225A6253225A62E3E7FFF7CEFDFE
:102BF00085F31088B9E700BF4C050020650300206D
:102C000068030020000800585E03002008B5124841
:102C1000124B0360124B4360002383600122C260A9
:102C2000036143618361C361036202F013FE50B923
:102C30000021094802F072FE40B90021064802F066
:102C40009AFE30B908BD00F089F8F1E700F086F887
:102C5000F3E700F083F8F5E7F803002000540040A4
:102C6000B57DB11010B59CB00446002117911891A4
:102C700019911A911B91502203A809F089FD22682D
:102C8000194B9A4201D01CB010BD042303934FF49A
:102C900040330B9303A804F0BCFD10BB4FF0B044CD
:102CA000E36C43F00203E364E36C03F0020302937A
:102CB000029B4FF440731793122318930023199328
:102CC0001A9304231B9317A9084802F0D5FCA36D9F
:102CD00043F40013A365A36D03F400130193019B58
:102CE000D1E700F03BF8D9E7005400400004004869
:102CF00008B50548054B036002F086FE00B908BD23
:102D000000F02CF8FBE700BF4C040020000C00583A
:102D10000268114B9A4200D0704700B583B04FF063
:102D2000B0431A6D42F480121A651B6D03F48013D0
:102D30000193019B002211462C2002F055FC2C200F
:102D400002F062FC002211462D2002F04DFC2D20E5
:102D500002F05AFC03B000BD000C005872B6FEE74A
:102D600030B59BB008AD48220021284609F010FD7F
:102D70000024019402940394049405940694079407
:102D800003F06EFE4FF0B042D2F8903023F01803FB
:102D900043F01003C2F8903002F58062136823F408
:102DA000C06343F400731360136803F4C0630093BB
:102DB000009B2F2308934FF48033099301230A9338
:102DC0004FF480720B920F9340220C921094602269
:102DD000119205220D92022213921493159420232E
:102DE00016934FF4003317934FF0005319934FF09D
:102DF00000731893284603F043FF88B96F230193AB
:102E0000032102910390049005908022069207907E
:102E100001A804F0C3FA28B904F07DFE1BB030BD50
:102E2000FFF79CFFFFF79AFF10B594B050220021E6
:102E3000684609F0ADFC4FF45453009318230193F6
:102E40004FF4003302934FF0007303934FF000539D
:102E500004934FF0885305934FF080630D934FF028
:102E600080530F934FF440431193102313936846FC
:102E700004F0CFFC20B9034BD3F8943014B010BD4C
:102E8000FFF76CFF0014005870B596B001F030FEEB
:102E9000FEF79AF9FFF764FFFFF7C6FFFFF728FF79
:102EA000FEF7D2FFFDF7AEFE414C7F21204602F037
:102EB000E3FAFFF7ABFE07F0E1FD07F067FE08F06D
:102EC00007F801F0FDFA08F08FF801F0F7FA08F0C2
:102ED0008BF84FF47A70FEF79FF90D21354808F012
:102EE0004FFB0F21344808F04BFB00F0E9F80020BD
:102EF00000F02CFA4FF47A70FEF78EF92F4B1B6816
:102F000032221A6314212E4808F03AFB4FF47A70EB
:102F1000FEF782F914212B4808F032FB00230093BE
:102F200001930293039304930593274B0093062385
:102F3000019302937F23039304230493694620465D
:102F400001F088FF204602F011FA4FF0FF312046D1
:102F500001F022FF204601F079FF06461B4B00934B
:102F60006946204601F076FF204602F0FFF94FF057
:102F7000FF31204601F010FF204601F067FF06AC4C
:102F800083B2B2B21249204609F0E0FB2046FDF7B9
:102F9000D7F881B2204608F0F3FA4FF4FA70FEF742
:102FA0003BF9FEF72BF9FEF751F900F0D5F9FAE7F6
:102FB0002C020020A0D80008B0D800084407002048
:102FC000C0D80008D8D80008010000800800900C84
:102FD000F0D8000808B509F01FFC08BD08B509F0D5
:102FE000D7FB08BD01460748C3798B4204D0064A87
:102FF000904201D00838F7E78B4200D1704700209B
:10300000FCE700BFF873FF1F0070FF1F2DE9F041C0
:103010008EB080460F4615461E463BB11C23012D3F
:1030200006DD9A1EAA4204DCDD1E02E01223F6E74A
:103030000225002417E0A81E3146204400F0A0F924
:10304000394686F0010000F0ADFB07EE900AF8EE7D
:10305000677A9FED1A7A77EEC77A0EAB03EB84039B
:1030600043ED057A0134042CE5DD01AC202200217A
:10307000204609F08DFB05238DF804304FF0814385
:10308000039309AB0493204601F09AF907EE905A96
:10309000F8EEE77A77EE807AB0EE007A77EEC77ACC
:1030A000059B2B44023BC8F80030C8ED017A88F834
:1030B000086040460EB0BDE8F08100BF0000C84285
:1030C00008B50121002000F05BF900F0F5FA01F0ED
:1030D0009FF80321014801F035F908BDC404002020
:1030E000F0B52DED028B8DB0734E744F0123326815
:1030F00039786846FFF78AFF9DE8070086E80700F1
:103100006F4D00232A6839786846FFF77FFF9DE8F6
:10311000070085E80700D6ED017AB0EE678AD5EDA5
:10312000017AF0EE678A0024254600E00134072C7E
:1031300011DC0121604B186800F022F9E1B2002097
:1031400000F030FB5F4B23F81400A842EED95B4B34
:103150001C600546EAE7962D40F2A78000F08CFB44
:103160000F21594808F00CFA544C236803F100432E
:10317000023B05A9534800EB430001F0BBF8DDED2D
:10318000077A77EEA77ADDED066A86EEA77AD4EDA8
:10319000007AF8EEE77A77EEC77AB2EE067A77EE43
:1031A000677A17EE900AFDF787F941EC100B09F0EA
:1031B000D7FE51EC100BFDF799FC00EE100ADFED85
:1031C000437AB4EEE70AF1EE10FA67D4404B1B786D
:1031D00033B93F4B01221A703E4B1A683E4B1A60BE
:1031E000B0EE482ADFED3D1A9FED3D1AF2EE050ADA
:1031F000B6EE000A00F0E0FF10EE100AFDF75CF9F1
:1032000041EC100B09F008FF51EC100BFDF746FCE8
:103210000446B0EE682ADFED321A9FED321AF1EE65
:103220000E0AB6EE000A00F0C7FF10EE100AFDF716
:1032300043F941EC100B09F0EFFE51EC100BFDF7D8
:103240002DFC0146234B93ED007A234BD3ED007AFE
:1032500037EE677ADFED246AC7EE267A67EEA77A43
:10326000B0EE677ABEEECA7A17EE103AB3F5805F19
:1032700001DB40F6FF7308A80022089242608260DA
:10328000C260ADF82040ADF822109B00ADF82A30A6
:1032900000F0F4FA0DB0BDEC028BF0BD134801F064
:1032A0006AF80C4B83ED000A90E7094B00221A7074
:1032B00000F0E3FAEEE700BF9404002014000020C1
:1032C00088040020A804002004D900080000FA4463
:1032D000A4040020BC040020A00400200000FA4642
:1032E0000000000000409C46CD4C6BC4C40400208C
:1032F00010B5002408E00121204600F041F800212B
:10330000084600F04FFA01341B2CF4D9002301E0E9
:1033100000BF01334CF24F329342F9DD10BD10B5BE
:10332000002408E00021204600F02AF800210120B6
:1033300000F038FA0134112CF4D9002301E000BF69
:1033400001334CF24F329342F9DD10BD014B18703E
:10335000704700BFC004002008B5084B1B78012B44
:1033600005D0022B06D00BB9FFF7BAFE08BDFFF758
:10337000BFFFFBE7FFF7D3FFF8E700BFC004002063
:1033800010B582B0002306E003F108026A4401246C
:1033900002F8084C2344052BF6D9002900F0D5800B
:1033A0001B2800F280810E2800F09E8036DC072862
:1033B00000F0828019DC03286FD00ADC012862D07B
:1033C000022865D0002840F06E818DF800000124AD
:1033D00011E1052866D0062869D0042840F06381F1
:1033E00000238DF80030072405E10B2872D00BDC98
:1033F000092865D00A2868D0082840F054810023A5
:103400008DF801300124F6E00C2868D00D2840F03A
:103410004A8100238DF801300524ECE015287CD08A
:103420000FDD192800F0878023DC17287AD01828B0
:103430007CD0162840F0378100238DF80330032418
:10344000D9E012285FD00ADC102852D0112855D0BC
:103450000F2840F0288100248DF80240CBE013288B
:1034600056D0142840F01F8100238DF80230072425
:10347000C1E01A2864D01B2840F0158100238DF884
:1034800003300624B7E000238DF800300224B2E0B8
:1034900000238DF800300424ADE000238DF80030C7
:1034A0000624A8E000238DF800300524A3E00023C3
:1034B0008DF8013003249EE000248DF801409AE04D
:1034C00000238DF80130022495E000238DF80130AF
:1034D000042490E000238DF8013006248BE00023C3
:1034E0008DF80130072486E000238DF80230032494
:1034F00081E000238DF8023001247CE000238DF868
:103500000230022477E000238DF80230042472E0B8
:1035100000238DF8023006246DE000238DF8023080
:10352000052468E000248DF8034064E000238DF852
:10353000033001245FE000238DF8033002245AE0B9
:1035400000238DF80330042455E0112800F2AB80ED
:1035500009287CD02BDC04286AD013DC022862D036
:1035600008DC002844D0012840F09D8000248DF81C
:10357000044040E0032840F0968000238DF804309A
:10358000022438E007285DD009DC052855D006283C
:1035900040F0898000238DF8043007242BE00828B0
:1035A00040F0818000238DF80530032423E00E28AD
:1035B0005BD012DC0C2853D008DC0A284BD00B2837
:1035C00071D100238DF80530022414E00D286AD152
:1035D00000238DF8053006240DE010284AD011286C
:1035E0004DD00F285FD100238DF80530052402E06F
:1035F0008DF80400032404F001024FF480612B488D
:1036000002F014F9C4F340024FF400414FF090402F
:1036100002F00CF9A2084FF480414FF0904002F004
:1036200005F900243DE000238DF804300124E2E791
:1036300000238DF804300424DDE700238DF80430E6
:103640000624D8E700238DF804300524D3E70024AE
:103650008DF80540CFE700238DF805300124CAE737
:1036600000238DF805300424C5E700238DF80530CC
:103670000724C0E700238DF800300324BBE70024B3
:103680008DF80040B7E704F108036B4413F8082CE9
:10369000074B33F81410074B53F8240002F0C6F818
:1036A0000134052CEFD902B010BD00BF000800485E
:1036B000180000202400002030B587B001A90024A4
:1036C00001944C608C60CC600C610625019501234F
:1036D00002934FF0904001F0CFFF224629464FF071
:1036E000904002F0A3F8144D2B68FF22DA6280228A
:1036F0005A63DA632146284604F09EFF08212846D3
:1037000004F09AFF2146284605F032F808212846A1
:1037100005F02EF8094D2146284605F029F8084BFA
:10372000084A1A602B687C22DA623E225A633C22E5
:103730001A6307B030BD00BF900700204407002087
:103740003C0700200077FB4830B585B000241DE021
:10375000124D284601F00AFE4FF0FF31284601F0D5
:103760001BFB284601F072FB04AB03EB440323F878
:10377000080C82B20A49684608F0E8FF6846FCF780
:10378000DFFC81B2684607F0FBFE0134022CDFD972
:10379000032102A800F01DFD05B030BD2C02002061
:1037A00014D9000838B5044672B6304B1B6953F87B
:1037B0002130984794B9234601E000BF0133B12B73
:1037C000FBDD002201214FF0904002F02FF8002392
:1037D00008E000BF01332B2BFBDDF2E70023FAE703
:1037E00000BF013340F6AD029342F9DDFFF7ACFFB5
:1037F0000546012211464FF0904002F017F80023D1
:1038000001E000BF01332B2BFBDD002201214FF033
:10381000904002F00BF8002301E000BF0133582B69
:10382000FBDD134C204601F0A1FD4FF0FF31204697
:1038300001F0B2FA204601F009FB044662B601220B
:1038400011464FF0904001F0F1FFA3B2EB1A07EEE2
:10385000903AF8EEE77A9FED077A77EE877AFCEEFA
:10386000E77A17EE903A98B238BD00BF3C000020CE
:103870002C0200200000C8427047704730B58BB062
:10388000044609210C4807F07BFEB4F90A3002AD6A
:103890000093B4F90230B4F900200849284608F032
:1038A00055FF2846FCF74CFC81B2284607F068FE1D
:1038B00001200BB030BD00BF18D9000824D9000882
:1038C0004F4A136843F4805313604E4B188900230A
:1038D0008CE04B4A4021916100BF00BF00BF00BF98
:1038E00000BF00BF00BF00BF00BF00BF00BF00BFE0
:1038F00000BF00BF00BF00BF00BF00BF00BF00BFD0
:1039000000BF00BF00BF00BF00BF00BF00BF00BFBF
:1039100000BF00BF00BF00BF00BF00BF00BF00BFAF
:1039200000BF00BF00BF00BF00BF00BF00BF00BF9F
:1039300000BF00BF00BF00BF00BF00BF00BF00BF8F
:1039400000BF00BF00BF00BF00BF00BF00BF00BF7F
:1039500000BF00BF00BF00BF00BF00BF4FF4800129
:10396000916100BF00BF00BF00BF00BF00BF00BF2C
:1039700000BF00BF00BF00BF00BF00BF00BF00BF4F
:1039800000BF00BF00BF00BF00BF00BF00BF00BF3F
:1039900000BF00BF00BF00BF00BF00BF00BF00BF2F
:1039A00000BF00BF00BF00BF00BF00BF00BF00BF1F
:1039B00000BF00BF00BF00BF00BF00BF00BF00BF0F
:1039C00000BF00BF00BF00BF00BF00BF00BF00BFFF
:1039D00000BF00BF00BF00BF00BF00BF00BF00BFEF
:1039E00000BF00BF00BF00BF01339BB298423FF64B
:1039F00070AF034A136823F440531360704700BF4D
:103A0000000400483C0000204E4A136843F48053F1
:103A100013604D4B188900238AE04A4A4021916186
:103A200000BF00BF00BF00BF00BF00BF00BF00BF9E
:103A300000BF00BF00BF00BF00BF00BF00BF00BF8E
:103A400000BF00BF00BF00BF00BF00BF00BF00BF7E
:103A500000BF00BF00BF00BF00BF00BF00BF00BF6E
:103A600000BF00BF00BF00BF00BF00BF00BF00BF5E
:103A700000BF00BF00BF00BF00BF00BF00BF00BF4E
:103A800000BF00BF00BF00BF00BF00BF00BF00BF3E
:103A900000BF00BF00BF00BF00BF00BF00BF00BF2E
:103AA00000BF4FF48001916100BF00BF00BF00BFA5
:103AB00000BF00BF00BF00BF00BF00BF00BF00BF0E
:103AC00000BF00BF00BF00BF00BF00BF00BF00BFFE
:103AD00000BF00BF00BF00BF00BF00BF00BF00BFEE
:103AE00000BF00BF00BF00BF00BF00BF00BF00BFDE
:103AF00000BF00BF00BF00BF00BF00BF00BF00BFCE
:103B000000BF00BF00BF00BF00BF00BF00BF00BFBD
:103B100000BF00BF00BF00BF00BF00BF00BF00BFAD
:103B200000BF00BF00BF00BF00BF00BF01339BB29A
:103B300098423FF672AF034A136823F44053136070
:103B4000704700BF000400483C000020444A13684E
:103B500043F480531360434B1889002378E0404AB4
:103B60004021916100BF00BF00BF00BF00BF00BF88
:103B700000BF00BF00BF00BF00BF00BF00BF00BF4D
:103B800000BF00BF00BF00BF00BF00BF00BF00BF3D
:103B900000BF00BF00BF00BF00BF00BF00BF00BF2D
:103BA00000BF00BF00BF00BF00BF00BF00BF00BF1D
:103BB00000BF00BF00BF00BF00BF00BF00BF00BF0D
:103BC00000BF00BF00BF00BF00BF00BF00BF00BFFD
:103BD00000BF00BF00BF00BF00BF00BF00BF00BFED
:103BE0004FF48001916100BF00BF00BF00BF00BF64
:103BF00000BF00BF00BF00BF00BF00BF00BF00BFCD
:103C000000BF00BF00BF00BF00BF00BF00BF00BFBC
:103C100000BF00BF00BF00BF00BF00BF00BF00BFAC
:103C200000BF00BF00BF00BF00BF00BF00BF00BF9C
:103C300000BF00BF00BF00BF00BF00BF00BF00BF8C
:103C400000BF00BF00BF00BF00BF00BF01339BB279
:103C5000984284D8024A136823F440531360704793
:103C6000000400483C000020434A136843F480539A
:103C70001360424B1889002375E03F4A402191614F
:103C800000BF00BF00BF00BF00BF00BF00BF00BF3C
:103C900000BF00BF00BF00BF00BF00BF00BF00BF2C
:103CA00000BF00BF00BF00BF00BF00BF00BF00BF1C
:103CB00000BF00BF00BF00BF00BF00BF00BF00BF0C
:103CC00000BF00BF00BF00BF00BF00BF00BF00BFFC
:103CD00000BF00BF00BF00BF00BF00BF00BF00BFEC
:103CE00000BF00BF00BF00BF00BF00BF00BF00BFDC
:103CF00000BF00BF00BF00BF4FF48001916100BF53
:103D000000BF00BF00BF00BF00BF00BF00BF00BFBB
:103D100000BF00BF00BF00BF00BF00BF00BF00BFAB
:103D200000BF00BF00BF00BF00BF00BF00BF00BF9B
:103D300000BF00BF00BF00BF00BF00BF00BF00BF8B
:103D400000BF00BF00BF00BF00BF00BF00BF00BF7B
:103D500000BF00BF00BF00BF00BF00BF00BF00BF6B
:103D600000BF01339BB2984287D8034A136823F4FB
:103D700040531360704700BF000400483C0000201F
:103D8000414A136843F480531360404B1889002361
:103D900072E03D4A4021916100BF00BF00BF00BFFB
:103DA00000BF00BF00BF00BF00BF00BF00BF00BF1B
:103DB00000BF00BF00BF00BF00BF00BF00BF00BF0B
:103DC00000BF00BF00BF00BF00BF00BF00BF00BFFB
:103DD00000BF00BF00BF00BF00BF00BF00BF00BFEB
:103DE00000BF00BF00BF00BF00BF00BF00BF00BFDB
:103DF00000BF00BF00BF00BF00BF00BF00BF00BFCB
:103E000000BF00BF00BF00BF00BF00BF00BF4FF436
:103E10008001916100BF00BF00BF00BF00BF00BFB5
:103E200000BF00BF00BF00BF00BF00BF00BF00BF9A
:103E300000BF00BF00BF00BF00BF00BF00BF00BF8A
:103E400000BF00BF00BF00BF00BF00BF00BF00BF7A
:103E500000BF00BF00BF00BF00BF00BF00BF00BF6A
:103E600000BF00BF00BF00BF00BF00BF00BF00BF5A
:103E700000BF00BF01339BB298428AD8024A136840
:103E800023F4405313607047000400483C000020B6
:103E9000414A136843F480531360404B1889002350
:103EA00071E03D4A4021916100BF00BF00BF00BFEB
:103EB00000BF00BF00BF00BF00BF00BF00BF00BF0A
:103EC00000BF00BF00BF00BF00BF00BF00BF00BFFA
:103ED00000BF00BF00BF00BF00BF00BF00BF00BFEA
:103EE00000BF00BF00BF00BF00BF00BF00BF00BFDA
:103EF00000BF00BF00BF00BF00BF00BF00BF00BFCA
:103F000000BF00BF00BF00BF00BF00BF00BF00BFB9
:103F100000BF00BF00BF00BF00BF00BF4FF4800163
:103F2000916100BF00BF00BF00BF00BF00BF00BF66
:103F300000BF00BF00BF00BF00BF00BF00BF00BF89
:103F400000BF00BF00BF00BF00BF00BF00BF00BF79
:103F500000BF00BF00BF00BF00BF00BF00BF00BF69
:103F600000BF00BF00BF00BF00BF00BF00BF00BF59
:103F700000BF00BF00BF00BF00BF00BF00BF00BF49
:103F800000BF01339BB298428BD8034A136823F4D5
:103F900040531360704700BF000400483C000020FD
:103FA000404A136843F4805313603F4B1889002341
:103FB00070E03C4A4021916100BF00BF00BF00BFDC
:103FC00000BF00BF00BF00BF00BF00BF00BF00BFF9
:103FD00000BF00BF00BF00BF00BF00BF00BF00BFE9
:103FE00000BF00BF00BF00BF00BF00BF00BF00BFD9
:103FF00000BF00BF00BF00BF00BF00BF00BF00BFC9
:1040000000BF00BF00BF00BF00BF00BF00BF00BFB8
:1040100000BF00BF00BF00BF00BF00BF00BF00BFA8
:1040200000BF00BF00BF00BF00BF00BF4FF4800152
:10403000916100BF00BF00BF00BF00BF00BF00BF55
:1040400000BF00BF00BF00BF00BF00BF00BF00BF78
:1040500000BF00BF00BF00BF00BF00BF00BF00BF68
:1040600000BF00BF00BF00BF00BF00BF00BF00BF58
:1040700000BF00BF00BF00BF00BF00BF00BF00BF48
:1040800000BF00BF00BF00BF00BF00BF00BF00BF38
:1040900001339BB298428CD8024A136823F44053F0
:1040A00013607047000400483C000020404A136839
:1040B00043F4805313603F4B188900236FE03C4A60
:1040C0004021916100BF00BF00BF00BF00BF00BF23
:1040D00000BF00BF00BF00BF00BF00BF00BF00BFE8
:1040E00000BF00BF00BF00BF00BF00BF00BF00BFD8
:1040F00000BF00BF00BF00BF00BF00BF00BF00BFC8
:1041000000BF00BF00BF00BF00BF00BF00BF00BFB7
:1041100000BF00BF00BF00BF00BF00BF00BF00BFA7
:1041200000BF00BF00BF00BF00BF00BF00BF00BF97
:1041300000BF00BF00BF4FF48001916100BF00BF0E
:1041400000BF00BF00BF00BF00BF00BF00BF00BF77
:1041500000BF00BF00BF00BF00BF00BF00BF00BF67
:1041600000BF00BF00BF00BF00BF00BF00BF00BF57
:1041700000BF00BF00BF00BF00BF00BF00BF00BF47
:1041800000BF00BF00BF00BF00BF00BF00BF00BF37
:1041900000BF00BF00BF00BF00BF01339BB2984209
:1041A0008DD8034A136823F440531360704700BF4F
:1041B000000400483C00002071EEC11A32EE402A93
:1041C00061EE821A70EEC00A81EEA00A30EE010A9A
:1041D000704710B54FF0000E0FE001339BB28B42D9
:1041E0000AD230F813C030F81E209445F5D220F8DA
:1041F0001EC020F81320F0E7A6468E4504D20EF12B
:104200000104A4B22346EAE7490830F8110010BDC2
:1042100070B5B8B029AB0322052106A8FDF72DF82B
:104220001AAB0522032104A8FDF727F811AB0322DE
:10423000114602A8FDF721F808AB03221146684693
:10424000FDF71BF8254B052203212548FDF715F83E
:10425000244B012205212448FDF70FF8234B0122AE
:1042600003212348FDF709F800231EE003EB430276
:1042700038A901EB82014FF07E5041F83C0C01332C
:10428000511C38A800EB810107EE903AF8EEE77A6E
:1042900041ED0F7A03FB03F107EE901A023200EBB7
:1042A0008202F8EEE77A42ED0F7A042BDEDD04ACF1
:1042B00006AD21462846FDF719F902AE32462946D9
:1042C0002046FDF7D9F869463046FCF7DBFF044A83
:1042D00021466846FDF7D0F838B070BD10050020C3
:1042E00008050020E0040020D8040020FC04002081
:1042F000F404002010B50C4600230BE030F9132025
:1043000007EE902AF8EEE77A094A02EB8302C2ED43
:10431000007A0133042BF1DD064A07490748FDF70F
:10432000ABF8074B07CB20606160A260204610BD50
:10433000E0040020F4040020D80400200805002038
:10434000FC04002038B504460D46880008F04CF9FE
:10435000206065600023A3600022E260226107E024
:10436000226802EB83024FF0000CC2F800C0013358
:10437000AB42F5DB38BDD0ED037A0368826803EB0E
:10438000820393ED007A77EEC77AC0ED037A83ED6E
:10439000000A90ED037A37EE007A80ED037A8368A5
:1043A0000133426893FBF2F102FB1133836007EEA5
:1043B000902AF8EEE77A87EE270A80ED040A704724
:1043C00010B50178002303619FED3B7A00E00133D3
:1043D0008B420DDAC26802EB8302D2ED007AF4EE72
:1043E000C77AF1EE10FAF2DD0361B0EE677AEEE71C
:1043F0000269002A4AD1134602774FF0010ED0F825
:104400000CC00CEB8304D4ED006A0CEB820292ED3D
:10441000006A0CEB8E0C9CED005A07EE903AB8EE59
:10442000E77AF0EE087A66EEA77AF1EE005A66EEC9
:10443000255A77EEE57A77EE857AF6EE005A67EE42
:10444000A57A36EE066A76EEC66A76EE856A87EE5D
:10445000A66A77EE067AC0ED057A037F022B24D098
:1044600090ED010A90ED027A37EE407AD0ED057AB0
:1044700027EE277A013907EE901AF8EEE77AC7EEB1
:10448000276A30EE260A80ED060A10BD01F1FF3ED4
:10449000724505D001230377531E02F1010EAEE7EA
:1044A000022303778B1E7246A9E7B7EE007A77EEF8
:1044B000C77AC0ED057AD3E70000C8C27047000094
:1044C00008B50F480F4B0360002343600F22826042
:1044D00047F6FF72C26003618361C361436103F009
:1044E00075FB30B900221146054803F0C5FB18B929
:1044F00008BDFEF733FCF5E7FEF730FCF8E700BF38
:104500004C0500200028004010B596B0044650220B
:10451000002102A808F03CF92268174B9A4201D00A
:1045200016B010BD02F09CFA4FF4006302934FF4F2
:104530000073129302A803F06CF9C8B94FF0B043AE
:10454000D3F8902042F40042C3F890209A6D42F4D0
:1045500080629A659B6D03F480630193019B002246
:104560001146032001F040F8032001F04DF8D7E791
:10457000FEF7F4FBE2E700BF0028004000B585B07D
:104580006B4600F10C022E214FF6664000F002F956
:104590009DF80E0005B000BD00B585B06B4600F17A
:1045A0000C020F214FF6684000F0F4F89DF80E0061
:1045B00005B000BD00B585B002466B4610214FF630
:1045C000754000F0E7F89DF80E0005B000BD000052
:1045D00010B5214BDB6BC3F30D039B0003F10053BC
:1045E00003F540331A6811681C4B99422CD01369AB
:1045F000D2F814C0D2F818E0516892681C0E04700A
:104600001C0C44701C0A8470C3F30314C47003F0C0
:104610000F0303714FEA1C6343714FEA1C4383711C
:104620004FEA1C23C37180F808C080F809E00B0E24
:1046300083720B0CC372090A0173130E4373130CBC
:104640008373C273002010BD5369D2F818C0D2F82A
:104650001CE0D1681269D1E700400058B95646A95C
:1046600008B538B9084B1B6803B19847074B0022BF
:104670001A7008BD054B01221A70034B1B68002BF2
:10468000F7D010469847F4E7740500200402002094
:1046900010B584B004460B4B18600B4806F048F880
:1046A0000120FFF7DDFF094B01221A70084B1B6840
:1046B00033B10394074A0192074A029201A898472E
:1046C00004B010BD0002002008020020FC01002000
:1046D00078050020F9470008DD46000810B50146BE
:1046E000034C204606F03FF82046FCF7B6FD10BD0F
:1046F0000802002010B50C464A68054B1A60054BAD
:10470000D861184600F07EF82068FFF7C1FF10BDA1
:10471000740500207805002000B585B01A4806F021
:104720000AF810B9194B1B7843B9174806F003F87B
:1047300010B9164B1B781BBB05B000BD03A912486E
:1047400006F029F8124BDB698BB1039A0292012221
:104750008DF8042001A898479DF804200B4B1A708F
:104760000A4B1B783BB1039806F07EFBDDE7074B55
:1047700001221A70F4E70399034805F0E8FFD4E733
:104780000148FCF76AFDD7E708020020FC01002081
:10479000780500202DE9F04180460C4617461E465C
:1047A0000020FFF75DFF114D2868A0F80980C47252
:1047B000224639460C3008F02FF801240C4B1C70AF
:1047C0000C4B1B6900210846984748F2E800FCF7AB
:1047D0004FFD29688A7803323046083008F01CF80B
:1047E0002046FFF73DFFBDE8F08100BF000200203A
:1047F000700500207805002008B50020FCF733FD87
:1048000008BD0000024B0360024B0361704700BF0C
:1048100081AD0008BDAD00080023024A1360024AC2
:10482000136070479C05002098050020EFF310836B
:1048300072B641B1012903D106490A6802430A60F0
:1048400083F31088704703490A6822EA00020A606D
:10485000F6E700BF98050020EFF3108C72B6064A09
:10486000136803431360054A52F83130034342F89A
:1048700031308CF31088704734060020A0050020EA
:10488000EFF3108172B6044A136823EA0000106047
:1048900081F31088704700BF74000020EFF310818F
:1048A00072B6034A13681843106081F3108870478A
:1048B00074000020EFF3108172B6034A13681843A6
:1048C000106081F3108870473006002070477047F1
:1048D00028B1B0FA80F0C0F11F00C0B270472020AC
:1048E000F9E7000038B5454B1C6820401860444B80
:1048F0001A68444B1B68444908684449096833E016
:10490000013338E0424D05EBC30568681040FFF7FE
:10491000DFFFDFF800C1CCF800006A68012303FA6A
:1049200000F022EA00026A60EFF3108172B6DCF850
:10493000002003FA02F26FEA020C314D286820EAE7
:1049400002022A60002B2DD181F31088314B1A68A6
:10495000314B53F822309847294B1A68294B1B6872
:1049600029490868294909680240244D2D682A42CE
:1049700021D00B401FD1264A52F8332002402A4250
:10498000BED0234951F8332002402A4001EBC30135
:1049900049681142B6D11E4901EBC3014FF0FF3007
:1049A0004860AFE7013B1A4850F833200CEA020296
:1049B00040F83320C6E7174B4FF0FF321A60FFF77D
:1049C00085FFEFF3108572B60D4B1B680D4A116819
:1049D0000D4A12681340094A1268134203D10B4B67
:1049E0001B680B4206D085F31088FFF770FF034B5E
:1049F0001C6038BDFCF730FCF5E700BF70000020FC
:104A00003406002030060020740000202C06002010
:104A1000A005002028060020A805002008B5C043F6
:104A2000FFF760FF08BD0000F8B50446114B1E6893
:104A3000B6F1FF3F05D00125B5400F4B1F681C6044
:104A400005E00025F9E721462846FFF7E7FF0B4B75
:104A50001B682342F7D0074B1E60EFF3108172B63C
:104A6000064A136823EA0403136081F31088024B9B
:104A70001F60F8BD280600202C060020300600200C
:104A800038B51546EFF3108472B6FFF721FF034BDC
:104A900043F8205084F3108838BD00BFA8050020DB
:104AA000114B1B780BB90120704710B5044602F07A
:104AB000D7F80D4B1A784FF47A73B3FBF2F3B0FBCF
:104AC000F3F000F0A9FD68B90F2C01D901200AE02C
:104AD000024621464FF0FF3000F086FD034B1C607C
:104AE000002000E0012010BD780000207C000020A4
:104AF00010B50A4A136843F480731360032000F072
:104B000061FD0F20FFF7CCFF18B101231C462046A2
:104B100010BD044600F096FFF9E700BF00400058C2
:104B2000034B1B78034A11680B441360704700BFA6
:104B30007800002038060020014B1868704700BF3D
:104B400038060020014B1868704700BF7C00002029
:104B5000014B1878704700BF7800002000B500F1C5
:104B6000300E0B0A9B0003F00C035EF8030001F00B
:104B70001F014FF01F0C0CFA01FC20EA0C0CC2F3D1
:104B800084628A404CEA02024EF8032000BD00B560
:104B900000F1140E4B0E9B0003F004035EF80300BB
:104BA000C1F304514FF0070C0CFA01FC20EA0C0C85
:104BB0008A404CEA02024EF8032000BD30B583B0B3
:104BC00000230193002800F0DA800446436D13B3FC
:104BD00023689A6812F0005F05D09A6822F020429C
:104BE00022F03F029A602268936813F0805F1FD121
:104BF000936823F0104323F03F0343F08053936006
:104C0000604B1B689B09604AA2FB03239B0901338D
:104C10005B00019309E0FCF735F80023A36584F8F5
:104C20005030D5E7019B013B0193019B002BF9D14B
:104C30002268936813F0805F7AD1636D43F01003AC
:104C40006365A36D43F00103A3650120936813F02E
:104C5000040300D00123616D11F0100F40F0888033
:104C6000002B40F08580636D23F4817343F00203D1
:104C70006365936813F0010F0BD1444B9B6813F0ED
:104C8000010F06D1636842498A6822F47C121343FB
:104C90008B60627E636B43EA4233E2681343A2682F
:104CA000134394F8202043EA0243012A42D0A26A27
:104CB00022B102F47072E16A0A4313432168D1F809
:104CC0000CC0344A0CEA02021A43CA6021688B689D
:104CD00013F0040300D001238A6812F0080200D008
:104CE0000122B3B9AAB9237E94F83020520042EAD7
:104CF0008332CB6823F4804323F002031343CB6059
:104D000094F83830012B1AD02268136923F001037C
:104D100013612369012B22D02268136B23F00F0348
:104D20001363636D23F0030343F00103636524E021
:104D300000208BE7626A013A43EA4243B7E7216801
:104D40000B696FF38A03E26B256C2A43656C2A4377
:104D5000A56C2A43134343F001030B61D9E7216893
:104D60000B6B23F00F03E269013A13430B63D8E79F
:104D7000636D43F010036365012003B030BD012073
:104D8000FBE700BF80000020632D3E0500000450BB
:104D90000003045007C0F0FFF8B504460E4645690D
:104DA000082D05D00368DB6813F0010F1ED1042520
:104DB000FFF7C2FE074623681A682A421CD1B6F1E3
:104DC000FF3FF8D0FFF7B8FEC31BB34201D8002E57
:104DD000F1D123681B682B42EDD1636D43F00403CE
:104DE0006365002384F85030032004E0436D43F0F2
:104DF000200343650120F8BD626D42F400726265D4
:104E0000DA6812F4406F11D1627E7AB91A6812F032
:104E1000080F0BD0626D22F480726265626D12F42D
:104E2000805F03D1626D42F001026265082D07D0F8
:104E3000DA6812F4804F07D10C221A600020DAE7FA
:104E400008221A600020D6E70020D4E70368186C17
:104E50007047000070B582B00023019390F8503085
:104E6000012B00F0118204460D46012380F85030DA
:104E70000068836813F0040F09D0636D43F02003CA
:104E800063650120002384F8503002B070BD0A68C9
:104E90004968FFF763FE2068836813F0040300D0BD
:104EA0000123826812F0080200D001220BB9002A07
:104EB0003AD02268936813F0010F40F0DF812B682D
:104EC000E868D2F8B010C3F3120C21EA0C0100F02C
:104ED000180CA74820FA0CF00340C3F312030B434D
:104EE000C2F8B030EA68A34B9A4200F0A4802B6865
:104EF000A14A134200F0C481A04A926802F0E07017
:104F00009F49896811F0010F40F064819D498B42EF
:104F100000F066819C498B4200F089819B498B425D
:104F200000F099810020ADE7AA682968FFF72FFEFD
:104F300069692268D368C3F3C1035B00994028699B
:104F4000042810D0603252F820C0914B0CEA0303C1
:104F50002E6806F0F84C41EA0C010B4343F0004385
:104F600042F82030A5E7136E116EC1F384612B68FF
:104F7000C3F3120080BBC3F38463994234D0216829
:104F80004B6E4A6EC2F384622B68C3F3120080BB7F
:104F9000C3F384639A4234D021688B6E8A6EC2F365
:104FA00084622B68C3F3120080BBC3F384639A420C
:104FB00034D02168CB6ECA6EC2F384622B68C3F30F
:104FC000120080BBC3F384639A427FF472AFCB6E4E
:104FD00023F00043CB666CE793FAA3F313B1B3FA63
:104FE00083F3CAE72023C8E7136E23F00043136658
:104FF000C5E793FAA3F313B1B3FA83F3CAE7202307
:10500000C8E74B6E23F000434B66C5E793FAA3F362
:1050100013B1B3FA83F3CAE72023C8E78B6E23F0FA
:1050200000438B66C5E793FAA3F313B1B3FA83F396
:10503000CAE72023C8E720682B68C3F3120CBCF131
:10504000000F2DD19A0E013202F01F02092A8CBFE7
:1050500000220122002A5BD0BCF1000F2FD1990E53
:105060000131890601F0F841BCF1000F33D14FEA5C
:10507000936E0EF1010E0EF01F0E012202FA0EF2D7
:105080001143BCF1000F35D19B0E013303F01F0318
:1050900003EB43031B051943AA68FFF778FD26E7D6
:1050A00093FAA3F24AB1B2FA82F2013202F01F027D
:1050B000092A8CBF00220122CCE72022F5E793FACF
:1050C000A3F131B1B1FA81F10131890601F0F84162
:1050D000CAE72021F8E793FAA3F24AB1B2FA82F2C2
:1050E000013202F01F024FF0010E0EFA02F2C7E782
:1050F0002022F5E793FAA3F343B1B3FA83F3013324
:1051000003F01F0303EB43031B05C4E72023F6E76B
:10511000BCF1000F20D1990E0131890601F0F84150
:10512000BCF1000F36D14FEA936E0EF1010E0EF076
:105130001F0E012202FA0EF21143BCF1000F38D10A
:105140009B0E013303F01F030A3B03EB43031B05D4
:1051500043F0007319439FE793FAA3F131B1B1FA19
:1051600081F10131890601F0F841D9E72021F8E702
:10517000FFFF070000007F4000000880000304508C
:1051800000000450000052C7000084CB01000080E2
:1051900000F0FF0393FAA3F24AB1B2FA82F20132AD
:1051A00002F01F024FF0010E0EFA02F2C4E72022B5
:1051B000F5E793FAA3F35BB1B3FA83F3013303F09A
:1051C0001F030A3B03EB43031B0543F00073C1E7D6
:1051D0002023F3E7636D43F020036365012051E66C
:1051E00012F4000F7FF496AE2268284B9A4201D049
:1051F000002047E640F4000325498A6822F0E07267
:1052000013438B60234B1B689B09234AA2FB032398
:105210009B09013303EB43039B00019302E0019BD5
:10522000013B0193019B002BF9D118462AE612F0AD
:10523000807F7FF473AE2268144B9A4201D0002025
:1052400020E640F0807312498A6822F0E07213432E
:105250008B60002016E612F4800F13D122680B4BEE
:105260009A4201D000200DE640F4800308498A6884
:1052700022F0E07213438B60002003E6002001E679
:105280000020FFE50020FDE50220FEE500000450BF
:105290000003045080000020632D3E0530B583B02C
:1052A0000023019303689A6812F0010F52D104465B
:1052B00099682A4A114216D19A6822F0004222F0D7
:1052C0003F0242F001029A60254B9B6813F4000FE5
:1052D00019D0244B1B689B09234AA2FB03239B097B
:1052E000013301930CE0436D43F010034365836D7C
:1052F00043F00103836501202DE0019B013B0193F5
:10530000019B002BF9D1FFF717FC054604E0FFF7DE
:1053100013FC431B022B11D823681A6812F0010FEB
:1053200016D19A6812F0010FF1D19A6822F000426A
:1053300022F03F0242F001029A60E8E7636D43F019
:1053400010036365A36D43F00103A365012002E030
:10535000002000E0002003B030BD00BF3F0000800F
:105360000003045080000020632D3E0503689B6805
:1053700013F0040F32D110B5044690F85030012BD1
:105380002ED0012380F85030FFF788FF10BB636DEB
:1053900023F4706323F0010343F480736365636D4A
:1053A00013F4805F13D0A36D23F00603A365236875
:1053B0001C221A60002384F850302268936823F07E
:1053C000004323F03F0343F00403936010BD002328
:1053D000A365ECE7002384F85030F7E7022070471C
:1053E0000220F3E738B504460268936813F002031D
:1053F00000D00123916811F0010F39D0002B39D171
:10540000936803F00D03012B09D0636D43F0100383
:105410006365A36D43F00103A365012029E0936850
:1054200023F0004323F03F0343F00203936023681B
:1054300003221A60FFF780FB054623689B6813F080
:10544000010F13D0FFF778FB401B0228F5D9236822
:105450009B6813F0010FF0D0636D43F01003636598
:10546000A36D43F00103A365012002E0002000E0EA
:10547000002038BD0020FCE730B583B00023019345
:1054800090F85030012B41D004460D46012380F89E
:105490005030FFF7A7FF80BB636D23F4885323F0E0
:1054A000020343F00203636521688B6823F04043E5
:1054B00023F03F0305F08042134343F000438B6029
:1054C00023689B68002B06DB636D23F0030343F026
:1054D0000103636515E0019B01330193019A0C4BB5
:1054E0009A42EDD9636D23F0120343F01003636514
:1054F000002384F85030012006E0636D43F0100370
:105500006365002384F8503003B030BD0220FBE710
:10551000AA6A0200002807DB00F01F0240090123ED
:105520009340024A42F82030704700BF00E100E09B
:1055300000280CDB00F01F024009012393402030BB
:10554000034A42F82030BFF34F8FBFF36F8F70478D
:1055500000E100E0002808DB0901C9B200F1604069
:1055600000F5614080F80013704700F00F0009015A
:10557000C9B2014B1954704714ED00E000B500F0BA
:105580000700A0F1030CBCF1040F07D8C0F1070E0F
:105590000430062806D84FF0000C03E04FF0040E4C
:1055A0004FF0000C4FF0FF3303FA0EF021EA000138
:1055B00001FA0CF103FA0CF322EA030241EA0200B9
:1055C00000BD0000074AD36823F4E0631B041B0CF2
:1055D000000200F4E060034343F0BF6343F4003390
:1055E000D360704700ED00E010B50446054BD86865
:1055F000C0F30220FFF7C2FF01462046FFF7AAFFD3
:1056000010BD00BF00ED00E008B5FFF783FF08BD47
:1056100008B5FFF78DFF08BD0138B0F1807F0BD2D0
:105620004FF0E0235861054AF02182F82310002052
:10563000986107221A6170470120704700ED00E071
:10564000002808DB00F01F0240090123934040308E
:10565000014A42F82030704700E100E0002808DBF2
:1056600000F01F024009012393406030014A42F8D4
:105670002030704700E100E070B58646002367E007
:10568000DEF808405D000320A84024EA0004C86852
:10569000A8402043CEF80800DEF8044024EA0C04B9
:1056A0004868C0F3001098402043CEF8040060E042
:1056B000DC0808345EF8240003F00705AD004FF065
:1056C0000F0C0CFA05FC20EA0C0C0869A84040EA13
:1056D0000C004EF8240062E0042000E0002000FAF4
:1056E0000CF0284302344E4D45F824004D48046820
:1056F000D04324EA02054E6816F4801F01D042EA26
:105700000405484C2560646800EA04054E6816F4F8
:10571000001F01D042EA0405424C6560D4F8804085
:1057200000EA04054E6816F4803F01D042EA040501
:105730003C4CC4F88050D4F8844020404D6815F4A7
:10574000003F01D042EA0400364AC2F88400013327
:105750000A6832FA03F061D04FF0010C0CFA03FC36
:105760001CEA0202F3D0486800F003000138012867
:1057700086D9486800F0030003280BD0DEF80C40FF
:105780005D000320A84024EA00048868A840204364
:10579000CEF80C00486800F00300022888D0DEF83C
:1057A00000005C004FF0030C0CFA04FC20EA0C0C27
:1057B000486800F00300A04040EA0C00CEF800006A
:1057C000486810F4403FC2D09C08A51C144850F80B
:1057D000255003F0030C4FEA8C0C0F2000FA0CF05C
:1057E00025EA0005BEF1904F3FF478AF0E4886459C
:1057F0000ED000F5806086450CD000F580608645AF
:105800000AD000F5806086453FF466AF072066E762
:10581000012064E7022062E7032060E770BD00BF5B
:105820000000014000080058000400480AB18161EE
:10583000704781627047704708B5054BD8681A6891
:1058400022EA00021A605860FFF7F5FF08BD00BFAA
:105850000015005800285FD010B5044690F841307C
:10586000002B48D0242384F841302268136823F0A9
:10587000010313606368226823F070631361226878
:10588000936823F400439360E368012B38D0A36846
:10589000226843F404439360E368022B36D0226805
:1058A000536823F4006353602268536843F0007325
:1058B00043F4004353602268D36823F40043D36069
:1058C000236962691343A169226843EA0123D36013
:1058D000E369216A22680B4313602268136843F06E
:1058E0000103136000206064202384F841302063AA
:1058F00084F8420010BD80F84030FDF7B3F9B1E7FD
:10590000A368226843F400439360C5E722685368A4
:1059100043F400635360C7E701207047034690F8E3
:105920004120202A23D190F84020012A21D00122B1
:1059300080F84020242280F841200068026822F08C
:10594000010202601868026822F48052026018683E
:1059500002680A43026019680A6842F001020A609C
:10596000202283F84120002083F840007047022065
:10597000704702207047034690F84120202A21D129
:1059800090F84020012A1FD0012280F840202422D4
:1059900080F841200068026822F001020260186865
:1059A000026822F4706242EA0122026019680A6801
:1059B00042F001020A60202283F84120002083F88F
:1059C00040007047022070470220704770477047C0
:1059D000002309E000EB8302054951609A1D00EBAA
:1059E0008202044951600133052BF3D9704700BF8F
:1059F000CD590008CF590008002303604FF03F1332
:105A000043603F2383607047C0B138B5044690F8C7
:105A1000383083B10A4D2846FFF7EEFF2B6843F07C
:105A200001132B602046FFF7D3FF002060630123A2
:105A300084F8383038BDFDF76BF9EBE7012070478B
:105A4000000C005800B583B04FF0B0431A6D42F41B
:105A500000221A651B6D03F400230193019B0022B1
:105A600011462E20FFF7C0FD2E20FFF7CDFD03B01D
:105A700000BD10B512F4804F45D00468B4F8503022
:105A800091F800C04FEACC0E1EFA83F32344B3F81A
:105A90000244C4F309048B69A3422AD31B1B8B6104
:105AA0008B6983B9D0F800E03EF82C309BB223F428
:105AB000804323F0700383F4005343F4004343F026
:105AC00080032EF82C3012F0400F0FD0026891F8AE
:105AD00000C032F82C309BB223F4E04323F0700373
:105AE00043F4004343F0C00322F82C3024B920468D
:105AF00010BD00238B61D3E723460A8949690068FA
:105B000004F000FEF3E70468B4F8503091F800C0E8
:105B10004FEACC0E1EFA83F32344B3F80644C4F3D1
:105B200009048B69A34230D31B1B8B618B6983B93A
:105B3000D0F800E03EF82C309BB223F4804323F0F1
:105B4000700383F4005343F4004343F080032EF8C2
:105B50002C3012F0400F0FD1026891F800C032F8DB
:105B60002C309BB223F4E04323F0700343F4004352
:105B700043F0C00322F82C30002CB8D023464A89C9
:105B80004969006804F0BEFDB1E700238B61CDE7F1
:105B9000002856D010B5044690F891323BB103234B
:105BA00084F89132206803F08CFE002315E080F821
:105BB000903205F009FDF2E703EB830204EBC20229
:105BC0000121517413740021D174116251620133A7
:105BD00003EB8302D200A150DBB220799842EBD8CC
:105BE000002316E003EB830204EBC202002182F8DB
:105BF000511182F8503182F85311C2F86011C2F885
:105C0000641103EB830204EBC202C2F86811013392
:105C1000DBB29842E6D8234653F8040B93E806001B
:105C200003F05AFE00232373012384F89132A37AF0
:105C3000012B01D0002010BD204600F0FBFE00200B
:105C4000F9E70120704790F89032012B0ED010B583
:105C50000446012380F89032006803F029FE206892
:105C600004F068FA002084F8900210BD022070470A
:105C700070B505460C46164612F0400F00F01F8125
:105C80000268B2F8503009784FEAC10C1CFA83F36D
:105C90001344B3F80224C2F30902A36993422CD936
:105CA0009B1AA361A06958B316F4804F0DD02868E1
:105CB00030F821309BB223F4E04323F0700343F427
:105CC000404343F0800320F8213094F82430012B26
:105CD00000F08D802A68217832F821309BB223F4BD
:105CE000E04323F0400383F0300343F4004343F0E8
:105CF000800322F82130002070BD0023A361D1E78A
:105D00006378002B48D12A68B2F8503012FA83F336
:105D10006344B3F80224C2F30902A3F80224B3F8DF
:105D200002246FEA42426FEA524292B2A3F802247E
:105D30002A686378002B3BD1B2F8503012FA83F313
:105D4000227803EBC203B3F80624C2F30902A3F8D6
:105D50000624B3F806246FEA42426FEA524292B236
:105D6000A3F80624E378022B2FD02178284605F0EB
:105D700081FC16F4804FBED02A68217832F8213099
:105D80009BB223F4E04323F0700343F4404343F019
:105D9000800322F82130AEE7012BC9D12A68B2F87E
:105DA000503012FA83F363440022A3F80224BFE7C1
:105DB000012BD7D1B2F8503012FA83F3227803EBDB
:105DC000C2030022A3F80624CCE72A68217832F81F
:105DD00021309BB223F4E04323F0400383F02003FF
:105DE00043F4004343F0800322F82130BDE76369A8
:105DF00013446361E3691344E361216A23699942AF
:105E00001DD3C91A21626278002A43D12968B1F8EA
:105E1000502011FA82F2217802EBC102B2F802148A
:105E2000C1F30901A2F80214A3B9B2F802146FEA8F
:105E300041416FEA514189B2A2F802142CE019B92C
:105E400084F824101346DEE7002384F8243023620C
:105E50000B46D8E73E2B0DD8590813F0010F00D0A0
:105E60000131B2F8020480B2890289B20143A2F87A
:105E7000021411E0580913F01F0F00D10138B2F8D5
:105E8000021489B2800280B2014341F40041A2F8B9
:105E9000021401E0012A06D09BB2228961692868B8
:105EA00004F057F916E72968B1F8502011FA82F288
:105EB000217802EBC10299B2A2F80214ECE7026861
:105EC000B2F850300978C80010FA83F31344B3F8DD
:105ED0000624C2F30902A369934246D39B1AA36125
:105EE000A369002B44D016F4804F0DD1286830F8F8
:105EF00021309BB223F4E04323F0700343F440438A
:105F000043F0800320F8213094F82430012B7FF4F3
:105F1000E1AE636913446361E3691344E361216A99
:105F200023699942C0F09C80C91A2162296862786D
:105F3000002A40F0C080B1F8502011FA82F2217896
:105F400002EBC102B2F80614C1F30901A2F806146B
:105F5000002B40F09080B2F806146FEA41416FEADE
:105F6000514189B2A2F80614A7E00023A361B7E764
:105F70006378002B49D12A68B2F8503012FA83F3C3
:105F80000344B3F80224C2F30902A3F80224B3F8CD
:105F900002246FEA42426FEA524292B2A3F802240C
:105FA0002A686378002B3CD1B2F8503012FA83F3A0
:105FB000227803EBC203B3F80624C2F30902A3F864
:105FC0000624B3F806246FEA42426FEA524292B2C4
:105FD000A3F80624E378022B30D02178284605F078
:105FE00049FB16F4804F7FF486AE2A68217832F898
:105FF00021309BB223F4E04323F0700343F4404389
:1060000043F0800322F8213075E6012BC8D12A68BD
:10601000B2F8503012FA83F303440022A3F80224AA
:10602000BEE7012BD6D1B2F8503012FA83F32278B2
:1060300003EBC2030022A3F80624CBE72A682178E9
:1060400032F821309BB223F4E04323F0400383F085
:10605000200343F4004343F0800322F82130BCE7DF
:1060600019B984F82410134660E70023236284F8EA
:1060700024300B465AE73E2B0DD8590813F0010F78
:1060800000D00131B2F8060480B2890289B201431E
:10609000A2F8061411E0580913F01F0F00D10138BF
:1060A000B2F8061489B2800280B2014341F4004183
:1060B000A2F8061401E0012A06D09BB26289616948
:1060C000286804F046F805E6B1F8502011FA82F28B
:1060D000217802EBC10299B2A2F80614EDE72DE98E
:1060E000F04105462868B0F8443013F4004F00F042
:1060F0005982B0F84440A3B214F00F0440F0A280DB
:1061000013F0100F4BD003889AB213F4006F77D1BD
:1061100012F4004FE6D003889BB223F070031B05F6
:106120001B0D43F0800303802868B0F8503095F8C9
:106130005021D20012FA83F30344B3F80634C3F3B8
:106140000903C5F86C318BB1D5F8641171B1B5F89C
:10615000562104F0D7FAD5F86431D5F86C211344F0
:10616000C5F864310021284605F078FA2A681388BA
:1061700099B213F4006FB5D101F44051B1F5405F0D
:10618000B0D013889BB223F4804323F0700383F4D0
:10619000405343F4004343F080031380A2E7038895
:1061A0009BB223F4E14323F070036FEA43436FEAA9
:1061B00053439BB203802968B1F850302A7CD20047
:1061C00012FA83F30B44B3F80234C3F30903EB620E
:1061D0006A6A1A446A620021284605F04BFA2B7B52
:1061E000002B3FF47FAFAB6A002B7FF47BAF2B7BA0
:1061F0002A6843F08003A2F84C3000232B7371E728
:10620000B0F8503095F85021D20012FA83F30344CD
:10621000B3F80634C3F30903C5F86C31B5F8562159
:1062200005F5267104F06EFA2A6813889BB223F0F4
:1062300070031B051B0D43F080031380284605F0F7
:1062400005FA4FE730F824309EB213F4004F4ED1D8
:1062500016F0800F3FF446AF04EB8401C900103103
:1062600029442A6832F824309BB223F4E14323F016
:1062700070036FEA43436FEA53439BB222F8243022
:1062800004EB840305EBC303DB7C012B00F0EA8005
:1062900016F4807F40F081812868B0F8503004EB1C
:1062A000840205EBC202167CF20012FA83F3034467
:1062B000B3F80234C3F30903621C02EB820255F8FF
:1062C00032209A4240F24C81671C07EB8707D21AB2
:1062D00045F83720621C02EB820255F83220002A72
:1062E00040F045813146284605F0C4F9FAE630F819
:1062F00024309BB223F070031B051B0D43F0800379
:1063000020F8243004EB8401C90001F5A87105EBE5
:10631000010804EB840305EBC30393F85C31002B05
:1063200040D12868B0F8503004EB840205EBC2027B
:1063300092F85021D20012FA83F30344B3F80674A2
:10634000C7F3090717BB04EB840305EBC303D3F8BA
:106350006C213A44C3F86C21D3F864213A44C3F861
:106360006421D3F868313BB104EB840305EBC3032C
:10637000D3F860319F4270D204EB840305EBC30372
:1063800093F85011284605F069F961E704EB8401A0
:1063900005EBC1013B46B1F85621D1F8641104F078
:1063A000B1F9D0E704EB840305EBC30393F8533151
:1063B000022B33D0296804EB840205EBC20292F869
:1063C000500131F820309BB223F4E04323F07003F6
:1063D00043F4004343F0C00321F82030286892F8CA
:1063E000503130F8232012F4804F1ED0B0F85020E6
:1063F000DB0013FA82F30344B3F80274C7F309070E
:10640000002FA0D004EB840105EBC1013B46B1F89D
:106410005821D1F8641104F075F994E732464146E9
:106420002846FFF726FB07468DE7B0F85020DB0033
:1064300013FA82F30344B3F80674C7F30907002F75
:1064400081D004EB840105EBC1013B46B1F85A2130
:10645000D1F8641104F056F975E74146286803F055
:106460008AFEF5E6631C03EB8303DB000022EA509F
:1064700004EB840305EBC3031B7F1BB316F0400F33
:106480003BD004EB840305EBC3035B7C1BBB2A6896
:10649000B2F8503012FA83F304EB840205EBC20227
:1064A000127C03EBC203B3F80224C2F30902A3F87F
:1064B0000224B3F802246FEA42426FEA524292B2D7
:1064C000A3F8022404EB840405EBC404217C2846D1
:1064D00005F0D0F806E6012BF4D12A68B2F8503066
:1064E00012FA83F304EB840205EBC202127C03EB85
:1064F000C2030022A3F80224E4E72A6804EB840321
:1065000005EBC3035B7CD3B9B2F8503012FA83F3C6
:1065100004EB840205EBC202127C03EBC203B3F866
:106520000624C2F30902A3F80624B3F806246FEA8E
:1065300042426FEA524292B2A3F80624C2E7012B0C
:10654000C0D1B2F8503012FA83F304EB840205EBA9
:10655000C202127C03EBC2030022A3F80624B1E7B7
:10656000621C02EB8202D2000027AF50B2E604EBBD
:10657000840205EBC202566A1E445662013404EBE3
:10658000840205EBC202526804EB840405EBC404E8
:106590001344636003F0EFFDA4E532462846FFF79D
:1065A00067FB9FE50020BDE8F08190F89032012B59
:1065B0000CD010B50446012380F8903201730068B6
:1065C00003F0B2FD002084F8900210BD0220704755
:1065D00010B50446006803F0B8FD10F4004F23D155
:1065E00010F4806F24D110F4804F32D110F4005F8A
:1065F00039D110F4805F40D110F4006F67D110F0F2
:10660000800F40F0818010F4007F40F0AD8010F4E6
:10661000807F27D02268B2F844309BB223F4807385
:106620009BB2A2F844301DE02046FFF758FD19E068
:106630002268B2F844309BB223F480639BB2A2F884
:106640004430204605F027F800212046FFF7ADFF33
:1066500008E02268B2F844309BB223F480439BB236
:10666000A2F8443010BD2268B2F844309BB223F443
:1066700000539BB2A2F84430F4E72268B2F84030ED
:106680009BB223F004039BB2A2F840302268B2F818
:1066900040309BB223F008039BB2A2F8403094F83C
:1066A000C832012B0CD0204605F018F82268B2F849
:1066B00044309BB223F480539BB2A2F84430D1E71C
:1066C000002184F8C812204605F0C4F8EBE72268E0
:1066D000B2F840309BB243F00803A2F84030226881
:1066E000B2F844309BB223F400639BB2A2F844306A
:1066F0002268B2F840309BB243F00403A2F8403065
:10670000204604F0DBFFADE72268B2F844309BB2CC
:1067100023F080039BB2A2F8443094F8C832FBB94E
:106720002268B2F840309BB243F00403A2F8403034
:106730002268B2F840309BB243F00803A2F8403020
:10674000012184F8C8122368B3F85430C3F38D03D1
:1067500003F03C03C4F8CC32204605F07BF881E717
:10676000204604F0ABFF7DE72268B2F844309BB2CC
:1067700023F400739BB2A2F84430204604F085FF56
:1067800070E710B50446084611F0800F27D101F0DC
:10679000070C0CEB8C01C90001F5A87E04EB0E017F
:1067A0000CEB8C0C04EBCC0C4FF0000E8CF851E190
:1067B00000F007000870C2F30A020A61CB70022BD6
:1067C0001DD094F89032012B1CD0012384F8903214
:1067D000206803F092F8002084F8900210BD01F0C8
:1067E000070C0CEB8C01C900103121440CEB8C0C14
:1067F00004EBCC0C4FF0010E8CF811E0D8E700232D
:106800000B71DEE70220E9E710B504460A4611F0F5
:10681000800F1FD101F0070000EB8003DB0003F5C0
:10682000A873E11800EB800004EBC000002380F89F
:10683000513102F007020A7094F89032012B17D000
:10684000012384F89032206803F010FB002084F8C4
:10685000900210BD01F0070000EB8003DB00103355
:10686000E11800EB800004EBC00001234374E0E773
:106870000220EEE710B501F0070C0CEB8C01C9000B
:1068800001F5A8710CEB8C0E00EBCE0ECEF8642156
:10689000CEF868310024CEF86C418EF851418EF864
:1068A00050C10144006803F066FC204610BD01F0B1
:1068B000070101EB810100EBC100D0F86C017047CA
:1068C00038B501F0070C0CEB8C01C90010310CEB52
:1068D0008C0E00EBCE0ECEF824200CF1010202EB60
:1068E000820440F8343001258EF83450CEF8303030
:1068F00000EBC402002454608EF811508EF810C0D2
:106900000144006803F037FC204638BD0B4601F017
:106910000702017991422ED310B5044613F0800F7F
:106920001DD103EB8301C90001F5A871014403EBFC
:10693000830300EBC303002083F8510101238B7014
:106940000A7094F89032012B17D0012384F890320A
:10695000206803F076FB002084F8900210BD02EB63
:106960008201C9001031014402EB820300EBC30332
:1069700001205874E2E7012070470220EEE70B4641
:10698000017903F00F02914234D310B5044613F09D
:10699000800F21D103F0070202EB8201C90001F54B
:1069A000A871014402EB820200EBC202002082F8CF
:1069B000510100228A7003F007030B7094F89032A3
:1069C000012B19D0012384F89032206803F05EFB7C
:1069D000002084F8900210BD03F0070202EB820150
:1069E000C9001031014402EB820200EBC202012017
:1069F0005074DEE7012070470220ECE711F0800FB1
:106A00000BD001F0070101EB8101C90010310844EE
:106A100052B90273C3800020704701EB8101C900A5
:106A200001F5A8710844F3E70122027303811B0CEE
:106A30004381F0E7034602680121C0F8D01200202C
:106A400083F8C802B2F854309BB20B43A2F854301A
:106A5000B2F854309BB243F00203A2F854307047AE
:106A6000024A136843F480731360704700040058AF
:106A7000024B186800F4C060704700BF0004005863
:106A8000024A536843F4806353607047000400581F
:106A900030B58DB004468E46DFF8B0C09CE80F00DC
:106AA0000CAD05E90F0005AB0CF1100207CA83E835
:106AB000070001AD0CF11C0C9CE80F0085E80F00ED
:106AC000BEF5007F07D0002314E00CAA02EB83037D
:106AD00053F82C5C1EE00023032B08D80CAA02EB11
:106AE000830252F8102CA242EFD20133F4E70025C2
:106AF00010E00133022B0CD80CAA02EB830252F8EF
:106B00001C2CA242F5D30CAA02EB830353F82C5C95
:106B100000E000250C4A136823F007032B431360A1
:106B2000FEF70AF80446084B1B6803F00703AB4264
:106B300006D0FEF701F8001B0228F4D9032000E07C
:106B400000200DB030BD00BF0040005868D80008DC
:106B500010B5B02818D90F4BDB6A4FF0B042D2F80D
:106B6000082102F00F020C4951F82220B3FBF2F386
:106B70000A4AA2FB03239B0C1C46FFF779FF014640
:106B80002046FFF785FF10BDC0F30310014B53F8FB
:106B90002030E2E7ECDA00084CDB000883DE1B4320
:106BA0004FF0B0439B6813F00C030DD14FF0B0438E
:106BB0001B6803F0F003B02B04D81B09254A52F8D8
:106BC00023007047B023F8E7042B3ED0082B10D0E9
:106BD0004FF0B043DB6803F00303022B31D0032BEB
:106BE0000FD14FF0B0431B6813F4801F2BD11A480C
:106BF00012E04FF0B0431B6813F4801F27D01748F2
:106C000070474FF0B0431B6803F0F003B02B16D869
:106C10001B09104A52F823004FF0B042D368C3F367
:106C2000062303FB00F0D368C3F302130133B0FB68
:106C3000F3F0D3685B0F0133B0FBF3F07047B02380
:106C4000E6E70648E8E70548E6E7044870470248F3
:106C5000704700BFECDA00080048E8010024F400A7
:106C600008B5FFF79DFF4FF0B0439B68C3F30313D4
:106C7000024A52F82330B0FBF3F008BD4CDB0008A9
:106C8000002800F0758338B50446036813F0200F20
:106C90002DD04FF0B0429368D26802F0030213F097
:106CA0000C0358D00C2B54D0E369002B00F0A080CB
:106CB0004FF0B042136843F001031360FDF73CFF4F
:106CC00005464FF0B0431B6813F0020F00F08880B8
:106CD000636A4FF0B042116821F0F0010B4313607A
:106CE000216A536823F47F4343EA012353602368F6
:106CF00013F0010F00F09A804FF0B042936803F058
:106D00000C03D26802F00302082B00F08B800C2BDE
:106D100000F085806368B3F5803F00F0B0804FF0ED
:106D2000B042136823F4803313606368002B00F0D3
:106D3000AD80FDF701FF05464FF0B0431B6813F42B
:106D4000003F73D1FDF7F8FE401B6428F4D90320FF
:106D500019E3012AA8D1E369002B00F00B83606AD4
:106D60004FF0B0431B6803F0F003B02B21D89842DA
:106D700021D9FFF7EDFE002840F0FE82636A4FF054
:106D8000B042116821F0F0010B431360216A53688F
:106D900023F47F4343EA01235360FFF761FFBD4BB8
:106DA0001860BD4B1868FDF77BFE00289FD00120BE
:106DB000E9E2B023DBE74FF0B042136823F0F003C1
:106DC00018431060216A536823F47F4343EA012388
:106DD0005360606AFFF7BCFE0028DED00120D2E2DB
:106DE000FDF7AAFE401B02287FF66BAF0320CAE224
:106DF0004FF0B042136823F001031360FDF79CFECF
:106E000005464FF0B0431B6813F0020F3FF46FAF1D
:106E1000FDF792FE401B0228F3D90320B3E2032AB8
:106E20007FF478AF6368002B00F0A882236813F02A
:106E3000020F54D04FF0B042936803F00C03D268B5
:106E400002F00302042B33D00C2B2FD0E368002B6D
:106E500074D04FF0B042136843F480731360FDF7B1
:106E60006BFE05464FF0B0431B6813F4806F2DD1C5
:106E7000FDF762FE401B0228F4D9032083E24FF0A5
:106E8000B042136843F4803313604EE7FDF754FEBD
:106E900005464FF0B0431B6813F4003FC6D0FDF722
:106EA0004BFE401B6428F4D903206CE2022ACDD1AA
:106EB000E368002B00F0648221694FF0B042536810
:106EC00023F0FE4343EA0163536008E021694FF079
:106ED000B042536823F0FE4343EA016353602368E2
:106EE00013F0080F03D113F0100F00F0DE80626979
:106EF000002A00F0A38013F0100F70D04FF0B043C1
:106F0000D3F8943013F0020F2ED14FF0B042D2F8E4
:106F1000943043F00103C2F89430FDF70DFE0546AE
:106F20004FF0B043D3F8943013F0020F1CD1FDF7AB
:106F300003FE401B0228F3D9032024E24FF0B042A5
:106F4000136823F480731360FDF7F6FD05464FF0D8
:106F5000B0431B6813F4806FC1D0FDF7EDFD401BFB
:106F60000228F4D903200EE24FF0B042D2F8943058
:106F700043F00403C2F89430FDF7DEFD05464FF000
:106F8000B043D3F8943013F0080F06D1FDF7D4FDC9
:106F9000401B0328F3D90320F5E1A1694FF0B0426B
:106FA000D2F8943023F4706343EA0123C2F894309A
:106FB000D2F8943023F00103C2F89430FDF7BCFD01
:106FC00005464FF0B043D3F8943013F0020F6CD065
:106FD000FDF7B2FD401B0228F3D90320D3E14FF0A7
:106FE000B042D2F8943043F00103C2F89430FDF778
:106FF000A3FD05464FF0B043D3F8943013F0020FD1
:1070000006D1FDF799FD401B0228F3D90320BAE110
:107010004FF0B042D2F8943023F00403C2F8943019
:107020004FF0B043D3F8943013F0080F3DD0FDF784
:1070300083FD401B0328F3D90320A4E14FF0B042A5
:10704000D2F8943023F00403C2F89430FDF774FDB5
:1070500005464FF0B043D3F8943013F0080F1DD11C
:107060004FF0B042D2F8943023F00103C2F89430CC
:10707000FDF762FD05464FF0B043D3F8943013F0AE
:10708000020F12D0FDF758FD401B0228F3D9032050
:1070900079E100BF800000207C000020FDF74CFD5E
:1070A000401B0328D5D903206DE1236813F0040F9A
:1070B00068D0B64B1B6813F4807F27D0A368012BE0
:1070C00035D0052B3CD04FF0B043D3F8902022F0C0
:1070D0000102C3F89020D3F8902022F00402C3F8F4
:1070E0009020A368DBB3FDF727FD05464FF0B043C2
:1070F000D3F8903013F0020F44D1FDF71DFD401B73
:1071000041F288339842F1D903203CE1FFF7A8FC13
:10711000FDF712FD05469D4B1B6813F4807FCDD112
:10712000FDF70AFD401B0228F5D903202BE14FF0A3
:10713000B042D2F8903043F00103C2F89030D0E76B
:107140004FF0B043D3F8902042F00402C3F89020EF
:10715000D3F8902042F00102C3F89020C1E7FDF778
:10716000EBFC05464FF0B043D3F8903013F0020F1C
:1071700008D0FDF7E1FC401B41F288339842F1D979
:10718000032000E1236813F0400F33D0A36AC3B19A
:107190004FF0B042D2F8983043F00103C2F8983073
:1071A000FDF7CAFC05464FF0B043D3F8983013F012
:1071B000020F1FD1FDF7C0FC401B0228F3D90320AA
:1071C000E1E04FF0B042D2F8983023F00103C2F86A
:1071D0009830FDF7B1FC05464FF0B043D3F8983036
:1071E00013F0020F06D0FDF7A7FC401B0228F3D9CD
:1071F0000320C8E0E36A002B00F0C4804FF0B042E7
:10720000916801F00C01D268022B19D00C2900F012
:10721000C3804FF0B042136823F080731360FDF712
:107220008BFC04464FF0B0431B6813F0007F00F066
:107230009780FDF781FC001B0228F3D90320A2E010
:1072400002F00303206B83420AD00C2900F09C80DB
:107250004FF0B0431B6813F0806F22D0012092E002
:1072600002F07003606B8342EFD1C2F30623A06B80
:107270008342EAD102F47813E06B8342E5D102F055
:107280006063206C8342E0D102F06042636C9A42FA
:10729000DBD14FF0B0431B6813F0007F44D00020D7
:1072A00071E04FF0B042136823F080731360FDF774
:1072B00043FC05464FF0B0431B6813F0007F06D037
:1072C000FDF73AFC401B0228F4D903205BE04FF0A5
:1072D000B042D3682E491940236B606B0343A06B07
:1072E00043EA0023E06B0343206C0343606C0343D9
:1072F0001943D160136843F080731360D36843F07F
:107300008053D360FDF718FC04464FF0B0431B6870
:1073100013F0007F06D1FDF70FFC001B0228F4D903
:10732000032030E000202EE04FF0B0431A6842F016
:1073300080721A60DA6842F08052DA60FDF7FCFB76
:1073400004464FF0B0431B6813F0007F06D1FDF7F1
:10735000F3FB031B022BF4D9032014E0002012E0FE
:107360004FF0B042D1680B4B0B40D36000200AE0D5
:1073700001207047012006E0012004E0012002E026
:10738000012000E0184638BD0120FCE70004005849
:107390008C80C111FCFFFEEE0120F4E7002800F014
:1073A000278170B50C460546934B1B6803F0070315
:1073B0008B422DD32B6813F0020F3FD12B6813F0B3
:1073C000200F53D12B6813F0400F6AD12B6813F0B4
:1073D000040F40F083802B6813F0080F40F0978073
:1073E0002B6813F0010F00F0DE806B68022B00F0B9
:1073F000A880032B00F0AD80002B40F0B2804FF04E
:10740000B042126812F0020F40F0B1800120EEE0AD
:10741000794A136823F007030B431360FDF78CFBD5
:107420000646754B1B6803F00703A342C2D0FDF765
:1074300083FB801B0228F4D90320D8E0AB684FF00F
:10744000B0418A6822F0F00213438B60FDF774FBB1
:1074500006464FF0B0439B6813F4803FAED1FDF772
:107460006BFB801B0228F4D90320C0E06B694FF04E
:10747000B041D1F8082122F0F0021343C1F80831DD
:10748000FDF75AFB06464FF0B043D3F8083113F42A
:10749000003F97D1FDF750FB801B0228F3D9032052
:1074A000A5E0A9694FF0B042D2F8083123F00F03EC
:1074B00043EA1113C2F80831FDF73EFB06464FF0D0
:1074C000B043D3F8083113F4803F7FF47FAFFDF76A
:1074D00033FB801B0228F2D9032088E0EB684FF0D1
:1074E000B0418A6822F4E06213438B60FDF724FB0D
:1074F00006464FF0B0439B6813F4003F7FF46BAF38
:10750000FDF71AFB801B0228F3D903206FE02969DD
:107510004FF0B042936823F4605343EAC103936091
:10752000FDF70AFB06464FF0B0439B6813F4802F2B
:107530007FF456AFFDF700FB801B0228F3D9032030
:1075400055E04FF0B042126812F4003F0FD1012015
:107550004DE04FF0B042126812F0007F07D10120D9
:1075600045E04FF0B042126812F4806F42D04FF005
:10757000B0418A6822F0030213438B60FDF7DCFA06
:1075800006464FF0B0439B6803F00C036A68B3EB08
:10759000820F08D0FDF7D0FA801B41F28833984261
:1075A000EFD9032023E0144B1B6803F00703A34229
:1075B00015D9114A136823F0070323431360FDF71D
:1075C000BBFA05460C4B1B6803F00703A34206D029
:1075D000FDF7B2FA401B0228F4D9032007E0FFF7B9
:1075E0003FFB064B1860FDF7ADFAFDF759FA70BD89
:1075F000012070470120FAE7004000588000002079
:1076000008B5FFF72DFB4FF0B0439B68C3F302238F
:10761000034A52F8233003F01F03D84008BD00BFCF
:107620002CDB000808B5FFF71BFB4FF0B0439B684D
:10763000C3F3C223034A52F8233003F01F03D84098
:1076400008BD00BF2CDB00084FF0B041D1F88830F6
:10765000020902F47F2223EA0203000100F47F20E2
:107660000343C1F88830704770B505464FF0B0420B
:10767000136823F080631360FDF75EFA04464FF051
:10768000B0431B6813F0006F06D0FDF755FA001BDE
:107690000228F4D9032400E000240CB1204670BD78
:1076A0004FF0B0431A6922F4FE42296842EA0122EF
:1076B0001A611A6922F4781269680A431A611A6811
:1076C00042F080621A60FDF737FA06464FF0B04389
:1076D0001B6813F0006F05D1FDF72EFA801B0228FE
:1076E000F4D90324002CD9D14FF0B0421369296991
:1076F0000B431361D2E770B505464FF0B0421368F3
:1077000023F080631360FDF717FA04464FF0B0438F
:107710001B6813F0006F06D0FDF70EFA001B02285D
:10772000F4D9032400E000240CB1204670BD4FF0D2
:10773000B0431A6922F4FE42296842EA01221A6122
:107740001A6922F06062A9680A431A611A6842F055
:1077500080621A60FDF7F0F906464FF0B0431B68EF
:1077600013F0006F05D1FDF7E7F9801B0228F4D96B
:107770000324002CD9D14FF0B042136929690B437F
:107780001361D2E770B505464FF0B042136823F09D
:1077900080631360FDF7D0F904464FF0B0431B68D7
:1077A00013F0006F06D0FDF7C7F9001B0228F4D9CB
:1077B000032400E000240CB1204670BD4FF0B0431C
:1077C0001A6922F4FE42296842EA01221A611A6902
:1077D00022F06042E9680A431A611A6842F0806246
:1077E0001A60FDF7A9F906464FF0B0431B6813F085
:1077F000006F05D1FDF7A0F9801B0228F4D90324FE
:10780000002CD9D14FF0B042136929690B431361A1
:10781000D2E770B50446036813F0400F35D0036B10
:10782000B3F5800F16D00BD833B90430FFF71CFF27
:107830000646B8B105462BE001231D461E4627E04B
:10784000B3F5000F1BD0B3F5400F1BD001231D462D
:107850001E461DE04FF0B042D36843F48033D3603E
:1078600000231E46236B4FF0B041D1F8882022F44C
:1078700040021343C1F8883000231D4608E000236E
:107880001E46EFE700231E46ECE700231D461E467A
:10789000236813F4006F0BD04FF0B043D3F890304F
:1078A00003F440731D46236CAB4240F0B78035466D
:1078B000236813F0010F09D0A3694FF0B041D1F84C
:1078C000882022F003021343C1F88830236813F0A4
:1078D000020F09D0E3694FF0B041D1F8882022F4BB
:1078E00040621343C1F88830236813F0100F0CD0A6
:1078F000A16A4FF0B042D2F88830080C000423EAA5
:10790000000343EA0143C2F88830236813F0200FD4
:107910000CD0E16A4FF0B042D2F88830080C000475
:1079200023EA000343EA0143C2F88830236813F0D6
:10793000040F40F0B580236813F0080F40F0B480C6
:10794000236813F4807F13D0636B4FF0B041D1F8FC
:10795000882022F040621343C1F88830636BB3F192
:10796000006F00F0A580636BB3F1806F00F0A5801D
:10797000236813F4007F17D0A36BB3F1804F05D0B9
:10798000B3F1004F02D0002B40F09F804FF0B04188
:10799000D1F8882022F040421343C1F88830A36B0D
:1079A000B3F1C05F00F0A380236813F4806F13D09D
:1079B000E36B4FF0B041D1F8882022F040521343DE
:1079C000C1F88830E36BB3F1005F00F09780E36BA0
:1079D000B3F1805F00F09780236813F4805F09D0D3
:1079E000636C4FF0B041D1F8942022F4404213432D
:1079F000C1F89430236813F4005F0DD0E26C4FF0AF
:107A0000B043596A21F030010A435A62A26C596AA4
:107A100021F003010A435A62284670BDFFF720F89F
:107A20005DB9236C4FF0B041D1F8902022F4407240
:107A30001343C1F8903035463AE74FF0B043D3F8DE
:107A40009020D3F8901041F48031C3F89010D3F80F
:107A5000901021F48031C3F8901022F44072216C10
:107A60000A43C3F89020D3F8903013F0010F13D0DD
:107A7000FDF762F805464FF0B043D3F8903013F0AD
:107A8000020F0BD1FDF758F8401B41F288339842A2
:107A9000F1D903231D460BE7354609E7354607E7CD
:107AA000206AFFF7D1FD46E7606AFFF7CDFD47E7A3
:107AB000CB6843F08073CB6055E7201DFFF71BFEBA
:107AC00000283FF455AF054652E723F080534FF0AE
:107AD000B042D2F8881021F04041C2F88810D2F8A4
:107AE000881021F040610B43C2F8883057E74FF00F
:107AF000B042D36843F08073D36055E7CB6843F45A
:107B00008033CB6063E7201DFFF73CFE00283FF485
:107B100063AF054660E74FF0B042136843F00403DB
:107B20001360704738B5044603680A4ADA60FDF707
:107B300003F805462368DB6813F0200F07D1FCF734
:107B4000FBFF401BB0F57A7FF4D9032000E0002052
:107B500038BD00BF5FFF010070B50368DA6812F03E
:107B6000400F02D00025284670BD0446DA6842F076
:107B70008002DA60FCF7E0FF064600252368DB6838
:107B800013F0400FEFD1002DEDD1FCF7D5FF831B93
:107B9000B3F57A7FF2D9042384F821300125EDE78B
:107BA0000268D36823F08003D36003689B6813F0F6
:107BB000200F01D00020704710B50446FFF7B2FF38
:107BC00018B1042384F82130012010BD002850D0C2
:107BD00038B5044690F8213063B1022384F821308F
:107BE0002368DA6812F0100F09D00020012384F80E
:107BF000213038BD80F82030FCF786FCEDE7CA2242
:107C00005A62236853225A622046FFF7A5FF28B123
:107C10002368FF225A620028EBD1E7E722689368C5
:107C200023F4E00323F04003936021688A686368CB
:107C300020690343A069034313438B602368E26810
:107C40001A6122681369A16843EA0143136120465F
:107C5000FFF7A6FF0028DBD12268D36C23F00303D3
:107C6000D3642168CB6CE26965692A431343CB6412
:107C7000CEE701207047000000B583B08446464B34
:107C80001868464BA3FB0030C00A4FF47A7303FB1D
:107C900000F001909CF82030012B7AD09646012309
:107CA0008CF8203002238CF82130DCF80030CA2216
:107CB0005A62DCF8003053225A62DCF800209368E4
:107CC00013F4806F09D0019B013B0193019B002BB2
:107CD0004AD0D36813F0040FF5D1936823F480637E
:107CE0009360DCF80020D368DBB263F49063D36068
:107CF0000190019B013B0193019B002B3DD0DCF8DF
:107D00000030D86810F0040FF3D09A6822F0070210
:107D10009A60DCF80020936843EA0E039360DCF875
:107D2000003059611E4BD3F8802042F40022C3F882
:107D300080201A6842F400221A60DCF80020936860
:107D400043F480439360DCF80020936843F480633D
:107D50009360DCF80030FF225A6201238CF8213056
:107D600000208CF8200012E0FF23536203208CF8DF
:107D7000210000238CF8203009E0DCF80030FF22DD
:107D80005A6203208CF8210000238CF8203003B0C5
:107D900000BD0220FBE700BF80000020D34D621031
:107DA0000008005810B5026A036A23F00103036259
:107DB000D0F804C0836923F4803323F073030C6884
:107DC00044EA030E22F002028B681343154A9042E4
:107DD00007D002F5E052904203D0A2F580629042B3
:107DE00005D123F00803CA681A4322F004030D4AA0
:107DF000904207D002F5C052904203D002F5806253
:107E0000904207D12CF4407C4A6942EA0C028C690A
:107E100044EA020CC0F804C0C0F818E04A684263A3
:107E2000036210BD002C014010B5036A026A22F4FF
:107E300080720262D0F804C0C26922F4803222F05B
:107E400073020C6844EA020E23F400738A6843EA62
:107E50000223134A90421AD0114A904207D002F5E9
:107E6000C052904203D002F58062904207D12CF4B8
:107E7000405C4A694CEA021C8A694CEA021CC0F860
:107E800004C0C0F81CE04A68C263036210BD23F45A
:107E90000063CA6843EA022323F48063DCE700BF7F
:107EA000002C014010B5026A036A23F48053036278
:107EB000D0F804C0C36923F0807323F4E6430C6850
:107EC00043EA042322F400528C6842EA0432DFF8C9
:107ED00030E0704507D00EF5C05E704503D00EF55A
:107EE000806E704504D12CF4804C4C694CEA841CA3
:107EF000C0F804C0C3614B680364026210BD00BFD8
:107F0000002C014010B5036A026A22F4803202623A
:107F1000D0F804C0426D22F4803222F070020C6866
:107F2000224323F400338C6843EA0443DFF82CE057
:107F3000704507D00EF5C05E704503D00EF5806E1B
:107F4000704504D12CF4803C4C694CEA042CC0F8F8
:107F500004C042654A688265036210BD002C01407E
:107F600010B5026A036A23F480130362D0F804C0D8
:107F7000436D23F0807323F4E0430C6843EA042349
:107F800022F400128C6842EA0452DFF830E07045B7
:107F900007D00EF5C05E704503D00EF5806E7045BB
:107FA00004D12CF4802C4C694CEA842CC0F804C019
:107FB00043654B68C365026210BD00BF002C0140E1
:107FC000036AD0F820C02CF0010CC0F820C0D0F813
:107FD00018C02CF0F00C4CEA021223F00A030B43F9
:107FE000826103627047036AD0F820C02CF0100C45
:107FF000C0F820C0D0F818C02CF4704C4CEA023203
:1080000023F0A00343EA011382610362704783688F
:1080100023F4401323F070030B4343F00703836002
:108020007047704770477047704770477047704798
:1080300070B504460368DE681D6915F0020F10D0A4
:1080400016F0020F0DD06FF002021A6101230377C0
:1080500003689B6913F0030F67D0FFF7E6FF002367
:10806000237715F0040F12D016F0040F0FD02368F9
:108070006FF004021A610223237723689B6913F4CB
:10808000407F58D02046FFF7D0FF0023237715F01C
:10809000080F12D016F0080F0FD023686FF00802F7
:1080A0001A61042323772368DB6913F0030F49D097
:1080B0002046FFF7BAFF0023237715F0100F12D0E8
:1080C00016F0100F0FD023686FF010021A6108230A
:1080D00023772368DB6913F4407F3AD02046FFF70B
:1080E000A4FF0023237715F0010F02D016F0010F33
:1080F00036D115F0800F02D115F4005F02D016F0D2
:10810000800F35D115F4807F02D016F0800F37D163
:1081100015F0400F02D016F0400F39D115F0200FA6
:1081200002D016F0200F3BD170BDFFF77DFF204637
:10813000FFF77CFF93E72046FFF776FF2046FFF727
:1081400075FFA2E72046FFF76FFF2046FFF76EFF9F
:10815000B1E72046FFF768FF2046FFF767FFC0E75B
:1081600023686FF001021A612046FFF75CFFC0E749
:1081700023686FF402521A61204600F0E4FBC1E765
:1081800023686FF480721A61204600F0DDFBBFE7C0
:1081900023686FF040021A612046FFF748FFBDE7F1
:1081A00023686FF020021A61204600F0CBFBBBE78A
:1081B00003681C4A904202D0B0F1804F03D123F0F3
:1081C00070034A681343174A90420AD0B0F1804FB7
:1081D00007D002F5C052904203D002F5806290426F
:1081E00003D123F44073CA68134323F080034A6920
:1081F00013438A68C2620A6882620A4A904207D0C0
:1082000002F5C052904203D002F58062904201D143
:108210000A690263026842F00402026001224261BC
:1082200003607047002C014060B310B5044690F81D
:108230003D3013B3022384F83D30214651F8040B3E
:10824000FFF7B6FF012384F8483084F83E3084F805
:108250003F3084F8403084F8413084F8423084F86C
:10826000433084F8443084F8453084F8463084F84C
:10827000473084F83D30002010BD80F83C3002F0DB
:1082800067FBD7E70120704760B310B5044690F84C
:108290003D3013B3022384F83D30214651F8040BDE
:1082A000FFF786FF012384F8483084F83E3084F8D5
:1082B0003F3084F8403084F8413084F8423084F80C
:1082C000433084F8443084F8453084F8463084F8EC
:1082D000473084F83D30002010BD80F83C30FFF777
:1082E000A0FED7E70120704750B338B50D460446CD
:1082F00090F83D30FBB1022384F83D30214651F81F
:10830000040BFFF755FF2268136823F0080313607E
:10831000226813682B431360012384F8483084F8E3
:108320003E3084F83F3084F8443084F8453084F897
:108330003D30002038BD80F83C30FFF773FEDAE7AF
:108340000120704710B5036A026A22F0100202622F
:10835000D0F804C0826922F0807222F4E6420C68F0
:1083600042EA042223F020038C6843EA0413DFF876
:108370004CE070451AD0DFF844E0704507D00EF5A8
:10838000C05E704503D00EF5806E704507D12CF4A9
:10839000406C4C694CEA840C8C694CEA840CC0F843
:1083A00004C082614A688263036210BD23F08003C7
:1083B000CC6843EA041323F04003DCE7002C0140BF
:1083C00038B590F83C30012B00F09880044601232A
:1083D00080F83C300C2A66D01ED8042A38D0082AEF
:1083E0004CD0BAB90D460068FFF7DCFC22689369EF
:1083F00043F0080393612268936923F004039361B7
:108400002268936929690B4393610020002384F853
:108410003C3038BD1846F9E7102A5AD0142A15D135
:108420000D460068FFF79CFD2268536D43F400631E
:1084300053652268536D23F4806353652268536D3E
:10844000296943EA012353650020DFE70120DDE7C6
:108450000D460068FFF776FF2268936943F40063D6
:1084600093612268936923F480639361226893691E
:10847000296943EA012393610020C7E70D4600689C
:10848000FFF7D2FC2268D36943F00803D361226866
:10849000D36923F00403D3612268D36929690B43AC
:1084A000D3610020B2E70D460068FFF7FBFC2268AD
:1084B000D36943F40063D3612268D36923F48063F2
:1084C000D3612268D369296943EA0123D36100207B
:1084D0009CE70D460068FFF715FD2268536D43F0D9
:1084E000080353652268536D23F004035365226823
:1084F000536D29690B435365002087E7022088E705
:10850000D0F808C02CF47F4C42EA03220A4342EA26
:108510000C0282607047000090F83C30012B76D04E
:1085200010B50446012380F83C30022380F83D302A
:1085300002689068374B034093600B68602B4CD007
:1085400023D8402B54D011D8202B03D00AD80BB1FC
:10855000102B05D119462068FFF759FD002028E0AF
:10856000012026E0302BF5D0012022E0502B0AD14B
:10857000CA6849682068FFF723FD50212068FFF78B
:1085800046FD002015E0012013E0B3F5805F3AD0EE
:10859000B3F5005F14D0702B37D1CB684A68896877
:1085A0002068FFF7ADFF2268936843F0770393607C
:1085B0000020012384F83D30002384F83C3010BDB6
:1085C000CB684A6889682068FFF79AFF2268936839
:1085D00043F4804393600020EBE7CA684968206851
:1085E000FFF701FD60212068FFF711FD0020E0E7A3
:1085F000CA6849682068FFF7E3FC40212068FFF75C
:1086000006FD0020D5E70020D3E70120D1E70220B6
:10861000704700BF8800CEFF01F01F014FF0010C32
:108620000CFA01FC036A23EA0C030362036A8A4022
:10863000134303627047000010B504460B4669BB44
:1086400090F83E20013A18BF0122002A76D1002B73
:108650004AD1022284F83E20012219462068FFF701
:10866000DBFF2368384A934207D002F5C052934299
:1086700003D002F58062934203D15A6C42F4004267
:108680005A642368304A93424AD0B3F1804F47D0AE
:108690001A6842F001021A60002050E004290BD051
:1086A00008290FD00C2913D0102917D090F8432097
:1086B000013A18BF0122C8E790F83F20013A18BFDD
:1086C0000122C2E790F84020013A18BF0122BCE71E
:1086D00090F84120013A18BF0122B6E790F84220F5
:1086E000013A18BF0122B0E7042B09D0082B0BD0A8
:1086F0000C2B0DD0102B0FD0022284F84320ABE7B7
:10870000022284F83F20A7E7022284F84020A3E752
:10871000022284F841209FE7022284F842209BE74E
:1087200099680A4A0A40062A0AD0B2F5803F09D061
:108730001A6842F001021A60002000E0012010BD1A
:108740000020FCE70020FAE7002C014007000100B0
:1087500001F00F014FF0040C0CFA01FC036A23EA4C
:108760000C030362036A8A401343036270470000EC
:1087700010B50446084609BB94F84430013B18BFC5
:108780000123002B4ED178BB022384F8443004220D
:1087900001462068FFF7DCFF2268536C43F4004376
:1087A00053642368224A93422ED0B3F1804F2BD0DA
:1087B0001A6842F001021A60002034E0042907D050
:1087C00008290BD094F84730013B18BF0123D8E7A4
:1087D00094F84530013B18BF0123D2E794F84630A6
:1087E000013B18BF0123CCE7042805D0082807D097
:1087F000022384F84730CAE7022384F84530C6E7ED
:10880000022384F84630C2E799680A4A0A40062AD9
:108810000AD0B2F5803F09D01A6842F001021A600E
:10882000002000E0012010BD0020FCE70020FAE756
:10883000002C01400700010090F83C20012A2DD0B7
:1088400010B50346012280F83C20022280F83D202A
:1088500000684268D0F808C0DFF844E0704518D0DE
:1088600022F070020C68224342601A680C4882426F
:1088700002D0B2F1804F05D12CF0800C896841EA1A
:108880000C019160012283F83D20002083F83C0018
:1088900010BD22F470024C682243E1E702207047C9
:1088A000002C014090F83C30012B47D002460123B8
:1088B00080F83C30CB6823F440738868034323F48A
:1088C00080634868034323F400630868034323F488
:1088D00080530869034323F400534869034323F496
:1088E0008043086B034323F47023886943EA004301
:1088F00023F08053C86903431068DFF844C0604523
:1089000004D04364002082F83C00704710B423F484
:1089100070038C6A43EA045323F080730C6A234388
:1089200023F000734C6A234323F00053C96A0B43BE
:108930004364002082F83C0010BC7047022070475E
:10894000002C014070477047704770477047704770
:1089500070477047704770477047026852E8003FA1
:1089600023F4907342E800310029F6D1026802F145
:10897000080353E8003F23F0805323F0010308323B
:1089800042E800310029F1D1C36E012B06D020232B
:10899000C0F88C300023C36643677047026852E812
:1089A000003F23F0100342E800310029F6D1EEE742
:1089B00008B5B0F86030D0F88C20222A05D00268C3
:1089C000936943F00803936108BD0268516ADBB202
:1089D000826D0B401370836D01338365B0F85E3098
:1089E0009BB2013B9BB2A0F85E30B0F85E309BB208
:1089F000002BE9D1026852E8003F23F4907342E86B
:108A000000310029F6D1026802F1080353E8003F63
:108A100023F00103083242E800310029F3D120237A
:108A2000C0F88C30416701670368174A93420CD045
:108A30005B6813F4000F08D0026852E8003F23F08F
:108A4000806342E800310029F6D1C36E012B03D0C8
:108A5000D0F8A0309847B7E70023C366026852E811
:108A6000003F23F0100342E800310029F6D10368EB
:108A7000DA6912F0100F01D010221A62D0F8C0305B
:108A8000B0F85C1098479FE70080004008B5B0F848
:108A90006020D0F88C30222B05D00268936943F017
:108AA0000803936108BD03685B6A816D13400B8006
:108AB000836D02338365B0F85E309BB2013B9BB29D
:108AC000A0F85E30B0F85E309BB2002BEAD10268AD
:108AD00052E8003F23F4907342E800310029F6D1B8
:108AE000026802F1080353E8003F23F00103083253
:108AF00042E800310029F3D12023C0F88C304167CF
:108B000001670368174A93420CD05B6813F4000FA7
:108B100008D0026852E8003F23F0806342E8003149
:108B20000029F6D1C36E012B03D0D0F8A0309847AE
:108B3000B8E70023C366026852E8003F23F0100341
:108B400042E800310029F6D10368DA6912F0100F0B
:108B500001D010221A62D0F8C030B0F85C109847EB
:108B6000A0E700BF008000402DE9F843B0F8603076
:108B700098460368DF691A6891469E68D0F88C2091
:108B8000222A05D09A6942F008029A61BDE8F8836A
:108B90000446B0F868500EE0D4F8903033B1D4F801
:108BA000A430204698470023C4F89030B4F85E30D3
:108BB0009BB2002B46D0002D78D017F0200F75D037
:108BC0002368596A5FFA88F3A26D0B401370A36D96
:108BD0000133A365B4F85E309BB2013B9BB2A4F8AD
:108BE0005E302368DF6917F0070FDFD017F0010F41
:108BF00009D019F4807F06D001221A62D4F890308F
:108C00001343C4F8903017F0020F0BD016F0010F89
:108C100008D0236802221A62D4F8903043F004038B
:108C2000C4F8903017F0040FB6D016F0010FB3D08F
:108C3000236804221A62D4F8903043F00203C4F887
:108C40009030A9E7226852E8003F23F4807342E89D
:108C500000310029F6D1226802F1080353E8003FF1
:108C600023F0805323F00103083242E80031002949
:108C7000F1D12023C4F88C30616721672368294A29
:108C800093420CD05B6813F4000F08D0226852E8BE
:108C9000003F23F0806342E800310029F6D1E36E03
:108CA000012B26D0D4F8A03020469847B4F85E3087
:108CB0009BB2002B3FF46AAFB4F868209A427FF66B
:108CC00065AF226802F1080353E8003F23F08053A8
:108CD000083242E800310029F3D1134B6367226860
:108CE00052E8003F43F0200342E800310029F6D16A
:108CF0004CE70023E366226852E8003F23F01003AC
:108D000042E800310029F6D12368DA6912F0100F29
:108D100001D010221A62D4F8C030B4F85C1020469A
:108D20009847C3E700800040B18900082DE9F84367
:108D3000B0F860500368D3F81C801A6891469F68A9
:108D4000D0F88C20222A05D09A6942F008029A6154
:108D5000BDE8F8830446B0F868600EE0D4F89030BF
:108D600033B1D4F8A430204698470023C4F890309B
:108D7000B4F85E309BB2002B45D0002E77D018F0AF
:108D8000200F74D023685B6AA26D2B401380A36D03
:108D90000233A365B4F85E309BB2013B9BB2A4F8EA
:108DA0005E302368D3F81C8018F0070FE0D018F06D
:108DB000010F09D019F4807F06D001221A62D4F87D
:108DC00090301343C4F8903018F0020F0BD017F016
:108DD000010F08D0236802221A62D4F8903043F0C1
:108DE0000403C4F8903018F0040FB7D017F0010F47
:108DF000B4D0236804221A62D4F8903043F00203FE
:108E0000C4F89030AAE7226852E8003F23F4807348
:108E100042E800310029F6D1226802F1080353E844
:108E2000003F23F0805323F00103083242E8003171
:108E30000029F1D12023C4F88C30616721672368B1
:108E4000294A93420CD05B6813F4000F08D02268C3
:108E500052E8003F23F0806342E800310029F6D158
:108E6000E36E012B26D0D4F8A03020469847B4F802
:108E70005E309BB2002B3FF46BAFB4F868209A428F
:108E80007FF666AF226802F1080353E8003F23F043
:108E90008053083242E800310029F3D1134B636755
:108EA000226852E8003F43F0200342E800310029E5
:108EB000F6D14DE70023E366226852E8003F23F035
:108EC000100342E800310029F6D12368DA6912F074
:108ED000100F01D010221A62D4F8C030B4F85C1020
:108EE00020469847C3E700BF008000408D8A0008F5
:108EF000124BC0F89430124BC0F89830114BC0F8A8
:108F00009C30114BC0F8A030104BC0F8A430104B6F
:108F1000C0F8A8300F4BC0F8AC300F4BC0F8B030E1
:108F20000E4BC0F8B4300E4BC0F8B8300D4BC0F843
:108F3000BC300D4BC0F8C030704700BF4D890008F1
:108F40004B8900084F890008819800085189000862
:108F50005389000855890008578900083997000887
:108F60003B9700083D9700085989000838B504462A
:108F700083680269134342691343C269134301685A
:108F800008688E4A02401A430A602268536823F434
:108F90004053E1680B435360A1692268884B9A42B1
:108FA00001D0236A1943936823F06E4323F430639E
:108FB0000B4393602268D36A23F00F03616A0B436B
:108FC000D36222687F4B9A4218D07D4B9A4227D0B9
:108FD00010237B498A4247D0E069B0F5004F00F08A
:108FE0008480042B00F0D58000F2B380012B00F0C8
:108FF000B780022B40F0AB807348B4E04FF0B04331
:10900000D3F8883003F00303022B1FD004D8FBB140
:10901000012B1FD10423DCE7032B1DD10823D8E744
:109020004FF0B043D3F8883003F44063B3F5006FDA
:1090300014D006D8002BCCD0B3F5806F10D1042308
:10904000C7E7B3F5406F0DD10823C2E70223C0E79D
:109050000123BEE71023BCE71023BAE70223B8E7D9
:109060001023B6E71023B4E7042B3BD006D863B136
:10907000022B01D154480DE0012096E0082B02D1CB
:109080004FF4004006E001208FE0FEF7B9FA002817
:1090900000F08B80626A4D4B33F81220B0FBF2F384
:1090A000656805EB4501994276D8B3EB053F75D865
:1090B00000231946F7F76AFD090241EA1061000230
:1090C0002A466B08C0184FF0000341F10001F7F782
:1090D0005DFDA0F540723E4B9A4261D82368D8608E
:1090E000002062E0FDF75CFDD1E7042B2CD007D80F
:1090F000012B09D0022B01D1334809E0012054E0B3
:10910000082B05D0012050E0FEF78CFA00284CD047
:10911000626A2E4B33F81230B0FBF3F062685308EA
:1091200003EB4003B3FBF2F3A3F110014FF6EF7230
:10913000914237D89AB222F00F02C3F3420313438D
:109140002268D360002030E0FDF72AFDDEE7012031
:109150002BE0082B02D14FF4004004E0012024E072
:10916000FEF760FA08B3626A184B33F81230B0FBAE
:10917000F3F0636800EB5300B0FBF3F0A0F11002D2
:109180004FF6EF739A420FD8236880B2D860002060
:109190000BE0FDF705FDE5E7012006E0012004E016
:1091A000012002E0012000E001200123A4F86A3040
:1091B000A4F8683000236367A36738BDF369FFCF65
:1091C00000800040003801400024F400C4DA0008A8
:1091D000FFFC0F00836A13F0080F06D00268536883
:1091E00023F40043816B0B435360836A13F0010F38
:1091F00006D00268536823F40033C16A0B435360FE
:10920000836A13F0020F06D00268536823F4803398
:10921000016B0B435360836A13F0040F06D002689E
:10922000536823F48023416B0B435360836A13F02C
:10923000100F06D00268936823F48053C16B0B4370
:109240009360836A13F0200F06D00268936823F4BA
:109250000053016C0B439360836A13F0400F0AD0F4
:109260000268536823F48013416C0B435360436CD2
:10927000B3F5801F0BD0836A13F0800F06D002680D
:10928000536823F40023C16C0B435360704702689A
:10929000536823F4C003816C0B435360EBE72DE963
:1092A000F04104460D4616469846069F2368DB6942
:1092B00035EA03030CBF4FF0010C4FF0000CB4452E
:1092C00034D1B7F1FF3FF1D0FBF736FC4346C01A6B
:1092D000B8422ED87FB323681A6812F0040FE5D085
:1092E000802DE3D0402DE1D0DA6912F0080F11D1C2
:1092F000DA6912F4006FD9D04FF400621A62204686
:10930000FFF72BFB2023C4F89030002384F884302F
:1093100003200CE008251D622046FFF71EFBC4F861
:109320009050002384F88430012000E00020BDE844
:10933000F0810320FBE70320F9E72DE9F04184B039
:109340001E46D0F88830202B5DD104460D460029FA
:109350005DD003920AB9012056E00023C0F8903096
:109360002123C0F88830FBF7E7FB0746039BA4F8EE
:109370005430A4F85630A368B3F5805F02D00023C0
:10938000984618E0236953B30023984613E020233E
:10939000C4F88830032037E0424632F8023B90465A
:1093A0002268C3F308039362B4F8562092B2013ADC
:1093B00092B2A4F85620B4F856309BB293B10096FE
:1093C0003B46002280212046FFF769FF0028DED1BE
:1093D000002DE1D015F8012B23689A62E4E7A84636
:1093E0001D46E8E700963B46002240212046FFF755
:1093F00056FF18B92023C4F8883005E02023C4F8AC
:109400008830032000E0022004B0BDE8F081012094
:10941000FAE730B583B004460023C0F89030FBF77C
:109420008BFB05462268126812F0080F10D12368E2
:109430001B6813F0040F27D12023C4F88830C4F828
:109440008C300020E066206784F8840003B030BDD3
:109450006FF07E430093034600224FF40011204634
:10946000FFF71DFF0028E2D0226852E8003F23F0FA
:10947000800342E800310029F6D12023C4F8883067
:1094800084F884100320E1E76FF07E4300932B46BD
:1094900000224FF480012046FFF701FF0028CBD0C7
:1094A000226852E8003F23F4907342E8003100291B
:1094B000F6D1226802F1080353E8003F23F00103CC
:1094C000083242E800310029F3D12023C4F88C305F
:1094D00084F884100320B9E700283AD010B5044678
:1094E000D0F888300BB32423C4F88830226813687E
:1094F00023F001031360A36A3BBB2046FFF736FD50
:10950000012811D02268536823F4904353602268E5
:10951000936823F02A0393602268136843F00103E1
:1095200013602046FFF775FF10BD80F88430FFF709
:10953000DFFCD4F8C43023B1D4F8C43020469847B7
:10954000D1E7054BC4F8C430F6E72046FFF742FEEA
:10955000D3E70120704700BF39AF0008944681650A
:10956000A0F85C20A0F85E20002343678368B3F571
:10957000805F06D0A3B9036973B9FF23A0F86030F8
:1095800014E0036923B940F2FF13A0F860300DE046
:10959000FF23A0F8603009E07F23A0F8603005E0E9
:1095A000B3F1805F2CD00023A0F860300023C0F816
:1095B00090302223C0F88C30016801F1080353E891
:1095C000003F43F00103083141E80032002AF3D1A3
:1095D000436EB3F1005F1DD08368B3F5805F41D067
:1095E000284B43670369002B42D0026852E8003FD2
:1095F00043F4907342E800310029F6D1002070470F
:1096000003691BB97F23A0F86030CFE73F23A0F8A0
:109610006030CBE7B0F868306345DDD88368B3F5D8
:10962000805F19D0184B4367036943B1026852E861
:10963000003F43F4807342E800310029F6D102680C
:1096400002F1080353E8003F43F08053083242E838
:1096500000310029F3D1D1E70369002BE2D10B4B94
:109660004367E1E70369002BBAD1094B4367B9E7C8
:10967000026852E8003F43F0200342E8003100292D
:10968000F6D1BBE7B1890008698B00082D8D000871
:109690008D8A000808B5D0F88C30202B1AD1D9B1AA
:1096A000E2B10023C3660368DFF834C063450ED01F
:1096B0005B6813F4000F0AD0D0F800C05CE8003FEC
:1096C00043F080634CE8003EBEF1000FF4D1FFF799
:1096D00045FF00E0022008BD0120FCE70120FAE779
:1096E00000800040436E2BB90123A0F86A30A0F837
:1096F0006830704700B503689A68C2F3426299689F
:10970000490FDFF82CE01EF80130DB00DFF824C041
:109710001CF8011093FBF1F3A0F86A301EF8023038
:10972000DB001CF8022093FBF2F3A0F8683000BDC8
:10973000E4DA0008DCDA000870477047704790F8F8
:109740008430012B18D0012380F884302423C0F802
:10975000883003681A68196821F00101196022F045
:1097600000520023436601680A602022C0F8882066
:1097700080F88430184670470220704738B590F85A
:109780008430012B1DD00446012380F8843024232B
:10979000C0F8883003681D681A6822F001021A6058
:1097A0000268936823F0604319439160FFF79AFFC2
:1097B00023681D602023C4F88830002084F88400CA
:1097C00038BD0220FCE738B590F88430012B1DD05D
:1097D0000446012380F884302423C0F888300368CD
:1097E0001D681A6822F001021A600268936823F06B
:1097F000606319439160FFF775FF23681D602023A4
:10980000C4F88830002084F8840038BD0220FCE7CA
:10981000FEE7FEE7FEE7FEE7FEE7704770477047AA
:1098200008B5FBF77DF908BD08B5F9F775F908BD6E
:1098300008B50248FCF7CCFE08BD00BFC01D0020E3
:1098400008B50248FCF7C4FE08BD00BFC01D0020DB
:1098500008B50348FEF7ECFB0248FEF7E9FB08BD3C
:10986000900700204407002008B5F8F7D3FD08BD95
:1098700008B5F8F763FD08BD08B5FBF7DDFF08BDC7
:1098800008B50268074B9A4200D008BD6423012244
:1098900005490648FFF751FD012203490348FFF738
:1098A000F9FEF2E7003801403C060020F8070020EE
:1098B00003460020A3F844004BF68072A3F8402032
:1098C0007047B0F840309BB223F47E535B045B0CCE
:1098D000A0F840300020704782B0034602A800E99B
:1098E00006000122A3F840200020A3F84000A3F8BE
:1098F0004400A3F8500002B0704700B5034691F849
:1099000000C030F82C2092B222F4EC4222F0700217
:1099100092B2C878022867D008D878B1012803D15C
:1099200042F4806200200BE0012009E0032803D10B
:1099300042F4C062002003E0012001E042F4007222
:1099400048F2800E42EA0E0223F82C2091F800C063
:1099500033F82C2092B222F4E04222F070024CEA5A
:10996000020242EA0E0223F82C200A7B002A40F071
:10997000DC804A78002A48D0B3F8502013FA82F2EB
:1099800091F800C002EBCC02B1F806C04FEA5C0CC3
:109990004FEA4C0CA2F800C491F800C033F82C2018
:1099A00012F0400F0CD033F82C2092B222F4E04297
:1099B00022F0700242F4004242F0C00223F82C2050
:1099C000CA78012A12D0097833F8212092B222F401
:1099D000E04222F0400282F0200242F4004242F0D3
:1099E000800223F82120D8E10020A9E7097833F884
:1099F000212092B222F4E04222F0400242F40042DE
:109A000042F0800223F82120C7E1B3F8502013FA76
:109A100082F291F800C002EBCC02B1F806C04FEA26
:109A20005C0C4FEA4C0CA2F804C4B3F8502013FAB3
:109A300082F291F800C002EBCC02B2F806C4CCF37B
:109A4000090CA2F806C4D1F810C0BCF1000F2FD148
:109A5000B2F806C46FEA4C4C6FEA5C4C1FFA8CFCFF
:109A6000A2F806C491F800C033F82C2012F4804FFD
:109A70000CD033F82C2092B222F4E04222F0700293
:109A800042F4404242F0800223F82C200978E1BBE6
:109A900033F8212092B222F4804222F0700282F444
:109AA000405242F4004242F0800223F8212074E147
:109AB000BCF13E0F13D84FEA5C0E1CF0010F01D031
:109AC0000EF1010EB2F806C41FFA8CFC4FEA8E2E7E
:109AD0001FFA8EFE4CEA0E0CA2F806C4C2E74FEA4B
:109AE0005C1E1CF01F0F01D10EF1FF3EB2F806C440
:109AF0001FFA8CFC4FEA8E2E1FFA8EFE4CEA0E0CDB
:109B00004CF4004CA2F806C4ACE733F8212092B222
:109B100022F4804222F0700282F4005242F40042A9
:109B200042F0800223F8212037E1CA78022A7BD054
:109B300091F800C033F82C2092B222F4E24222F0D5
:109B4000700242F4004242F0800223F82C20B3F865
:109B5000502013FA82F291F800C002EBCC02B1F867
:109B600008C04FEA5C0C4FEA4C0CA2F800C4B3F8F2
:109B7000502013FA82F291F800C002EBCC02B1F847
:109B80000AC04FEA5C0C4FEA4C0CA2F804C44A78B5
:109B9000002A40F0108191F800C033F82C2012F414
:109BA000804F0CD033F82C2092B222F4E04222F005
:109BB000700242F4404242F0800223F82C2091F8D7
:109BC00000C033F82C2012F0400F0CD033F82C20BA
:109BD00092B222F4E04222F0700242F4004242F0DB
:109BE000C00223F82C204A78002A5AD1B3F850201A
:109BF00013FA82F291F800C002EBCC02B2F802C470
:109C0000CCF3090CA2F802C4D1F810C0BCF1000FCB
:109C10001AD1B2F802C46FEA4C4C6FEA5C4C1FFADE
:109C20008CFCA2F802C43EE091F800C033F82C206E
:109C300092B222F4E04222F0700242F4014242F079
:109C4000800223F82C2082E7BCF13E0F13D84FEAA4
:109C50005C0E1CF0010F01D00EF1010EB2F802C42F
:109C60001FFA8CFC4FEA8E2E1FFA8EFE4CEA0E0C69
:109C7000A2F802C417E04FEA5C1E1CF01F0F01D1CE
:109C80000EF1FF3EB2F802C41FFA8CFC4FEA8E2E92
:109C90001FFA8EFE4CEA0E0C4CF4004CA2F802C4E3
:109CA00001E0012A20D04A78002A57D1B3F8502089
:109CB00013FA82F291F800C002EBCC02B2F806C4AB
:109CC000CCF3090CA2F806C4D1F810C0BCF1000F07
:109CD00017D1B2F806C46FEA4C4C6FEA5C4C1FFA1D
:109CE0008CFCA2F806C43BE0B3F8502013FA82F2D1
:109CF00091F800C002EBCC02B1F810C0A2F802C487
:109D0000D1E7BCF13E0F13D84FEA5C0E1CF0010FF7
:109D100001D00EF1010EB2F806C41FFA8CFC4FEA16
:109D20008E2E1FFA8EFE4CEA0E0CA2F806C417E027
:109D30004FEA5C1E1CF01F0F01D10EF1FF3EB2F87E
:109D400006C41FFA8CFC4FEA8E2E1FFA8EFE4CEAD8
:109D50000E0C4CF4004CA2F806C401E0012A1DD000
:109D600091F800E033F82E2092B222F4804222F0E3
:109D7000700282F4405248F2800C42EA0C0223F84E
:109D80002E20097833F8212092B222F4E04222F00A
:109D9000400242EA0C0223F8212000BDB3F8502013
:109DA00013FA82F291F800C002EBCC02B1F810C0B5
:109DB000A2F806C4D4E791F800C033F82C2012F4BE
:109DC000804F0CD033F82C2092B222F4E04222F0E3
:109DD000700242F4404242F0800223F82C2091F8B5
:109DE00000C033F82C2012F0400F0CD033F82C2098
:109DF00092B222F4E04222F0700242F4004242F0B9
:109E0000C00223F82C20CA78012A1FD091F800C084
:109E100033F82C2092B222F4E04222F0400282F089
:109E2000200242F4004242F0800223F82C200978FC
:109E300033F8212092B222F4804222F0700242F4E0
:109E4000004242F0800223F82120A6E791F800C0EA
:109E500033F82C2092B222F4E04222F0400242F485
:109E6000004242F0800223F82C20E0E70B7B002B1D
:109E700046D14B7813B30A7830F8223013F0400FF4
:109E80000CD030F822309BB223F4E04323F070036F
:109E900043F4004343F0C00320F822300A7830F83E
:109EA00022309BB223F4E04323F0400343F4004309
:109EB00043F0800320F82230002070470A7830F801
:109EC000223013F4804F0CD030F822309BB223F4B0
:109ED000E04323F0700343F4404343F0800320F851
:109EE00022300A7830F822309BB223F4804323F0EA
:109EF000700343F4004343F0800320F82230DBE793
:109F00004B78002B4ED10A7830F8223013F4804F72
:109F10000CD030F822309BB223F4E04323F07003DE
:109F200043F4404343F0800320F822300A7830F8AD
:109F3000223013F0400F0CD030F822309BB223F4C3
:109F4000E04323F0700343F4004343F0C00320F8E0
:109F500022300A7830F822309BB223F4E04323F019
:109F6000700343F4004343F0C00320F822300A7822
:109F700030F822309BB223F4804323F0700348F280
:109F8000800C43EA0C0320F822300A7830F82230A3
:109F90009BB223F4E04323F0400343EA0C0320F890
:109FA000223089E70A7830F8223013F4804F0CD041
:109FB00030F822309BB223F4E04323F0700343F4E3
:109FC000404343F0800320F822300A7830F82230F2
:109FD00013F0400F0CD030F822309BB223F4E04352
:109FE00023F0700343F4004343F0C00320F8223011
:109FF0000A7830F822309BB223F4E04323F0700358
:10A0000043F4404343F0800320F822300A7830F8CC
:10A0100022309BB223F4E04323F0400348F2800C4B
:10A0200043EA0C0320F822300A7830F822309BB241
:10A0300023F4804323F0700343EA0C0320F822301A
:10A040003AE74B788BB10A7830F822309BB223F490
:10A05000E04323F0400383F0100343F4004343F054
:10A06000800320F82230002070470A7830F8223030
:10A070009BB223F4804323F0700383F4805343F4B2
:10A08000004343F0800320F82230ECE74B7833B3F1
:10A090000A7830F8223013F0400F0CD030F822301C
:10A0A0009BB223F4E04323F0700343F4004343F0F6
:10A0B000C00320F82230CB78012B33D00A7830F857
:10A0C00022309BB223F4E04323F0400383F02003CB
:10A0D00043F4004343F0800320F8223022E00A7862
:10A0E00030F8223013F4804F0CD030F822309BB27D
:10A0F00023F4E04323F0700343F4404343F0800330
:10A1000020F822300A7830F822309BB223F48043C2
:10A1100023F0700383F4405343F4004343F080037F
:10A1200020F822300020704711B98023A0F84C306D
:10A1300000207047B0F858306FEA43436FEA53434A
:10A140009BB2A0F8583000207047B0F8440080B2AD
:10A15000704701335B08104400F5806008E00A781E
:10A1600091F801C042EA0C2220F8022B0231013B97
:10A17000002BF4D1704770B505460C464B78012B87
:10A180001AD00B7B002B40F094828B69002B40F09F
:10A190006782CB78002B40F063820A7830F8223057
:10A1A0009BB223F4E04323F0700343F4014343F0F4
:10A1B000800320F8223061E28A691146164622693E
:10A1C000914200D91646217B41B3E178022947D05C
:10A1D000226A921B2262227835F8221011F0400F79
:10A1E00000F0F681002B40F0E381B5F8503015FA0D
:10A1F00083F303EBC202B2F80634C3F30903A2F8F7
:10A200000634002E40F0B481B2F806346FEA4343BE
:10A210006FEA53439BB2A2F80634D2E1B3B21E46B2
:10A22000E28861692846FFF794FFB5F8503015FAC7
:10A2300083F3227803EBC203A3F80264227835F893
:10A2400022309BB223F4E04323F0400383F0300339
:10A2500043F4004343F0800325F82230002024E239
:10A26000236A9A4280F06681227835F822309BB2C8
:10A2700023F4E04323F0700343F4014343F08003ED
:10A2800025F82230236A9B1B2362237835F823208C
:10A2900012F0400F00F0A7806278B2BBB5F85020F2
:10A2A00015FA82F202EBC303B3F80624C2F30902E3
:10A2B000A3F806244EB9B3F806246FEA42426FEAC7
:10A2C000524292B2A3F8062421E03E2E0DD8720825
:10A2D00016F0010F00D00132B3F8061489B29202D1
:10A2E00092B20A43A3F8062411E0710916F01F0F79
:10A2F00000D10139B3F8062492B2890289B20A4327
:10A3000042F40042A3F8062401E0012A29D0B3B2A6
:10A31000628961692846FFF71CFF63693344636102
:10A32000236A2269934226D99B1B23626378002B00
:10A3300045D1B5F8503015FA83F3227803EBC20308
:10A34000B3F80224C2F30902A3F80224BEB9B3F899
:10A3500002246FEA42426FEA524292B2A3F8022408
:10A360002FE0B5F8502015FA82F202EBC303B2B227
:10A37000A3F80624CBE7002222621E46D6E73E2E33
:10A380000DD8720816F0010F00D00132B3F8021494
:10A3900089B2920292B20A43A3F8022411E0710931
:10A3A00016F01F0F00D10139B3F8022492B28902CE
:10A3B00089B20A4342F40042A3F8022401E0012BCF
:10A3C00006D0B3B2228961692846FFF7C2FE35E79D
:10A3D000B5F8503015FA83F3227803EBC203B2B21A
:10A3E000A3F80224EDE76278B2BBB5F8502015FA65
:10A3F00082F202EBC303B3F80224C2F30902A3F80A
:10A4000002244EB9B3F802246FEA42426FEA524284
:10A4100092B2A3F8022421E03E2E0DD8720816F065
:10A42000010F00D00132B3F8021489B2920292B245
:10A430000A43A3F8022411E0710916F01F0F00D19E
:10A440000139B3F8022492B2890289B20A4342F474
:10A450000042A3F8022401E0012A29D0B3B22289E4
:10A4600061692846FFF775FE636933446361236AB7
:10A470002269934226D99B1B23626378002B45D126
:10A48000B5F8503015FA83F3227803EBC203B3F822
:10A490000624C2F30902A3F80624BEB9B3F80624C1
:10A4A0006FEA42426FEA524292B2A3F806242FE0CA
:10A4B000B5F8502015FA82F202EBC303B2B2A3F84A
:10A4C0000224CBE7002222621E46D6E73E2E0DD89C
:10A4D000720816F0010F00D00132B3F8061489B2E9
:10A4E000920292B20A43A3F8062411E0710916F011
:10A4F0001F0F00D10139B3F8062492B2890289B244
:10A500000A4342F40042A3F8062401E0012B06D0DE
:10A51000B3B2628961692846FFF71BFE8EE6B5F883
:10A52000503015FA83F3227803EBC203B2B2A3F8DA
:10A530000624EDE7217835F8212092B222F4E24298
:10A5400022F0700242F4004242F0800225F82120FD
:10A55000B5F8502015FA82F2217802EBC1029BB2C5
:10A56000A2F80234228961692846FFF7F2FD65E608
:10A570003E2E0DD8730816F0010F00D00133B2F84B
:10A58000061489B29B029BB20B43A2F8063418E072
:10A59000710916F01F0F00D10139B2F806349BB2D1
:10A5A000890289B20B4343F40043A2F8063408E061
:10A5B000B5F8503015FA83F303EBC203B2B2A3F837
:10A5C0000624B3B2628961692846FFF7C2FD35E609
:10A5D000B3BBB5F8503015FA83F303EBC202B2F8FF
:10A5E0000234C3F30903A2F802344EB9B2F80234BC
:10A5F0006FEA43436FEA53439BB2A2F8023428E068
:10A600003E2E0DD8730816F0010F00D00133B2F8BA
:10A61000021489B29B029BB20B43A2F8023418E0E9
:10A62000710916F01F0F00D10139B2F802349BB244
:10A63000890289B20B4343F40043A2F8023408E0D4
:10A64000B5F8503015FA83F303EBC203B2B2A3F8A6
:10A650000224B3B2228961692846FFF77AFDEDE54D
:10A66000227835F822309BB223F4E24323F07003C2
:10A6700043F4004343F0800325F82230A3692269A4
:10A68000934213D99B1AA361227835F822309BB2EA
:10A6900023F4804323F0700383F4405343F40043D6
:10A6A00043F0800325F82230002070BD0023A36111
:10A6B000EAE7CB78022B04D0012B21D100238B6158
:10A6C000E2E7CB69002BDFD00A7830F8223099B26C
:10A6D00013F4804F10D011F0400FD5D035F8223050
:10A6E0009BB223F4E04323F0700343F4004343F0B0
:10A6F000C00325F82230C7E711F0400FC4D1EDE7C1
:10A700000120D2E79C465B08104400F5806007E01A
:10A7100030F8022B0A70C2F307224A700231013B63
:10A72000002BF5D11CF0010F01D003880B7070478E
:10A73000006040607047EFF3108372B60268824297
:10A7400003D0002083F3108870470120FAE7EFF36D
:10A75000108372B602680A60486001600A6851603E
:10A7600083F310887047EFF3108372B60860426875
:10A770004A6041604A68116083F310887047EFF3C4
:10A78000108372B6426801681160026841685160C6
:10A7900083F31088704710B5EFF3108472B6036826
:10A7A0000B600068FFF7EBFF84F3108810BD704763
:10A7B00070477047704770477047704770477047E1
:10A7C00070477047704770477047704770477047D1
:10A7D00008B5FFF7ECFFFFF7EBFFFFF7EAFFFFF726
:10A7E000E9FFFFF7E8FFFFF7E7FFFFF7E6FFFFF7F7
:10A7F000E5FFFFF7E4FFFFF7E3FFFFF7E2FFFFF7F7
:10A80000E1FFFFF7E0FFFFF7DFFFFFF7DEFFFFF7F6
:10A81000DEFFFFF7DBFFF7F797FA08BD08B5002367
:10A82000034A1377034A1370FFF7D2FF08BD00BF36
:10A83000DC010020D8010020034A137F42F82300E6
:10A8400001331377704700BFDC01002038B505469F
:10A850004378FF2B06D1B0F8033003F47F43B3F500
:10A86000406F03D02846F6F773FB38BD002422461C
:10A870000A4B1B7FA34209D9084B53F824302846C2
:10A880009847024610B90134E4B2F1E7002AE9D052
:10A89000022A01D10020E8E70120E6E7DC010020E0
:10A8A00008B503460D4A0E490E48006840B10D48F0
:10A8B00000680344521A934208D80A4A136008BD3C
:10A8C0000848DFF824C0C0F800C0F0E701F078FFC6
:10A8D0000C2303604FF0FF30F1E700BF00000320BE
:10A8E0000010000040070020E8230020164AD2F89C
:10A8F000883043F47003C2F888304FF0B0431A68D0
:10A9000042F001021A604FF4E0229A601968A2F145
:10A91000A262A2F205120A401A60D3F8942022F033
:10A920000502C3F89420D3F8982022F00102C3F85E
:10A930009820064ADA601A611A6822F480221A60A6
:10A9400000229A61704700BF00ED00E00010042271
:10A9500000B583B00368184A934204D0174A934263
:10A9600015D003B000BD4FF0B0431A6E42F4006240
:10A970001A661B6E03F400630093009B00221146CD
:10A980001920FAF731FE1920FAF73EFEE9E74FF0F9
:10A99000B0431A6E42F400321A661B6E03F40033A1
:10A9A0000193019B002211461920FAF71DFE192080
:10A9B000FAF72AFED5E700BF002C01400044014011
:10A9C00030B589B00023039304930593069307934E
:10A9D0000368274A934204D0264A93422FD009B0F5
:10A9E00030BD4FF0B043DA6C42F00102DA64DA6C49
:10A9F00002F001020192019ADA6C42F00202DA647A
:10AA0000DB6C03F002030093009B4FF4B0630393ED
:10AA10000225049501240694079403A94FF0904061
:10AA2000FAF72AFE4FF4004303930495002305939D
:10AA30000694079403A91048FAF71EFECFE74FF0DB
:10AA4000B043DA6C42F00202DA64DB6C03F002031A
:10AA50000293029B40230393022304930323069350
:10AA60000E23079303A90448FAF706FEB7E700BFD1
:10AA7000002C0140004401400004004810B59CB087
:10AA80000024189419941A941B94159416941794EE
:10AA90000E940F94109411941294139414943422DD
:10AAA000214601A801F074FE3648374B036044602C
:10AAB00084604FF6FF73C360046144618461FDF7F5
:10AAC000B3FB002848D14FF48053189318A92D48A0
:10AAD000FDF722FD002842D12A48FDF7D5FB0028CA
:10AAE00040D1002315931693179315A92548FDF718
:10AAF000A3FE002839D160230E9300220F921092FA
:10AB000011921292139214920EA91E48FDF758FC4E
:10AB100000282DD108220EA91A48FDF751FC50BB80
:10AB20000023019302930393049305934FF400527F
:10AB300006920793089309934FF000720A920B93C1
:10AB40000C930D9301A90F48FDF7ACFEB0B90D4869
:10AB5000FFF736FF1CB010BDF8F700F9B3E7F8F7C0
:10AB6000FDF8B9E7F8F7FAF8BBE7F8F7F7F8C2E746
:10AB7000F8F7F4F8CEE7F8F7F1F8D1E7F8F7EEF8E0
:10AB8000E5E700BF90070020002C014010B594B00D
:10AB900000240D940E940F94109411941294139415
:10ABA00034222146684601F0F3FD2548254B036019
:10ABB000446084604FF6FF73C36004614461846144
:10ABC000FDF732FB00282BD11D48FDF75DFB50BB84
:10ABD00008211B48FDF788FB40BB60230D93002232
:10ABE0000E920F9210921192129213920DA9144884
:10ABF000FDF7E6FBE8B9002300930193029303936A
:10AC000004934FF40052059206930C9369460C4846
:10AC1000FDF748FE80B90A48FFF7D2FE14B010BD18
:10AC2000F8F79CF8D0E7F8F799F8D1E7F8F796F835
:10AC3000D3E7F8F793F8DEE7F8F790F8EBE700BF13
:10AC4000440700200044014000B583B009E001A999
:10AC50000748FFF7A0FD074B1B6901991869FFF72B
:10AC600082FD0348FFF767FD0028F0D003B000BD68
:10AC7000F00700200000032008B5F7F7B9FA08BD77
:10AC800008B50C4B0C4A1A600C4A5A600C4A9A6080
:10AC90000C4A1A620C4A5A620C4ADA600C4A1A616F
:10ACA0000C4A5A610C4A9A610C4ADA61F7F7C8FA01
:10ACB00008BD00BF00000320C4010320B40103202D
:10ACC000A40103209C010320940103208C01032094
:10ACD000700103206C010320600103205401032054
:10ACE00038B504460B4D2846FFF722FD0A4B5B683A
:10ACF000A2681A60E268DA60084A5A609D60F7F755
:10AD0000BFFA2268064B1A606268064B1A60002080
:10AD100038BD00BF3C01032000000320580A032077
:10AD2000EC070020E807002008B5054B5A681268B8
:10AD3000012111725B68F7F7B1FA002008BD00BF6E
:10AD40000000032000B583B007E001A90648FFF723
:10AD500022FD064B1B68019898470348FFF7EBFC60
:10AD60000028F2D003B000BD3C010320EC07002016
:10AD700008B5024B1B68984708BD00BFE8070020D4
:10AD800038B50446094D2846FFF7D2FC084BDB686E
:10AD9000A2681A605D60F7F7A3FA2268054B1A6093
:10ADA0006268054B1A60002038BD00BF34010320E3
:10ADB00000000320E4070020E007002008B5054B51
:10ADC000DA68126810211172DB68F7F797FA002031
:10ADD00008BD00BF0000032008B5044BDA68DA683C
:10ADE000034B1B681068984708BD00BF0000032094
:10ADF000E407002000B583B007E001A90648FFF78B
:10AE0000CAFC064B1B68019898470348FFF793FC60
:10AE10000028F2D003B000BD34010320E007002079
:10AE200038B504460C4D2846FFF782FC0B48FFF767
:10AE30007FFC0B4B1B690B4A1360A2689A60E268A7
:10AE4000DA601D6122681A6062685A6022695A617C
:10AE500062699A6138BD00BF4C010320F0070020F1
:10AE600000000320DC07002008B501460348FFF777
:10AE70007AFC0348F7F798FA08BD00BFF0070020F6
:10AE800049AC000810B5054C2046FFF751FC044BB7
:10AE90005B691C60F7F7A6FA10BD00BF44010320F0
:10AEA000000003207047000000B583B006E001A950
:10AEB0000648FFF770FC0198FFF7F4FF0348FFF71F
:10AEC0003AFC0028F3D003B000BD00BF44010320CA
:10AED00008B51748174B03604FF4E1334360002374
:10AEE0008360C36003610C2242618361C3610362BA
:10AEF00043628362FEF7F0FA70B900210C48FEF756
:10AF00003DFC60B900210A48FEF75DFC50B90848D5
:10AF1000FEF715FC48B908BDF7F720FFEDE7F7F796
:10AF20001DFFEFE7F7F71AFFF1E7F7F717FFF2E773
:10AF3000F80700200038014070B59CB0044600219D
:10AF40001791189119911A911B91502203A801F0A1
:10AF50001FFC2268224B9A4201D01CB070BD012315
:10AF6000039303A8FCF755FC002836D14FF0B043FB
:10AF70001A6E42F480421A661A6E02F480420292FD
:10AF8000029ADA6C42F00102DA64DA6C02F0010231
:10AF90000192019ADA6C42F00202DA64DB6C03F08F
:10AFA00002030093009B4FF400731793022518953A
:10AFB000002419941A9407261B9617A94FF0904065
:10AFC000FAF75AFB80231793189519941A941B9635
:10AFD00017A90448FAF750FBBFE7F7F7BFFEC5E72C
:10AFE000003801400004004808B500220F4910480D
:10AFF00000F057FC70B90F490D4800F069FC60B9CA
:10B000000D490B4800F037FA50B9094800F080FCB0
:10B0100048B908BDF7F7A2FEEDE7F7F79FFEEFE7A7
:10B02000F7F79CFEF1E7F7F799FEF2E754010020ED
:10B03000C4080020C80000200C01002010B5D0F882
:10B04000D43203F1B00250F822408CB100EB820000
:10B0500043687BB194F80002FF280DD09B6894F8F8
:10B06000012221469847FF2384F80032002010BDBA
:10B070000320FCE71846FAE70020F8E70A230380DC
:10B080000048704700010020F8B507460F4D8221A7
:10B09000284600F0B3FD06460121284600F0AEFD2B
:10B0A00004468121284600F0A9FD0EB11022B2719C
:10B0B0001CB1402222710022627118B1402202713B
:10B0C0000022427143233B800048F8BD84000020E9
:10B0D000F8B507460F4D8221284600F08FFD064641
:10B0E0000121284600F08AFD04468121284600F00F
:10B0F00085FD0EB11022B2711CB1402222710022D6
:10B10000627118B1402202710022427143233B80D8
:10B110000048F8BD84000020F8B507460F4D822195
:10B12000284600F06BFD06460121284600F066FD2A
:10B1300004468121284600F061FD0EB11022B27153
:10B140001CB1002222710222627118B10022027128
:10B150000222427143233B800048F8BD8400002056
:10B1600038B5D0F8D432B03350F8235095B10446F6
:10B1700000F069FBC5F80C02D4F8D432B03304EB0C
:10B1800083046368DB6805F50371D5F8040298470A
:10B19000002038BD0320FCE710B5D0F8C8E2D0F895
:10B1A000D432B03350F823C0BCF1000F2FD001F0DF
:10B1B0000F0303EB830200EB8202926952B103EBAF
:10B1C00083040EEBC40EDEF820E0B2FBFEF40EFBAF
:10B1D000142292B10023CCF81432D0F8D432B03318
:10B1E00000EB830043681B699BB10A460CF50471B0
:10B1F000DCF808029847002010BD03EB830300EB46
:10B2000083039A61134600F00EFB0020F4E703204D
:10B21000F2E71846F0E7F0B583B0D0F8D43203F186
:10B22000B00250F8227000228DF80720ADF80420FB
:10B23000002F76D004460D46097811F0600633D011
:10B24000202E67D1EA882AB311F0800F07D16B78DE
:10B2500087F80032EA883F2A13D8D2B212E0B0331E
:10B2600000EB83035B689B68394668789847EA88F7
:10B27000072A28BF07223946204601F039F900265F
:10B280004CE0402287F801223946204601F045F97A
:10B29000002643E0B03300EB83035B689B682946DC
:10B2A00068789847002639E06F780A2F23D008D8AD
:10B2B00097B1012F32D02946204600F0DCFC03264E
:10B2C0002CE00B2FF7D190F89C32032B26D0294687
:10B2D00000F0D1FC032621E090F89C32032B04D02F
:10B2E000294600F0C8FC032618E0022201A901F05B
:10B2F000FFF83E4612E090F89C32032B04D029461A
:10B3000000F0B9FC032609E001220DF1070101F06C
:10B31000EFF803E0294600F0AEFC0326304603B008
:10B32000F0BD0326FAE738B50446812100F045FA5E
:10B33000002525870121204600F03FFAA4F8785126
:10B340008221204600F039FAA4F84C50A4F84E505F
:10B35000D4F8D43203F1B00254F822209AB1B033B9
:10B3600004EB83035B685B689847D4F8D432B0334E
:10B3700054F8230000F094FAD4F8D432B03344F8EF
:10B380002350C4F8BC52002038BD70B504464FF4B9
:10B39000077000F081FA002849D005464FF4077283
:10B3A000002101F0F5F9D4F8D432B03344F8235039
:10B3B000C4F8BC52237C002B40D14FF4007302220E
:10B3C0008121204600F0EEF9012626874FF4007314
:10B3D00002223146204600F0E5F9A4F878611023F6
:10B3E000A4F84E30082303228221204600F0DAF927
:10B3F0000123A4F84C300026C5F80462D4F8D432F6
:10B40000B03304EB83035B681B689847C5F814628C
:10B41000C5F81862D5F804225AB3257C15BB4FF441
:10B4200000730121204600F006FA284670BDD4F8CA
:10B43000D432B03344F823000225F6E74023022239
:10B440008121204600F0AEF9012626874023022202
:10B450003146204600F0A6F9A4F878611023A4F83C
:10B460004E30BFE740230121204600F0E4F90025DB
:10B47000DBE70225D9E739B1D0F8D432B03300EB9D
:10B48000830041600020704703207047D0F8D43219
:10B49000B03350F823302BB1C3F80812C3F8102290
:10B4A0000020704703207047D0F8D432B03350F8F2
:10B4B00023301BB1C3F804120020704703207047EB
:10B4C00008B5D0F8D432B03350F823208AB1D2F87E
:10B4D00014320BB1012008BD0123C2F81432D2F896
:10B4E0001032C362D2F80822812100F09CF90020BA
:10B4F000F1E70320EFE710B5D0F8D432B03350F8BD
:10B50000232092B1047C44B94FF40073D2F8042292
:10B51000012100F090F9204610BD4023D2F804220A
:10B52000012100F088F90024F5E70324F3E7002067
:10B5300070470020704700207047000010B501469A
:10B54000044C2046FFF7B0FF2046FFF7D4FF002051
:10B5500010BD00BFC408002010B5064C00220649EB
:10B560002046FFF793FF05492046FFF79DFF002087
:10B5700010BD00BFC4080020A00B0020A0130020B5
:10B5800008B5084BD3F8BC32D3F814320BB1012004
:10B5900008BD0A4601460348FFF778FF0148FFF758
:10B5A0008FFFF5E7C4080020022804D005D808B1B1
:10B5B000032070477047012070470320704708B58B
:10B5C000F7F7CEFB08BD000010B588B00023039349
:10B5D000049305930693079302681B4B9A4201D08C
:10B5E00008B010BD4FF0B044E36C43F00103E364D6
:10B5F000E36C03F001030293029B4FF4C0530393E7
:10B60000022304930A23079303A94FF09040FAF70B
:10B6100033F8A36D43F08063A365A36D03F08063EB
:10B620000193019B002211461320F9F7DDFF13203F
:10B63000F9F7EAFF002211461420F9F7D5FF14208C
:10B64000F9F7E2FFCCE700BF0068004008B500F55D
:10B650002671D0F8D80200F071F908BD08B501EBE9
:10B66000810300EBC303D3F86421D0F8D80200F0C3
:10B67000F5F908BD08B501EB810300EBC3035A6A75
:10B68000D0F8D80200F04AFA08BD08B5D0F8D802C0
:10B6900000F0D0F908BD10B504464379022B09D15A
:10B6A0000121D4F8D80200F0A8F9D4F8D80200F0AB
:10B6B00071F910BDF7F752FBF2E7000010B5044630
:10B6C000D0F8D80200F09CF9637A23B1024A1369DA
:10B6D00043F00603136110BD00ED00E010B5044611
:10B6E000437A23B9D4F8D80200F098F910BD044A7F
:10B6F000136923F006031361FFF761FFF2E700BF50
:10B7000000ED00E038B50546204CC4F8D802C0F87A
:10B71000C842FBF7B5F91E4B2360082323710223AF
:10B720006371E371002323726372A372E372204694
:10B73000FAF72EFA30BB182300221146D5F8C802BA
:10B74000FBF75CF9582300228021D5F8C802FBF7EB
:10B7500055F9C02300228121D5F8C802FBF74EF924
:10B760004FF4887300220121D5F8C802FBF746F98F
:10B770004FF4807300228221D5F8C802FBF73EF90E
:10B78000002038BDF7F7EAFAD5E700BFC01D00205A
:10B790000068004008B5D0F8C802FAF754FAFFF77D
:10B7A00003FF08BD08B594461A466346D0F8C802A0
:10B7B000FAF7E7FFFFF7F8FE08BD08B5D0F8C802B2
:10B7C000FBF722F8FFF7F0FE08BD08B5D0F8C80275
:10B7D000FBF79CF8FFF7E8FE08BD08B5D0F8C802F3
:10B7E000FBF7CDF8FFF7E0FE08BDD0F8C83211F046
:10B7F000800F08D101F07F0101EB810103EBC10350
:10B8000093F85201704701F07F0101EB810103EBD6
:10B81000C103987C704708B5D0F8C802FAF7C5FE96
:10B82000FFF7C2FE08BD08B5D0F8C802FBF748F81C
:10B83000FFF7BAFE08BD08B5D0F8C802FBF71AF842
:10B84000FFF7B2FE08BD08B5D0F8C802FBF72FF825
:10B8500008BD000010B5044669B1012911D1D0F826
:10B86000D80200F0CDF8637A5BB10A4A136943F05D
:10B870000603136105E0437A23B9D4F8D80200F037
:10B88000CDF810BDFFF79BFE024A136923F00603B3
:10B890001361F2E700ED00E000487047A01B0020B4
:10B8A000704798B108B503460020C3F8B802C3F842
:10B8B000C402C3F8D00209B1C3F8B412012183F85D
:10B8C0009C121A701846FFF71DFF08BD0320704731
:10B8D00010B582B00023ADF80630B9B10446C0F807
:10B8E000B812D0F8D422CB6A43B1AE3250F822302D
:10B8F000DB6A0DF106009847C4F8D002D4F8D832BC
:10B900000133C4F8D832002002B010BD0320FBE799
:10B9100008B5FFF73FFF08BD08B5D0F8B83213B13E
:10B920001B68984708BD1846FCE708B5D0F8B83240
:10B930005B68984700B908BD0320FCE738B50446AA
:10B9400000F2AA25284600F082F90123C4F89432B7
:10B95000B4F8B032C4F8983294F8AA1201F01F0378
:10B96000012B07D0022B0AD073B92946204600F0DC
:10B970005FFB38BD2946204600F09BFBF9E72946CE
:10B98000204600F0DEFBF4E701F080012046FFF7DF
:10B990001CFFEEE7F8B50446012380F89C32002333
:10B9A000C0F894324360C0F8A43280F8A032D0F8D6
:10B9B000B832DBB15B68DBB1002198470746C8B9F4
:10B9C0004023002211462046FFF7ECFE0126A4F892
:10B9D00064614025C4F860512B4600228021204636
:10B9E000FFF7E0FEA68425623846F8BD1F46E7E76C
:10B9F0001F46E5E703231F46E2E701740020704776
:10BA000090F89C32042B04D090F89C32DBB280F882
:10BA10009D32042380F89C320020704790F89C32BD
:10BA2000042B01D00020704790F89D32DBB280F8E3
:10BA30009C32F7E708B590F89C32032B01D0002028
:10BA400008BDD0F8B832002BF9D0DB69002BF6D056
:10BA50009847F4E7002070470020704738B5044647
:10BA60000D46002941D11346D0F89422032A01D073
:10BA7000084638BDD0F85C11D0F86021914209D851
:10BA800090F8AA3203F01F03012B0ED0022B1AD01C
:10BA900028460FE0891AC0F85C118A4228BF0A467E
:10BAA000194600F049FD2846E3E790F8AE12FFF78B
:10BAB000D1FF18B994F89C32032B09D0204600F02E
:10BAC00043FD2846D5E790F8AE12FFF7C5FFF0E733
:10BAD00000F1AE0354F823301A69002AEED0C4F8FE
:10BAE000D4021B6920469847E8E701F07F01FFF781
:10BAF000B3FF88B994F89C32032BBAD100F1AE039E
:10BB000054F823309A69002AB3D0C4F8D4029B6950
:10BB1000294620469847ACE70020AAE738B50446F6
:10BB20000D4600294AD11346D0F89422022A07D0A4
:10BB300094F8A00218B1002384F8A032284638BD3A
:10BB4000C269016A8A420DD88A4217D094F89C32A1
:10BB5000032B27D080212046FFF737FE204600F038
:10BB6000FEFCE5E7521AC261194600F0CEFC002344
:10BB70001A4619462046FFF75EFED9E783699942C7
:10BB8000E4D8D0F898229342E0D20022114600F087
:10BB9000BCFC0021C4F898120B460A462046FFF769
:10BBA0004AFEC5E7D4F8B832DA68002AD2D00022BB
:10BBB000C4F8D422DB6820469847CBE741F08001E7
:10BBC000FFF74AFF88B994F89C32032BB7D100F1F4
:10BBD000AE0354F823305A69002AB0D0C4F8D40216
:10BBE0005B69294620469847A9E70020A7E70B880C
:10BBF000027813440B800378184470474288037816
:10BC00009A4218D930B583B004460D46ADF80630D7
:10BC10006388BDF806209A420AD20DF10601FFF7AB
:10BC2000E6FF4378052BF3D18378AB42F0D100E0F7
:10BC3000002003B030BD002070470346002002E022
:10BC40000130C0B201331A78002AF9D170470B785D
:10BC500003704B7843708B78CA7843EA02234380A1
:10BC60000B794A7943EA022383808B79CA7943EAC4
:10BC70000223C380704710B504468021FFF7A5FD5D
:10BC800000212046FFF7A1FD10BD30B583B004466A
:10BC90000D460023ADF806304A88130A062B00F043
:10BCA000A58021D8022B31D0032B43D0012B40F0AB
:10BCB000B780D0F8B4321B680DF10601007C9847BC
:10BCC000EA88002A00F0B680BDF80630002B00F0AC
:10BCD000AC809A4228BF1A46ADF80620014620469D
:10BCE00000F006FC03B030BD072B00F08B800F2B5B
:10BCF00040F09680D0F8B432DB6923B10DF1060133
:10BD0000007C9847DCE7FFF7B6FFEBE7037C43B91D
:10BD1000D0F8B8329B6A0DF10600984702234370B1
:10BD2000CEE7D0F8B832DB6A0DF10600984702235F
:10BD30004370C5E7D2B2032A38D00ED8012A1DD0ED
:10BD4000022A27D0002A4CD1D0F8B4325B6893B1D4
:10BD50000DF10601007C9847B2E7042A32D0052A8B
:10BD60003FD1D0F8B4329B69002B37D00DF10601DA
:10BD7000007C9847A4E7FFF77EFFB3E7D0F8B43222
:10BD80009B6823B10DF10601007C984798E7FFF707
:10BD900072FFA7E7D0F8B432DB6823B10DF10601DA
:10BDA000007C98478CE7FFF766FF9BE7D0F8B4323A
:10BDB0001B6923B10DF10601007C984780E7FFF76E
:10BDC0005AFF8FE7D0F8B4325B6923B10DF1060159
:10BDD000007C984774E7FFF74EFF83E7FFF74BFFC0
:10BDE00080E729462046FFF746FF7BE7037C33B90F
:10BDF000D0F8B8325B6B0DF10600984760E7FFF7AB
:10BE00003AFF6FE7037C43B9D0F8B8321B6B0DF1F2
:10BE1000060098470723437052E7FFF72CFF61E7BE
:10BE200029462046FFF727FF5CE729462046FFF713
:10BE300022FF57E7204600F087FB53E738B504465A
:10BE40008B8803BBCB88F3B94B887F2B1BD803F0BF
:10BE50007F031A4690F89C32032B0DD0154680F8CC
:10BE60009E221146FFF7D7FC204600F06DFB35B14E
:10BE7000022384F89C3209E0FFF7FDFE06E001236F
:10BE800084F89C3202E02046FFF7F5FE38BD000042
:10BE900070B504460E464B88DDB2324A1570012D4E
:10BEA00011D890F89C22D1B2022A10D0032928D0B0
:10BEB0003146FFF7E0FE2B4B19782046FFF735FDA2
:10BEC0000325284670BDFFF7D6FE0325F9E7ADB17F
:10BED000DBB243602946FFF71FFD054638B1314606
:10BEE0002046FFF7C8FE022384F89C32E9E720468B
:10BEF00000F02AFB032384F89C32E2E700F024FBE5
:10BF0000DFE7D5B1DBB241688B4226D0C9B2FFF77B
:10BF10000CFD144B197861602046FFF7FDFC0546C7
:10BF2000B8B131462046FFF7A6FE21792046FFF73B
:10BF3000FCFC022384F89C32C3E7022280F89C2296
:10BF4000DBB243602946FFF7F0FC204600F0FCFA24
:10BF5000B7E7204600F0F8FAB3E700F0F5FA00255D
:10BF6000AFE700BF9C20002008B5CB88012B0BD188
:10BF700090F89C32DAB2022B09D9032A11D101229E
:10BF8000011D00F0B5FA01E0FFF775FE08BD52B2E1
:10BF90003AB10146002341F8083F012200F0A8FA17
:10BFA000F4E7FFF768FEF1E708B590F89C32013B33
:10BFB000022B12D8CB88022B0CD10123C360D0F8FE
:10BFC000A4320BB10323C360022200F10C0100F084
:10BFD0008FFA08BDFFF74FFEFBE7FFF74CFEF8E7CF
:10BFE00008B54B88012B04D0022B07D0FFF743FE86
:10BFF00008BDC0F8A43200F0A7FAF9E78B881B0A45
:10C0000080F8A03200F0A0FAF2E708B590F89C3270
:10C01000013B022B09D84B88012B00D008BD00231F
:10C02000C0F8A43200F090FAF8E7FFF724FEF5E735
:10C0300038B50C7804F06004202C06D0402C04D0D5
:10C040006CB1FFF718FE002407E0D0F8D432AE330D
:10C0500050F823309B6898470446204638BD4B78FB
:10C060001D46052B12D008D8012B1CD0032B17D04E
:10C07000E3B9FFF799FF2C46EFE7082B0DD0092B0A
:10C0800007D0062B12D1FFF700FEE6E7FFF7D6FE3A
:10C09000E3E7FFF7FDFE0446DFE7FFF765FFDCE7B8
:10C0A000FFF79EFFD9E7FFF7B0FFD6E7FFF7E3FD05
:10C0B000D3E770B505460C460B7803F06003202BE0
:10C0C00008D0402B06D02BB1FFF7D5FD00231E462C
:10C0D000304670BD95F89C32013B022B2AD821795D
:10C0E000032920D82846FFF7B5FC034668B900F1BC
:10C0F000AE02284655F82220916889B1C5F8D4329D
:10C10000936821469847064601E003231E46E388CC
:10C11000002BDDD1002EDBD1284600F015FAD7E741
:10C1200003231E46F3E721462846FFF7A4FD00231C
:10C130001E46CDE721462846FFF79DFD00231E46FB
:10C14000C6E72DE9F04106460D468B88DAB2174660
:10C150000C7804F06004202C08D0402C06D0DCB110
:10C16000FFF789FD00242046BDE8F08139463046BE
:10C17000FFF772FC0446002840F0FA803046C6F80B
:10C18000D44204F1AE0356F823309B68002BEAD06A
:10C19000294698470446E6E74A789046012A2FD078
:10C1A000032A04D0002A69D0FFF765FDDBE790F889
:10C1B0009C32DAB2022B04D0032A12D0FFF75BFDC7
:10C1C000D1E739460FB1802F04D129463046FFF719
:10C1D00052FDC8E7FFF7F9FA80213046FFF7F5FA7C
:10C1E000C1E74B8823B91FB1802F01D0CB881BB189
:10C1F000304600F0A9F9B6E73946FFF7E6FAF7E767
:10C2000090F89C22D1B2022A05D0032913D02946E6
:10C21000FFF731FDA7E739460FB1802F04D129463A
:10C220003046FFF728FD9EE7FFF7CFFA8021304622
:10C23000FFF7CBFA97E76A88002A94D113F07F0FB3
:10C2400018D1304600F080F939463046FFF704FC3B
:10C250000346002887D13046C6F8D43203F1AE0237
:10C2600056F822209268002A00F0848029469047E0
:10C27000044678E73946FFF7B0FAE2E790F89C22E7
:10C28000D1B2022A06D0032929D02946FFF7F3FCB0
:10C29000444668E70FB1802F13D113F0800F15D1FA
:10C2A00003F07F0303EB8303990001F5A871314488
:10C2B000043100230B600222304600F019F9444695
:10C2C00051E72946FFF7D7FC44464CE703F07F03CC
:10C2D00003EB83039900103131440431E9E759B28B
:10C2E00000291FDB03F00F0202EB820200EB820247
:10C2F000B2F8642122B3002927DB03F07F0303EBAC
:10C3000083039C0004F5A874344404340FB1802FD7
:10C3100024D10023236002222146304600F0E8F8B1
:10C32000444620E703F00F0202EB820200EB820298
:10C33000928C002ADFD12946FFF79DFC444612E784
:10C340002946FFF798FC44460DE703F07F0303EB13
:10C3500083039C00103434440434D7E73946304614
:10C36000FFF743FA10B101232360D4E72060D2E73E
:10C370000024F8E61C46F6E600B370B50D461646F6
:10C380000446FFF75AFC01304300B3F5007F06D89E
:10C390009BB233802B7003236B7002230AE04FF4AF
:10C3A0000073F6E7EA5401345A1CD2B20021A954B2
:10C3B0000233DBB22278002AF4D170BD704700004E
:10C3C00012230B80004870474001002004230B809B
:10C3D000004870473C010020002393421DD200B565
:10C3E00010E00CF1370C01F813C000014FEA430CC8
:10C3F0000CF1010C4FF0000E01F80CE00133DBB240
:10C40000934209D24FEA107CB0F1204FE9D20CF1EF
:10C41000300C01F813C0E8E700BD70470B4BD3F8B0
:10C420009005D3F89425D3F89835C01800D17047FB
:10C4300010B5144608220649FFF7CEFF0422044B2C
:10C4400003F110012046FFF7C7FF10BD0070FF1F6A
:10C450002201002008B51A230B80FFF7DFFF0148F7
:10C4600008BD00BF2001002008B50A4628B90549CB
:10C470000548FFF781FF034808BD02490248FFF75E
:10C480007BFFF8E7A020002030D9000810B50A464D
:10C49000034C21460348FFF76FFF204610BD00BF45
:10C4A000A020002048D9000808B50A4628B9054947
:10C4B0000548FFF761FF034808BD02490248FFF73E
:10C4C0005BFFF8E7A020002050D9000808B50A4615
:10C4D00028B905490548FFF74FFF034808BD024941
:10C4E0000248FFF749FFF8E7A02000205CD90008C8
:10C4F00008B513460222C0F894228361C3610A463C
:10C500000021FFF790F9002008BD08B513460A4640
:10C510000021FFF788F9002008BD08B51346032263
:10C52000C0F89422C0F85831C0F85C310A460021A6
:10C53000FFF781F9002008BD08B513460A4600211F
:10C54000FFF779F9002008BD08B50422C0F894224D
:10C5500000231A461946FFF766F9002008BD08B502
:10C560000522C0F8942200231A461946FFF763F902
:10C57000002008BDD458C4500433C4188C42F9D3E9
:10C580007047036004308842FBD370470C488546EF
:10C59000FEF7ACF90B480C490C4A0023FFF7EDFFFE
:10C5A0000B480C490C4A0023FFF7E7FF0B480C49E6
:10C5B0000023FFF7E8FF00F009F9F6F765FCFEE756
:10C5C0000000032008000020C401002000DC000857
:10C5D000E4010320670A032008DE0008100200209F
:10C5E000E8230020FEE70000024B0146186800F037
:10C5F00025B800BF7401002070B50F4C0E462168AD
:10C60000054611B900F0CCF820603146284600F00C
:10C61000C7F8431C03D14FF0FF34204670BDC41C43
:10C6200024F00304A042F8D0211A284600F0B8F8FC
:10C630000130F2D1EFE700BFA02200202DE9F8433E
:10C64000CD1C25F0030508350C2D38BF0C25002D19
:10C65000064601DBA94204D90C2333600020BDE863
:10C66000F883334F00F066F83B681C463CBB294614
:10C670003046FFF7C1FF431C044656D13C68A04634
:10C68000B8F1000F40D1002C49D023684146304614
:10C6900004EB030900F084F8814540D121686D1A4C
:10C6A00029463046FFF7A8FF013038D023682B44D5
:10C6B00023603B685A685ABBC7F800800EE02268C6
:10C6C000521B1ED40B2A16D96119A342256018BF2C
:10C6D0005960636808BF396062514B60304600F0B2
:10C6E0002FF804F10B00231D20F00700C21A1CBF15
:10C6F0001B1AA350B3E76268A3420CBF3A605A60AA
:10C70000ECE723466468B1E74446D8F80480B7E70D
:10C710001A465B68A342FBD100235360DEE70C237B
:10C720003360304600F00CF898E70560D6E700BFAC
:10C73000A4220020014800F06DB800BFE4230020CF
:10C74000014800F068B800BFE42300200EB410B523
:10C750009DB01FAB029006906FF000410A48079110
:10C7600004910A4953F8042B0591002402A900689A
:10C7700001931B9400F00AF9029B1C701DB0BDE8E8
:10C78000104003B0704700BF740100200802FFFF93
:10C7900002440346934200D1704703F8011BF9E7B6
:10C7A00038B5064C0023054608462360FEF778F8A6
:10C7B000431C02D1236803B12B6038BDE023002065
:10C7C000014B1868704700BF7401002070B50D4B15
:10C7D0000D4C00261D1BB6EBA50F09D101F00CF87E
:10C7E0000A4C0B4B00261D1BB6EBA50F05D170BDE7
:10C7F00054F8043B98470136EDE754F8043B98475A
:10C800000136F1E7F8DB0008F8DB0008F8DB000888
:10C81000FCDB0008704770470A44914200F1FF3387
:10C8200000D1704710B511F8014B03F8014F914248
:10C83000F9D110BD37B5002944D051F8043C01901E
:10C84000002BA1F10404B8BFE418FFF773FF1E4AE0
:10C850000198136833B96360146003B0BDE83040D9
:10C86000FFF76EBFA34208D9256861198B4201BF4B
:10C8700019685B6849192160EDE71A465B680BB1DE
:10C88000A342FAD911685518A5420BD12468214456
:10C890005418A3421160E0D11C685B6853600C44DB
:10C8A0001460DAE702D90C230360D6E72568611922
:10C8B0008B4204BF19685B68636004BF491921603B
:10C8C0005460CAE703B030BDA42200202DE9F04730
:10C8D0008E681F46BE4282460C469046334653D869
:10C8E000B1F90C0010F4906F2BD0656923680969C9
:10C8F00005EB4505A3EB010905EBD5757B1C6D1018
:10C900004B44AB422A4684BF1D462A46430527D5E1
:10C9100011465046FFF792FE064658B321694A4633
:10C92000FFF77AFFA38923F4906343F08003A38188
:10C93000266165614E44A5EB09052660A5603E466B
:10C940003B461F4620683A46414600F0B7FAA368C6
:10C950009B1BA36023683B4423600020BDE8F08755
:10C96000504600F0C4FA06460028E1D1216950463D
:10C97000FFF760FF0C23CAF80030A38943F040039F
:10C98000A3814FF0FF30E9E73E46DBE72DE9F047B2
:10C990001F468B891B069CB006460D46144610D5D3
:10C9A0000B6973B94021FFF749FE2860286130B94F
:10C9B0000C2333604FF0FF301CB0BDE8F0874023FC
:10C9C0006B610023099320238DF8293003973023CE
:10C9D000654F8DF82A304FF0010823461A789946A2
:10C9E0001AB1252A03F10103F8D1B9EB040A0BD0DF
:10C9F0005346224629463046FFF768FF013000F0D3
:10CA0000A380099A5244099299F80030002B00F053
:10CA10009B8000224FF0FF33CDE9053209F1010977
:10CA2000049207928DF853201A924C46052214F86E
:10CA3000011B4D48F3F78CFB049AD0B9D00644BFD4
:10CA400020238DF85330110744BF2B238DF853302A
:10CA500099F800302A2B13D007994B4600204FF04D
:10CA60000A0C1A78303A092A1C464AD9A8B107910B
:10CA700013E0C01B08FA00F010430490A146D4E76D
:10CA8000039B191D1B680391002BBBBF5B4242F047
:10CA9000020207930793B8BF049223782E2B0AD182
:10CAA00063782A2B32D1039B1A1D1B68039243EA39
:10CAB000E37302340593DFF8C090217803224846DF
:10CAC000F3F746FB38B1049BA0EB090040228240FB
:10CAD000134301340493217824488DF8281006224A
:10CAE000F3F736FB002835D0214818BB039B0733EA
:10CAF00023F0070308330393099B0344013409938C
:10CB00006BE701330CFB01210120AAE70023059309
:10CB1000611C18464FF00A0C0A78303A092A0C4674
:10CB200003D9002BC7D00590C5E701310CFB0020CD
:10CB30000123F1E703AB00932A460E4B04A93046CC
:10CB4000AFF30080421CD7D1AB895B063FF532AF13
:10CB5000099831E703AB00932A46064B04A93046F7
:10CB600000F082F8EEE700BF8CDB000896DB0008DF
:10CB700000000000CDC8000892DB00082DE9F04756
:10CB8000914698468A680B69089E9342B8BF13463F
:10CB9000C9F8003091F8432007460C4612B1013322
:10CBA000C9F800302368990642BFD9F80030023333
:10CBB000C9F80030256815F0060507D104F1190AF7
:10CBC000E368D9F800209B1AAB4229DC94F8433083
:10CBD0002268003B18BF012392062ED404F14302C1
:10CBE00041463846B047013021D02368A168226908
:10CBF00003F00603042B01BFE568D9F80030ED1AF5
:10CC000025EAE57518BF00258B1A2B449142C8BF51
:10CC10001D464FF000091A344D451AD1002008E096
:10CC20000123524641463846B047013003D14FF008
:10CC3000FF30BDE8F0870135C2E7E1185A1C30200B
:10CC400081F84300224494F8451082F843100233DF
:10CC5000C4E70123224641463846B0470130E6D0BA
:10CC600009F10109D8E700002DE9F04398460B7E51
:10CC700085B0782B174606460C9A0C4609D8622BCD
:10CC800001F1430108D8002B00F0DC80582B00F0A4
:10CC9000BD8004F1420539E0A3F163001528F8D8FE
:10CCA00001A555F820F000BF01CD000815CD000802
:10CCB00093CC000893CC000893CC000893CC0008D8
:10CCC00015CD000893CC000893CC000893CC000845
:10CCD00093CC000825CE000841CD0008D3CD000834
:10CCE00093CC000893CC00084DCE000893CC0008EC
:10CCF00041CD000893CC000893CC0008DBCD0008A0
:10CD00001368191D1B68116004F1420584F8423054
:10CD10000123A8E013682568181D1060280601D5B6
:10CD20001B6803E06A06FBD5B3F90030002B03DA79
:10CD30002D225B4284F84320DFF878C10A2213E0F9
:10CD40002568106815F0800F50F8043B02D16D067D
:10CD500048BF9BB21060227EDFF858C16F2A5DD1B8
:10CD60000822002084F843006568A560002D05DBDB
:10CD700020681D4320F00400206051D00D46B3FB15
:10CD8000F2F002FB103E9A421CF80EE005F801EDAD
:10CD90000346F4D9082A0BD12368DA0708D523699A
:10CDA00062689A42DEBF302305F8013C05F1FF3589
:10CDB000491B2161CDF800803B4603AA214630463D
:10CDC000FFF7DCFE013053D14FF0FF3005B0BDE876
:10CDD000F083236843F020032360DFF8DCC078236E
:10CDE00084F845302068156810F0800F55F8043B32
:10CDF00003D110F0400F18BF9BB21560C50744BFA8
:10CE000040F02000206023B11022AAE7DFF8A4C080
:10CE1000E6E7226822F020022260F5E70A22A0E776
:10CE20000D46B7E71368D4F800C060691D1D156092
:10CE30001CF0800F1B6801D0186003E01CF0400F4D
:10CE4000FAD01880002323610D46B3E71368191D3B
:10CE500011601D68626800212846F3F779F908B16E
:10CE6000401B606063682361002384F84330A1E7BE
:10CE700023692A4639463046C0470130A4D023688A
:10CE80009B0714D4E068039B9842B8BF18469DE7FF
:10CE9000012304F1190239463046C047013093D0CE
:10CEA0000135E36803995B1AAB42F1DCEAE7002540
:10CEB000F7E700BF9DDB0008AEDB0008884210B535
:10CEC00001EB020402D98442234607D8431EA14243
:10CED00007D011F8012B03F8012FF8E70244824232
:10CEE00000D110BD13F8011D02F8011DF7E72DE96F
:10CEF000F041074615460C4621B9BDE8F041114600
:10CF0000FFF79CBB2AB9FFF795FC2C462046BDE8ED
:10CF1000F08100F01AF88542064602D8B5EB500FB2
:10CF2000F4D829463846FFF789FB804608B94446BD
:10CF3000ECE7B5422A46214628BF3246FFF76CFC93
:10CF400021463846FFF776FCF1E751F8043C181FFC
:10CF5000002BBCBF0B58C018704700000000000039
:10CF600008B52DED048BB0EE409AF0EE609A00F01B
:10CF7000ABF8B0EE408AF0EE608AB0EE490AF0EE0F
:10CF8000690A00F03DF878B119A3D3E9002351EC08
:10CF9000190BF3F779FD70B917A3D3E9002351EC0E
:10CFA000190BF3F753FD98B9B0EE480AF0EE680A92
:10CFB000BDEC048B08BD9FED0A8BFFF701FCB0EEC2
:10CFC000480AF0EE680ABDEC048B2223036008BD1A
:10CFD000FFF7F6FB22239FED048B0360E4E700BF1D
:10CFE000000000000000F07F0000000000000000D2
:10CFF000EF39FAFE422E864051302DD5104987C0B8
:10D0000082B08DED000B019840F0004000F58010DB
:10D01000C00F02B0704700BF00B583B08DED000BAC
:10D020000199DDF800C0C1F30A52A2F2FF33132BBD
:10D030000CDC002B2CDB2348184100EA010252EAE9
:10D040000C022BD19DED000B03B000BD332B0BDD8B
:10D05000B3F5806FF6D1DDE9002310461946F3F7EA
:10D06000CDF841EC100BEFE7A2F213424FF0FF3086
:10D0700020FA02F212EA0C0FE4D0C3F133030120CC
:10D08000984010EB0C0028BF013120EA02000DE0AF
:10D09000013301F000410FD0002007E04FF40022DF
:10D0A00042FA03F30B4423EA000100200B46024638
:10D0B00043EC102B03B000BD41F07F5141F440110F
:10D0C0000020F3E7FFFF0F002DE9F04755EC104B70
:10D0D000D34925F000428A4286B04FEAD5760CD972
:10D0E000D0498A4270D9C5F31303234340F05481D9
:10D0F000002E66D09FEDB20B63E0CB4B9A4200F25C
:10D100001A81CA4B9A4240F2308122462B46204671
:10D110002946F3F729FAACA3D3E9002306460F46C4
:10D12000F3F722FAAAA3D3E90023F3F765F832460E
:10D130003B46F3F719FAA8A3D3E90023F3F75EF807
:10D1400032463B46F3F710FAA5A3D3E90023F3F7E1
:10D1500053F832463B46F3F707FAA3A3D3E900237B
:10D16000F3F74CF832463B46F3F7FEF902460B461E
:10D1700020462946F3F740F8CDE90201DDE90289AE
:10D18000204642464B462946F3F7EEF90022064672
:10D190000F464FF0804340464946F3F72DF80246CC
:10D1A0000B4630463946F3F709FB22462B46F3F788
:10D1B00023F802460B4600209D49F3F71DF841EC89
:10D1C000100B06B0BDE8F08789A3D3E90023204601
:10D1D0002946F3F759FC0746002840F0E88086A36B
:10D1E000D3E9002320462946F3F730FC002840F01D
:10D1F0003781904B204603EBC606294680A3D3E92E
:10D200000023F3F7B1F9D6E90023F2F7F7FFF3F7BC
:10D2100045FC0646F3F73EF97BA3D3E90023074616
:10D220008846F3F7A1F902460B4620462946F2F755
:10D23000E3FF02460B463846414691469A4674A3A0
:10D24000D3E90023F3F790F9CDE90001DDE90023EC
:10D2500048465146F2F7D0FF02460B4604460D46BB
:10D26000F3F782F958A3D3E9002307468846F3F77A
:10D270007BF957A3D3E90023F2F7BEFF3A464346B2
:10D28000F3F772F954A3D3E90023F2F7B7FF3A4654
:10D290004346F3F769F952A3D3E90023F2F7ACFF51
:10D2A0003A464346F3F760F94FA3D3E90023F2F778
:10D2B000A5FF3A464346F3F757F902460B46204688
:10D2C0002946F2F799FF07468846204629463A46FE
:10D2D0004346CDE90278F3F747F9CDE90401002E82
:10D2E0003FF44CAF3A46434600204FF08041F2F7FE
:10D2F00083FF02460B46DDE90401F3F75FFA0246BD
:10D300000B46DDE90001F2F777FF4A465346F2F794
:10D3100073FF0B46024646490020F2F76DFF6FF49B
:10D320007F739E42C0F28E8001EB065141EC100BE0
:10D3300006B0BDE8F087404B9A423FF65AAF3F4BEC
:10D3400003EBC603D3E9002320462946F2F754FF36
:10D350003B4B03EBC60393ED007B86F001038DEDA1
:10D36000007B81468A469E1B70E72BA3D3E90023EE
:10D3700020462946F2F742FF2D4B0022F3F784FBAB
:10D3800000283FF4C2AE2A4B002220462946F2F77D
:10D3900035FF41EC100B14E722462B462046294668
:10D3A000F2F72CFF41EC100B06B0BDE8F08700202F
:10D3B00006B0BDE8F04700F087B800BFAFF30080CB
:10D3C0000000000000000000D0A4BE726937663E75
:10D3D000F16BD2C541BDBB3E2CDE25AF6A56113F75
:10D3E00093BDBE166CC1663F3E5555555555C53F5C
:10D3F000EF39FAFE422E864051302DD5104987C0B4
:10D40000FE822B654715F73F0000E0FE422EE63F07
:10D41000763C7935EF39EA3D9C7500883CE4377EEF
:10D42000412E8640FFFFEF7F422ED63FFFFFEF3DAC
:10D430000000F03FE0DB0008B1A2F03FD0DB0008C5
:10D44000C0DB000806F57A7301EB035100224FF0B0
:10D45000B873F3F789F841EC100B06B0BDE8F0871C
:10D46000384606B0BDE8F04700F026B810B582B0E7
:10D470008DED000B0446FFF7A3F99DED000B046052
:10D4800002B010BD00B5034683B051EC100B83B160
:10D49000024601F10043CDE90023DDE90023F3F763
:10D4A00063F841EC100B222003B05DF804EBFFF7AA
:10D4B000DDBF02460B46EEE79FED010BFFF7E2BF33
:10D4C00000000000000000109FED010BFFF7DABF25
:10D4D00000000000000000702DE9F04782B0064611
:10D4E000DDF828E00846B4460D46002B4ED18A42AE
:10D4F00014466DD9B2FA82F242B1C2F120039540CE
:10D5000026FA03F394401D4306FA02FC260CA7B248
:10D51000B5FBF6F14FEA1C4306FB115543EA054300
:10D5200001FB07F0984209D9E31801F1FF3580F0BB
:10D530000381984240F20081023923441B1A1FFAEA
:10D540008CFCB3FBF6F006FB10334CEA034C00FBFB
:10D5500007F363450AD914EB0C0C00F1FF3580F09A
:10D56000ED80634540F2EA80A444023840EA01407D
:10D57000ACEB030C0021BEF1000F04D02CFA02F337
:10D580000022CEE9003202B0BDE8F0878B4209D913
:10D59000BEF1000F01D0CEE900610021084602B0C3
:10D5A000BDE8F087B3FA83F1174600294DD18342D5
:10D5B00002D3B24200F20F81B6EB070C60EB03031B
:10D5C00001201D46BEF1000FDDD0CEE900C5DAE72F
:10D5D000002A00F098801A46B4FA84F3002B40F039
:10D5E000AF800B1B270CA6B20121B3FBF7F54FEA66
:10D5F0001C4007FB153340EA034306FB05F898453A
:10D6000007D9E31805F1FF3002D2984500F2E8800F
:10D610000546A3EB08031FFA8CFCB3FBF7F007FBEE
:10D6200010334CEA034C06FB00F3634508D914EBB6
:10D630000C0C00F1FF3602D2634500F2CE8030467A
:10D64000ACEB030C40EA054095E7C1F120058B40A7
:10D6500022FA05FC4CEA030C00FA01F426FA05F361
:10D66000E84002FA01F943EA04084FEA1C4206FACC
:10D6700001FAB0FBF2F71FFA8CF602FB17004FEA33
:10D68000184444EA004407FB06F0A0420AD91CEB08
:10D69000040407F1FF3380F09C80A04240F299809F
:10D6A000023F6444241A1FFA88F3B4FBF2F002FB31
:10D6B000104443EA044300FB06F69E4209D91CEBE2
:10D6C000030300F1FF3480F082809E427FD902384C
:10D6D000634440EA0740A0FB09749B1BA3423E46FB
:10D6E000A04664D361D0BEF1000F0AD0BAEB0602A7
:10D6F00063EB080303FA05F5CA401543CB40CEE9B6
:10D70000005300213FE7730843EAC1734A08190C2C
:10D7100041EA02414FEAC67C9BB2B2FBF4F02646D6
:10D72000A04627461F2243EA0143B1FBF4F1A3EBD5
:10D73000080341EA004158E72946FFE6284615E775
:10D740001A46C3F120019C4026FA01F320FA01F1A8
:10D7500090400343270C06FA02FCB1FBF7F0A6B297
:10D7600007FB1015190C41EA054100FB06F58D4237
:10D770003BD9611801D28D4220D8491B0138B1FB39
:10D78000F7F5019505FB06F8019D9BB207FB151106
:10D7900043EA0143434526D2E31805F1FF31C6D2DF
:10D7A0004345C4D2A91E2344C1E7BA459BD2B7EB77
:10D7B000090664EB0C040138A04694E7651B294474
:10D7C0000238B1FBF7F5019505FB06F8DCE72046CA
:10D7D0007FE71F4666E70846F4E6A44402382FE7D1
:10D7E000023D234415E70199A1E7491BB1FBF7F579
:10D7F000019505FB06F8C7E7F8B500BFF8BC08BC03
:10D800009E467047F8B500BFF8BC08BC9E467047FE
:10D810000000000000000000000000000000000008
:10D8200000000000440008004005020112299C008D
:10D83000F4010004FFFFFFFF480101000020000089
:10D8400000037206000000000D0000000000000050
:10D85000000000000000000094D90008F40103203B
:10D86000E40103202604040012000000240000004C
:10D870003600000040000000060000000C00000020
:10D880001000000000000000010000000200000085
:10D890000300000054454D504C4154450000000029
:10D8A00048656C6C6F20576F726C640A0000000052
:10D8B00048656C6C6F20576F726C6461610A000080
:10D8C000476C69646572204164646F6E20427569BB
:10D8D0006C64320A00000000476C69646572204184
:10D8E00064646F6E204275696C64330A0000000046
:10D8F000565245463A20257520204348333A202584
:10D90000750A00004761757373204669742050449E
:10D9100045540A0025750A005472616E736D69746E
:10D920000A00000025640925640925640A00000036
:10D9300053544D3332205669727475616C20436FB5
:10D940006D506F72740000004855494F4E00000042
:10D9500043444320436F6E6669670000434443209D
:10D96000496E74657266616365000000FEDCBA0989
:10D9700087654321FEDCBA09876543211234567856
:10D980009ABCDEF0123456789ABCDEF0EEDDCCBBE9
:10D99000AA1100000000004801000000000000483B
:10D9A00001000000000000480100000000000048E5
:10D9B00001000000000000480100000000000048D5
:10D9C00001000000000000480100000000000048C5
:10D9D00001000000000000480100000000000048B5
:10D9E00001000000000000480100000000000048A5
:10D9F0000100000000000048010000000000004895
:10DA00000100000000000048010000000000004884
:10DA10000100000000000048010000000000004874
:10DA20000100000000000048010000000000004864
:10DA30000100000000000048010000000000004854
:10DA40000100000000000048010000000000004844
:10DA50000100000000000048010000000000004834
:10DA60000100000000000048010000000000004824
:10DA70000100000000000048010000000000004814
:10DA80000100000000000048010000000000004804
:10DA900001000000000000480100000000000048F4
:10DAA00001000000000000480100000000000048E4
:10DAB00001000000000000480100000000000048D4
:10DAC00001000000010002000400060008000A0036
:10DAD0000C00100020004000800000010804020437
:10DAE000080101010101010307010000A0860100F6
:10DAF000400D0300801A060000350C0040420F0064
:10DB000080841E0000093D0000127A000024F40009
:10DB100000366E010048E801006CDC0200000000E5
:10DB200000000000000000000000000000000000F5
:10DB300000000000000000000000000001000000E4
:10DB400002000000030000000400000001000000CB
:10DB500003000000050000000100000001000000BB
:10DB6000060000000A000000200000000200000083
:10DB70000400000008000000100000004000000049
:10DB8000800000000001000000020000232D302B67
:10DB90002000686C4C0065666745464700303132AE
:10DBA0003334353637383941424344454600303105
:10DBB0003233343536373839616263646566000064
:10DBC000763C7935EF39EA3D763C7935EF39EABD77
:10DBD0000000E0FE422EE63F0000E0FE422EE6BFDF
:10DBE000000000000000E03F000000000000E0BF77
:08DBF0005025FF7F0100000039
:04DBF800E90B00082D
:04DBFC00C10B000851
:10DC000006094C696E656100010000000700000014
:10DC1000200010000800020001000010000400486D
:10DC20000004004800040048000C0048000C0048B4
:10DC300000080048E00126020A0008003200000047
:10DC40000024744C50000020C1380008093A000834
:10DC50004D3B0008693C0008813D0008913E0008EA
:10DC6000A13F0008AD400008FFFFFFFFFFFFFFFFDF
:10DC7000010000001000000000093D0009024300FF
:10DC8000020100C032090400000102020100052463
:10DC900000100105240100010424020205240600ED
:10DCA000010705820308001009040100020A0000B0
:10DCB0000007050102400000070581024000000046
:10DCC0008BB3000827B3000817B20008000000005B
:10DCD0003DB0000899B1000861B1000800000000E3
:10DCE000000000000000000019B10008D1B00008D9
:10DCF00089B000087DB000080A060002000000405C
:10DD00000100000059B500082FB5000833B5000820
:10DD10003DB5000837B500081A03000000000000F8
:10DD200000000000000000000000000000000000F3
:10DD30000000000004030904120100020202004076
:10DD40006C2540570002010203010000C1C3000816
:10DD5000CDC300088DC4000869C4000855C400087C
:10DD6000A9C40008CDC4000800000000780100200C
:10DD700000000000A82200201023002078230020AB
:10DD80000000000000000000000000000000000093
:10DD90000000000000000000000000000000000083
:10DDA0000000000000000000000000000000000073
:0CDDB00000000000000000000000000067
:10DDBC000000000000000000000000000000000057
:10DDCC000000000000000000000000000000000047
:10DDDC000000000000000000000000000000000037
:08DDEC0000000000000000002F
:10DDF400000000000000000000000000000000001F
:04DE0400000000001A
:10DE0800000000000000000000000000000000000A
:10DE180000000000000000000000000000000000FA
:10DE280000000000000000000000000000000000EA
:10DE380000000000000000000000000000000000DA
:10DE480000000000000000000000000000000000CA
:10DE580000000000000000000000000000000000BA
:10DE680000000000000000000000000000000000AA
:10DE7800000000000000000000000000000000009A
:10DE8800000000000000000000000000000000008A
:10DE9800000000000000000000000000000000007A
:10DEA800000000000000000000000000000000006A
:10DEB800000000000000000000000000000000005A
:10DEC800000000000000000000000000000000004A
:10DED800000000000000000000000000000000003A
:10DEE800000000000000000000000000000000002A
:10DEF800000000000000000000000000000000001A
:10DF08000000000000000000000000000000000009
:10DF180000000000000000000000000000000000F9
:10DF280000000000000000000000000000000000E9
:10DF380000000000000000000000000000000000D9
:10DF480000000000000000000000000000000000C9
:10DF580000000000000000000000000000000000B9
:10DF680000000000000000000000000000000000A9
:10DF78000000000000000000000000000000000099
:10DF88000000000000000000000000000000000089
:10DF98000000000000000000000000000000000079
:10DFA8000000000000000000000000000000000069
:10DFB8000000000000000000000000000000000059
:10DFC8000000000000000000000000000000000049
:10DFD8000000000000000000000000000000000039
:10DFE8000000000000000000000000000000000029
:10DFF8000000000000000000000000000000000019
:10E008000000000000000000000000000000000008
:10E0180000000000000000000000000000000000F8
:10E0280000000000000000000000000000000000E8
:10E0380000000000000000000000000000000000D8
:10E0480000000000000000000000000000000000C8
:10E0580000000000000000000000000000000000B8
:10E0680000000000000000000000000000000000A8
:10E078000000000000000000000000000000000098
:10E088000000000000000000000000000000000088
:10E098000000000000000000000000000000000078
:10E0A8000000000000000000000000000000000068
:10E0B8000000000000000000000000000000000058
:10E0C8000000000000000000000000000000000048
:10E0D8000000000000000000000000000000000038
:10E0E8000000000000000000000000000000000028
:10E0F8000000000000000000000000000000000018
:10E108000000000000000000000000000000000007
:10E1180000000000000000000000000000000000F7
:10E1280000000000000000000000000000000000E7
:10E1380000000000000000000000000000000000D7
:10E1480000000000000000000000000000000000C7
:10E1580000000000000000000000000000000000B7
:10E1680000000000000000000000000000000000A7
:10E178000000000000000000000000000000000097
:10E188000000000000000000000000000000000087
:10E198000000000000000000000000000000000077
:10E1A8000000000000000000000000000000000067
:10E1B8000000000000000000000000000000000057
:10E1C8000000000000000000000000000000000047
:10E1D8000000000000000000000000000000000037
:10E1E8000000000000000000000000000000000027
:10E1F8000000000000000000000000000000000017
:10E208000000000000000000000000000000000006
:10E2180000000000000000000000000000000000F6
:10E2280000000000000000000000000000000000E6
:10E2380000000000000000000000000000000000D6
:10E2480000000000000000000000000000000000C6
:10E2580000000000000000000000000000000000B6
:10E2680000000000000000000000000000000000A6
:10E278000000000000000000000000000000000096
:10E288000000000000000000000000000000000086
:10E298000000000000000000000000000000000076
:10E2A8000000000000000000000000000000000066
:10E2B8000000000000000000000000000000000056
:10E2C8000000000000000000000000000000000046
:10E2D8000000000000000000000000000000000036
:10E2E8000000000000000000000000000000000026
:10E2F8000000000000000000000000000000000016
:10E308000000000000000000000000000000000005
:10E3180000000000000000000000000000000000F5
:10E3280000000000000000000000000000000000E5
:10E3380000000000000000000000000000000000D5
:10E3480000000000000000000000000000000000C5
:10E3580000000000000000000000000000000000B5
:10E3680000000000000000000000000000000000A5
:10E378000000000000000000000000000000000095
:10E388000000000000000000000000000000000085
:10E398000000000000000000000000000000000075
:10E3A8000000000000000000000000000000000065
:10E3B8000000000000000000000000000000000055
:10E3C8000000000000000000000000000000000045
:10E3D8000000000000000000000000000000000035
:10E3E8000000000000000000000000000000000025
:10E3F8000000000000000000000000000000000015
:10E408000000000000000000000000000000000004
:10E4180000000000000000000000000000000000F4
:10E4280000000000000000000000000000000000E4
:10E4380000000000000000000000000000000000D4
:10E4480000000000000000000000000000000000C4
:10E4580000000000000000000000000000000000B4
:10E4680000000000000000000000000000000000A4
:10E478000000000000000000000000000000000094
:10E488000000000000000000000000000000000084
:10E498000000000000000000000000000000000074
:10E4A8000000000000000000000000000000000064
:10E4B8000000000000000000000000000000000054
:10E4C8000000000000000000000000000000000044
:10E4D8000000000000000000000000000000000034
:10E4E8000000000000000000000000000000000024
:10E4F8000000000000000000000000000000000014
:10E508000000000000000000000000000000000003
:10E5180000000000000000000000000000000000F3
:10E5280000000000000000000000000000000000E3
:10E5380000000000000000000000000000000000D3
:10E5480000000000000000000000000000000000C3
:10E5580000000000000000000000000000000000B3
:10E5680000000000000000000000000000000000A3
:10E578000000000000000000000000000000000093
:10E588000000000000000000000000000000000083
:10E598000000000000000000000000000000000073
:10E5A8000000000000000000000000000000000063
:10E5B8000000000000000000000000000000000053
:10E5C8000000000000000000000000000000000043
:10E5D8000000000000000000000000000000000033
:10E5E8000000000000000000000000000000000023
:10E5F8000000000000000000000000000000000013
:10E608000000000000000000000000000000000002
:10E6180000000000000000000000000000000000F2
:10E6280000000000000000000000000000000000E2
:10E6380000000000000000000000000000000000D2
:10E6480000000000000000000000000000000000C2
:10E6580000000000000000000000000000000000B2
:10E6680000000000000000000000000000000000A2
:10E678000000000000000000000000000000000092
:03E688000000008F
:040000050800C58D9D
:00000001FF
