
build/release/Linea.elf:     file format elf32-littlearm

Sections:
Idx Name          Size      VMA       LMA       File off  Algn
  0 .isr_vector   0000013c  08000000  08000000  00001000  2**0
                  CONTENTS, ALLOC, LOAD, READONLY, DATA
  1 .text         0000d6d0  08000140  08000140  00001140  2**4
                  CONTENTS, ALLOC, LOAD, READONLY, CODE
  2 .rodata       000003e0  0800d810  0800d810  0000e810  2**3
                  CONTENTS, ALLOC, LOAD, READONLY, DATA
  3 .ARM          00000008  0800dbf0  0800dbf0  0000ebf0  2**2
                  CONTENTS, ALLOC, LOAD, READONLY, DATA
  4 .init_array   00000004  0800dbf8  0800dbf8  0000ebf8  2**2
                  CONTENTS, ALLOC, LOAD, READONLY, DATA
  5 .fini_array   00000004  0800dbfc  0800dbfc  0000ebfc  2**2
                  CONTENTS, ALLOC, LOAD, READONLY, DATA
  6 .data         000001bc  20000008  0800dc00  0000f008  2**2
                  CONTENTS, ALLOC, LOAD, DATA
  7 BLE_DRIVER_CONTEXT 00000038  200001c4  0800ddbc  0000f1c4  2**2
                  CONTENTS, ALLOC, LOAD, DATA
  8 SYSTEM_DRIVER_CONTEXT 00000014  200001fc  0800ddf4  0000f1fc  2**2
                  CONTENTS, ALLOC, LOAD, DATA
  9 .bss          000021d8  20000210  0800de08  0000f210  2**2
                  ALLOC
 10 ._user_heap_stack 00003000  200023e8  0800de08  0000f3e8  2**0
                  ALLOC
 11 .ARM.attributes 00000030  00000000  00000000  00010a67  2**0
                  CONTENTS, READONLY
 12 MAPPING_TABLE 00000028  20030000  20030000  00011000  2**2
                  ALLOC
 13 MB_MEM1       000001bc  20030028  20030028  00011000  2**2
                  ALLOC
 14 .MB_MEM2      00000883  200301e4  0800de08  000101e4  2**2
                  CONTENTS, ALLOC, LOAD, DATA
 15 .comment      00000039  00000000  00000000  00010a97  2**0
                  CONTENTS, READONLY
 16 .debug_frame  000002e4  00000000  00000000  00010ad0  2**2
                  CONTENTS, READONLY, DEBUGGING, OCTETS
 17 .debug_line   00000b61  00000000  00000000  00010db4  2**0
                  CONTENTS, READONLY, DEBUGGING, OCTETS
 18 .debug_line_str 0000019f  00000000  00000000  00011915  2**0
                  CONTENTS, READONLY, DEBUGGING, OCTETS
 19 .debug_info   000009ec  00000000  00000000  00011ab4  2**0
                  CONTENTS, READONLY, DEBUGGING, OCTETS
 20 .debug_abbrev 00000272  00000000  00000000  000124a0  2**0
                  CONTENTS, READONLY, DEBUGGING, OCTETS
 21 .debug_aranges 00000100  00000000  00000000  00012718  2**3
                  CONTENTS, READONLY, DEBUGGING, OCTETS
 22 .debug_str    00000b38  00000000  00000000  00012818  2**0
                  CONTENTS, READONLY, DEBUGGING, OCTETS
 23 .debug_loclists 00000a6f  00000000  00000000  00013350  2**0
                  CONTENTS, READONLY, DEBUGGING, OCTETS
 24 .debug_rnglists 0000009c  00000000  00000000  00013dbf  2**0
                  CONTENTS, READONLY, DEBUGGING, OCTETS

Disassembly of section .text:

08000140 <strlen>:
 8000140:	4603      	mov	r3, r0
 8000142:	f813 2b01 	ldrb.w	r2, [r3], #1
 8000146:	2a00      	cmp	r2, #0
 8000148:	d1fb      	bne.n	8000142 <strlen+0x2>
 800014a:	1a18      	subs	r0, r3, r0
 800014c:	3801      	subs	r0, #1
 800014e:	4770      	bx	lr

08000150 <memchr>:
 8000150:	f001 01ff 	and.w	r1, r1, #255	@ 0xff
 8000154:	2a10      	cmp	r2, #16
 8000156:	db2b      	blt.n	80001b0 <memchr+0x60>
 8000158:	f010 0f07 	tst.w	r0, #7
 800015c:	d008      	beq.n	8000170 <memchr+0x20>
 800015e:	f810 3b01 	ldrb.w	r3, [r0], #1
 8000162:	3a01      	subs	r2, #1
 8000164:	428b      	cmp	r3, r1
 8000166:	d02d      	beq.n	80001c4 <memchr+0x74>
 8000168:	f010 0f07 	tst.w	r0, #7
 800016c:	b342      	cbz	r2, 80001c0 <memchr+0x70>
 800016e:	d1f6      	bne.n	800015e <memchr+0xe>
 8000170:	b4f0      	push	{r4, r5, r6, r7}
 8000172:	ea41 2101 	orr.w	r1, r1, r1, lsl #8
 8000176:	ea41 4101 	orr.w	r1, r1, r1, lsl #16
 800017a:	f022 0407 	bic.w	r4, r2, #7
 800017e:	f07f 0700 	mvns.w	r7, #0
 8000182:	2300      	movs	r3, #0
 8000184:	e8f0 5602 	ldrd	r5, r6, [r0], #8
 8000188:	3c08      	subs	r4, #8
 800018a:	ea85 0501 	eor.w	r5, r5, r1
 800018e:	ea86 0601 	eor.w	r6, r6, r1
 8000192:	fa85 f547 	uadd8	r5, r5, r7
 8000196:	faa3 f587 	sel	r5, r3, r7
 800019a:	fa86 f647 	uadd8	r6, r6, r7
 800019e:	faa5 f687 	sel	r6, r5, r7
 80001a2:	b98e      	cbnz	r6, 80001c8 <memchr+0x78>
 80001a4:	d1ee      	bne.n	8000184 <memchr+0x34>
 80001a6:	bcf0      	pop	{r4, r5, r6, r7}
 80001a8:	f001 01ff 	and.w	r1, r1, #255	@ 0xff
 80001ac:	f002 0207 	and.w	r2, r2, #7
 80001b0:	b132      	cbz	r2, 80001c0 <memchr+0x70>
 80001b2:	f810 3b01 	ldrb.w	r3, [r0], #1
 80001b6:	3a01      	subs	r2, #1
 80001b8:	ea83 0301 	eor.w	r3, r3, r1
 80001bc:	b113      	cbz	r3, 80001c4 <memchr+0x74>
 80001be:	d1f8      	bne.n	80001b2 <memchr+0x62>
 80001c0:	2000      	movs	r0, #0
 80001c2:	4770      	bx	lr
 80001c4:	3801      	subs	r0, #1
 80001c6:	4770      	bx	lr
 80001c8:	2d00      	cmp	r5, #0
 80001ca:	bf06      	itte	eq
 80001cc:	4635      	moveq	r5, r6
 80001ce:	3803      	subeq	r0, #3
 80001d0:	3807      	subne	r0, #7
 80001d2:	f015 0f01 	tst.w	r5, #1
 80001d6:	d107      	bne.n	80001e8 <memchr+0x98>
 80001d8:	3001      	adds	r0, #1
 80001da:	f415 7f80 	tst.w	r5, #256	@ 0x100
 80001de:	bf02      	ittt	eq
 80001e0:	3001      	addeq	r0, #1
 80001e2:	f415 3fc0 	tsteq.w	r5, #98304	@ 0x18000
 80001e6:	3001      	addeq	r0, #1
 80001e8:	bcf0      	pop	{r4, r5, r6, r7}
 80001ea:	3801      	subs	r0, #1
 80001ec:	4770      	bx	lr
 80001ee:	bf00      	nop

080001f0 <__aeabi_drsub>:
 80001f0:	f081 4100 	eor.w	r1, r1, #2147483648	@ 0x80000000
 80001f4:	e002      	b.n	80001fc <__adddf3>
 80001f6:	bf00      	nop

080001f8 <__aeabi_dsub>:
 80001f8:	f083 4300 	eor.w	r3, r3, #2147483648	@ 0x80000000

080001fc <__adddf3>:
 80001fc:	b530      	push	{r4, r5, lr}
 80001fe:	ea4f 0441 	mov.w	r4, r1, lsl #1
 8000202:	ea4f 0543 	mov.w	r5, r3, lsl #1
 8000206:	ea94 0f05 	teq	r4, r5
 800020a:	bf08      	it	eq
 800020c:	ea90 0f02 	teqeq	r0, r2
 8000210:	bf1f      	itttt	ne
 8000212:	ea54 0c00 	orrsne.w	ip, r4, r0
 8000216:	ea55 0c02 	orrsne.w	ip, r5, r2
 800021a:	ea7f 5c64 	mvnsne.w	ip, r4, asr #21
 800021e:	ea7f 5c65 	mvnsne.w	ip, r5, asr #21
 8000222:	f000 80e2 	beq.w	80003ea <__adddf3+0x1ee>
 8000226:	ea4f 5454 	mov.w	r4, r4, lsr #21
 800022a:	ebd4 5555 	rsbs	r5, r4, r5, lsr #21
 800022e:	bfb8      	it	lt
 8000230:	426d      	neglt	r5, r5
 8000232:	dd0c      	ble.n	800024e <__adddf3+0x52>
 8000234:	442c      	add	r4, r5
 8000236:	ea80 0202 	eor.w	r2, r0, r2
 800023a:	ea81 0303 	eor.w	r3, r1, r3
 800023e:	ea82 0000 	eor.w	r0, r2, r0
 8000242:	ea83 0101 	eor.w	r1, r3, r1
 8000246:	ea80 0202 	eor.w	r2, r0, r2
 800024a:	ea81 0303 	eor.w	r3, r1, r3
 800024e:	2d36      	cmp	r5, #54	@ 0x36
 8000250:	bf88      	it	hi
 8000252:	bd30      	pophi	{r4, r5, pc}
 8000254:	f011 4f00 	tst.w	r1, #2147483648	@ 0x80000000
 8000258:	ea4f 3101 	mov.w	r1, r1, lsl #12
 800025c:	f44f 1c80 	mov.w	ip, #1048576	@ 0x100000
 8000260:	ea4c 3111 	orr.w	r1, ip, r1, lsr #12
 8000264:	d002      	beq.n	800026c <__adddf3+0x70>
 8000266:	4240      	negs	r0, r0
 8000268:	eb61 0141 	sbc.w	r1, r1, r1, lsl #1
 800026c:	f013 4f00 	tst.w	r3, #2147483648	@ 0x80000000
 8000270:	ea4f 3303 	mov.w	r3, r3, lsl #12
 8000274:	ea4c 3313 	orr.w	r3, ip, r3, lsr #12
 8000278:	d002      	beq.n	8000280 <__adddf3+0x84>
 800027a:	4252      	negs	r2, r2
 800027c:	eb63 0343 	sbc.w	r3, r3, r3, lsl #1
 8000280:	ea94 0f05 	teq	r4, r5
 8000284:	f000 80a7 	beq.w	80003d6 <__adddf3+0x1da>
 8000288:	f1a4 0401 	sub.w	r4, r4, #1
 800028c:	f1d5 0e20 	rsbs	lr, r5, #32
 8000290:	db0d      	blt.n	80002ae <__adddf3+0xb2>
 8000292:	fa02 fc0e 	lsl.w	ip, r2, lr
 8000296:	fa22 f205 	lsr.w	r2, r2, r5
 800029a:	1880      	adds	r0, r0, r2
 800029c:	f141 0100 	adc.w	r1, r1, #0
 80002a0:	fa03 f20e 	lsl.w	r2, r3, lr
 80002a4:	1880      	adds	r0, r0, r2
 80002a6:	fa43 f305 	asr.w	r3, r3, r5
 80002aa:	4159      	adcs	r1, r3
 80002ac:	e00e      	b.n	80002cc <__adddf3+0xd0>
 80002ae:	f1a5 0520 	sub.w	r5, r5, #32
 80002b2:	f10e 0e20 	add.w	lr, lr, #32
 80002b6:	2a01      	cmp	r2, #1
 80002b8:	fa03 fc0e 	lsl.w	ip, r3, lr
 80002bc:	bf28      	it	cs
 80002be:	f04c 0c02 	orrcs.w	ip, ip, #2
 80002c2:	fa43 f305 	asr.w	r3, r3, r5
 80002c6:	18c0      	adds	r0, r0, r3
 80002c8:	eb51 71e3 	adcs.w	r1, r1, r3, asr #31
 80002cc:	f001 4500 	and.w	r5, r1, #2147483648	@ 0x80000000
 80002d0:	d507      	bpl.n	80002e2 <__adddf3+0xe6>
 80002d2:	f04f 0e00 	mov.w	lr, #0
 80002d6:	f1dc 0c00 	rsbs	ip, ip, #0
 80002da:	eb7e 0000 	sbcs.w	r0, lr, r0
 80002de:	eb6e 0101 	sbc.w	r1, lr, r1
 80002e2:	f5b1 1f80 	cmp.w	r1, #1048576	@ 0x100000
 80002e6:	d31b      	bcc.n	8000320 <__adddf3+0x124>
 80002e8:	f5b1 1f00 	cmp.w	r1, #2097152	@ 0x200000
 80002ec:	d30c      	bcc.n	8000308 <__adddf3+0x10c>
 80002ee:	0849      	lsrs	r1, r1, #1
 80002f0:	ea5f 0030 	movs.w	r0, r0, rrx
 80002f4:	ea4f 0c3c 	mov.w	ip, ip, rrx
 80002f8:	f104 0401 	add.w	r4, r4, #1
 80002fc:	ea4f 5244 	mov.w	r2, r4, lsl #21
 8000300:	f512 0f80 	cmn.w	r2, #4194304	@ 0x400000
 8000304:	f080 809a 	bcs.w	800043c <__adddf3+0x240>
 8000308:	f1bc 4f00 	cmp.w	ip, #2147483648	@ 0x80000000
 800030c:	bf08      	it	eq
 800030e:	ea5f 0c50 	movseq.w	ip, r0, lsr #1
 8000312:	f150 0000 	adcs.w	r0, r0, #0
 8000316:	eb41 5104 	adc.w	r1, r1, r4, lsl #20
 800031a:	ea41 0105 	orr.w	r1, r1, r5
 800031e:	bd30      	pop	{r4, r5, pc}
 8000320:	ea5f 0c4c 	movs.w	ip, ip, lsl #1
 8000324:	4140      	adcs	r0, r0
 8000326:	eb41 0101 	adc.w	r1, r1, r1
 800032a:	3c01      	subs	r4, #1
 800032c:	bf28      	it	cs
 800032e:	f5b1 1f80 	cmpcs.w	r1, #1048576	@ 0x100000
 8000332:	d2e9      	bcs.n	8000308 <__adddf3+0x10c>
 8000334:	f091 0f00 	teq	r1, #0
 8000338:	bf04      	itt	eq
 800033a:	4601      	moveq	r1, r0
 800033c:	2000      	moveq	r0, #0
 800033e:	fab1 f381 	clz	r3, r1
 8000342:	bf08      	it	eq
 8000344:	3320      	addeq	r3, #32
 8000346:	f1a3 030b 	sub.w	r3, r3, #11
 800034a:	f1b3 0220 	subs.w	r2, r3, #32
 800034e:	da0c      	bge.n	800036a <__adddf3+0x16e>
 8000350:	320c      	adds	r2, #12
 8000352:	dd08      	ble.n	8000366 <__adddf3+0x16a>
 8000354:	f102 0c14 	add.w	ip, r2, #20
 8000358:	f1c2 020c 	rsb	r2, r2, #12
 800035c:	fa01 f00c 	lsl.w	r0, r1, ip
 8000360:	fa21 f102 	lsr.w	r1, r1, r2
 8000364:	e00c      	b.n	8000380 <__adddf3+0x184>
 8000366:	f102 0214 	add.w	r2, r2, #20
 800036a:	bfd8      	it	le
 800036c:	f1c2 0c20 	rsble	ip, r2, #32
 8000370:	fa01 f102 	lsl.w	r1, r1, r2
 8000374:	fa20 fc0c 	lsr.w	ip, r0, ip
 8000378:	bfdc      	itt	le
 800037a:	ea41 010c 	orrle.w	r1, r1, ip
 800037e:	4090      	lslle	r0, r2
 8000380:	1ae4      	subs	r4, r4, r3
 8000382:	bfa2      	ittt	ge
 8000384:	eb01 5104 	addge.w	r1, r1, r4, lsl #20
 8000388:	4329      	orrge	r1, r5
 800038a:	bd30      	popge	{r4, r5, pc}
 800038c:	ea6f 0404 	mvn.w	r4, r4
 8000390:	3c1f      	subs	r4, #31
 8000392:	da1c      	bge.n	80003ce <__adddf3+0x1d2>
 8000394:	340c      	adds	r4, #12
 8000396:	dc0e      	bgt.n	80003b6 <__adddf3+0x1ba>
 8000398:	f104 0414 	add.w	r4, r4, #20
 800039c:	f1c4 0220 	rsb	r2, r4, #32
 80003a0:	fa20 f004 	lsr.w	r0, r0, r4
 80003a4:	fa01 f302 	lsl.w	r3, r1, r2
 80003a8:	ea40 0003 	orr.w	r0, r0, r3
 80003ac:	fa21 f304 	lsr.w	r3, r1, r4
 80003b0:	ea45 0103 	orr.w	r1, r5, r3
 80003b4:	bd30      	pop	{r4, r5, pc}
 80003b6:	f1c4 040c 	rsb	r4, r4, #12
 80003ba:	f1c4 0220 	rsb	r2, r4, #32
 80003be:	fa20 f002 	lsr.w	r0, r0, r2
 80003c2:	fa01 f304 	lsl.w	r3, r1, r4
 80003c6:	ea40 0003 	orr.w	r0, r0, r3
 80003ca:	4629      	mov	r1, r5
 80003cc:	bd30      	pop	{r4, r5, pc}
 80003ce:	fa21 f004 	lsr.w	r0, r1, r4
 80003d2:	4629      	mov	r1, r5
 80003d4:	bd30      	pop	{r4, r5, pc}
 80003d6:	f094 0f00 	teq	r4, #0
 80003da:	f483 1380 	eor.w	r3, r3, #1048576	@ 0x100000
 80003de:	bf06      	itte	eq
 80003e0:	f481 1180 	eoreq.w	r1, r1, #1048576	@ 0x100000
 80003e4:	3401      	addeq	r4, #1
 80003e6:	3d01      	subne	r5, #1
 80003e8:	e74e      	b.n	8000288 <__adddf3+0x8c>
 80003ea:	ea7f 5c64 	mvns.w	ip, r4, asr #21
 80003ee:	bf18      	it	ne
 80003f0:	ea7f 5c65 	mvnsne.w	ip, r5, asr #21
 80003f4:	d029      	beq.n	800044a <__adddf3+0x24e>
 80003f6:	ea94 0f05 	teq	r4, r5
 80003fa:	bf08      	it	eq
 80003fc:	ea90 0f02 	teqeq	r0, r2
 8000400:	d005      	beq.n	800040e <__adddf3+0x212>
 8000402:	ea54 0c00 	orrs.w	ip, r4, r0
 8000406:	bf04      	itt	eq
 8000408:	4619      	moveq	r1, r3
 800040a:	4610      	moveq	r0, r2
 800040c:	bd30      	pop	{r4, r5, pc}
 800040e:	ea91 0f03 	teq	r1, r3
 8000412:	bf1e      	ittt	ne
 8000414:	2100      	movne	r1, #0
 8000416:	2000      	movne	r0, #0
 8000418:	bd30      	popne	{r4, r5, pc}
 800041a:	ea5f 5c54 	movs.w	ip, r4, lsr #21
 800041e:	d105      	bne.n	800042c <__adddf3+0x230>
 8000420:	0040      	lsls	r0, r0, #1
 8000422:	4149      	adcs	r1, r1
 8000424:	bf28      	it	cs
 8000426:	f041 4100 	orrcs.w	r1, r1, #2147483648	@ 0x80000000
 800042a:	bd30      	pop	{r4, r5, pc}
 800042c:	f514 0480 	adds.w	r4, r4, #4194304	@ 0x400000
 8000430:	bf3c      	itt	cc
 8000432:	f501 1180 	addcc.w	r1, r1, #1048576	@ 0x100000
 8000436:	bd30      	popcc	{r4, r5, pc}
 8000438:	f001 4500 	and.w	r5, r1, #2147483648	@ 0x80000000
 800043c:	f045 41fe 	orr.w	r1, r5, #2130706432	@ 0x7f000000
 8000440:	f441 0170 	orr.w	r1, r1, #15728640	@ 0xf00000
 8000444:	f04f 0000 	mov.w	r0, #0
 8000448:	bd30      	pop	{r4, r5, pc}
 800044a:	ea7f 5c64 	mvns.w	ip, r4, asr #21
 800044e:	bf1a      	itte	ne
 8000450:	4619      	movne	r1, r3
 8000452:	4610      	movne	r0, r2
 8000454:	ea7f 5c65 	mvnseq.w	ip, r5, asr #21
 8000458:	bf1c      	itt	ne
 800045a:	460b      	movne	r3, r1
 800045c:	4602      	movne	r2, r0
 800045e:	ea50 3401 	orrs.w	r4, r0, r1, lsl #12
 8000462:	bf06      	itte	eq
 8000464:	ea52 3503 	orrseq.w	r5, r2, r3, lsl #12
 8000468:	ea91 0f03 	teqeq	r1, r3
 800046c:	f441 2100 	orrne.w	r1, r1, #524288	@ 0x80000
 8000470:	bd30      	pop	{r4, r5, pc}
 8000472:	bf00      	nop

08000474 <__aeabi_ui2d>:
 8000474:	f090 0f00 	teq	r0, #0
 8000478:	bf04      	itt	eq
 800047a:	2100      	moveq	r1, #0
 800047c:	4770      	bxeq	lr
 800047e:	b530      	push	{r4, r5, lr}
 8000480:	f44f 6480 	mov.w	r4, #1024	@ 0x400
 8000484:	f104 0432 	add.w	r4, r4, #50	@ 0x32
 8000488:	f04f 0500 	mov.w	r5, #0
 800048c:	f04f 0100 	mov.w	r1, #0
 8000490:	e750      	b.n	8000334 <__adddf3+0x138>
 8000492:	bf00      	nop

08000494 <__aeabi_i2d>:
 8000494:	f090 0f00 	teq	r0, #0
 8000498:	bf04      	itt	eq
 800049a:	2100      	moveq	r1, #0
 800049c:	4770      	bxeq	lr
 800049e:	b530      	push	{r4, r5, lr}
 80004a0:	f44f 6480 	mov.w	r4, #1024	@ 0x400
 80004a4:	f104 0432 	add.w	r4, r4, #50	@ 0x32
 80004a8:	f010 4500 	ands.w	r5, r0, #2147483648	@ 0x80000000
 80004ac:	bf48      	it	mi
 80004ae:	4240      	negmi	r0, r0
 80004b0:	f04f 0100 	mov.w	r1, #0
 80004b4:	e73e      	b.n	8000334 <__adddf3+0x138>
 80004b6:	bf00      	nop

080004b8 <__aeabi_f2d>:
 80004b8:	0042      	lsls	r2, r0, #1
 80004ba:	ea4f 01e2 	mov.w	r1, r2, asr #3
 80004be:	ea4f 0131 	mov.w	r1, r1, rrx
 80004c2:	ea4f 7002 	mov.w	r0, r2, lsl #28
 80004c6:	bf1f      	itttt	ne
 80004c8:	f012 437f 	andsne.w	r3, r2, #4278190080	@ 0xff000000
 80004cc:	f093 4f7f 	teqne	r3, #4278190080	@ 0xff000000
 80004d0:	f081 5160 	eorne.w	r1, r1, #939524096	@ 0x38000000
 80004d4:	4770      	bxne	lr
 80004d6:	f032 427f 	bics.w	r2, r2, #4278190080	@ 0xff000000
 80004da:	bf08      	it	eq
 80004dc:	4770      	bxeq	lr
 80004de:	f093 4f7f 	teq	r3, #4278190080	@ 0xff000000
 80004e2:	bf04      	itt	eq
 80004e4:	f441 2100 	orreq.w	r1, r1, #524288	@ 0x80000
 80004e8:	4770      	bxeq	lr
 80004ea:	b530      	push	{r4, r5, lr}
 80004ec:	f44f 7460 	mov.w	r4, #896	@ 0x380
 80004f0:	f001 4500 	and.w	r5, r1, #2147483648	@ 0x80000000
 80004f4:	f021 4100 	bic.w	r1, r1, #2147483648	@ 0x80000000
 80004f8:	e71c      	b.n	8000334 <__adddf3+0x138>
 80004fa:	bf00      	nop

080004fc <__aeabi_ul2d>:
 80004fc:	ea50 0201 	orrs.w	r2, r0, r1
 8000500:	bf08      	it	eq
 8000502:	4770      	bxeq	lr
 8000504:	b530      	push	{r4, r5, lr}
 8000506:	f04f 0500 	mov.w	r5, #0
 800050a:	e00a      	b.n	8000522 <__aeabi_l2d+0x16>

0800050c <__aeabi_l2d>:
 800050c:	ea50 0201 	orrs.w	r2, r0, r1
 8000510:	bf08      	it	eq
 8000512:	4770      	bxeq	lr
 8000514:	b530      	push	{r4, r5, lr}
 8000516:	f011 4500 	ands.w	r5, r1, #2147483648	@ 0x80000000
 800051a:	d502      	bpl.n	8000522 <__aeabi_l2d+0x16>
 800051c:	4240      	negs	r0, r0
 800051e:	eb61 0141 	sbc.w	r1, r1, r1, lsl #1
 8000522:	f44f 6480 	mov.w	r4, #1024	@ 0x400
 8000526:	f104 0432 	add.w	r4, r4, #50	@ 0x32
 800052a:	ea5f 5c91 	movs.w	ip, r1, lsr #22
 800052e:	f43f aed8 	beq.w	80002e2 <__adddf3+0xe6>
 8000532:	f04f 0203 	mov.w	r2, #3
 8000536:	ea5f 0cdc 	movs.w	ip, ip, lsr #3
 800053a:	bf18      	it	ne
 800053c:	3203      	addne	r2, #3
 800053e:	ea5f 0cdc 	movs.w	ip, ip, lsr #3
 8000542:	bf18      	it	ne
 8000544:	3203      	addne	r2, #3
 8000546:	eb02 02dc 	add.w	r2, r2, ip, lsr #3
 800054a:	f1c2 0320 	rsb	r3, r2, #32
 800054e:	fa00 fc03 	lsl.w	ip, r0, r3
 8000552:	fa20 f002 	lsr.w	r0, r0, r2
 8000556:	fa01 fe03 	lsl.w	lr, r1, r3
 800055a:	ea40 000e 	orr.w	r0, r0, lr
 800055e:	fa21 f102 	lsr.w	r1, r1, r2
 8000562:	4414      	add	r4, r2
 8000564:	e6bd      	b.n	80002e2 <__adddf3+0xe6>
 8000566:	bf00      	nop

08000568 <__aeabi_dmul>:
 8000568:	b570      	push	{r4, r5, r6, lr}
 800056a:	f04f 0cff 	mov.w	ip, #255	@ 0xff
 800056e:	f44c 6ce0 	orr.w	ip, ip, #1792	@ 0x700
 8000572:	ea1c 5411 	ands.w	r4, ip, r1, lsr #20
 8000576:	bf1d      	ittte	ne
 8000578:	ea1c 5513 	andsne.w	r5, ip, r3, lsr #20
 800057c:	ea94 0f0c 	teqne	r4, ip
 8000580:	ea95 0f0c 	teqne	r5, ip
 8000584:	f000 f8de 	bleq	8000744 <__aeabi_dmul+0x1dc>
 8000588:	442c      	add	r4, r5
 800058a:	ea81 0603 	eor.w	r6, r1, r3
 800058e:	ea21 514c 	bic.w	r1, r1, ip, lsl #21
 8000592:	ea23 534c 	bic.w	r3, r3, ip, lsl #21
 8000596:	ea50 3501 	orrs.w	r5, r0, r1, lsl #12
 800059a:	bf18      	it	ne
 800059c:	ea52 3503 	orrsne.w	r5, r2, r3, lsl #12
 80005a0:	f441 1180 	orr.w	r1, r1, #1048576	@ 0x100000
 80005a4:	f443 1380 	orr.w	r3, r3, #1048576	@ 0x100000
 80005a8:	d038      	beq.n	800061c <__aeabi_dmul+0xb4>
 80005aa:	fba0 ce02 	umull	ip, lr, r0, r2
 80005ae:	f04f 0500 	mov.w	r5, #0
 80005b2:	fbe1 e502 	umlal	lr, r5, r1, r2
 80005b6:	f006 4200 	and.w	r2, r6, #2147483648	@ 0x80000000
 80005ba:	fbe0 e503 	umlal	lr, r5, r0, r3
 80005be:	f04f 0600 	mov.w	r6, #0
 80005c2:	fbe1 5603 	umlal	r5, r6, r1, r3
 80005c6:	f09c 0f00 	teq	ip, #0
 80005ca:	bf18      	it	ne
 80005cc:	f04e 0e01 	orrne.w	lr, lr, #1
 80005d0:	f1a4 04ff 	sub.w	r4, r4, #255	@ 0xff
 80005d4:	f5b6 7f00 	cmp.w	r6, #512	@ 0x200
 80005d8:	f564 7440 	sbc.w	r4, r4, #768	@ 0x300
 80005dc:	d204      	bcs.n	80005e8 <__aeabi_dmul+0x80>
 80005de:	ea5f 0e4e 	movs.w	lr, lr, lsl #1
 80005e2:	416d      	adcs	r5, r5
 80005e4:	eb46 0606 	adc.w	r6, r6, r6
 80005e8:	ea42 21c6 	orr.w	r1, r2, r6, lsl #11
 80005ec:	ea41 5155 	orr.w	r1, r1, r5, lsr #21
 80005f0:	ea4f 20c5 	mov.w	r0, r5, lsl #11
 80005f4:	ea40 505e 	orr.w	r0, r0, lr, lsr #21
 80005f8:	ea4f 2ece 	mov.w	lr, lr, lsl #11
 80005fc:	f1b4 0cfd 	subs.w	ip, r4, #253	@ 0xfd
 8000600:	bf88      	it	hi
 8000602:	f5bc 6fe0 	cmphi.w	ip, #1792	@ 0x700
 8000606:	d81e      	bhi.n	8000646 <__aeabi_dmul+0xde>
 8000608:	f1be 4f00 	cmp.w	lr, #2147483648	@ 0x80000000
 800060c:	bf08      	it	eq
 800060e:	ea5f 0e50 	movseq.w	lr, r0, lsr #1
 8000612:	f150 0000 	adcs.w	r0, r0, #0
 8000616:	eb41 5104 	adc.w	r1, r1, r4, lsl #20
 800061a:	bd70      	pop	{r4, r5, r6, pc}
 800061c:	f006 4600 	and.w	r6, r6, #2147483648	@ 0x80000000
 8000620:	ea46 0101 	orr.w	r1, r6, r1
 8000624:	ea40 0002 	orr.w	r0, r0, r2
 8000628:	ea81 0103 	eor.w	r1, r1, r3
 800062c:	ebb4 045c 	subs.w	r4, r4, ip, lsr #1
 8000630:	bfc2      	ittt	gt
 8000632:	ebd4 050c 	rsbsgt	r5, r4, ip
 8000636:	ea41 5104 	orrgt.w	r1, r1, r4, lsl #20
 800063a:	bd70      	popgt	{r4, r5, r6, pc}
 800063c:	f441 1180 	orr.w	r1, r1, #1048576	@ 0x100000
 8000640:	f04f 0e00 	mov.w	lr, #0
 8000644:	3c01      	subs	r4, #1
 8000646:	f300 80ab 	bgt.w	80007a0 <__aeabi_dmul+0x238>
 800064a:	f114 0f36 	cmn.w	r4, #54	@ 0x36
 800064e:	bfde      	ittt	le
 8000650:	2000      	movle	r0, #0
 8000652:	f001 4100 	andle.w	r1, r1, #2147483648	@ 0x80000000
 8000656:	bd70      	pople	{r4, r5, r6, pc}
 8000658:	f1c4 0400 	rsb	r4, r4, #0
 800065c:	3c20      	subs	r4, #32
 800065e:	da35      	bge.n	80006cc <__aeabi_dmul+0x164>
 8000660:	340c      	adds	r4, #12
 8000662:	dc1b      	bgt.n	800069c <__aeabi_dmul+0x134>
 8000664:	f104 0414 	add.w	r4, r4, #20
 8000668:	f1c4 0520 	rsb	r5, r4, #32
 800066c:	fa00 f305 	lsl.w	r3, r0, r5
 8000670:	fa20 f004 	lsr.w	r0, r0, r4
 8000674:	fa01 f205 	lsl.w	r2, r1, r5
 8000678:	ea40 0002 	orr.w	r0, r0, r2
 800067c:	f001 4200 	and.w	r2, r1, #2147483648	@ 0x80000000
 8000680:	f021 4100 	bic.w	r1, r1, #2147483648	@ 0x80000000
 8000684:	eb10 70d3 	adds.w	r0, r0, r3, lsr #31
 8000688:	fa21 f604 	lsr.w	r6, r1, r4
 800068c:	eb42 0106 	adc.w	r1, r2, r6
 8000690:	ea5e 0e43 	orrs.w	lr, lr, r3, lsl #1
 8000694:	bf08      	it	eq
 8000696:	ea20 70d3 	biceq.w	r0, r0, r3, lsr #31
 800069a:	bd70      	pop	{r4, r5, r6, pc}
 800069c:	f1c4 040c 	rsb	r4, r4, #12
 80006a0:	f1c4 0520 	rsb	r5, r4, #32
 80006a4:	fa00 f304 	lsl.w	r3, r0, r4
 80006a8:	fa20 f005 	lsr.w	r0, r0, r5
 80006ac:	fa01 f204 	lsl.w	r2, r1, r4
 80006b0:	ea40 0002 	orr.w	r0, r0, r2
 80006b4:	f001 4100 	and.w	r1, r1, #2147483648	@ 0x80000000
 80006b8:	eb10 70d3 	adds.w	r0, r0, r3, lsr #31
 80006bc:	f141 0100 	adc.w	r1, r1, #0
 80006c0:	ea5e 0e43 	orrs.w	lr, lr, r3, lsl #1
 80006c4:	bf08      	it	eq
 80006c6:	ea20 70d3 	biceq.w	r0, r0, r3, lsr #31
 80006ca:	bd70      	pop	{r4, r5, r6, pc}
 80006cc:	f1c4 0520 	rsb	r5, r4, #32
 80006d0:	fa00 f205 	lsl.w	r2, r0, r5
 80006d4:	ea4e 0e02 	orr.w	lr, lr, r2
 80006d8:	fa20 f304 	lsr.w	r3, r0, r4
 80006dc:	fa01 f205 	lsl.w	r2, r1, r5
 80006e0:	ea43 0302 	orr.w	r3, r3, r2
 80006e4:	fa21 f004 	lsr.w	r0, r1, r4
 80006e8:	f001 4100 	and.w	r1, r1, #2147483648	@ 0x80000000
 80006ec:	fa21 f204 	lsr.w	r2, r1, r4
 80006f0:	ea20 0002 	bic.w	r0, r0, r2
 80006f4:	eb00 70d3 	add.w	r0, r0, r3, lsr #31
 80006f8:	ea5e 0e43 	orrs.w	lr, lr, r3, lsl #1
 80006fc:	bf08      	it	eq
 80006fe:	ea20 70d3 	biceq.w	r0, r0, r3, lsr #31
 8000702:	bd70      	pop	{r4, r5, r6, pc}
 8000704:	f094 0f00 	teq	r4, #0
 8000708:	d10f      	bne.n	800072a <__aeabi_dmul+0x1c2>
 800070a:	f001 4600 	and.w	r6, r1, #2147483648	@ 0x80000000
 800070e:	0040      	lsls	r0, r0, #1
 8000710:	eb41 0101 	adc.w	r1, r1, r1
 8000714:	f411 1f80 	tst.w	r1, #1048576	@ 0x100000
 8000718:	bf08      	it	eq
 800071a:	3c01      	subeq	r4, #1
 800071c:	d0f7      	beq.n	800070e <__aeabi_dmul+0x1a6>
 800071e:	ea41 0106 	orr.w	r1, r1, r6
 8000722:	f095 0f00 	teq	r5, #0
 8000726:	bf18      	it	ne
 8000728:	4770      	bxne	lr
 800072a:	f003 4600 	and.w	r6, r3, #2147483648	@ 0x80000000
 800072e:	0052      	lsls	r2, r2, #1
 8000730:	eb43 0303 	adc.w	r3, r3, r3
 8000734:	f413 1f80 	tst.w	r3, #1048576	@ 0x100000
 8000738:	bf08      	it	eq
 800073a:	3d01      	subeq	r5, #1
 800073c:	d0f7      	beq.n	800072e <__aeabi_dmul+0x1c6>
 800073e:	ea43 0306 	orr.w	r3, r3, r6
 8000742:	4770      	bx	lr
 8000744:	ea94 0f0c 	teq	r4, ip
 8000748:	ea0c 5513 	and.w	r5, ip, r3, lsr #20
 800074c:	bf18      	it	ne
 800074e:	ea95 0f0c 	teqne	r5, ip
 8000752:	d00c      	beq.n	800076e <__aeabi_dmul+0x206>
 8000754:	ea50 0641 	orrs.w	r6, r0, r1, lsl #1
 8000758:	bf18      	it	ne
 800075a:	ea52 0643 	orrsne.w	r6, r2, r3, lsl #1
 800075e:	d1d1      	bne.n	8000704 <__aeabi_dmul+0x19c>
 8000760:	ea81 0103 	eor.w	r1, r1, r3
 8000764:	f001 4100 	and.w	r1, r1, #2147483648	@ 0x80000000
 8000768:	f04f 0000 	mov.w	r0, #0
 800076c:	bd70      	pop	{r4, r5, r6, pc}
 800076e:	ea50 0641 	orrs.w	r6, r0, r1, lsl #1
 8000772:	bf06      	itte	eq
 8000774:	4610      	moveq	r0, r2
 8000776:	4619      	moveq	r1, r3
 8000778:	ea52 0643 	orrsne.w	r6, r2, r3, lsl #1
 800077c:	d019      	beq.n	80007b2 <__aeabi_dmul+0x24a>
 800077e:	ea94 0f0c 	teq	r4, ip
 8000782:	d102      	bne.n	800078a <__aeabi_dmul+0x222>
 8000784:	ea50 3601 	orrs.w	r6, r0, r1, lsl #12
 8000788:	d113      	bne.n	80007b2 <__aeabi_dmul+0x24a>
 800078a:	ea95 0f0c 	teq	r5, ip
 800078e:	d105      	bne.n	800079c <__aeabi_dmul+0x234>
 8000790:	ea52 3603 	orrs.w	r6, r2, r3, lsl #12
 8000794:	bf1c      	itt	ne
 8000796:	4610      	movne	r0, r2
 8000798:	4619      	movne	r1, r3
 800079a:	d10a      	bne.n	80007b2 <__aeabi_dmul+0x24a>
 800079c:	ea81 0103 	eor.w	r1, r1, r3
 80007a0:	f001 4100 	and.w	r1, r1, #2147483648	@ 0x80000000
 80007a4:	f041 41fe 	orr.w	r1, r1, #2130706432	@ 0x7f000000
 80007a8:	f441 0170 	orr.w	r1, r1, #15728640	@ 0xf00000
 80007ac:	f04f 0000 	mov.w	r0, #0
 80007b0:	bd70      	pop	{r4, r5, r6, pc}
 80007b2:	f041 41fe 	orr.w	r1, r1, #2130706432	@ 0x7f000000
 80007b6:	f441 0178 	orr.w	r1, r1, #16252928	@ 0xf80000
 80007ba:	bd70      	pop	{r4, r5, r6, pc}

080007bc <__aeabi_ddiv>:
 80007bc:	b570      	push	{r4, r5, r6, lr}
 80007be:	f04f 0cff 	mov.w	ip, #255	@ 0xff
 80007c2:	f44c 6ce0 	orr.w	ip, ip, #1792	@ 0x700
 80007c6:	ea1c 5411 	ands.w	r4, ip, r1, lsr #20
 80007ca:	bf1d      	ittte	ne
 80007cc:	ea1c 5513 	andsne.w	r5, ip, r3, lsr #20
 80007d0:	ea94 0f0c 	teqne	r4, ip
 80007d4:	ea95 0f0c 	teqne	r5, ip
 80007d8:	f000 f8a7 	bleq	800092a <__aeabi_ddiv+0x16e>
 80007dc:	eba4 0405 	sub.w	r4, r4, r5
 80007e0:	ea81 0e03 	eor.w	lr, r1, r3
 80007e4:	ea52 3503 	orrs.w	r5, r2, r3, lsl #12
 80007e8:	ea4f 3101 	mov.w	r1, r1, lsl #12
 80007ec:	f000 8088 	beq.w	8000900 <__aeabi_ddiv+0x144>
 80007f0:	ea4f 3303 	mov.w	r3, r3, lsl #12
 80007f4:	f04f 5580 	mov.w	r5, #268435456	@ 0x10000000
 80007f8:	ea45 1313 	orr.w	r3, r5, r3, lsr #4
 80007fc:	ea43 6312 	orr.w	r3, r3, r2, lsr #24
 8000800:	ea4f 2202 	mov.w	r2, r2, lsl #8
 8000804:	ea45 1511 	orr.w	r5, r5, r1, lsr #4
 8000808:	ea45 6510 	orr.w	r5, r5, r0, lsr #24
 800080c:	ea4f 2600 	mov.w	r6, r0, lsl #8
 8000810:	f00e 4100 	and.w	r1, lr, #2147483648	@ 0x80000000
 8000814:	429d      	cmp	r5, r3
 8000816:	bf08      	it	eq
 8000818:	4296      	cmpeq	r6, r2
 800081a:	f144 04fd 	adc.w	r4, r4, #253	@ 0xfd
 800081e:	f504 7440 	add.w	r4, r4, #768	@ 0x300
 8000822:	d202      	bcs.n	800082a <__aeabi_ddiv+0x6e>
 8000824:	085b      	lsrs	r3, r3, #1
 8000826:	ea4f 0232 	mov.w	r2, r2, rrx
 800082a:	1ab6      	subs	r6, r6, r2
 800082c:	eb65 0503 	sbc.w	r5, r5, r3
 8000830:	085b      	lsrs	r3, r3, #1
 8000832:	ea4f 0232 	mov.w	r2, r2, rrx
 8000836:	f44f 1080 	mov.w	r0, #1048576	@ 0x100000
 800083a:	f44f 2c00 	mov.w	ip, #524288	@ 0x80000
 800083e:	ebb6 0e02 	subs.w	lr, r6, r2
 8000842:	eb75 0e03 	sbcs.w	lr, r5, r3
 8000846:	bf22      	ittt	cs
 8000848:	1ab6      	subcs	r6, r6, r2
 800084a:	4675      	movcs	r5, lr
 800084c:	ea40 000c 	orrcs.w	r0, r0, ip
 8000850:	085b      	lsrs	r3, r3, #1
 8000852:	ea4f 0232 	mov.w	r2, r2, rrx
 8000856:	ebb6 0e02 	subs.w	lr, r6, r2
 800085a:	eb75 0e03 	sbcs.w	lr, r5, r3
 800085e:	bf22      	ittt	cs
 8000860:	1ab6      	subcs	r6, r6, r2
 8000862:	4675      	movcs	r5, lr
 8000864:	ea40 005c 	orrcs.w	r0, r0, ip, lsr #1
 8000868:	085b      	lsrs	r3, r3, #1
 800086a:	ea4f 0232 	mov.w	r2, r2, rrx
 800086e:	ebb6 0e02 	subs.w	lr, r6, r2
 8000872:	eb75 0e03 	sbcs.w	lr, r5, r3
 8000876:	bf22      	ittt	cs
 8000878:	1ab6      	subcs	r6, r6, r2
 800087a:	4675      	movcs	r5, lr
 800087c:	ea40 009c 	orrcs.w	r0, r0, ip, lsr #2
 8000880:	085b      	lsrs	r3, r3, #1
 8000882:	ea4f 0232 	mov.w	r2, r2, rrx
 8000886:	ebb6 0e02 	subs.w	lr, r6, r2
 800088a:	eb75 0e03 	sbcs.w	lr, r5, r3
 800088e:	bf22      	ittt	cs
 8000890:	1ab6      	subcs	r6, r6, r2
 8000892:	4675      	movcs	r5, lr
 8000894:	ea40 00dc 	orrcs.w	r0, r0, ip, lsr #3
 8000898:	ea55 0e06 	orrs.w	lr, r5, r6
 800089c:	d018      	beq.n	80008d0 <__aeabi_ddiv+0x114>
 800089e:	ea4f 1505 	mov.w	r5, r5, lsl #4
 80008a2:	ea45 7516 	orr.w	r5, r5, r6, lsr #28
 80008a6:	ea4f 1606 	mov.w	r6, r6, lsl #4
 80008aa:	ea4f 03c3 	mov.w	r3, r3, lsl #3
 80008ae:	ea43 7352 	orr.w	r3, r3, r2, lsr #29
 80008b2:	ea4f 02c2 	mov.w	r2, r2, lsl #3
 80008b6:	ea5f 1c1c 	movs.w	ip, ip, lsr #4
 80008ba:	d1c0      	bne.n	800083e <__aeabi_ddiv+0x82>
 80008bc:	f411 1f80 	tst.w	r1, #1048576	@ 0x100000
 80008c0:	d10b      	bne.n	80008da <__aeabi_ddiv+0x11e>
 80008c2:	ea41 0100 	orr.w	r1, r1, r0
 80008c6:	f04f 0000 	mov.w	r0, #0
 80008ca:	f04f 4c00 	mov.w	ip, #2147483648	@ 0x80000000
 80008ce:	e7b6      	b.n	800083e <__aeabi_ddiv+0x82>
 80008d0:	f411 1f80 	tst.w	r1, #1048576	@ 0x100000
 80008d4:	bf04      	itt	eq
 80008d6:	4301      	orreq	r1, r0
 80008d8:	2000      	moveq	r0, #0
 80008da:	f1b4 0cfd 	subs.w	ip, r4, #253	@ 0xfd
 80008de:	bf88      	it	hi
 80008e0:	f5bc 6fe0 	cmphi.w	ip, #1792	@ 0x700
 80008e4:	f63f aeaf 	bhi.w	8000646 <__aeabi_dmul+0xde>
 80008e8:	ebb5 0c03 	subs.w	ip, r5, r3
 80008ec:	bf04      	itt	eq
 80008ee:	ebb6 0c02 	subseq.w	ip, r6, r2
 80008f2:	ea5f 0c50 	movseq.w	ip, r0, lsr #1
 80008f6:	f150 0000 	adcs.w	r0, r0, #0
 80008fa:	eb41 5104 	adc.w	r1, r1, r4, lsl #20
 80008fe:	bd70      	pop	{r4, r5, r6, pc}
 8000900:	f00e 4e00 	and.w	lr, lr, #2147483648	@ 0x80000000
 8000904:	ea4e 3111 	orr.w	r1, lr, r1, lsr #12
 8000908:	eb14 045c 	adds.w	r4, r4, ip, lsr #1
 800090c:	bfc2      	ittt	gt
 800090e:	ebd4 050c 	rsbsgt	r5, r4, ip
 8000912:	ea41 5104 	orrgt.w	r1, r1, r4, lsl #20
 8000916:	bd70      	popgt	{r4, r5, r6, pc}
 8000918:	f441 1180 	orr.w	r1, r1, #1048576	@ 0x100000
 800091c:	f04f 0e00 	mov.w	lr, #0
 8000920:	3c01      	subs	r4, #1
 8000922:	e690      	b.n	8000646 <__aeabi_dmul+0xde>
 8000924:	ea45 0e06 	orr.w	lr, r5, r6
 8000928:	e68d      	b.n	8000646 <__aeabi_dmul+0xde>
 800092a:	ea0c 5513 	and.w	r5, ip, r3, lsr #20
 800092e:	ea94 0f0c 	teq	r4, ip
 8000932:	bf08      	it	eq
 8000934:	ea95 0f0c 	teqeq	r5, ip
 8000938:	f43f af3b 	beq.w	80007b2 <__aeabi_dmul+0x24a>
 800093c:	ea94 0f0c 	teq	r4, ip
 8000940:	d10a      	bne.n	8000958 <__aeabi_ddiv+0x19c>
 8000942:	ea50 3401 	orrs.w	r4, r0, r1, lsl #12
 8000946:	f47f af34 	bne.w	80007b2 <__aeabi_dmul+0x24a>
 800094a:	ea95 0f0c 	teq	r5, ip
 800094e:	f47f af25 	bne.w	800079c <__aeabi_dmul+0x234>
 8000952:	4610      	mov	r0, r2
 8000954:	4619      	mov	r1, r3
 8000956:	e72c      	b.n	80007b2 <__aeabi_dmul+0x24a>
 8000958:	ea95 0f0c 	teq	r5, ip
 800095c:	d106      	bne.n	800096c <__aeabi_ddiv+0x1b0>
 800095e:	ea52 3503 	orrs.w	r5, r2, r3, lsl #12
 8000962:	f43f aefd 	beq.w	8000760 <__aeabi_dmul+0x1f8>
 8000966:	4610      	mov	r0, r2
 8000968:	4619      	mov	r1, r3
 800096a:	e722      	b.n	80007b2 <__aeabi_dmul+0x24a>
 800096c:	ea50 0641 	orrs.w	r6, r0, r1, lsl #1
 8000970:	bf18      	it	ne
 8000972:	ea52 0643 	orrsne.w	r6, r2, r3, lsl #1
 8000976:	f47f aec5 	bne.w	8000704 <__aeabi_dmul+0x19c>
 800097a:	ea50 0441 	orrs.w	r4, r0, r1, lsl #1
 800097e:	f47f af0d 	bne.w	800079c <__aeabi_dmul+0x234>
 8000982:	ea52 0543 	orrs.w	r5, r2, r3, lsl #1
 8000986:	f47f aeeb 	bne.w	8000760 <__aeabi_dmul+0x1f8>
 800098a:	e712      	b.n	80007b2 <__aeabi_dmul+0x24a>

0800098c <__gedf2>:
 800098c:	f04f 3cff 	mov.w	ip, #4294967295
 8000990:	e006      	b.n	80009a0 <__cmpdf2+0x4>
 8000992:	bf00      	nop

08000994 <__ledf2>:
 8000994:	f04f 0c01 	mov.w	ip, #1
 8000998:	e002      	b.n	80009a0 <__cmpdf2+0x4>
 800099a:	bf00      	nop

0800099c <__cmpdf2>:
 800099c:	f04f 0c01 	mov.w	ip, #1
 80009a0:	f84d cd04 	str.w	ip, [sp, #-4]!
 80009a4:	ea4f 0c41 	mov.w	ip, r1, lsl #1
 80009a8:	ea7f 5c6c 	mvns.w	ip, ip, asr #21
 80009ac:	ea4f 0c43 	mov.w	ip, r3, lsl #1
 80009b0:	bf18      	it	ne
 80009b2:	ea7f 5c6c 	mvnsne.w	ip, ip, asr #21
 80009b6:	d01b      	beq.n	80009f0 <__cmpdf2+0x54>
 80009b8:	b001      	add	sp, #4
 80009ba:	ea50 0c41 	orrs.w	ip, r0, r1, lsl #1
 80009be:	bf0c      	ite	eq
 80009c0:	ea52 0c43 	orrseq.w	ip, r2, r3, lsl #1
 80009c4:	ea91 0f03 	teqne	r1, r3
 80009c8:	bf02      	ittt	eq
 80009ca:	ea90 0f02 	teqeq	r0, r2
 80009ce:	2000      	moveq	r0, #0
 80009d0:	4770      	bxeq	lr
 80009d2:	f110 0f00 	cmn.w	r0, #0
 80009d6:	ea91 0f03 	teq	r1, r3
 80009da:	bf58      	it	pl
 80009dc:	4299      	cmppl	r1, r3
 80009de:	bf08      	it	eq
 80009e0:	4290      	cmpeq	r0, r2
 80009e2:	bf2c      	ite	cs
 80009e4:	17d8      	asrcs	r0, r3, #31
 80009e6:	ea6f 70e3 	mvncc.w	r0, r3, asr #31
 80009ea:	f040 0001 	orr.w	r0, r0, #1
 80009ee:	4770      	bx	lr
 80009f0:	ea4f 0c41 	mov.w	ip, r1, lsl #1
 80009f4:	ea7f 5c6c 	mvns.w	ip, ip, asr #21
 80009f8:	d102      	bne.n	8000a00 <__cmpdf2+0x64>
 80009fa:	ea50 3c01 	orrs.w	ip, r0, r1, lsl #12
 80009fe:	d107      	bne.n	8000a10 <__cmpdf2+0x74>
 8000a00:	ea4f 0c43 	mov.w	ip, r3, lsl #1
 8000a04:	ea7f 5c6c 	mvns.w	ip, ip, asr #21
 8000a08:	d1d6      	bne.n	80009b8 <__cmpdf2+0x1c>
 8000a0a:	ea52 3c03 	orrs.w	ip, r2, r3, lsl #12
 8000a0e:	d0d3      	beq.n	80009b8 <__cmpdf2+0x1c>
 8000a10:	f85d 0b04 	ldr.w	r0, [sp], #4
 8000a14:	4770      	bx	lr
 8000a16:	bf00      	nop

08000a18 <__aeabi_cdrcmple>:
 8000a18:	4684      	mov	ip, r0
 8000a1a:	4610      	mov	r0, r2
 8000a1c:	4662      	mov	r2, ip
 8000a1e:	468c      	mov	ip, r1
 8000a20:	4619      	mov	r1, r3
 8000a22:	4663      	mov	r3, ip
 8000a24:	e000      	b.n	8000a28 <__aeabi_cdcmpeq>
 8000a26:	bf00      	nop

08000a28 <__aeabi_cdcmpeq>:
 8000a28:	b501      	push	{r0, lr}
 8000a2a:	f7ff ffb7 	bl	800099c <__cmpdf2>
 8000a2e:	2800      	cmp	r0, #0
 8000a30:	bf48      	it	mi
 8000a32:	f110 0f00 	cmnmi.w	r0, #0
 8000a36:	bd01      	pop	{r0, pc}

08000a38 <__aeabi_dcmpeq>:
 8000a38:	f84d ed08 	str.w	lr, [sp, #-8]!
 8000a3c:	f7ff fff4 	bl	8000a28 <__aeabi_cdcmpeq>
 8000a40:	bf0c      	ite	eq
 8000a42:	2001      	moveq	r0, #1
 8000a44:	2000      	movne	r0, #0
 8000a46:	f85d fb08 	ldr.w	pc, [sp], #8
 8000a4a:	bf00      	nop

08000a4c <__aeabi_dcmplt>:
 8000a4c:	f84d ed08 	str.w	lr, [sp, #-8]!
 8000a50:	f7ff ffea 	bl	8000a28 <__aeabi_cdcmpeq>
 8000a54:	bf34      	ite	cc
 8000a56:	2001      	movcc	r0, #1
 8000a58:	2000      	movcs	r0, #0
 8000a5a:	f85d fb08 	ldr.w	pc, [sp], #8
 8000a5e:	bf00      	nop

08000a60 <__aeabi_dcmple>:
 8000a60:	f84d ed08 	str.w	lr, [sp, #-8]!
 8000a64:	f7ff ffe0 	bl	8000a28 <__aeabi_cdcmpeq>
 8000a68:	bf94      	ite	ls
 8000a6a:	2001      	movls	r0, #1
 8000a6c:	2000      	movhi	r0, #0
 8000a6e:	f85d fb08 	ldr.w	pc, [sp], #8
 8000a72:	bf00      	nop

08000a74 <__aeabi_dcmpge>:
 8000a74:	f84d ed08 	str.w	lr, [sp, #-8]!
 8000a78:	f7ff ffce 	bl	8000a18 <__aeabi_cdrcmple>
 8000a7c:	bf94      	ite	ls
 8000a7e:	2001      	movls	r0, #1
 8000a80:	2000      	movhi	r0, #0
 8000a82:	f85d fb08 	ldr.w	pc, [sp], #8
 8000a86:	bf00      	nop

08000a88 <__aeabi_dcmpgt>:
 8000a88:	f84d ed08 	str.w	lr, [sp, #-8]!
 8000a8c:	f7ff ffc4 	bl	8000a18 <__aeabi_cdrcmple>
 8000a90:	bf34      	ite	cc
 8000a92:	2001      	movcc	r0, #1
 8000a94:	2000      	movcs	r0, #0
 8000a96:	f85d fb08 	ldr.w	pc, [sp], #8
 8000a9a:	bf00      	nop

08000a9c <__aeabi_d2iz>:
 8000a9c:	ea4f 0241 	mov.w	r2, r1, lsl #1
 8000aa0:	f512 1200 	adds.w	r2, r2, #2097152	@ 0x200000
 8000aa4:	d215      	bcs.n	8000ad2 <__aeabi_d2iz+0x36>
 8000aa6:	d511      	bpl.n	8000acc <__aeabi_d2iz+0x30>
 8000aa8:	f46f 7378 	mvn.w	r3, #992	@ 0x3e0
 8000aac:	ebb3 5262 	subs.w	r2, r3, r2, asr #21
 8000ab0:	d912      	bls.n	8000ad8 <__aeabi_d2iz+0x3c>
 8000ab2:	ea4f 23c1 	mov.w	r3, r1, lsl #11
 8000ab6:	f043 4300 	orr.w	r3, r3, #2147483648	@ 0x80000000
 8000aba:	ea43 5350 	orr.w	r3, r3, r0, lsr #21
 8000abe:	f011 4f00 	tst.w	r1, #2147483648	@ 0x80000000
 8000ac2:	fa23 f002 	lsr.w	r0, r3, r2
 8000ac6:	bf18      	it	ne
 8000ac8:	4240      	negne	r0, r0
 8000aca:	4770      	bx	lr
 8000acc:	f04f 0000 	mov.w	r0, #0
 8000ad0:	4770      	bx	lr
 8000ad2:	ea50 3001 	orrs.w	r0, r0, r1, lsl #12
 8000ad6:	d105      	bne.n	8000ae4 <__aeabi_d2iz+0x48>
 8000ad8:	f011 4000 	ands.w	r0, r1, #2147483648	@ 0x80000000
 8000adc:	bf08      	it	eq
 8000ade:	f06f 4000 	mvneq.w	r0, #2147483648	@ 0x80000000
 8000ae2:	4770      	bx	lr
 8000ae4:	f04f 0000 	mov.w	r0, #0
 8000ae8:	4770      	bx	lr
 8000aea:	bf00      	nop

08000aec <__aeabi_d2f>:
 8000aec:	ea4f 0241 	mov.w	r2, r1, lsl #1
 8000af0:	f1b2 43e0 	subs.w	r3, r2, #1879048192	@ 0x70000000
 8000af4:	bf24      	itt	cs
 8000af6:	f5b3 1c00 	subscs.w	ip, r3, #2097152	@ 0x200000
 8000afa:	f1dc 5cfe 	rsbscs	ip, ip, #532676608	@ 0x1fc00000
 8000afe:	d90d      	bls.n	8000b1c <__aeabi_d2f+0x30>
 8000b00:	f001 4c00 	and.w	ip, r1, #2147483648	@ 0x80000000
 8000b04:	ea4f 02c0 	mov.w	r2, r0, lsl #3
 8000b08:	ea4c 7050 	orr.w	r0, ip, r0, lsr #29
 8000b0c:	f1b2 4f00 	cmp.w	r2, #2147483648	@ 0x80000000
 8000b10:	eb40 0083 	adc.w	r0, r0, r3, lsl #2
 8000b14:	bf08      	it	eq
 8000b16:	f020 0001 	biceq.w	r0, r0, #1
 8000b1a:	4770      	bx	lr
 8000b1c:	f011 4f80 	tst.w	r1, #1073741824	@ 0x40000000
 8000b20:	d121      	bne.n	8000b66 <__aeabi_d2f+0x7a>
 8000b22:	f113 7238 	adds.w	r2, r3, #48234496	@ 0x2e00000
 8000b26:	bfbc      	itt	lt
 8000b28:	f001 4000 	andlt.w	r0, r1, #2147483648	@ 0x80000000
 8000b2c:	4770      	bxlt	lr
 8000b2e:	f441 1180 	orr.w	r1, r1, #1048576	@ 0x100000
 8000b32:	ea4f 5252 	mov.w	r2, r2, lsr #21
 8000b36:	f1c2 0218 	rsb	r2, r2, #24
 8000b3a:	f1c2 0c20 	rsb	ip, r2, #32
 8000b3e:	fa10 f30c 	lsls.w	r3, r0, ip
 8000b42:	fa20 f002 	lsr.w	r0, r0, r2
 8000b46:	bf18      	it	ne
 8000b48:	f040 0001 	orrne.w	r0, r0, #1
 8000b4c:	ea4f 23c1 	mov.w	r3, r1, lsl #11
 8000b50:	ea4f 23d3 	mov.w	r3, r3, lsr #11
 8000b54:	fa03 fc0c 	lsl.w	ip, r3, ip
 8000b58:	ea40 000c 	orr.w	r0, r0, ip
 8000b5c:	fa23 f302 	lsr.w	r3, r3, r2
 8000b60:	ea4f 0343 	mov.w	r3, r3, lsl #1
 8000b64:	e7cc      	b.n	8000b00 <__aeabi_d2f+0x14>
 8000b66:	ea7f 5362 	mvns.w	r3, r2, asr #21
 8000b6a:	d107      	bne.n	8000b7c <__aeabi_d2f+0x90>
 8000b6c:	ea50 3301 	orrs.w	r3, r0, r1, lsl #12
 8000b70:	bf1e      	ittt	ne
 8000b72:	f04f 40fe 	movne.w	r0, #2130706432	@ 0x7f000000
 8000b76:	f440 0040 	orrne.w	r0, r0, #12582912	@ 0xc00000
 8000b7a:	4770      	bxne	lr
 8000b7c:	f001 4000 	and.w	r0, r1, #2147483648	@ 0x80000000
 8000b80:	f040 40fe 	orr.w	r0, r0, #2130706432	@ 0x7f000000
 8000b84:	f440 0000 	orr.w	r0, r0, #8388608	@ 0x800000
 8000b88:	4770      	bx	lr
 8000b8a:	bf00      	nop

08000b8c <__aeabi_uldivmod>:
 8000b8c:	b953      	cbnz	r3, 8000ba4 <__aeabi_uldivmod+0x18>
 8000b8e:	b94a      	cbnz	r2, 8000ba4 <__aeabi_uldivmod+0x18>
 8000b90:	2900      	cmp	r1, #0
 8000b92:	bf08      	it	eq
 8000b94:	2800      	cmpeq	r0, #0
 8000b96:	bf1c      	itt	ne
 8000b98:	f04f 31ff 	movne.w	r1, #4294967295
 8000b9c:	f04f 30ff 	movne.w	r0, #4294967295
 8000ba0:	f000 b80c 	b.w	8000bbc <__aeabi_idiv0>
 8000ba4:	f1ad 0c08 	sub.w	ip, sp, #8
 8000ba8:	e96d ce04 	strd	ip, lr, [sp, #-16]!
 8000bac:	f00c fc94 	bl	800d4d8 <__udivmoddi4>
 8000bb0:	f8dd e004 	ldr.w	lr, [sp, #4]
 8000bb4:	e9dd 2302 	ldrd	r2, r3, [sp, #8]
 8000bb8:	b004      	add	sp, #16
 8000bba:	4770      	bx	lr

08000bbc <__aeabi_idiv0>:
 8000bbc:	4770      	bx	lr
 8000bbe:	bf00      	nop

08000bc0 <__do_global_dtors_aux>:
 8000bc0:	b508      	push	{r3, lr}
 8000bc2:	4b06      	ldr	r3, [pc, #24]	@ (8000bdc <__do_global_dtors_aux+0x1c>)
 8000bc4:	781a      	ldrb	r2, [r3, #0]
 8000bc6:	b93a      	cbnz	r2, 8000bd8 <__do_global_dtors_aux+0x18>
 8000bc8:	4a05      	ldr	r2, [pc, #20]	@ (8000be0 <__do_global_dtors_aux+0x20>)
 8000bca:	b11a      	cbz	r2, 8000bd4 <__do_global_dtors_aux+0x14>
 8000bcc:	4805      	ldr	r0, [pc, #20]	@ (8000be4 <__do_global_dtors_aux+0x24>)
 8000bce:	f3af 8000 	nop.w
 8000bd2:	4b02      	ldr	r3, [pc, #8]	@ (8000bdc <__do_global_dtors_aux+0x1c>)
 8000bd4:	2201      	movs	r2, #1
 8000bd6:	701a      	strb	r2, [r3, #0]
 8000bd8:	bd08      	pop	{r3, pc}
 8000bda:	bf00      	nop
 8000bdc:	20000210 	.word	0x20000210
 8000be0:	00000000 	.word	0x00000000
 8000be4:	0800d7f8 	.word	0x0800d7f8

08000be8 <frame_dummy>:
 8000be8:	b508      	push	{r3, lr}
 8000bea:	4b03      	ldr	r3, [pc, #12]	@ (8000bf8 <frame_dummy+0x10>)
 8000bec:	b11b      	cbz	r3, 8000bf6 <frame_dummy+0xe>
 8000bee:	4903      	ldr	r1, [pc, #12]	@ (8000bfc <frame_dummy+0x14>)
 8000bf0:	4803      	ldr	r0, [pc, #12]	@ (8000c00 <frame_dummy+0x18>)
 8000bf2:	f3af 8000 	nop.w
 8000bf6:	bd08      	pop	{r3, pc}
 8000bf8:	00000000 	.word	0x00000000
 8000bfc:	20000214 	.word	0x20000214
 8000c00:	0800d7f8 	.word	0x0800d7f8

08000c04 <MX_ADC1_Init>:
 8000c04:	b500      	push	{lr}
 8000c06:	b087      	sub	sp, #28
 8000c08:	2300      	movs	r3, #0
 8000c0a:	9300      	str	r3, [sp, #0]
 8000c0c:	9301      	str	r3, [sp, #4]
 8000c0e:	9302      	str	r3, [sp, #8]
 8000c10:	9303      	str	r3, [sp, #12]
 8000c12:	9304      	str	r3, [sp, #16]
 8000c14:	9305      	str	r3, [sp, #20]
 8000c16:	4818      	ldr	r0, [pc, #96]	@ (8000c78 <MX_ADC1_Init+0x74>)
 8000c18:	4a18      	ldr	r2, [pc, #96]	@ (8000c7c <MX_ADC1_Init+0x78>)
 8000c1a:	6002      	str	r2, [r0, #0]
 8000c1c:	6043      	str	r3, [r0, #4]
 8000c1e:	6083      	str	r3, [r0, #8]
 8000c20:	60c3      	str	r3, [r0, #12]
 8000c22:	6103      	str	r3, [r0, #16]
 8000c24:	2204      	movs	r2, #4
 8000c26:	6142      	str	r2, [r0, #20]
 8000c28:	7603      	strb	r3, [r0, #24]
 8000c2a:	7643      	strb	r3, [r0, #25]
 8000c2c:	2201      	movs	r2, #1
 8000c2e:	61c2      	str	r2, [r0, #28]
 8000c30:	f880 3020 	strb.w	r3, [r0, #32]
 8000c34:	6283      	str	r3, [r0, #40]	@ 0x28
 8000c36:	62c3      	str	r3, [r0, #44]	@ 0x2c
 8000c38:	f880 3030 	strb.w	r3, [r0, #48]	@ 0x30
 8000c3c:	6343      	str	r3, [r0, #52]	@ 0x34
 8000c3e:	f880 3038 	strb.w	r3, [r0, #56]	@ 0x38
 8000c42:	f003 ffbb 	bl	8004bbc <HAL_ADC_Init>
 8000c46:	b988      	cbnz	r0, 8000c6c <MX_ADC1_Init+0x68>
 8000c48:	4b0d      	ldr	r3, [pc, #52]	@ (8000c80 <MX_ADC1_Init+0x7c>)
 8000c4a:	9300      	str	r3, [sp, #0]
 8000c4c:	2306      	movs	r3, #6
 8000c4e:	9301      	str	r3, [sp, #4]
 8000c50:	2304      	movs	r3, #4
 8000c52:	9302      	str	r3, [sp, #8]
 8000c54:	227f      	movs	r2, #127	@ 0x7f
 8000c56:	9203      	str	r2, [sp, #12]
 8000c58:	9304      	str	r3, [sp, #16]
 8000c5a:	2300      	movs	r3, #0
 8000c5c:	9305      	str	r3, [sp, #20]
 8000c5e:	4669      	mov	r1, sp
 8000c60:	4805      	ldr	r0, [pc, #20]	@ (8000c78 <MX_ADC1_Init+0x74>)
 8000c62:	f004 f8f7 	bl	8004e54 <HAL_ADC_ConfigChannel>
 8000c66:	b920      	cbnz	r0, 8000c72 <MX_ADC1_Init+0x6e>
 8000c68:	b007      	add	sp, #28
 8000c6a:	bd00      	pop	{pc}
 8000c6c:	f002 f876 	bl	8002d5c <Error_Handler>
 8000c70:	e7ea      	b.n	8000c48 <MX_ADC1_Init+0x44>
 8000c72:	f002 f873 	bl	8002d5c <Error_Handler>
 8000c76:	e7f7      	b.n	8000c68 <MX_ADC1_Init+0x64>
 8000c78:	2000022c 	.word	0x2000022c
 8000c7c:	50040000 	.word	0x50040000
 8000c80:	0c900008 	.word	0x0c900008

08000c84 <HAL_ADC_MspInit>:
 8000c84:	b500      	push	{lr}
 8000c86:	b089      	sub	sp, #36	@ 0x24
 8000c88:	2300      	movs	r3, #0
 8000c8a:	9303      	str	r3, [sp, #12]
 8000c8c:	9304      	str	r3, [sp, #16]
 8000c8e:	9305      	str	r3, [sp, #20]
 8000c90:	9306      	str	r3, [sp, #24]
 8000c92:	9307      	str	r3, [sp, #28]
 8000c94:	6802      	ldr	r2, [r0, #0]
 8000c96:	4b11      	ldr	r3, [pc, #68]	@ (8000cdc <HAL_ADC_MspInit+0x58>)
 8000c98:	429a      	cmp	r2, r3
 8000c9a:	d001      	beq.n	8000ca0 <HAL_ADC_MspInit+0x1c>
 8000c9c:	b009      	add	sp, #36	@ 0x24
 8000c9e:	bd00      	pop	{pc}
 8000ca0:	f04f 43b0 	mov.w	r3, #1476395008	@ 0x58000000
 8000ca4:	6cda      	ldr	r2, [r3, #76]	@ 0x4c
 8000ca6:	f442 5200 	orr.w	r2, r2, #8192	@ 0x2000
 8000caa:	64da      	str	r2, [r3, #76]	@ 0x4c
 8000cac:	6cda      	ldr	r2, [r3, #76]	@ 0x4c
 8000cae:	f402 5200 	and.w	r2, r2, #8192	@ 0x2000
 8000cb2:	9202      	str	r2, [sp, #8]
 8000cb4:	9a02      	ldr	r2, [sp, #8]
 8000cb6:	6cda      	ldr	r2, [r3, #76]	@ 0x4c
 8000cb8:	f042 0204 	orr.w	r2, r2, #4
 8000cbc:	64da      	str	r2, [r3, #76]	@ 0x4c
 8000cbe:	6cdb      	ldr	r3, [r3, #76]	@ 0x4c
 8000cc0:	f003 0304 	and.w	r3, r3, #4
 8000cc4:	9301      	str	r3, [sp, #4]
 8000cc6:	9b01      	ldr	r3, [sp, #4]
 8000cc8:	2304      	movs	r3, #4
 8000cca:	9303      	str	r3, [sp, #12]
 8000ccc:	2303      	movs	r3, #3
 8000cce:	9304      	str	r3, [sp, #16]
 8000cd0:	a903      	add	r1, sp, #12
 8000cd2:	4803      	ldr	r0, [pc, #12]	@ (8000ce0 <HAL_ADC_MspInit+0x5c>)
 8000cd4:	f004 fcd0 	bl	8005678 <HAL_GPIO_Init>
 8000cd8:	e7e0      	b.n	8000c9c <HAL_ADC_MspInit+0x18>
 8000cda:	bf00      	nop
 8000cdc:	50040000 	.word	0x50040000
 8000ce0:	48000800 	.word	0x48000800

08000ce4 <Adv_Cancel>:
 8000ce4:	b508      	push	{r3, lr}
 8000ce6:	4b06      	ldr	r3, [pc, #24]	@ (8000d00 <Adv_Cancel+0x1c>)
 8000ce8:	f893 3080 	ldrb.w	r3, [r3, #128]	@ 0x80
 8000cec:	2b05      	cmp	r3, #5
 8000cee:	d100      	bne.n	8000cf2 <Adv_Cancel+0xe>
 8000cf0:	bd08      	pop	{r3, pc}
 8000cf2:	f000 fc17 	bl	8001524 <aci_gap_set_non_discoverable>
 8000cf6:	4b02      	ldr	r3, [pc, #8]	@ (8000d00 <Adv_Cancel+0x1c>)
 8000cf8:	2200      	movs	r2, #0
 8000cfa:	f883 2080 	strb.w	r2, [r3, #128]	@ 0x80
 8000cfe:	e7f7      	b.n	8000cf0 <Adv_Cancel+0xc>
 8000d00:	20000294 	.word	0x20000294

08000d04 <Ble_Tl_Init>:
 8000d04:	b500      	push	{lr}
 8000d06:	b083      	sub	sp, #12
 8000d08:	4b04      	ldr	r3, [pc, #16]	@ (8000d1c <Ble_Tl_Init+0x18>)
 8000d0a:	9300      	str	r3, [sp, #0]
 8000d0c:	4b04      	ldr	r3, [pc, #16]	@ (8000d20 <Ble_Tl_Init+0x1c>)
 8000d0e:	9301      	str	r3, [sp, #4]
 8000d10:	4669      	mov	r1, sp
 8000d12:	4804      	ldr	r0, [pc, #16]	@ (8000d24 <Ble_Tl_Init+0x20>)
 8000d14:	f001 f98c 	bl	8002030 <hci_init>
 8000d18:	b003      	add	sp, #12
 8000d1a:	bd00      	pop	{pc}
 8000d1c:	20030028 	.word	0x20030028
 8000d20:	08000d41 	.word	0x08000d41
 8000d24:	08000d29 	.word	0x08000d29

08000d28 <BLE_UserEvtRx>:
 8000d28:	b510      	push	{r4, lr}
 8000d2a:	4604      	mov	r4, r0
 8000d2c:	6840      	ldr	r0, [r0, #4]
 8000d2e:	3008      	adds	r0, #8
 8000d30:	f009 fd8c 	bl	800a84c <SVCCTL_UserEvtRx>
 8000d34:	b110      	cbz	r0, 8000d3c <BLE_UserEvtRx+0x14>
 8000d36:	2301      	movs	r3, #1
 8000d38:	7023      	strb	r3, [r4, #0]
 8000d3a:	bd10      	pop	{r4, pc}
 8000d3c:	7020      	strb	r0, [r4, #0]
 8000d3e:	e7fc      	b.n	8000d3a <BLE_UserEvtRx+0x12>

08000d40 <BLE_StatusNot>:
 8000d40:	b508      	push	{r3, lr}
 8000d42:	b128      	cbz	r0, 8000d50 <BLE_StatusNot+0x10>
 8000d44:	2801      	cmp	r0, #1
 8000d46:	d106      	bne.n	8000d56 <BLE_StatusNot+0x16>
 8000d48:	2003      	movs	r0, #3
 8000d4a:	f003 fda7 	bl	800489c <UTIL_SEQ_ResumeTask>
 8000d4e:	e002      	b.n	8000d56 <BLE_StatusNot+0x16>
 8000d50:	2003      	movs	r0, #3
 8000d52:	f003 fd95 	bl	8004880 <UTIL_SEQ_PauseTask>
 8000d56:	bd08      	pop	{r3, pc}

08000d58 <BleGetBdAddress>:
 8000d58:	b508      	push	{r3, lr}
 8000d5a:	4b0f      	ldr	r3, [pc, #60]	@ (8000d98 <BleGetBdAddress+0x40>)
 8000d5c:	f8d3 2580 	ldr.w	r2, [r3, #1408]	@ 0x580
 8000d60:	f1b2 3fff 	cmp.w	r2, #4294967295
 8000d64:	d010      	beq.n	8000d88 <BleGetBdAddress+0x30>
 8000d66:	f8d3 3584 	ldr.w	r3, [r3, #1412]	@ 0x584
 8000d6a:	480c      	ldr	r0, [pc, #48]	@ (8000d9c <BleGetBdAddress+0x44>)
 8000d6c:	7002      	strb	r2, [r0, #0]
 8000d6e:	f3c2 2207 	ubfx	r2, r2, #8, #8
 8000d72:	7042      	strb	r2, [r0, #1]
 8000d74:	7083      	strb	r3, [r0, #2]
 8000d76:	f3c3 2207 	ubfx	r2, r3, #8, #8
 8000d7a:	70c2      	strb	r2, [r0, #3]
 8000d7c:	f3c3 4207 	ubfx	r2, r3, #16, #8
 8000d80:	7102      	strb	r2, [r0, #4]
 8000d82:	0e1b      	lsrs	r3, r3, #24
 8000d84:	7143      	strb	r3, [r0, #5]
 8000d86:	bd08      	pop	{r3, pc}
 8000d88:	2000      	movs	r0, #0
 8000d8a:	f002 f92b 	bl	8002fe4 <OTP_Read>
 8000d8e:	2800      	cmp	r0, #0
 8000d90:	d1f9      	bne.n	8000d86 <BleGetBdAddress+0x2e>
 8000d92:	4803      	ldr	r0, [pc, #12]	@ (8000da0 <BleGetBdAddress+0x48>)
 8000d94:	e7f7      	b.n	8000d86 <BleGetBdAddress+0x2e>
 8000d96:	bf00      	nop
 8000d98:	1fff7000 	.word	0x1fff7000
 8000d9c:	20000318 	.word	0x20000318
 8000da0:	0800d98c 	.word	0x0800d98c

08000da4 <Ble_Hci_Gap_Gatt_Init>:
 8000da4:	b570      	push	{r4, r5, r6, lr}
 8000da6:	b088      	sub	sp, #32
 8000da8:	2400      	movs	r4, #0
 8000daa:	f8ad 4018 	strh.w	r4, [sp, #24]
 8000dae:	f000 ff40 	bl	8001c32 <hci_reset>
 8000db2:	f7ff ffd1 	bl	8000d58 <BleGetBdAddress>
 8000db6:	4602      	mov	r2, r0
 8000db8:	2106      	movs	r1, #6
 8000dba:	4620      	mov	r0, r4
 8000dbc:	f000 feb5 	bl	8001b2a <aci_hal_write_config_data>
 8000dc0:	4a2b      	ldr	r2, [pc, #172]	@ (8000e70 <Ble_Hci_Gap_Gatt_Init+0xcc>)
 8000dc2:	2110      	movs	r1, #16
 8000dc4:	2018      	movs	r0, #24
 8000dc6:	f000 feb0 	bl	8001b2a <aci_hal_write_config_data>
 8000dca:	4a2a      	ldr	r2, [pc, #168]	@ (8000e74 <Ble_Hci_Gap_Gatt_Init+0xd0>)
 8000dcc:	2110      	movs	r1, #16
 8000dce:	2008      	movs	r0, #8
 8000dd0:	f000 feab 	bl	8001b2a <aci_hal_write_config_data>
 8000dd4:	2118      	movs	r1, #24
 8000dd6:	2001      	movs	r0, #1
 8000dd8:	f000 fedb 	bl	8001b92 <aci_hal_set_tx_power_level>
 8000ddc:	f000 fd6a 	bl	80018b4 <aci_gatt_init>
 8000de0:	f10d 031a 	add.w	r3, sp, #26
 8000de4:	9301      	str	r3, [sp, #4]
 8000de6:	ab07      	add	r3, sp, #28
 8000de8:	9300      	str	r3, [sp, #0]
 8000dea:	f10d 031e 	add.w	r3, sp, #30
 8000dee:	2208      	movs	r2, #8
 8000df0:	4621      	mov	r1, r4
 8000df2:	2001      	movs	r0, #1
 8000df4:	f000 fca2 	bl	800173c <aci_gap_init>
 8000df8:	4b1f      	ldr	r3, [pc, #124]	@ (8000e78 <Ble_Hci_Gap_Gatt_Init+0xd4>)
 8000dfa:	9300      	str	r3, [sp, #0]
 8000dfc:	2308      	movs	r3, #8
 8000dfe:	4622      	mov	r2, r4
 8000e00:	f8bd 101c 	ldrh.w	r1, [sp, #28]
 8000e04:	f8bd 001e 	ldrh.w	r0, [sp, #30]
 8000e08:	f000 fe2e 	bl	8001a68 <aci_gatt_update_char_value>
 8000e0c:	ab06      	add	r3, sp, #24
 8000e0e:	9300      	str	r3, [sp, #0]
 8000e10:	2302      	movs	r3, #2
 8000e12:	4622      	mov	r2, r4
 8000e14:	f8bd 101a 	ldrh.w	r1, [sp, #26]
 8000e18:	f8bd 001e 	ldrh.w	r0, [sp, #30]
 8000e1c:	f000 fe24 	bl	8001a68 <aci_gatt_update_char_value>
 8000e20:	2202      	movs	r2, #2
 8000e22:	4611      	mov	r1, r2
 8000e24:	4620      	mov	r0, r4
 8000e26:	f000 ff25 	bl	8001c74 <hci_le_set_default_phy>
 8000e2a:	4d14      	ldr	r5, [pc, #80]	@ (8000e7c <Ble_Hci_Gap_Gatt_Init+0xd8>)
 8000e2c:	2601      	movs	r6, #1
 8000e2e:	702e      	strb	r6, [r5, #0]
 8000e30:	4630      	mov	r0, r6
 8000e32:	f000 fbf4 	bl	800161e <aci_gap_set_io_capability>
 8000e36:	706e      	strb	r6, [r5, #1]
 8000e38:	2308      	movs	r3, #8
 8000e3a:	712b      	strb	r3, [r5, #4]
 8000e3c:	2210      	movs	r2, #16
 8000e3e:	716a      	strb	r2, [r5, #5]
 8000e40:	f04f 0100 	mov.w	r1, #0
 8000e44:	70e9      	strb	r1, [r5, #3]
 8000e46:	490e      	ldr	r1, [pc, #56]	@ (8000e80 <Ble_Hci_Gap_Gatt_Init+0xdc>)
 8000e48:	60a9      	str	r1, [r5, #8]
 8000e4a:	70ac      	strb	r4, [r5, #2]
 8000e4c:	9404      	str	r4, [sp, #16]
 8000e4e:	9103      	str	r1, [sp, #12]
 8000e50:	9402      	str	r4, [sp, #8]
 8000e52:	9201      	str	r2, [sp, #4]
 8000e54:	9300      	str	r3, [sp, #0]
 8000e56:	4623      	mov	r3, r4
 8000e58:	4632      	mov	r2, r6
 8000e5a:	4631      	mov	r1, r6
 8000e5c:	4620      	mov	r0, r4
 8000e5e:	f000 fc04 	bl	800166a <aci_gap_set_authentication_requirement>
 8000e62:	78ab      	ldrb	r3, [r5, #2]
 8000e64:	b90b      	cbnz	r3, 8000e6a <Ble_Hci_Gap_Gatt_Init+0xc6>
 8000e66:	b008      	add	sp, #32
 8000e68:	bd70      	pop	{r4, r5, r6, pc}
 8000e6a:	f000 fcd8 	bl	800181e <aci_gap_configure_filter_accept_list>
 8000e6e:	e7fa      	b.n	8000e66 <Ble_Hci_Gap_Gatt_Init+0xc2>
 8000e70:	0800d97c 	.word	0x0800d97c
 8000e74:	0800d96c 	.word	0x0800d96c
 8000e78:	0800d894 	.word	0x0800d894
 8000e7c:	20000294 	.word	0x20000294
 8000e80:	0001b207 	.word	0x0001b207

08000e84 <Adv_Request>:
 8000e84:	b500      	push	{lr}
 8000e86:	b089      	sub	sp, #36	@ 0x24
 8000e88:	4b0a      	ldr	r3, [pc, #40]	@ (8000eb4 <Adv_Request+0x30>)
 8000e8a:	f883 0080 	strb.w	r0, [r3, #128]	@ 0x80
 8000e8e:	2000      	movs	r0, #0
 8000e90:	9006      	str	r0, [sp, #24]
 8000e92:	9005      	str	r0, [sp, #20]
 8000e94:	9004      	str	r0, [sp, #16]
 8000e96:	9003      	str	r0, [sp, #12]
 8000e98:	9002      	str	r0, [sp, #8]
 8000e9a:	9001      	str	r0, [sp, #4]
 8000e9c:	9000      	str	r0, [sp, #0]
 8000e9e:	4603      	mov	r3, r0
 8000ea0:	22a0      	movs	r2, #160	@ 0xa0
 8000ea2:	2180      	movs	r1, #128	@ 0x80
 8000ea4:	f000 fb60 	bl	8001568 <aci_gap_set_discoverable>
 8000ea8:	4903      	ldr	r1, [pc, #12]	@ (8000eb8 <Adv_Request+0x34>)
 8000eaa:	2007      	movs	r0, #7
 8000eac:	f000 fc86 	bl	80017bc <aci_gap_update_adv_data>
 8000eb0:	b009      	add	sp, #36	@ 0x24
 8000eb2:	bd00      	pop	{pc}
 8000eb4:	20000294 	.word	0x20000294
 8000eb8:	20000008 	.word	0x20000008

08000ebc <APP_BLE_Init>:
 8000ebc:	b530      	push	{r4, r5, lr}
 8000ebe:	b091      	sub	sp, #68	@ 0x44
 8000ec0:	f10d 0c04 	add.w	ip, sp, #4
 8000ec4:	4c1e      	ldr	r4, [pc, #120]	@ (8000f40 <APP_BLE_Init+0x84>)
 8000ec6:	cc0f      	ldmia	r4!, {r0, r1, r2, r3}
 8000ec8:	e8ac 000f 	stmia.w	ip!, {r0, r1, r2, r3}
 8000ecc:	cc0f      	ldmia	r4!, {r0, r1, r2, r3}
 8000ece:	e8ac 000f 	stmia.w	ip!, {r0, r1, r2, r3}
 8000ed2:	cc0f      	ldmia	r4!, {r0, r1, r2, r3}
 8000ed4:	e8ac 000f 	stmia.w	ip!, {r0, r1, r2, r3}
 8000ed8:	e894 0007 	ldmia.w	r4, {r0, r1, r2}
 8000edc:	e8ac 0003 	stmia.w	ip!, {r0, r1}
 8000ee0:	f8ac 2000 	strh.w	r2, [ip]
 8000ee4:	f7ff ff0e 	bl	8000d04 <Ble_Tl_Init>
 8000ee8:	2101      	movs	r1, #1
 8000eea:	2002      	movs	r0, #2
 8000eec:	f003 fc9e 	bl	800482c <UTIL_LPM_SetOffMode>
 8000ef0:	4a14      	ldr	r2, [pc, #80]	@ (8000f44 <APP_BLE_Init+0x88>)
 8000ef2:	2100      	movs	r1, #0
 8000ef4:	2002      	movs	r0, #2
 8000ef6:	f003 fdc3 	bl	8004a80 <UTIL_SEQ_RegTask>
 8000efa:	a801      	add	r0, sp, #4
 8000efc:	f003 fb3e 	bl	800457c <SHCI_C2_BLE_Init>
 8000f00:	b9d8      	cbnz	r0, 8000f3a <APP_BLE_Init+0x7e>
 8000f02:	f7ff ff4f 	bl	8000da4 <Ble_Hci_Gap_Gatt_Init>
 8000f06:	f009 fc89 	bl	800a81c <SVCCTL_Init>
 8000f0a:	4c0f      	ldr	r4, [pc, #60]	@ (8000f48 <APP_BLE_Init+0x8c>)
 8000f0c:	2500      	movs	r5, #0
 8000f0e:	f884 5080 	strb.w	r5, [r4, #128]	@ 0x80
 8000f12:	f64f 73ff 	movw	r3, #65535	@ 0xffff
 8000f16:	82e3      	strh	r3, [r4, #22]
 8000f18:	4a0c      	ldr	r2, [pc, #48]	@ (8000f4c <APP_BLE_Init+0x90>)
 8000f1a:	4629      	mov	r1, r5
 8000f1c:	2001      	movs	r0, #1
 8000f1e:	f003 fdaf 	bl	8004a80 <UTIL_SEQ_RegTask>
 8000f22:	2006      	movs	r0, #6
 8000f24:	f000 fe5e 	bl	8001be4 <aci_hal_set_radio_activity_mask>
 8000f28:	f000 fed1 	bl	8001cce <Custom_APP_Init>
 8000f2c:	7665      	strb	r5, [r4, #25]
 8000f2e:	7625      	strb	r5, [r4, #24]
 8000f30:	2001      	movs	r0, #1
 8000f32:	f7ff ffa7 	bl	8000e84 <Adv_Request>
 8000f36:	b011      	add	sp, #68	@ 0x44
 8000f38:	bd30      	pop	{r4, r5, pc}
 8000f3a:	f001 ff0f 	bl	8002d5c <Error_Handler>
 8000f3e:	e7e0      	b.n	8000f02 <APP_BLE_Init+0x46>
 8000f40:	0800d810 	.word	0x0800d810
 8000f44:	08002055 	.word	0x08002055
 8000f48:	20000294 	.word	0x20000294
 8000f4c:	08000ce5 	.word	0x08000ce5

08000f50 <SVCCTL_App_Notification>:
 8000f50:	b508      	push	{r3, lr}
 8000f52:	7843      	ldrb	r3, [r0, #1]
 8000f54:	2b3e      	cmp	r3, #62	@ 0x3e
 8000f56:	d01b      	beq.n	8000f90 <SVCCTL_App_Notification+0x40>
 8000f58:	2bff      	cmp	r3, #255	@ 0xff
 8000f5a:	d035      	beq.n	8000fc8 <SVCCTL_App_Notification+0x78>
 8000f5c:	2b05      	cmp	r3, #5
 8000f5e:	d10f      	bne.n	8000f80 <SVCCTL_App_Notification+0x30>
 8000f60:	8882      	ldrh	r2, [r0, #4]
 8000f62:	4b29      	ldr	r3, [pc, #164]	@ (8001008 <SVCCTL_App_Notification+0xb8>)
 8000f64:	8adb      	ldrh	r3, [r3, #22]
 8000f66:	429a      	cmp	r2, r3
 8000f68:	d00c      	beq.n	8000f84 <SVCCTL_App_Notification+0x34>
 8000f6a:	2001      	movs	r0, #1
 8000f6c:	f7ff ff8a 	bl	8000e84 <Adv_Request>
 8000f70:	4826      	ldr	r0, [pc, #152]	@ (800100c <SVCCTL_App_Notification+0xbc>)
 8000f72:	2301      	movs	r3, #1
 8000f74:	7003      	strb	r3, [r0, #0]
 8000f76:	4b24      	ldr	r3, [pc, #144]	@ (8001008 <SVCCTL_App_Notification+0xb8>)
 8000f78:	8adb      	ldrh	r3, [r3, #22]
 8000f7a:	8043      	strh	r3, [r0, #2]
 8000f7c:	f000 fea6 	bl	8001ccc <Custom_APP_Notification>
 8000f80:	2001      	movs	r0, #1
 8000f82:	bd08      	pop	{r3, pc}
 8000f84:	4b20      	ldr	r3, [pc, #128]	@ (8001008 <SVCCTL_App_Notification+0xb8>)
 8000f86:	2200      	movs	r2, #0
 8000f88:	82da      	strh	r2, [r3, #22]
 8000f8a:	f883 2080 	strb.w	r2, [r3, #128]	@ 0x80
 8000f8e:	e7ec      	b.n	8000f6a <SVCCTL_App_Notification+0x1a>
 8000f90:	78c3      	ldrb	r3, [r0, #3]
 8000f92:	2b01      	cmp	r3, #1
 8000f94:	d1f4      	bne.n	8000f80 <SVCCTL_App_Notification+0x30>
 8000f96:	4b1c      	ldr	r3, [pc, #112]	@ (8001008 <SVCCTL_App_Notification+0xb8>)
 8000f98:	f893 3080 	ldrb.w	r3, [r3, #128]	@ 0x80
 8000f9c:	2b04      	cmp	r3, #4
 8000f9e:	d00e      	beq.n	8000fbe <SVCCTL_App_Notification+0x6e>
 8000fa0:	4b19      	ldr	r3, [pc, #100]	@ (8001008 <SVCCTL_App_Notification+0xb8>)
 8000fa2:	2205      	movs	r2, #5
 8000fa4:	f883 2080 	strb.w	r2, [r3, #128]	@ 0x80
 8000fa8:	f8b0 3005 	ldrh.w	r3, [r0, #5]
 8000fac:	4a16      	ldr	r2, [pc, #88]	@ (8001008 <SVCCTL_App_Notification+0xb8>)
 8000fae:	82d3      	strh	r3, [r2, #22]
 8000fb0:	4816      	ldr	r0, [pc, #88]	@ (800100c <SVCCTL_App_Notification+0xbc>)
 8000fb2:	2200      	movs	r2, #0
 8000fb4:	7002      	strb	r2, [r0, #0]
 8000fb6:	8043      	strh	r3, [r0, #2]
 8000fb8:	f000 fe88 	bl	8001ccc <Custom_APP_Notification>
 8000fbc:	e7e0      	b.n	8000f80 <SVCCTL_App_Notification+0x30>
 8000fbe:	4b12      	ldr	r3, [pc, #72]	@ (8001008 <SVCCTL_App_Notification+0xb8>)
 8000fc0:	2206      	movs	r2, #6
 8000fc2:	f883 2080 	strb.w	r2, [r3, #128]	@ 0x80
 8000fc6:	e7ef      	b.n	8000fa8 <SVCCTL_App_Notification+0x58>
 8000fc8:	f8b0 3003 	ldrh.w	r3, [r0, #3]
 8000fcc:	f240 4209 	movw	r2, #1033	@ 0x409
 8000fd0:	4293      	cmp	r3, r2
 8000fd2:	d00d      	beq.n	8000ff0 <SVCCTL_App_Notification+0xa0>
 8000fd4:	f640 420e 	movw	r2, #3086	@ 0xc0e
 8000fd8:	4293      	cmp	r3, r2
 8000fda:	d00f      	beq.n	8000ffc <SVCCTL_App_Notification+0xac>
 8000fdc:	f240 4202 	movw	r2, #1026	@ 0x402
 8000fe0:	4293      	cmp	r3, r2
 8000fe2:	d1cd      	bne.n	8000f80 <SVCCTL_App_Notification+0x30>
 8000fe4:	490a      	ldr	r1, [pc, #40]	@ (8001010 <SVCCTL_App_Notification+0xc0>)
 8000fe6:	4b08      	ldr	r3, [pc, #32]	@ (8001008 <SVCCTL_App_Notification+0xb8>)
 8000fe8:	8ad8      	ldrh	r0, [r3, #22]
 8000fea:	f000 fb7e 	bl	80016ea <aci_gap_pass_key_resp>
 8000fee:	e7c7      	b.n	8000f80 <SVCCTL_App_Notification+0x30>
 8000ff0:	2101      	movs	r1, #1
 8000ff2:	4b05      	ldr	r3, [pc, #20]	@ (8001008 <SVCCTL_App_Notification+0xb8>)
 8000ff4:	8ad8      	ldrh	r0, [r3, #22]
 8000ff6:	f000 fc34 	bl	8001862 <aci_gap_numeric_comparison_value_confirm_yesno>
 8000ffa:	e7c1      	b.n	8000f80 <SVCCTL_App_Notification+0x30>
 8000ffc:	4b02      	ldr	r3, [pc, #8]	@ (8001008 <SVCCTL_App_Notification+0xb8>)
 8000ffe:	8ad8      	ldrh	r0, [r3, #22]
 8001000:	f000 fd6b 	bl	8001ada <aci_gatt_confirm_indication>
 8001004:	e7bc      	b.n	8000f80 <SVCCTL_App_Notification+0x30>
 8001006:	bf00      	nop
 8001008:	20000294 	.word	0x20000294
 800100c:	20000290 	.word	0x20000290
 8001010:	0001b207 	.word	0x0001b207

08001014 <hci_notify_asynch_evt>:
 8001014:	b508      	push	{r3, lr}
 8001016:	2100      	movs	r1, #0
 8001018:	2002      	movs	r0, #2
 800101a:	f003 fc1d 	bl	8004858 <UTIL_SEQ_SetTask>
 800101e:	bd08      	pop	{r3, pc}

08001020 <hci_cmd_resp_release>:
 8001020:	b508      	push	{r3, lr}
 8001022:	2001      	movs	r0, #1
 8001024:	f003 fc46 	bl	80048b4 <UTIL_SEQ_SetEvt>
 8001028:	bd08      	pop	{r3, pc}

0800102a <hci_cmd_resp_wait>:
 800102a:	b508      	push	{r3, lr}
 800102c:	2001      	movs	r0, #1
 800102e:	f003 fcfb 	bl	8004a28 <UTIL_SEQ_WaitEvt>
 8001032:	bd08      	pop	{r3, pc}

08001034 <APPD_EnableCPU2>:
 8001034:	b500      	push	{lr}
 8001036:	b089      	sub	sp, #36	@ 0x24
 8001038:	f10d 0c04 	add.w	ip, sp, #4
 800103c:	f8df e028 	ldr.w	lr, [pc, #40]	@ 8001068 <APPD_EnableCPU2+0x34>
 8001040:	e8be 000f 	ldmia.w	lr!, {r0, r1, r2, r3}
 8001044:	e8ac 000f 	stmia.w	ip!, {r0, r1, r2, r3}
 8001048:	e89e 0007 	ldmia.w	lr, {r0, r1, r2}
 800104c:	e8ac 0003 	stmia.w	ip!, {r0, r1}
 8001050:	f82c 2b02 	strh.w	r2, [ip], #2
 8001054:	0c12      	lsrs	r2, r2, #16
 8001056:	f88c 2000 	strb.w	r2, [ip]
 800105a:	f009 ff13 	bl	800ae84 <TL_TRACES_Init>
 800105e:	a801      	add	r0, sp, #4
 8001060:	f003 fa9a 	bl	8004598 <SHCI_C2_DEBUG_Init>
 8001064:	b009      	add	sp, #36	@ 0x24
 8001066:	bd00      	pop	{pc}
 8001068:	0800d84c 	.word	0x0800d84c

0800106c <Init_Rtc>:
 800106c:	4b05      	ldr	r3, [pc, #20]	@ (8001084 <Init_Rtc+0x18>)
 800106e:	22ca      	movs	r2, #202	@ 0xca
 8001070:	625a      	str	r2, [r3, #36]	@ 0x24
 8001072:	2253      	movs	r2, #83	@ 0x53
 8001074:	625a      	str	r2, [r3, #36]	@ 0x24
 8001076:	689a      	ldr	r2, [r3, #8]
 8001078:	f022 0207 	bic.w	r2, r2, #7
 800107c:	609a      	str	r2, [r3, #8]
 800107e:	22ff      	movs	r2, #255	@ 0xff
 8001080:	625a      	str	r2, [r3, #36]	@ 0x24
 8001082:	4770      	bx	lr
 8001084:	40002800 	.word	0x40002800

08001088 <APPE_SysStatusNot>:
 8001088:	4770      	bx	lr
	...

0800108c <Config_HSE>:
 800108c:	b508      	push	{r3, lr}
 800108e:	2000      	movs	r0, #0
 8001090:	f001 ffa8 	bl	8002fe4 <OTP_Read>
 8001094:	b168      	cbz	r0, 80010b2 <Config_HSE+0x26>
 8001096:	7981      	ldrb	r1, [r0, #6]
 8001098:	f04f 42b0 	mov.w	r2, #1476395008	@ 0x58000000
 800109c:	4b05      	ldr	r3, [pc, #20]	@ (80010b4 <Config_HSE+0x28>)
 800109e:	f8c2 309c 	str.w	r3, [r2, #156]	@ 0x9c
 80010a2:	f8d2 309c 	ldr.w	r3, [r2, #156]	@ 0x9c
 80010a6:	f423 537c 	bic.w	r3, r3, #16128	@ 0x3f00
 80010aa:	ea43 2301 	orr.w	r3, r3, r1, lsl #8
 80010ae:	f8c2 309c 	str.w	r3, [r2, #156]	@ 0x9c
 80010b2:	bd08      	pop	{r3, pc}
 80010b4:	cafecafe 	.word	0xcafecafe

080010b8 <SystemPower_Config>:
 80010b8:	b508      	push	{r3, lr}
 80010ba:	f04f 42b0 	mov.w	r2, #1476395008	@ 0x58000000
 80010be:	6893      	ldr	r3, [r2, #8]
 80010c0:	f443 4300 	orr.w	r3, r3, #32768	@ 0x8000
 80010c4:	6093      	str	r3, [r2, #8]
 80010c6:	f003 fba7 	bl	8004818 <UTIL_LPM_Init>
 80010ca:	4a05      	ldr	r2, [pc, #20]	@ (80010e0 <SystemPower_Config+0x28>)
 80010cc:	f8d2 3080 	ldr.w	r3, [r2, #128]	@ 0x80
 80010d0:	f023 0307 	bic.w	r3, r3, #7
 80010d4:	f043 0304 	orr.w	r3, r3, #4
 80010d8:	f8c2 3080 	str.w	r3, [r2, #128]	@ 0x80
 80010dc:	bd08      	pop	{r3, pc}
 80010de:	bf00      	nop
 80010e0:	58000400 	.word	0x58000400

080010e4 <appe_Tl_Init>:
 80010e4:	b500      	push	{lr}
 80010e6:	b089      	sub	sp, #36	@ 0x24
 80010e8:	f009 fdca 	bl	800ac80 <TL_Init>
 80010ec:	4a0e      	ldr	r2, [pc, #56]	@ (8001128 <appe_Tl_Init+0x44>)
 80010ee:	2100      	movs	r1, #0
 80010f0:	2004      	movs	r0, #4
 80010f2:	f003 fcc5 	bl	8004a80 <UTIL_SEQ_RegTask>
 80010f6:	4b0d      	ldr	r3, [pc, #52]	@ (800112c <appe_Tl_Init+0x48>)
 80010f8:	9300      	str	r3, [sp, #0]
 80010fa:	4b0d      	ldr	r3, [pc, #52]	@ (8001130 <appe_Tl_Init+0x4c>)
 80010fc:	9301      	str	r3, [sp, #4]
 80010fe:	4669      	mov	r1, sp
 8001100:	480c      	ldr	r0, [pc, #48]	@ (8001134 <appe_Tl_Init+0x50>)
 8001102:	f003 faf7 	bl	80046f4 <shci_init>
 8001106:	4b0c      	ldr	r3, [pc, #48]	@ (8001138 <appe_Tl_Init+0x54>)
 8001108:	9302      	str	r3, [sp, #8]
 800110a:	4b0c      	ldr	r3, [pc, #48]	@ (800113c <appe_Tl_Init+0x58>)
 800110c:	9303      	str	r3, [sp, #12]
 800110e:	4b0c      	ldr	r3, [pc, #48]	@ (8001140 <appe_Tl_Init+0x5c>)
 8001110:	9304      	str	r3, [sp, #16]
 8001112:	f240 533c 	movw	r3, #1340	@ 0x53c
 8001116:	9305      	str	r3, [sp, #20]
 8001118:	a802      	add	r0, sp, #8
 800111a:	f009 fe81 	bl	800ae20 <TL_MM_Init>
 800111e:	f009 fdab 	bl	800ac78 <TL_Enable>
 8001122:	b009      	add	sp, #36	@ 0x24
 8001124:	bd00      	pop	{pc}
 8001126:	bf00      	nop
 8001128:	08004719 	.word	0x08004719
 800112c:	20030410 	.word	0x20030410
 8001130:	08001089 	.word	0x08001089
 8001134:	080011a5 	.word	0x080011a5
 8001138:	200301f8 	.word	0x200301f8
 800113c:	20030304 	.word	0x20030304
 8001140:	2003051c 	.word	0x2003051c

08001144 <APPE_SysEvtReadyProcessing>:
 8001144:	b500      	push	{lr}
 8001146:	b085      	sub	sp, #20
 8001148:	2300      	movs	r3, #0
 800114a:	9300      	str	r3, [sp, #0]
 800114c:	9301      	str	r3, [sp, #4]
 800114e:	9302      	str	r3, [sp, #8]
 8001150:	9303      	str	r3, [sp, #12]
 8001152:	6843      	ldr	r3, [r0, #4]
 8001154:	7b5b      	ldrb	r3, [r3, #13]
 8001156:	b11b      	cbz	r3, 8001160 <APPE_SysEvtReadyProcessing+0x1c>
 8001158:	2b01      	cmp	r3, #1
 800115a:	d01d      	beq.n	8001198 <APPE_SysEvtReadyProcessing+0x54>
 800115c:	b005      	add	sp, #20
 800115e:	bd00      	pop	{pc}
 8001160:	f7ff ff68 	bl	8001034 <APPD_EnableCPU2>
 8001164:	230f      	movs	r3, #15
 8001166:	f88d 3000 	strb.w	r3, [sp]
 800116a:	237f      	movs	r3, #127	@ 0x7f
 800116c:	f88d 3002 	strb.w	r3, [sp, #2]
 8001170:	4a0b      	ldr	r2, [pc, #44]	@ (80011a0 <APPE_SysEvtReadyProcessing+0x5c>)
 8001172:	6813      	ldr	r3, [r2, #0]
 8001174:	0c1b      	lsrs	r3, r3, #16
 8001176:	f8ad 300c 	strh.w	r3, [sp, #12]
 800117a:	6813      	ldr	r3, [r2, #0]
 800117c:	f3c3 030b 	ubfx	r3, r3, #0, #12
 8001180:	f8ad 300e 	strh.w	r3, [sp, #14]
 8001184:	4668      	mov	r0, sp
 8001186:	f003 fa15 	bl	80045b4 <SHCI_C2_Config>
 800118a:	f7ff fe97 	bl	8000ebc <APP_BLE_Init>
 800118e:	2100      	movs	r1, #0
 8001190:	2001      	movs	r0, #1
 8001192:	f003 fb4b 	bl	800482c <UTIL_LPM_SetOffMode>
 8001196:	e7e1      	b.n	800115c <APPE_SysEvtReadyProcessing+0x18>
 8001198:	2300      	movs	r3, #0
 800119a:	7003      	strb	r3, [r0, #0]
 800119c:	e7de      	b.n	800115c <APPE_SysEvtReadyProcessing+0x18>
 800119e:	bf00      	nop
 80011a0:	e0042000 	.word	0xe0042000

080011a4 <APPE_SysUserEvtRx>:
 80011a4:	6843      	ldr	r3, [r0, #4]
 80011a6:	f8b3 300b 	ldrh.w	r3, [r3, #11]
 80011aa:	f5b3 4f12 	cmp.w	r3, #37376	@ 0x9200
 80011ae:	d000      	beq.n	80011b2 <APPE_SysUserEvtRx+0xe>
 80011b0:	4770      	bx	lr
 80011b2:	b510      	push	{r4, lr}
 80011b4:	b084      	sub	sp, #16
 80011b6:	4604      	mov	r4, r0
 80011b8:	4668      	mov	r0, sp
 80011ba:	f003 fa09 	bl	80045d0 <SHCI_GetWirelessFwInfo>
 80011be:	4620      	mov	r0, r4
 80011c0:	f7ff ffc0 	bl	8001144 <APPE_SysEvtReadyProcessing>
 80011c4:	b004      	add	sp, #16
 80011c6:	bd10      	pop	{r4, pc}

080011c8 <MX_APPE_Config>:
 80011c8:	b508      	push	{r3, lr}
 80011ca:	4b03      	ldr	r3, [pc, #12]	@ (80011d8 <MX_APPE_Config+0x10>)
 80011cc:	f44f 4200 	mov.w	r2, #32768	@ 0x8000
 80011d0:	611a      	str	r2, [r3, #16]
 80011d2:	f7ff ff5b 	bl	800108c <Config_HSE>
 80011d6:	bd08      	pop	{r3, pc}
 80011d8:	58004000 	.word	0x58004000

080011dc <Init_Exti>:
 80011dc:	4a03      	ldr	r2, [pc, #12]	@ (80011ec <Init_Exti+0x10>)
 80011de:	f8d2 3090 	ldr.w	r3, [r2, #144]	@ 0x90
 80011e2:	f043 0350 	orr.w	r3, r3, #80	@ 0x50
 80011e6:	f8c2 3090 	str.w	r3, [r2, #144]	@ 0x90
 80011ea:	4770      	bx	lr
 80011ec:	58000800 	.word	0x58000800

080011f0 <System_Init>:
 80011f0:	b508      	push	{r3, lr}
 80011f2:	f7ff fff3 	bl	80011dc <Init_Exti>
 80011f6:	f7ff ff39 	bl	800106c <Init_Rtc>
 80011fa:	bd08      	pop	{r3, pc}

080011fc <MX_APPE_Init>:
 80011fc:	b508      	push	{r3, lr}
 80011fe:	f7ff fff7 	bl	80011f0 <System_Init>
 8001202:	f7ff ff59 	bl	80010b8 <SystemPower_Config>
 8001206:	4903      	ldr	r1, [pc, #12]	@ (8001214 <MX_APPE_Init+0x18>)
 8001208:	2000      	movs	r0, #0
 800120a:	f001 fb29 	bl	8002860 <HW_TS_Init>
 800120e:	f7ff ff69 	bl	80010e4 <appe_Tl_Init>
 8001212:	bd08      	pop	{r3, pc}
 8001214:	2000054c 	.word	0x2000054c

08001218 <HAL_Delay>:
 8001218:	b538      	push	{r3, r4, r5, lr}
 800121a:	4604      	mov	r4, r0
 800121c:	f003 fc8c 	bl	8004b38 <HAL_GetTick>
 8001220:	4605      	mov	r5, r0
 8001222:	f1b4 3fff 	cmp.w	r4, #4294967295
 8001226:	d009      	beq.n	800123c <HAL_Delay+0x24>
 8001228:	f003 fc92 	bl	8004b50 <HAL_GetTickFreq>
 800122c:	4404      	add	r4, r0
 800122e:	e005      	b.n	800123c <HAL_Delay+0x24>
 8001230:	4a05      	ldr	r2, [pc, #20]	@ (8001248 <HAL_Delay+0x30>)
 8001232:	6913      	ldr	r3, [r2, #16]
 8001234:	f023 0304 	bic.w	r3, r3, #4
 8001238:	6113      	str	r3, [r2, #16]
 800123a:	bf30      	wfi
 800123c:	f003 fc7c 	bl	8004b38 <HAL_GetTick>
 8001240:	1b40      	subs	r0, r0, r5
 8001242:	42a0      	cmp	r0, r4
 8001244:	d3f4      	bcc.n	8001230 <HAL_Delay+0x18>
 8001246:	bd38      	pop	{r3, r4, r5, pc}
 8001248:	e000ed00 	.word	0xe000ed00

0800124c <MX_APPE_Process>:
 800124c:	b508      	push	{r3, lr}
 800124e:	f04f 30ff 	mov.w	r0, #4294967295
 8001252:	f003 fb47 	bl	80048e4 <UTIL_SEQ_Run>
 8001256:	bd08      	pop	{r3, pc}

08001258 <UTIL_SEQ_Idle>:
 8001258:	4770      	bx	lr

0800125a <shci_notify_asynch_evt>:
 800125a:	b508      	push	{r3, lr}
 800125c:	2100      	movs	r1, #0
 800125e:	2004      	movs	r0, #4
 8001260:	f003 fafa 	bl	8004858 <UTIL_SEQ_SetTask>
 8001264:	bd08      	pop	{r3, pc}

08001266 <shci_cmd_resp_release>:
 8001266:	b508      	push	{r3, lr}
 8001268:	2002      	movs	r0, #2
 800126a:	f003 fb23 	bl	80048b4 <UTIL_SEQ_SetEvt>
 800126e:	bd08      	pop	{r3, pc}

08001270 <shci_cmd_resp_wait>:
 8001270:	b508      	push	{r3, lr}
 8001272:	2002      	movs	r0, #2
 8001274:	f003 fbd8 	bl	8004a28 <UTIL_SEQ_WaitEvt>
 8001278:	bd08      	pop	{r3, pc}

0800127a <arm_mat_init_f32>:
 800127a:	8001      	strh	r1, [r0, #0]
 800127c:	8042      	strh	r2, [r0, #2]
 800127e:	6043      	str	r3, [r0, #4]
 8001280:	4770      	bx	lr
	...

08001284 <arm_mat_inverse_f32>:
 8001284:	e92d 4ff0 	stmdb	sp!, {r4, r5, r6, r7, r8, r9, sl, fp, lr}
 8001288:	b083      	sub	sp, #12
 800128a:	f8d0 a004 	ldr.w	sl, [r0, #4]
 800128e:	f8d1 b004 	ldr.w	fp, [r1, #4]
 8001292:	f8b0 e000 	ldrh.w	lr, [r0]
 8001296:	f8b0 c002 	ldrh.w	ip, [r0, #2]
 800129a:	4674      	mov	r4, lr
 800129c:	465b      	mov	r3, fp
 800129e:	e012      	b.n	80012c6 <arm_mat_inverse_f32+0x42>
 80012a0:	2100      	movs	r1, #0
 80012a2:	f843 1b04 	str.w	r1, [r3], #4
 80012a6:	3a01      	subs	r2, #1
 80012a8:	2a00      	cmp	r2, #0
 80012aa:	d1f9      	bne.n	80012a0 <arm_mat_inverse_f32+0x1c>
 80012ac:	f04f 527e 	mov.w	r2, #1065353216	@ 0x3f800000
 80012b0:	f843 2b04 	str.w	r2, [r3], #4
 80012b4:	3c01      	subs	r4, #1
 80012b6:	4622      	mov	r2, r4
 80012b8:	e003      	b.n	80012c2 <arm_mat_inverse_f32+0x3e>
 80012ba:	2100      	movs	r1, #0
 80012bc:	f843 1b04 	str.w	r1, [r3], #4
 80012c0:	3a01      	subs	r2, #1
 80012c2:	2a00      	cmp	r2, #0
 80012c4:	d1f9      	bne.n	80012ba <arm_mat_inverse_f32+0x36>
 80012c6:	b114      	cbz	r4, 80012ce <arm_mat_inverse_f32+0x4a>
 80012c8:	ebae 0204 	sub.w	r2, lr, r4
 80012cc:	e7ec      	b.n	80012a8 <arm_mat_inverse_f32+0x24>
 80012ce:	46e1      	mov	r9, ip
 80012d0:	eddf 6a68 	vldr	s13, [pc, #416]	@ 8001474 <arm_mat_inverse_f32+0x1f0>
 80012d4:	46d8      	mov	r8, fp
 80012d6:	9001      	str	r0, [sp, #4]
 80012d8:	e093      	b.n	8001402 <arm_mat_inverse_f32+0x17e>
 80012da:	eef1 7a67 	vneg.f32	s15, s15
 80012de:	eef4 7ac7 	vcmpe.f32	s15, s14
 80012e2:	eef1 fa10 	vmrs	APSR_nzcv, fpscr
 80012e6:	dc13      	bgt.n	8001310 <arm_mat_inverse_f32+0x8c>
 80012e8:	eb02 028c 	add.w	r2, r2, ip, lsl #2
 80012ec:	3301      	adds	r3, #1
 80012ee:	4573      	cmp	r3, lr
 80012f0:	d211      	bcs.n	8001316 <arm_mat_inverse_f32+0x92>
 80012f2:	edd2 7a00 	vldr	s15, [r2]
 80012f6:	eef5 7ac0 	vcmpe.f32	s15, #0.0
 80012fa:	eef1 fa10 	vmrs	APSR_nzcv, fpscr
 80012fe:	ddec      	ble.n	80012da <arm_mat_inverse_f32+0x56>
 8001300:	eef4 7ac7 	vcmpe.f32	s15, s14
 8001304:	eef1 fa10 	vmrs	APSR_nzcv, fpscr
 8001308:	ddee      	ble.n	80012e8 <arm_mat_inverse_f32+0x64>
 800130a:	eeb0 7a67 	vmov.f32	s14, s15
 800130e:	e7eb      	b.n	80012e8 <arm_mat_inverse_f32+0x64>
 8001310:	eeb0 7a67 	vmov.f32	s14, s15
 8001314:	e7e8      	b.n	80012e8 <arm_mat_inverse_f32+0x64>
 8001316:	eeb5 7a40 	vcmp.f32	s14, #0.0
 800131a:	eef1 fa10 	vmrs	APSR_nzcv, fpscr
 800131e:	f000 809b 	beq.w	8001458 <arm_mat_inverse_f32+0x1d4>
 8001322:	eef5 6ac0 	vcmpe.f32	s13, #0.0
 8001326:	eef1 fa10 	vmrs	APSR_nzcv, fpscr
 800132a:	dd13      	ble.n	8001354 <arm_mat_inverse_f32+0xd0>
 800132c:	eef0 7a66 	vmov.f32	s15, s13
 8001330:	eeb4 7a67 	vcmp.f32	s14, s15
 8001334:	eef1 fa10 	vmrs	APSR_nzcv, fpscr
 8001338:	d10f      	bne.n	800135a <arm_mat_inverse_f32+0xd6>
 800133a:	eef5 6a40 	vcmp.f32	s13, #0.0
 800133e:	eef1 fa10 	vmrs	APSR_nzcv, fpscr
 8001342:	f000 808e 	beq.w	8001462 <arm_mat_inverse_f32+0x1de>
 8001346:	9b00      	ldr	r3, [sp, #0]
 8001348:	edd3 6a00 	vldr	s13, [r3]
 800134c:	ebac 0604 	sub.w	r6, ip, r4
 8001350:	4632      	mov	r2, r6
 8001352:	e011      	b.n	8001378 <arm_mat_inverse_f32+0xf4>
 8001354:	eef1 7a66 	vneg.f32	s15, s13
 8001358:	e7ea      	b.n	8001330 <arm_mat_inverse_f32+0xac>
 800135a:	ebae 0304 	sub.w	r3, lr, r4
 800135e:	3b01      	subs	r3, #1
 8001360:	e000      	b.n	8001364 <arm_mat_inverse_f32+0xe0>
 8001362:	3b01      	subs	r3, #1
 8001364:	2b00      	cmp	r3, #0
 8001366:	d1fc      	bne.n	8001362 <arm_mat_inverse_f32+0xde>
 8001368:	e7e7      	b.n	800133a <arm_mat_inverse_f32+0xb6>
 800136a:	ed93 7a00 	vldr	s14, [r3]
 800136e:	eec7 7a26 	vdiv.f32	s15, s14, s13
 8001372:	ece3 7a01 	vstmia	r3!, {s15}
 8001376:	3a01      	subs	r2, #1
 8001378:	2a00      	cmp	r2, #0
 800137a:	d1f6      	bne.n	800136a <arm_mat_inverse_f32+0xe6>
 800137c:	4660      	mov	r0, ip
 800137e:	465b      	mov	r3, fp
 8001380:	e006      	b.n	8001390 <arm_mat_inverse_f32+0x10c>
 8001382:	ed93 7a00 	vldr	s14, [r3]
 8001386:	eec7 7a26 	vdiv.f32	s15, s14, s13
 800138a:	ece3 7a01 	vstmia	r3!, {s15}
 800138e:	3801      	subs	r0, #1
 8001390:	2800      	cmp	r0, #0
 8001392:	d1f6      	bne.n	8001382 <arm_mat_inverse_f32+0xfe>
 8001394:	4675      	mov	r5, lr
 8001396:	4642      	mov	r2, r8
 8001398:	4653      	mov	r3, sl
 800139a:	e025      	b.n	80013e8 <arm_mat_inverse_f32+0x164>
 800139c:	eb03 0386 	add.w	r3, r3, r6, lsl #2
 80013a0:	eb02 028c 	add.w	r2, r2, ip, lsl #2
 80013a4:	e01c      	b.n	80013e0 <arm_mat_inverse_f32+0x15c>
 80013a6:	edd3 7a00 	vldr	s15, [r3]
 80013aa:	ecb1 7a01 	vldmia	r1!, {s14}
 80013ae:	ee27 7a26 	vmul.f32	s14, s14, s13
 80013b2:	ee77 7ac7 	vsub.f32	s15, s15, s14
 80013b6:	ece3 7a01 	vstmia	r3!, {s15}
 80013ba:	3f01      	subs	r7, #1
 80013bc:	2f00      	cmp	r7, #0
 80013be:	d1f2      	bne.n	80013a6 <arm_mat_inverse_f32+0x122>
 80013c0:	4667      	mov	r7, ip
 80013c2:	4659      	mov	r1, fp
 80013c4:	e00a      	b.n	80013dc <arm_mat_inverse_f32+0x158>
 80013c6:	edd2 7a00 	vldr	s15, [r2]
 80013ca:	ecb1 7a01 	vldmia	r1!, {s14}
 80013ce:	ee27 7a26 	vmul.f32	s14, s14, s13
 80013d2:	ee77 7ac7 	vsub.f32	s15, s15, s14
 80013d6:	ece2 7a01 	vstmia	r2!, {s15}
 80013da:	3f01      	subs	r7, #1
 80013dc:	2f00      	cmp	r7, #0
 80013de:	d1f2      	bne.n	80013c6 <arm_mat_inverse_f32+0x142>
 80013e0:	eb03 0384 	add.w	r3, r3, r4, lsl #2
 80013e4:	3d01      	subs	r5, #1
 80013e6:	3001      	adds	r0, #1
 80013e8:	b135      	cbz	r5, 80013f8 <arm_mat_inverse_f32+0x174>
 80013ea:	42a0      	cmp	r0, r4
 80013ec:	d0d6      	beq.n	800139c <arm_mat_inverse_f32+0x118>
 80013ee:	edd3 6a00 	vldr	s13, [r3]
 80013f2:	4637      	mov	r7, r6
 80013f4:	9900      	ldr	r1, [sp, #0]
 80013f6:	e7e1      	b.n	80013bc <arm_mat_inverse_f32+0x138>
 80013f8:	f10a 0a04 	add.w	sl, sl, #4
 80013fc:	f109 39ff 	add.w	r9, r9, #4294967295
 8001400:	3401      	adds	r4, #1
 8001402:	f1b9 0f00 	cmp.w	r9, #0
 8001406:	d00c      	beq.n	8001422 <arm_mat_inverse_f32+0x19e>
 8001408:	fb0c f304 	mul.w	r3, ip, r4
 800140c:	eb0a 0283 	add.w	r2, sl, r3, lsl #2
 8001410:	9200      	str	r2, [sp, #0]
 8001412:	eb08 0b83 	add.w	fp, r8, r3, lsl #2
 8001416:	edd2 6a00 	vldr	s13, [r2]
 800141a:	4623      	mov	r3, r4
 800141c:	ed9f 7a15 	vldr	s14, [pc, #84]	@ 8001474 <arm_mat_inverse_f32+0x1f0>
 8001420:	e765      	b.n	80012ee <arm_mat_inverse_f32+0x6a>
 8001422:	9801      	ldr	r0, [sp, #4]
 8001424:	eef5 6a40 	vcmp.f32	s13, #0.0
 8001428:	eef1 fa10 	vmrs	APSR_nzcv, fpscr
 800142c:	d11c      	bne.n	8001468 <arm_mat_inverse_f32+0x1e4>
 800142e:	6841      	ldr	r1, [r0, #4]
 8001430:	fb0c f30e 	mul.w	r3, ip, lr
 8001434:	454b      	cmp	r3, r9
 8001436:	d90b      	bls.n	8001450 <arm_mat_inverse_f32+0x1cc>
 8001438:	eb01 0289 	add.w	r2, r1, r9, lsl #2
 800143c:	edd2 7a00 	vldr	s15, [r2]
 8001440:	eef5 7a40 	vcmp.f32	s15, #0.0
 8001444:	eef1 fa10 	vmrs	APSR_nzcv, fpscr
 8001448:	d102      	bne.n	8001450 <arm_mat_inverse_f32+0x1cc>
 800144a:	f109 0901 	add.w	r9, r9, #1
 800144e:	e7ef      	b.n	8001430 <arm_mat_inverse_f32+0x1ac>
 8001450:	454b      	cmp	r3, r9
 8001452:	d00b      	beq.n	800146c <arm_mat_inverse_f32+0x1e8>
 8001454:	2000      	movs	r0, #0
 8001456:	e001      	b.n	800145c <arm_mat_inverse_f32+0x1d8>
 8001458:	f06f 0004 	mvn.w	r0, #4
 800145c:	b003      	add	sp, #12
 800145e:	e8bd 8ff0 	ldmia.w	sp!, {r4, r5, r6, r7, r8, r9, sl, fp, pc}
 8001462:	f06f 0004 	mvn.w	r0, #4
 8001466:	e7f9      	b.n	800145c <arm_mat_inverse_f32+0x1d8>
 8001468:	2000      	movs	r0, #0
 800146a:	e7f7      	b.n	800145c <arm_mat_inverse_f32+0x1d8>
 800146c:	f06f 0004 	mvn.w	r0, #4
 8001470:	e7f4      	b.n	800145c <arm_mat_inverse_f32+0x1d8>
 8001472:	bf00      	nop
 8001474:	00000000 	.word	0x00000000

08001478 <arm_mat_mult_f32>:
 8001478:	e92d 47f0 	stmdb	sp!, {r4, r5, r6, r7, r8, r9, sl, lr}
 800147c:	4603      	mov	r3, r0
 800147e:	4688      	mov	r8, r1
 8001480:	f8d0 c004 	ldr.w	ip, [r0, #4]
 8001484:	684d      	ldr	r5, [r1, #4]
 8001486:	f8d2 9004 	ldr.w	r9, [r2, #4]
 800148a:	8848      	ldrh	r0, [r1, #2]
 800148c:	f8b3 e002 	ldrh.w	lr, [r3, #2]
 8001490:	881f      	ldrh	r7, [r3, #0]
 8001492:	2600      	movs	r6, #0
 8001494:	e01f      	b.n	80014d6 <arm_mat_mult_f32+0x5e>
 8001496:	ecf3 7a01 	vldmia	r3!, {s15}
 800149a:	edd2 6a00 	vldr	s13, [r2]
 800149e:	ee67 7aa6 	vmul.f32	s15, s15, s13
 80014a2:	ee37 7a27 	vadd.f32	s14, s14, s15
 80014a6:	eb02 0280 	add.w	r2, r2, r0, lsl #2
 80014aa:	3901      	subs	r1, #1
 80014ac:	2900      	cmp	r1, #0
 80014ae:	d1f2      	bne.n	8001496 <arm_mat_mult_f32+0x1e>
 80014b0:	4653      	mov	r3, sl
 80014b2:	eca3 7a01 	vstmia	r3!, {s14}
 80014b6:	3c01      	subs	r4, #1
 80014b8:	1b02      	subs	r2, r0, r4
 80014ba:	eb05 0282 	add.w	r2, r5, r2, lsl #2
 80014be:	b12c      	cbz	r4, 80014cc <arm_mat_mult_f32+0x54>
 80014c0:	469a      	mov	sl, r3
 80014c2:	4671      	mov	r1, lr
 80014c4:	4663      	mov	r3, ip
 80014c6:	ed9f 7a08 	vldr	s14, [pc, #32]	@ 80014e8 <arm_mat_mult_f32+0x70>
 80014ca:	e7ef      	b.n	80014ac <arm_mat_mult_f32+0x34>
 80014cc:	4406      	add	r6, r0
 80014ce:	eb0c 0c8e 	add.w	ip, ip, lr, lsl #2
 80014d2:	3f01      	subs	r7, #1
 80014d4:	d005      	beq.n	80014e2 <arm_mat_mult_f32+0x6a>
 80014d6:	eb09 0a86 	add.w	sl, r9, r6, lsl #2
 80014da:	f8d8 2004 	ldr.w	r2, [r8, #4]
 80014de:	4604      	mov	r4, r0
 80014e0:	e7ef      	b.n	80014c2 <arm_mat_mult_f32+0x4a>
 80014e2:	4620      	mov	r0, r4
 80014e4:	e8bd 87f0 	ldmia.w	sp!, {r4, r5, r6, r7, r8, r9, sl, pc}
 80014e8:	00000000 	.word	0x00000000

080014ec <arm_mat_trans_f32>:
 80014ec:	b570      	push	{r4, r5, r6, lr}
 80014ee:	6843      	ldr	r3, [r0, #4]
 80014f0:	684e      	ldr	r6, [r1, #4]
 80014f2:	f8b0 c000 	ldrh.w	ip, [r0]
 80014f6:	8845      	ldrh	r5, [r0, #2]
 80014f8:	4664      	mov	r4, ip
 80014fa:	f04f 0e00 	mov.w	lr, #0
 80014fe:	e00b      	b.n	8001518 <arm_mat_trans_f32+0x2c>
 8001500:	f853 0b04 	ldr.w	r0, [r3], #4
 8001504:	6008      	str	r0, [r1, #0]
 8001506:	eb01 018c 	add.w	r1, r1, ip, lsl #2
 800150a:	3a01      	subs	r2, #1
 800150c:	2a00      	cmp	r2, #0
 800150e:	d1f7      	bne.n	8001500 <arm_mat_trans_f32+0x14>
 8001510:	f10e 0e01 	add.w	lr, lr, #1
 8001514:	3c01      	subs	r4, #1
 8001516:	d003      	beq.n	8001520 <arm_mat_trans_f32+0x34>
 8001518:	eb06 018e 	add.w	r1, r6, lr, lsl #2
 800151c:	462a      	mov	r2, r5
 800151e:	e7f5      	b.n	800150c <arm_mat_trans_f32+0x20>
 8001520:	4610      	mov	r0, r2
 8001522:	bd70      	pop	{r4, r5, r6, pc}

08001524 <aci_gap_set_non_discoverable>:
 8001524:	b530      	push	{r4, r5, lr}
 8001526:	b089      	sub	sp, #36	@ 0x24
 8001528:	2400      	movs	r4, #0
 800152a:	f88d 4007 	strb.w	r4, [sp, #7]
 800152e:	ad02      	add	r5, sp, #8
 8001530:	2218      	movs	r2, #24
 8001532:	4621      	mov	r1, r4
 8001534:	4628      	mov	r0, r5
 8001536:	f001 fd51 	bl	8002fdc <Osal_MemSet>
 800153a:	233f      	movs	r3, #63	@ 0x3f
 800153c:	f8ad 3008 	strh.w	r3, [sp, #8]
 8001540:	2381      	movs	r3, #129	@ 0x81
 8001542:	f8ad 300a 	strh.w	r3, [sp, #10]
 8001546:	f10d 0307 	add.w	r3, sp, #7
 800154a:	9306      	str	r3, [sp, #24]
 800154c:	2301      	movs	r3, #1
 800154e:	9307      	str	r3, [sp, #28]
 8001550:	4621      	mov	r1, r4
 8001552:	4628      	mov	r0, r5
 8001554:	f000 fdbc 	bl	80020d0 <hci_send_req>
 8001558:	42a0      	cmp	r0, r4
 800155a:	db03      	blt.n	8001564 <aci_gap_set_non_discoverable+0x40>
 800155c:	f89d 0007 	ldrb.w	r0, [sp, #7]
 8001560:	b009      	add	sp, #36	@ 0x24
 8001562:	bd30      	pop	{r4, r5, pc}
 8001564:	20ff      	movs	r0, #255	@ 0xff
 8001566:	e7fb      	b.n	8001560 <aci_gap_set_non_discoverable+0x3c>

08001568 <aci_gap_set_discoverable>:
 8001568:	e92d 4ff0 	stmdb	sp!, {r4, r5, r6, r7, r8, r9, sl, fp, lr}
 800156c:	b0cb      	sub	sp, #300	@ 0x12c
 800156e:	469c      	mov	ip, r3
 8001570:	f89d 6154 	ldrb.w	r6, [sp, #340]	@ 0x154
 8001574:	f89d 515c 	ldrb.w	r5, [sp, #348]	@ 0x15c
 8001578:	f106 0a08 	add.w	sl, r6, #8
 800157c:	ac04      	add	r4, sp, #16
 800157e:	eb04 0b0a 	add.w	fp, r4, sl
 8001582:	1977      	adds	r7, r6, r5
 8001584:	3709      	adds	r7, #9
 8001586:	19e3      	adds	r3, r4, r7
 8001588:	9301      	str	r3, [sp, #4]
 800158a:	f10d 090f 	add.w	r9, sp, #15
 800158e:	f04f 0800 	mov.w	r8, #0
 8001592:	f88d 800f 	strb.w	r8, [sp, #15]
 8001596:	f88d 0010 	strb.w	r0, [sp, #16]
 800159a:	f8ad 1011 	strh.w	r1, [sp, #17]
 800159e:	f8ad 2013 	strh.w	r2, [sp, #19]
 80015a2:	f88d c015 	strb.w	ip, [sp, #21]
 80015a6:	f89d 3150 	ldrb.w	r3, [sp, #336]	@ 0x150
 80015aa:	f88d 3016 	strb.w	r3, [sp, #22]
 80015ae:	f88d 6017 	strb.w	r6, [sp, #23]
 80015b2:	4632      	mov	r2, r6
 80015b4:	9956      	ldr	r1, [sp, #344]	@ 0x158
 80015b6:	a806      	add	r0, sp, #24
 80015b8:	f001 fd0c 	bl	8002fd4 <Osal_MemCpy>
 80015bc:	f804 500a 	strb.w	r5, [r4, sl]
 80015c0:	3609      	adds	r6, #9
 80015c2:	462a      	mov	r2, r5
 80015c4:	9958      	ldr	r1, [sp, #352]	@ 0x160
 80015c6:	f10b 0001 	add.w	r0, fp, #1
 80015ca:	f001 fd03 	bl	8002fd4 <Osal_MemCpy>
 80015ce:	4435      	add	r5, r6
 80015d0:	f8bd 3164 	ldrh.w	r3, [sp, #356]	@ 0x164
 80015d4:	53e3      	strh	r3, [r4, r7]
 80015d6:	f8bd 3168 	ldrh.w	r3, [sp, #360]	@ 0x168
 80015da:	9a01      	ldr	r2, [sp, #4]
 80015dc:	8053      	strh	r3, [r2, #2]
 80015de:	3504      	adds	r5, #4
 80015e0:	ae44      	add	r6, sp, #272	@ 0x110
 80015e2:	2218      	movs	r2, #24
 80015e4:	4641      	mov	r1, r8
 80015e6:	4630      	mov	r0, r6
 80015e8:	f001 fcf8 	bl	8002fdc <Osal_MemSet>
 80015ec:	233f      	movs	r3, #63	@ 0x3f
 80015ee:	f8ad 3110 	strh.w	r3, [sp, #272]	@ 0x110
 80015f2:	2383      	movs	r3, #131	@ 0x83
 80015f4:	f8ad 3112 	strh.w	r3, [sp, #274]	@ 0x112
 80015f8:	9446      	str	r4, [sp, #280]	@ 0x118
 80015fa:	9547      	str	r5, [sp, #284]	@ 0x11c
 80015fc:	f8cd 9120 	str.w	r9, [sp, #288]	@ 0x120
 8001600:	2301      	movs	r3, #1
 8001602:	9349      	str	r3, [sp, #292]	@ 0x124
 8001604:	4641      	mov	r1, r8
 8001606:	4630      	mov	r0, r6
 8001608:	f000 fd62 	bl	80020d0 <hci_send_req>
 800160c:	4540      	cmp	r0, r8
 800160e:	db04      	blt.n	800161a <aci_gap_set_discoverable+0xb2>
 8001610:	f899 0000 	ldrb.w	r0, [r9]
 8001614:	b04b      	add	sp, #300	@ 0x12c
 8001616:	e8bd 8ff0 	ldmia.w	sp!, {r4, r5, r6, r7, r8, r9, sl, fp, pc}
 800161a:	20ff      	movs	r0, #255	@ 0xff
 800161c:	e7fa      	b.n	8001614 <aci_gap_set_discoverable+0xac>

0800161e <aci_gap_set_io_capability>:
 800161e:	b5f0      	push	{r4, r5, r6, r7, lr}
 8001620:	b0c9      	sub	sp, #292	@ 0x124
 8001622:	f10d 0607 	add.w	r6, sp, #7
 8001626:	2400      	movs	r4, #0
 8001628:	f88d 4007 	strb.w	r4, [sp, #7]
 800162c:	af02      	add	r7, sp, #8
 800162e:	f88d 0008 	strb.w	r0, [sp, #8]
 8001632:	ad42      	add	r5, sp, #264	@ 0x108
 8001634:	2218      	movs	r2, #24
 8001636:	4621      	mov	r1, r4
 8001638:	4628      	mov	r0, r5
 800163a:	f001 fccf 	bl	8002fdc <Osal_MemSet>
 800163e:	233f      	movs	r3, #63	@ 0x3f
 8001640:	f8ad 3108 	strh.w	r3, [sp, #264]	@ 0x108
 8001644:	2385      	movs	r3, #133	@ 0x85
 8001646:	f8ad 310a 	strh.w	r3, [sp, #266]	@ 0x10a
 800164a:	9744      	str	r7, [sp, #272]	@ 0x110
 800164c:	2301      	movs	r3, #1
 800164e:	9345      	str	r3, [sp, #276]	@ 0x114
 8001650:	9646      	str	r6, [sp, #280]	@ 0x118
 8001652:	9347      	str	r3, [sp, #284]	@ 0x11c
 8001654:	4621      	mov	r1, r4
 8001656:	4628      	mov	r0, r5
 8001658:	f000 fd3a 	bl	80020d0 <hci_send_req>
 800165c:	42a0      	cmp	r0, r4
 800165e:	db02      	blt.n	8001666 <aci_gap_set_io_capability+0x48>
 8001660:	7830      	ldrb	r0, [r6, #0]
 8001662:	b049      	add	sp, #292	@ 0x124
 8001664:	bdf0      	pop	{r4, r5, r6, r7, pc}
 8001666:	20ff      	movs	r0, #255	@ 0xff
 8001668:	e7fb      	b.n	8001662 <aci_gap_set_io_capability+0x44>

0800166a <aci_gap_set_authentication_requirement>:
 800166a:	b5f0      	push	{r4, r5, r6, r7, lr}
 800166c:	b0c9      	sub	sp, #292	@ 0x124
 800166e:	f10d 0707 	add.w	r7, sp, #7
 8001672:	2500      	movs	r5, #0
 8001674:	f88d 5007 	strb.w	r5, [sp, #7]
 8001678:	ac02      	add	r4, sp, #8
 800167a:	f88d 0008 	strb.w	r0, [sp, #8]
 800167e:	f88d 1009 	strb.w	r1, [sp, #9]
 8001682:	f88d 200a 	strb.w	r2, [sp, #10]
 8001686:	f88d 300b 	strb.w	r3, [sp, #11]
 800168a:	f89d 3138 	ldrb.w	r3, [sp, #312]	@ 0x138
 800168e:	f88d 300c 	strb.w	r3, [sp, #12]
 8001692:	f89d 313c 	ldrb.w	r3, [sp, #316]	@ 0x13c
 8001696:	f88d 300d 	strb.w	r3, [sp, #13]
 800169a:	f89d 3140 	ldrb.w	r3, [sp, #320]	@ 0x140
 800169e:	f88d 300e 	strb.w	r3, [sp, #14]
 80016a2:	9b51      	ldr	r3, [sp, #324]	@ 0x144
 80016a4:	f8cd 300f 	str.w	r3, [sp, #15]
 80016a8:	f89d 3148 	ldrb.w	r3, [sp, #328]	@ 0x148
 80016ac:	f88d 3013 	strb.w	r3, [sp, #19]
 80016b0:	ae42      	add	r6, sp, #264	@ 0x108
 80016b2:	2218      	movs	r2, #24
 80016b4:	4629      	mov	r1, r5
 80016b6:	4630      	mov	r0, r6
 80016b8:	f001 fc90 	bl	8002fdc <Osal_MemSet>
 80016bc:	233f      	movs	r3, #63	@ 0x3f
 80016be:	f8ad 3108 	strh.w	r3, [sp, #264]	@ 0x108
 80016c2:	2386      	movs	r3, #134	@ 0x86
 80016c4:	f8ad 310a 	strh.w	r3, [sp, #266]	@ 0x10a
 80016c8:	9444      	str	r4, [sp, #272]	@ 0x110
 80016ca:	230c      	movs	r3, #12
 80016cc:	9345      	str	r3, [sp, #276]	@ 0x114
 80016ce:	9746      	str	r7, [sp, #280]	@ 0x118
 80016d0:	2301      	movs	r3, #1
 80016d2:	9347      	str	r3, [sp, #284]	@ 0x11c
 80016d4:	4629      	mov	r1, r5
 80016d6:	4630      	mov	r0, r6
 80016d8:	f000 fcfa 	bl	80020d0 <hci_send_req>
 80016dc:	42a8      	cmp	r0, r5
 80016de:	db02      	blt.n	80016e6 <aci_gap_set_authentication_requirement+0x7c>
 80016e0:	7838      	ldrb	r0, [r7, #0]
 80016e2:	b049      	add	sp, #292	@ 0x124
 80016e4:	bdf0      	pop	{r4, r5, r6, r7, pc}
 80016e6:	20ff      	movs	r0, #255	@ 0xff
 80016e8:	e7fb      	b.n	80016e2 <aci_gap_set_authentication_requirement+0x78>

080016ea <aci_gap_pass_key_resp>:
 80016ea:	b5f0      	push	{r4, r5, r6, r7, lr}
 80016ec:	b0c9      	sub	sp, #292	@ 0x124
 80016ee:	f10d 0707 	add.w	r7, sp, #7
 80016f2:	2400      	movs	r4, #0
 80016f4:	f88d 4007 	strb.w	r4, [sp, #7]
 80016f8:	ad02      	add	r5, sp, #8
 80016fa:	f8ad 0008 	strh.w	r0, [sp, #8]
 80016fe:	f8cd 100a 	str.w	r1, [sp, #10]
 8001702:	ae42      	add	r6, sp, #264	@ 0x108
 8001704:	2218      	movs	r2, #24
 8001706:	4621      	mov	r1, r4
 8001708:	4630      	mov	r0, r6
 800170a:	f001 fc67 	bl	8002fdc <Osal_MemSet>
 800170e:	233f      	movs	r3, #63	@ 0x3f
 8001710:	f8ad 3108 	strh.w	r3, [sp, #264]	@ 0x108
 8001714:	2388      	movs	r3, #136	@ 0x88
 8001716:	f8ad 310a 	strh.w	r3, [sp, #266]	@ 0x10a
 800171a:	9544      	str	r5, [sp, #272]	@ 0x110
 800171c:	2306      	movs	r3, #6
 800171e:	9345      	str	r3, [sp, #276]	@ 0x114
 8001720:	9746      	str	r7, [sp, #280]	@ 0x118
 8001722:	2301      	movs	r3, #1
 8001724:	9347      	str	r3, [sp, #284]	@ 0x11c
 8001726:	4621      	mov	r1, r4
 8001728:	4630      	mov	r0, r6
 800172a:	f000 fcd1 	bl	80020d0 <hci_send_req>
 800172e:	42a0      	cmp	r0, r4
 8001730:	db02      	blt.n	8001738 <aci_gap_pass_key_resp+0x4e>
 8001732:	7838      	ldrb	r0, [r7, #0]
 8001734:	b049      	add	sp, #292	@ 0x124
 8001736:	bdf0      	pop	{r4, r5, r6, r7, pc}
 8001738:	20ff      	movs	r0, #255	@ 0xff
 800173a:	e7fb      	b.n	8001734 <aci_gap_pass_key_resp+0x4a>

0800173c <aci_gap_init>:
 800173c:	e92d 43f0 	stmdb	sp!, {r4, r5, r6, r7, r8, r9, lr}
 8001740:	b0c9      	sub	sp, #292	@ 0x124
 8001742:	4680      	mov	r8, r0
 8001744:	460f      	mov	r7, r1
 8001746:	4615      	mov	r5, r2
 8001748:	4699      	mov	r9, r3
 800174a:	2207      	movs	r2, #7
 800174c:	2100      	movs	r1, #0
 800174e:	4668      	mov	r0, sp
 8001750:	f001 fc44 	bl	8002fdc <Osal_MemSet>
 8001754:	ac02      	add	r4, sp, #8
 8001756:	f88d 8008 	strb.w	r8, [sp, #8]
 800175a:	f88d 7009 	strb.w	r7, [sp, #9]
 800175e:	f88d 500a 	strb.w	r5, [sp, #10]
 8001762:	ad42      	add	r5, sp, #264	@ 0x108
 8001764:	2218      	movs	r2, #24
 8001766:	2100      	movs	r1, #0
 8001768:	4628      	mov	r0, r5
 800176a:	f001 fc37 	bl	8002fdc <Osal_MemSet>
 800176e:	233f      	movs	r3, #63	@ 0x3f
 8001770:	f8ad 3108 	strh.w	r3, [sp, #264]	@ 0x108
 8001774:	238a      	movs	r3, #138	@ 0x8a
 8001776:	f8ad 310a 	strh.w	r3, [sp, #266]	@ 0x10a
 800177a:	9444      	str	r4, [sp, #272]	@ 0x110
 800177c:	2303      	movs	r3, #3
 800177e:	9345      	str	r3, [sp, #276]	@ 0x114
 8001780:	f8cd d118 	str.w	sp, [sp, #280]	@ 0x118
 8001784:	2307      	movs	r3, #7
 8001786:	9347      	str	r3, [sp, #284]	@ 0x11c
 8001788:	2100      	movs	r1, #0
 800178a:	4628      	mov	r0, r5
 800178c:	f000 fca0 	bl	80020d0 <hci_send_req>
 8001790:	2800      	cmp	r0, #0
 8001792:	db11      	blt.n	80017b8 <aci_gap_init+0x7c>
 8001794:	f89d 0000 	ldrb.w	r0, [sp]
 8001798:	b958      	cbnz	r0, 80017b2 <aci_gap_init+0x76>
 800179a:	f8bd 2001 	ldrh.w	r2, [sp, #1]
 800179e:	f8a9 2000 	strh.w	r2, [r9]
 80017a2:	f8bd 1003 	ldrh.w	r1, [sp, #3]
 80017a6:	9a50      	ldr	r2, [sp, #320]	@ 0x140
 80017a8:	8011      	strh	r1, [r2, #0]
 80017aa:	f8bd 2005 	ldrh.w	r2, [sp, #5]
 80017ae:	9b51      	ldr	r3, [sp, #324]	@ 0x144
 80017b0:	801a      	strh	r2, [r3, #0]
 80017b2:	b049      	add	sp, #292	@ 0x124
 80017b4:	e8bd 83f0 	ldmia.w	sp!, {r4, r5, r6, r7, r8, r9, pc}
 80017b8:	20ff      	movs	r0, #255	@ 0xff
 80017ba:	e7fa      	b.n	80017b2 <aci_gap_init+0x76>

080017bc <aci_gap_update_adv_data>:
 80017bc:	e92d 41f0 	stmdb	sp!, {r4, r5, r6, r7, r8, lr}
 80017c0:	b0c8      	sub	sp, #288	@ 0x120
 80017c2:	4604      	mov	r4, r0
 80017c4:	f10d 0707 	add.w	r7, sp, #7
 80017c8:	2500      	movs	r5, #0
 80017ca:	f88d 5007 	strb.w	r5, [sp, #7]
 80017ce:	f10d 0808 	add.w	r8, sp, #8
 80017d2:	f88d 0008 	strb.w	r0, [sp, #8]
 80017d6:	4602      	mov	r2, r0
 80017d8:	f10d 0009 	add.w	r0, sp, #9
 80017dc:	f001 fbfa 	bl	8002fd4 <Osal_MemCpy>
 80017e0:	3401      	adds	r4, #1
 80017e2:	ae42      	add	r6, sp, #264	@ 0x108
 80017e4:	2218      	movs	r2, #24
 80017e6:	4629      	mov	r1, r5
 80017e8:	4630      	mov	r0, r6
 80017ea:	f001 fbf7 	bl	8002fdc <Osal_MemSet>
 80017ee:	233f      	movs	r3, #63	@ 0x3f
 80017f0:	f8ad 3108 	strh.w	r3, [sp, #264]	@ 0x108
 80017f4:	238e      	movs	r3, #142	@ 0x8e
 80017f6:	f8ad 310a 	strh.w	r3, [sp, #266]	@ 0x10a
 80017fa:	f8cd 8110 	str.w	r8, [sp, #272]	@ 0x110
 80017fe:	9445      	str	r4, [sp, #276]	@ 0x114
 8001800:	9746      	str	r7, [sp, #280]	@ 0x118
 8001802:	2301      	movs	r3, #1
 8001804:	9347      	str	r3, [sp, #284]	@ 0x11c
 8001806:	4629      	mov	r1, r5
 8001808:	4630      	mov	r0, r6
 800180a:	f000 fc61 	bl	80020d0 <hci_send_req>
 800180e:	42a8      	cmp	r0, r5
 8001810:	db03      	blt.n	800181a <aci_gap_update_adv_data+0x5e>
 8001812:	7838      	ldrb	r0, [r7, #0]
 8001814:	b048      	add	sp, #288	@ 0x120
 8001816:	e8bd 81f0 	ldmia.w	sp!, {r4, r5, r6, r7, r8, pc}
 800181a:	20ff      	movs	r0, #255	@ 0xff
 800181c:	e7fa      	b.n	8001814 <aci_gap_update_adv_data+0x58>

0800181e <aci_gap_configure_filter_accept_list>:
 800181e:	b530      	push	{r4, r5, lr}
 8001820:	b089      	sub	sp, #36	@ 0x24
 8001822:	2400      	movs	r4, #0
 8001824:	f88d 4007 	strb.w	r4, [sp, #7]
 8001828:	ad02      	add	r5, sp, #8
 800182a:	2218      	movs	r2, #24
 800182c:	4621      	mov	r1, r4
 800182e:	4628      	mov	r0, r5
 8001830:	f001 fbd4 	bl	8002fdc <Osal_MemSet>
 8001834:	233f      	movs	r3, #63	@ 0x3f
 8001836:	f8ad 3008 	strh.w	r3, [sp, #8]
 800183a:	2392      	movs	r3, #146	@ 0x92
 800183c:	f8ad 300a 	strh.w	r3, [sp, #10]
 8001840:	f10d 0307 	add.w	r3, sp, #7
 8001844:	9306      	str	r3, [sp, #24]
 8001846:	2301      	movs	r3, #1
 8001848:	9307      	str	r3, [sp, #28]
 800184a:	4621      	mov	r1, r4
 800184c:	4628      	mov	r0, r5
 800184e:	f000 fc3f 	bl	80020d0 <hci_send_req>
 8001852:	42a0      	cmp	r0, r4
 8001854:	db03      	blt.n	800185e <aci_gap_configure_filter_accept_list+0x40>
 8001856:	f89d 0007 	ldrb.w	r0, [sp, #7]
 800185a:	b009      	add	sp, #36	@ 0x24
 800185c:	bd30      	pop	{r4, r5, pc}
 800185e:	20ff      	movs	r0, #255	@ 0xff
 8001860:	e7fb      	b.n	800185a <aci_gap_configure_filter_accept_list+0x3c>

08001862 <aci_gap_numeric_comparison_value_confirm_yesno>:
 8001862:	b5f0      	push	{r4, r5, r6, r7, lr}
 8001864:	b0c9      	sub	sp, #292	@ 0x124
 8001866:	f10d 0707 	add.w	r7, sp, #7
 800186a:	2400      	movs	r4, #0
 800186c:	f88d 4007 	strb.w	r4, [sp, #7]
 8001870:	ad02      	add	r5, sp, #8
 8001872:	f8ad 0008 	strh.w	r0, [sp, #8]
 8001876:	f88d 100a 	strb.w	r1, [sp, #10]
 800187a:	ae42      	add	r6, sp, #264	@ 0x108
 800187c:	2218      	movs	r2, #24
 800187e:	4621      	mov	r1, r4
 8001880:	4630      	mov	r0, r6
 8001882:	f001 fbab 	bl	8002fdc <Osal_MemSet>
 8001886:	233f      	movs	r3, #63	@ 0x3f
 8001888:	f8ad 3108 	strh.w	r3, [sp, #264]	@ 0x108
 800188c:	23a5      	movs	r3, #165	@ 0xa5
 800188e:	f8ad 310a 	strh.w	r3, [sp, #266]	@ 0x10a
 8001892:	9544      	str	r5, [sp, #272]	@ 0x110
 8001894:	2303      	movs	r3, #3
 8001896:	9345      	str	r3, [sp, #276]	@ 0x114
 8001898:	9746      	str	r7, [sp, #280]	@ 0x118
 800189a:	2301      	movs	r3, #1
 800189c:	9347      	str	r3, [sp, #284]	@ 0x11c
 800189e:	4621      	mov	r1, r4
 80018a0:	4630      	mov	r0, r6
 80018a2:	f000 fc15 	bl	80020d0 <hci_send_req>
 80018a6:	42a0      	cmp	r0, r4
 80018a8:	db02      	blt.n	80018b0 <aci_gap_numeric_comparison_value_confirm_yesno+0x4e>
 80018aa:	7838      	ldrb	r0, [r7, #0]
 80018ac:	b049      	add	sp, #292	@ 0x124
 80018ae:	bdf0      	pop	{r4, r5, r6, r7, pc}
 80018b0:	20ff      	movs	r0, #255	@ 0xff
 80018b2:	e7fb      	b.n	80018ac <aci_gap_numeric_comparison_value_confirm_yesno+0x4a>

080018b4 <aci_gatt_init>:
 80018b4:	b530      	push	{r4, r5, lr}
 80018b6:	b089      	sub	sp, #36	@ 0x24
 80018b8:	2400      	movs	r4, #0
 80018ba:	f88d 4007 	strb.w	r4, [sp, #7]
 80018be:	ad02      	add	r5, sp, #8
 80018c0:	2218      	movs	r2, #24
 80018c2:	4621      	mov	r1, r4
 80018c4:	4628      	mov	r0, r5
 80018c6:	f001 fb89 	bl	8002fdc <Osal_MemSet>
 80018ca:	233f      	movs	r3, #63	@ 0x3f
 80018cc:	f8ad 3008 	strh.w	r3, [sp, #8]
 80018d0:	f240 1301 	movw	r3, #257	@ 0x101
 80018d4:	f8ad 300a 	strh.w	r3, [sp, #10]
 80018d8:	f10d 0307 	add.w	r3, sp, #7
 80018dc:	9306      	str	r3, [sp, #24]
 80018de:	2301      	movs	r3, #1
 80018e0:	9307      	str	r3, [sp, #28]
 80018e2:	4621      	mov	r1, r4
 80018e4:	4628      	mov	r0, r5
 80018e6:	f000 fbf3 	bl	80020d0 <hci_send_req>
 80018ea:	42a0      	cmp	r0, r4
 80018ec:	db03      	blt.n	80018f6 <aci_gatt_init+0x42>
 80018ee:	f89d 0007 	ldrb.w	r0, [sp, #7]
 80018f2:	b009      	add	sp, #36	@ 0x24
 80018f4:	bd30      	pop	{r4, r5, pc}
 80018f6:	20ff      	movs	r0, #255	@ 0xff
 80018f8:	e7fb      	b.n	80018f2 <aci_gatt_init+0x3e>

080018fa <aci_gatt_add_service>:
 80018fa:	e92d 43f0 	stmdb	sp!, {r4, r5, r6, r7, r8, r9, lr}
 80018fe:	b0c9      	sub	sp, #292	@ 0x124
 8001900:	4604      	mov	r4, r0
 8001902:	460f      	mov	r7, r1
 8001904:	4690      	mov	r8, r2
 8001906:	4699      	mov	r9, r3
 8001908:	2801      	cmp	r0, #1
 800190a:	d013      	beq.n	8001934 <aci_gatt_add_service+0x3a>
 800190c:	2802      	cmp	r0, #2
 800190e:	d00f      	beq.n	8001930 <aci_gatt_add_service+0x36>
 8001910:	2501      	movs	r5, #1
 8001912:	ae02      	add	r6, sp, #8
 8001914:	4435      	add	r5, r6
 8001916:	2203      	movs	r2, #3
 8001918:	2100      	movs	r1, #0
 800191a:	a801      	add	r0, sp, #4
 800191c:	f001 fb5e 	bl	8002fdc <Osal_MemSet>
 8001920:	f88d 4008 	strb.w	r4, [sp, #8]
 8001924:	2c01      	cmp	r4, #1
 8001926:	d007      	beq.n	8001938 <aci_gatt_add_service+0x3e>
 8001928:	2c02      	cmp	r4, #2
 800192a:	d136      	bne.n	800199a <aci_gatt_add_service+0xa0>
 800192c:	2410      	movs	r4, #16
 800192e:	e004      	b.n	800193a <aci_gatt_add_service+0x40>
 8001930:	2511      	movs	r5, #17
 8001932:	e7ee      	b.n	8001912 <aci_gatt_add_service+0x18>
 8001934:	2503      	movs	r5, #3
 8001936:	e7ec      	b.n	8001912 <aci_gatt_add_service+0x18>
 8001938:	2402      	movs	r4, #2
 800193a:	4622      	mov	r2, r4
 800193c:	4639      	mov	r1, r7
 800193e:	f10d 0009 	add.w	r0, sp, #9
 8001942:	f001 fb47 	bl	8002fd4 <Osal_MemCpy>
 8001946:	f885 8000 	strb.w	r8, [r5]
 800194a:	f885 9001 	strb.w	r9, [r5, #1]
 800194e:	3403      	adds	r4, #3
 8001950:	ad42      	add	r5, sp, #264	@ 0x108
 8001952:	2218      	movs	r2, #24
 8001954:	2100      	movs	r1, #0
 8001956:	4628      	mov	r0, r5
 8001958:	f001 fb40 	bl	8002fdc <Osal_MemSet>
 800195c:	233f      	movs	r3, #63	@ 0x3f
 800195e:	f8ad 3108 	strh.w	r3, [sp, #264]	@ 0x108
 8001962:	f44f 7381 	mov.w	r3, #258	@ 0x102
 8001966:	f8ad 310a 	strh.w	r3, [sp, #266]	@ 0x10a
 800196a:	ab02      	add	r3, sp, #8
 800196c:	9344      	str	r3, [sp, #272]	@ 0x110
 800196e:	9445      	str	r4, [sp, #276]	@ 0x114
 8001970:	ab01      	add	r3, sp, #4
 8001972:	9346      	str	r3, [sp, #280]	@ 0x118
 8001974:	2303      	movs	r3, #3
 8001976:	9347      	str	r3, [sp, #284]	@ 0x11c
 8001978:	2100      	movs	r1, #0
 800197a:	4628      	mov	r0, r5
 800197c:	f000 fba8 	bl	80020d0 <hci_send_req>
 8001980:	2800      	cmp	r0, #0
 8001982:	db0c      	blt.n	800199e <aci_gatt_add_service+0xa4>
 8001984:	ab01      	add	r3, sp, #4
 8001986:	f89d 0004 	ldrb.w	r0, [sp, #4]
 800198a:	b918      	cbnz	r0, 8001994 <aci_gatt_add_service+0x9a>
 800198c:	f8b3 2001 	ldrh.w	r2, [r3, #1]
 8001990:	9b50      	ldr	r3, [sp, #320]	@ 0x140
 8001992:	801a      	strh	r2, [r3, #0]
 8001994:	b049      	add	sp, #292	@ 0x124
 8001996:	e8bd 83f0 	ldmia.w	sp!, {r4, r5, r6, r7, r8, r9, pc}
 800199a:	2097      	movs	r0, #151	@ 0x97
 800199c:	e7fa      	b.n	8001994 <aci_gatt_add_service+0x9a>
 800199e:	20ff      	movs	r0, #255	@ 0xff
 80019a0:	e7f8      	b.n	8001994 <aci_gatt_add_service+0x9a>

080019a2 <aci_gatt_add_char>:
 80019a2:	e92d 43f0 	stmdb	sp!, {r4, r5, r6, r7, r8, r9, lr}
 80019a6:	b0c9      	sub	sp, #292	@ 0x124
 80019a8:	4607      	mov	r7, r0
 80019aa:	460c      	mov	r4, r1
 80019ac:	4690      	mov	r8, r2
 80019ae:	4699      	mov	r9, r3
 80019b0:	2901      	cmp	r1, #1
 80019b2:	d015      	beq.n	80019e0 <aci_gatt_add_char+0x3e>
 80019b4:	2902      	cmp	r1, #2
 80019b6:	d011      	beq.n	80019dc <aci_gatt_add_char+0x3a>
 80019b8:	2503      	movs	r5, #3
 80019ba:	ae02      	add	r6, sp, #8
 80019bc:	4435      	add	r5, r6
 80019be:	2203      	movs	r2, #3
 80019c0:	2100      	movs	r1, #0
 80019c2:	a801      	add	r0, sp, #4
 80019c4:	f001 fb0a 	bl	8002fdc <Osal_MemSet>
 80019c8:	f8ad 7008 	strh.w	r7, [sp, #8]
 80019cc:	f88d 400a 	strb.w	r4, [sp, #10]
 80019d0:	2c01      	cmp	r4, #1
 80019d2:	d007      	beq.n	80019e4 <aci_gatt_add_char+0x42>
 80019d4:	2c02      	cmp	r4, #2
 80019d6:	d143      	bne.n	8001a60 <aci_gatt_add_char+0xbe>
 80019d8:	2410      	movs	r4, #16
 80019da:	e004      	b.n	80019e6 <aci_gatt_add_char+0x44>
 80019dc:	2513      	movs	r5, #19
 80019de:	e7ec      	b.n	80019ba <aci_gatt_add_char+0x18>
 80019e0:	2505      	movs	r5, #5
 80019e2:	e7ea      	b.n	80019ba <aci_gatt_add_char+0x18>
 80019e4:	2402      	movs	r4, #2
 80019e6:	4622      	mov	r2, r4
 80019e8:	4641      	mov	r1, r8
 80019ea:	f10d 000b 	add.w	r0, sp, #11
 80019ee:	f001 faf1 	bl	8002fd4 <Osal_MemCpy>
 80019f2:	464b      	mov	r3, r9
 80019f4:	802b      	strh	r3, [r5, #0]
 80019f6:	f89d 3140 	ldrb.w	r3, [sp, #320]	@ 0x140
 80019fa:	70ab      	strb	r3, [r5, #2]
 80019fc:	f89d 3144 	ldrb.w	r3, [sp, #324]	@ 0x144
 8001a00:	70eb      	strb	r3, [r5, #3]
 8001a02:	f89d 3148 	ldrb.w	r3, [sp, #328]	@ 0x148
 8001a06:	712b      	strb	r3, [r5, #4]
 8001a08:	f89d 314c 	ldrb.w	r3, [sp, #332]	@ 0x14c
 8001a0c:	716b      	strb	r3, [r5, #5]
 8001a0e:	f89d 3150 	ldrb.w	r3, [sp, #336]	@ 0x150
 8001a12:	71ab      	strb	r3, [r5, #6]
 8001a14:	340a      	adds	r4, #10
 8001a16:	ad42      	add	r5, sp, #264	@ 0x108
 8001a18:	2218      	movs	r2, #24
 8001a1a:	2100      	movs	r1, #0
 8001a1c:	4628      	mov	r0, r5
 8001a1e:	f001 fadd 	bl	8002fdc <Osal_MemSet>
 8001a22:	233f      	movs	r3, #63	@ 0x3f
 8001a24:	f8ad 3108 	strh.w	r3, [sp, #264]	@ 0x108
 8001a28:	f44f 7382 	mov.w	r3, #260	@ 0x104
 8001a2c:	f8ad 310a 	strh.w	r3, [sp, #266]	@ 0x10a
 8001a30:	ab02      	add	r3, sp, #8
 8001a32:	9344      	str	r3, [sp, #272]	@ 0x110
 8001a34:	9445      	str	r4, [sp, #276]	@ 0x114
 8001a36:	ab01      	add	r3, sp, #4
 8001a38:	9346      	str	r3, [sp, #280]	@ 0x118
 8001a3a:	2303      	movs	r3, #3
 8001a3c:	9347      	str	r3, [sp, #284]	@ 0x11c
 8001a3e:	2100      	movs	r1, #0
 8001a40:	4628      	mov	r0, r5
 8001a42:	f000 fb45 	bl	80020d0 <hci_send_req>
 8001a46:	2800      	cmp	r0, #0
 8001a48:	db0c      	blt.n	8001a64 <aci_gatt_add_char+0xc2>
 8001a4a:	ab01      	add	r3, sp, #4
 8001a4c:	f89d 0004 	ldrb.w	r0, [sp, #4]
 8001a50:	b918      	cbnz	r0, 8001a5a <aci_gatt_add_char+0xb8>
 8001a52:	f8b3 2001 	ldrh.w	r2, [r3, #1]
 8001a56:	9b55      	ldr	r3, [sp, #340]	@ 0x154
 8001a58:	801a      	strh	r2, [r3, #0]
 8001a5a:	b049      	add	sp, #292	@ 0x124
 8001a5c:	e8bd 83f0 	ldmia.w	sp!, {r4, r5, r6, r7, r8, r9, pc}
 8001a60:	2097      	movs	r0, #151	@ 0x97
 8001a62:	e7fa      	b.n	8001a5a <aci_gatt_add_char+0xb8>
 8001a64:	20ff      	movs	r0, #255	@ 0xff
 8001a66:	e7f8      	b.n	8001a5a <aci_gatt_add_char+0xb8>

08001a68 <aci_gatt_update_char_value>:
 8001a68:	e92d 41f0 	stmdb	sp!, {r4, r5, r6, r7, r8, lr}
 8001a6c:	b0c8      	sub	sp, #288	@ 0x120
 8001a6e:	461c      	mov	r4, r3
 8001a70:	f10d 0807 	add.w	r8, sp, #7
 8001a74:	2600      	movs	r6, #0
 8001a76:	f88d 6007 	strb.w	r6, [sp, #7]
 8001a7a:	ad02      	add	r5, sp, #8
 8001a7c:	f8ad 0008 	strh.w	r0, [sp, #8]
 8001a80:	f8ad 100a 	strh.w	r1, [sp, #10]
 8001a84:	f88d 200c 	strb.w	r2, [sp, #12]
 8001a88:	f88d 300d 	strb.w	r3, [sp, #13]
 8001a8c:	461a      	mov	r2, r3
 8001a8e:	994e      	ldr	r1, [sp, #312]	@ 0x138
 8001a90:	f10d 000e 	add.w	r0, sp, #14
 8001a94:	f001 fa9e 	bl	8002fd4 <Osal_MemCpy>
 8001a98:	3406      	adds	r4, #6
 8001a9a:	af42      	add	r7, sp, #264	@ 0x108
 8001a9c:	2218      	movs	r2, #24
 8001a9e:	4631      	mov	r1, r6
 8001aa0:	4638      	mov	r0, r7
 8001aa2:	f001 fa9b 	bl	8002fdc <Osal_MemSet>
 8001aa6:	233f      	movs	r3, #63	@ 0x3f
 8001aa8:	f8ad 3108 	strh.w	r3, [sp, #264]	@ 0x108
 8001aac:	f44f 7383 	mov.w	r3, #262	@ 0x106
 8001ab0:	f8ad 310a 	strh.w	r3, [sp, #266]	@ 0x10a
 8001ab4:	9544      	str	r5, [sp, #272]	@ 0x110
 8001ab6:	9445      	str	r4, [sp, #276]	@ 0x114
 8001ab8:	f8cd 8118 	str.w	r8, [sp, #280]	@ 0x118
 8001abc:	2301      	movs	r3, #1
 8001abe:	9347      	str	r3, [sp, #284]	@ 0x11c
 8001ac0:	4631      	mov	r1, r6
 8001ac2:	4638      	mov	r0, r7
 8001ac4:	f000 fb04 	bl	80020d0 <hci_send_req>
 8001ac8:	42b0      	cmp	r0, r6
 8001aca:	db04      	blt.n	8001ad6 <aci_gatt_update_char_value+0x6e>
 8001acc:	f898 0000 	ldrb.w	r0, [r8]
 8001ad0:	b048      	add	sp, #288	@ 0x120
 8001ad2:	e8bd 81f0 	ldmia.w	sp!, {r4, r5, r6, r7, r8, pc}
 8001ad6:	20ff      	movs	r0, #255	@ 0xff
 8001ad8:	e7fa      	b.n	8001ad0 <aci_gatt_update_char_value+0x68>

08001ada <aci_gatt_confirm_indication>:
 8001ada:	b5f0      	push	{r4, r5, r6, r7, lr}
 8001adc:	b0c9      	sub	sp, #292	@ 0x124
 8001ade:	f10d 0607 	add.w	r6, sp, #7
 8001ae2:	2400      	movs	r4, #0
 8001ae4:	f88d 4007 	strb.w	r4, [sp, #7]
 8001ae8:	af02      	add	r7, sp, #8
 8001aea:	f8ad 0008 	strh.w	r0, [sp, #8]
 8001aee:	ad42      	add	r5, sp, #264	@ 0x108
 8001af0:	2218      	movs	r2, #24
 8001af2:	4621      	mov	r1, r4
 8001af4:	4628      	mov	r0, r5
 8001af6:	f001 fa71 	bl	8002fdc <Osal_MemSet>
 8001afa:	233f      	movs	r3, #63	@ 0x3f
 8001afc:	f8ad 3108 	strh.w	r3, [sp, #264]	@ 0x108
 8001b00:	f240 1325 	movw	r3, #293	@ 0x125
 8001b04:	f8ad 310a 	strh.w	r3, [sp, #266]	@ 0x10a
 8001b08:	9744      	str	r7, [sp, #272]	@ 0x110
 8001b0a:	2302      	movs	r3, #2
 8001b0c:	9345      	str	r3, [sp, #276]	@ 0x114
 8001b0e:	9646      	str	r6, [sp, #280]	@ 0x118
 8001b10:	2301      	movs	r3, #1
 8001b12:	9347      	str	r3, [sp, #284]	@ 0x11c
 8001b14:	4621      	mov	r1, r4
 8001b16:	4628      	mov	r0, r5
 8001b18:	f000 fada 	bl	80020d0 <hci_send_req>
 8001b1c:	42a0      	cmp	r0, r4
 8001b1e:	db02      	blt.n	8001b26 <aci_gatt_confirm_indication+0x4c>
 8001b20:	7830      	ldrb	r0, [r6, #0]
 8001b22:	b049      	add	sp, #292	@ 0x124
 8001b24:	bdf0      	pop	{r4, r5, r6, r7, pc}
 8001b26:	20ff      	movs	r0, #255	@ 0xff
 8001b28:	e7fb      	b.n	8001b22 <aci_gatt_confirm_indication+0x48>

08001b2a <aci_hal_write_config_data>:
 8001b2a:	e92d 41f0 	stmdb	sp!, {r4, r5, r6, r7, r8, lr}
 8001b2e:	b0c8      	sub	sp, #288	@ 0x120
 8001b30:	460c      	mov	r4, r1
 8001b32:	4611      	mov	r1, r2
 8001b34:	f10d 0807 	add.w	r8, sp, #7
 8001b38:	2500      	movs	r5, #0
 8001b3a:	f88d 5007 	strb.w	r5, [sp, #7]
 8001b3e:	ae02      	add	r6, sp, #8
 8001b40:	f88d 0008 	strb.w	r0, [sp, #8]
 8001b44:	f88d 4009 	strb.w	r4, [sp, #9]
 8001b48:	4622      	mov	r2, r4
 8001b4a:	f10d 000a 	add.w	r0, sp, #10
 8001b4e:	f001 fa41 	bl	8002fd4 <Osal_MemCpy>
 8001b52:	3402      	adds	r4, #2
 8001b54:	af42      	add	r7, sp, #264	@ 0x108
 8001b56:	2218      	movs	r2, #24
 8001b58:	4629      	mov	r1, r5
 8001b5a:	4638      	mov	r0, r7
 8001b5c:	f001 fa3e 	bl	8002fdc <Osal_MemSet>
 8001b60:	233f      	movs	r3, #63	@ 0x3f
 8001b62:	f8ad 3108 	strh.w	r3, [sp, #264]	@ 0x108
 8001b66:	230c      	movs	r3, #12
 8001b68:	f8ad 310a 	strh.w	r3, [sp, #266]	@ 0x10a
 8001b6c:	9644      	str	r6, [sp, #272]	@ 0x110
 8001b6e:	9445      	str	r4, [sp, #276]	@ 0x114
 8001b70:	f8cd 8118 	str.w	r8, [sp, #280]	@ 0x118
 8001b74:	2301      	movs	r3, #1
 8001b76:	9347      	str	r3, [sp, #284]	@ 0x11c
 8001b78:	4629      	mov	r1, r5
 8001b7a:	4638      	mov	r0, r7
 8001b7c:	f000 faa8 	bl	80020d0 <hci_send_req>
 8001b80:	42a8      	cmp	r0, r5
 8001b82:	db04      	blt.n	8001b8e <aci_hal_write_config_data+0x64>
 8001b84:	f898 0000 	ldrb.w	r0, [r8]
 8001b88:	b048      	add	sp, #288	@ 0x120
 8001b8a:	e8bd 81f0 	ldmia.w	sp!, {r4, r5, r6, r7, r8, pc}
 8001b8e:	20ff      	movs	r0, #255	@ 0xff
 8001b90:	e7fa      	b.n	8001b88 <aci_hal_write_config_data+0x5e>

08001b92 <aci_hal_set_tx_power_level>:
 8001b92:	b5f0      	push	{r4, r5, r6, r7, lr}
 8001b94:	b0c9      	sub	sp, #292	@ 0x124
 8001b96:	f10d 0707 	add.w	r7, sp, #7
 8001b9a:	2400      	movs	r4, #0
 8001b9c:	f88d 4007 	strb.w	r4, [sp, #7]
 8001ba0:	ad02      	add	r5, sp, #8
 8001ba2:	f88d 0008 	strb.w	r0, [sp, #8]
 8001ba6:	f88d 1009 	strb.w	r1, [sp, #9]
 8001baa:	ae42      	add	r6, sp, #264	@ 0x108
 8001bac:	2218      	movs	r2, #24
 8001bae:	4621      	mov	r1, r4
 8001bb0:	4630      	mov	r0, r6
 8001bb2:	f001 fa13 	bl	8002fdc <Osal_MemSet>
 8001bb6:	233f      	movs	r3, #63	@ 0x3f
 8001bb8:	f8ad 3108 	strh.w	r3, [sp, #264]	@ 0x108
 8001bbc:	230f      	movs	r3, #15
 8001bbe:	f8ad 310a 	strh.w	r3, [sp, #266]	@ 0x10a
 8001bc2:	9544      	str	r5, [sp, #272]	@ 0x110
 8001bc4:	2302      	movs	r3, #2
 8001bc6:	9345      	str	r3, [sp, #276]	@ 0x114
 8001bc8:	9746      	str	r7, [sp, #280]	@ 0x118
 8001bca:	2301      	movs	r3, #1
 8001bcc:	9347      	str	r3, [sp, #284]	@ 0x11c
 8001bce:	4621      	mov	r1, r4
 8001bd0:	4630      	mov	r0, r6
 8001bd2:	f000 fa7d 	bl	80020d0 <hci_send_req>
 8001bd6:	42a0      	cmp	r0, r4
 8001bd8:	db02      	blt.n	8001be0 <aci_hal_set_tx_power_level+0x4e>
 8001bda:	7838      	ldrb	r0, [r7, #0]
 8001bdc:	b049      	add	sp, #292	@ 0x124
 8001bde:	bdf0      	pop	{r4, r5, r6, r7, pc}
 8001be0:	20ff      	movs	r0, #255	@ 0xff
 8001be2:	e7fb      	b.n	8001bdc <aci_hal_set_tx_power_level+0x4a>

08001be4 <aci_hal_set_radio_activity_mask>:
 8001be4:	b5f0      	push	{r4, r5, r6, r7, lr}
 8001be6:	b0c9      	sub	sp, #292	@ 0x124
 8001be8:	f10d 0607 	add.w	r6, sp, #7
 8001bec:	2400      	movs	r4, #0
 8001bee:	f88d 4007 	strb.w	r4, [sp, #7]
 8001bf2:	af02      	add	r7, sp, #8
 8001bf4:	f8ad 0008 	strh.w	r0, [sp, #8]
 8001bf8:	ad42      	add	r5, sp, #264	@ 0x108
 8001bfa:	2218      	movs	r2, #24
 8001bfc:	4621      	mov	r1, r4
 8001bfe:	4628      	mov	r0, r5
 8001c00:	f001 f9ec 	bl	8002fdc <Osal_MemSet>
 8001c04:	233f      	movs	r3, #63	@ 0x3f
 8001c06:	f8ad 3108 	strh.w	r3, [sp, #264]	@ 0x108
 8001c0a:	2318      	movs	r3, #24
 8001c0c:	f8ad 310a 	strh.w	r3, [sp, #266]	@ 0x10a
 8001c10:	9744      	str	r7, [sp, #272]	@ 0x110
 8001c12:	2302      	movs	r3, #2
 8001c14:	9345      	str	r3, [sp, #276]	@ 0x114
 8001c16:	9646      	str	r6, [sp, #280]	@ 0x118
 8001c18:	2301      	movs	r3, #1
 8001c1a:	9347      	str	r3, [sp, #284]	@ 0x11c
 8001c1c:	4621      	mov	r1, r4
 8001c1e:	4628      	mov	r0, r5
 8001c20:	f000 fa56 	bl	80020d0 <hci_send_req>
 8001c24:	42a0      	cmp	r0, r4
 8001c26:	db02      	blt.n	8001c2e <aci_hal_set_radio_activity_mask+0x4a>
 8001c28:	7830      	ldrb	r0, [r6, #0]
 8001c2a:	b049      	add	sp, #292	@ 0x124
 8001c2c:	bdf0      	pop	{r4, r5, r6, r7, pc}
 8001c2e:	20ff      	movs	r0, #255	@ 0xff
 8001c30:	e7fb      	b.n	8001c2a <aci_hal_set_radio_activity_mask+0x46>

08001c32 <hci_reset>:
 8001c32:	b530      	push	{r4, r5, lr}
 8001c34:	b089      	sub	sp, #36	@ 0x24
 8001c36:	2400      	movs	r4, #0
 8001c38:	f88d 4007 	strb.w	r4, [sp, #7]
 8001c3c:	ad02      	add	r5, sp, #8
 8001c3e:	2218      	movs	r2, #24
 8001c40:	4621      	mov	r1, r4
 8001c42:	4628      	mov	r0, r5
 8001c44:	f001 f9ca 	bl	8002fdc <Osal_MemSet>
 8001c48:	2303      	movs	r3, #3
 8001c4a:	f8ad 3008 	strh.w	r3, [sp, #8]
 8001c4e:	f8ad 300a 	strh.w	r3, [sp, #10]
 8001c52:	f10d 0307 	add.w	r3, sp, #7
 8001c56:	9306      	str	r3, [sp, #24]
 8001c58:	2301      	movs	r3, #1
 8001c5a:	9307      	str	r3, [sp, #28]
 8001c5c:	4621      	mov	r1, r4
 8001c5e:	4628      	mov	r0, r5
 8001c60:	f000 fa36 	bl	80020d0 <hci_send_req>
 8001c64:	42a0      	cmp	r0, r4
 8001c66:	db03      	blt.n	8001c70 <hci_reset+0x3e>
 8001c68:	f89d 0007 	ldrb.w	r0, [sp, #7]
 8001c6c:	b009      	add	sp, #36	@ 0x24
 8001c6e:	bd30      	pop	{r4, r5, pc}
 8001c70:	20ff      	movs	r0, #255	@ 0xff
 8001c72:	e7fb      	b.n	8001c6c <hci_reset+0x3a>

08001c74 <hci_le_set_default_phy>:
 8001c74:	b5f0      	push	{r4, r5, r6, r7, lr}
 8001c76:	b0c9      	sub	sp, #292	@ 0x124
 8001c78:	f10d 0707 	add.w	r7, sp, #7
 8001c7c:	2500      	movs	r5, #0
 8001c7e:	f88d 5007 	strb.w	r5, [sp, #7]
 8001c82:	ac02      	add	r4, sp, #8
 8001c84:	f88d 0008 	strb.w	r0, [sp, #8]
 8001c88:	f88d 1009 	strb.w	r1, [sp, #9]
 8001c8c:	f88d 200a 	strb.w	r2, [sp, #10]
 8001c90:	ae42      	add	r6, sp, #264	@ 0x108
 8001c92:	2218      	movs	r2, #24
 8001c94:	4629      	mov	r1, r5
 8001c96:	4630      	mov	r0, r6
 8001c98:	f001 f9a0 	bl	8002fdc <Osal_MemSet>
 8001c9c:	2308      	movs	r3, #8
 8001c9e:	f8ad 3108 	strh.w	r3, [sp, #264]	@ 0x108
 8001ca2:	2331      	movs	r3, #49	@ 0x31
 8001ca4:	f8ad 310a 	strh.w	r3, [sp, #266]	@ 0x10a
 8001ca8:	9444      	str	r4, [sp, #272]	@ 0x110
 8001caa:	2303      	movs	r3, #3
 8001cac:	9345      	str	r3, [sp, #276]	@ 0x114
 8001cae:	9746      	str	r7, [sp, #280]	@ 0x118
 8001cb0:	2301      	movs	r3, #1
 8001cb2:	9347      	str	r3, [sp, #284]	@ 0x11c
 8001cb4:	4629      	mov	r1, r5
 8001cb6:	4630      	mov	r0, r6
 8001cb8:	f000 fa0a 	bl	80020d0 <hci_send_req>
 8001cbc:	42a8      	cmp	r0, r5
 8001cbe:	db02      	blt.n	8001cc6 <hci_le_set_default_phy+0x52>
 8001cc0:	7838      	ldrb	r0, [r7, #0]
 8001cc2:	b049      	add	sp, #292	@ 0x124
 8001cc4:	bdf0      	pop	{r4, r5, r6, r7, pc}
 8001cc6:	20ff      	movs	r0, #255	@ 0xff
 8001cc8:	e7fb      	b.n	8001cc2 <hci_le_set_default_phy+0x4e>

08001cca <Custom_STM_App_Notification>:
 8001cca:	4770      	bx	lr

08001ccc <Custom_APP_Notification>:
 8001ccc:	4770      	bx	lr

08001cce <Custom_APP_Init>:
 8001cce:	4770      	bx	lr

08001cd0 <Custom_STM_Event_Handler>:
 8001cd0:	7843      	ldrb	r3, [r0, #1]
 8001cd2:	2bff      	cmp	r3, #255	@ 0xff
 8001cd4:	d001      	beq.n	8001cda <Custom_STM_Event_Handler+0xa>
 8001cd6:	2000      	movs	r0, #0
 8001cd8:	4770      	bx	lr
 8001cda:	f8b0 3003 	ldrh.w	r3, [r0, #3]
 8001cde:	f640 4213 	movw	r2, #3091	@ 0xc13
 8001ce2:	4293      	cmp	r3, r2
 8001ce4:	d010      	beq.n	8001d08 <Custom_STM_Event_Handler+0x38>
 8001ce6:	f640 421b 	movw	r2, #3099	@ 0xc1b
 8001cea:	4293      	cmp	r3, r2
 8001cec:	d015      	beq.n	8001d1a <Custom_STM_Event_Handler+0x4a>
 8001cee:	f640 4201 	movw	r2, #3073	@ 0xc01
 8001cf2:	4293      	cmp	r3, r2
 8001cf4:	d120      	bne.n	8001d38 <Custom_STM_Event_Handler+0x68>
 8001cf6:	f8b0 2007 	ldrh.w	r2, [r0, #7]
 8001cfa:	4b12      	ldr	r3, [pc, #72]	@ (8001d44 <Custom_STM_Event_Handler+0x74>)
 8001cfc:	885b      	ldrh	r3, [r3, #2]
 8001cfe:	3301      	adds	r3, #1
 8001d00:	429a      	cmp	r2, r3
 8001d02:	d01b      	beq.n	8001d3c <Custom_STM_Event_Handler+0x6c>
 8001d04:	2000      	movs	r0, #0
 8001d06:	4770      	bx	lr
 8001d08:	f8b0 2007 	ldrh.w	r2, [r0, #7]
 8001d0c:	4b0d      	ldr	r3, [pc, #52]	@ (8001d44 <Custom_STM_Event_Handler+0x74>)
 8001d0e:	885b      	ldrh	r3, [r3, #2]
 8001d10:	3301      	adds	r3, #1
 8001d12:	429a      	cmp	r2, r3
 8001d14:	d014      	beq.n	8001d40 <Custom_STM_Event_Handler+0x70>
 8001d16:	2000      	movs	r0, #0
 8001d18:	4770      	bx	lr
 8001d1a:	b500      	push	{lr}
 8001d1c:	b087      	sub	sp, #28
 8001d1e:	2301      	movs	r3, #1
 8001d20:	f88d 3004 	strb.w	r3, [sp, #4]
 8001d24:	f8b0 3005 	ldrh.w	r3, [r0, #5]
 8001d28:	f8ad 3014 	strh.w	r3, [sp, #20]
 8001d2c:	a801      	add	r0, sp, #4
 8001d2e:	f7ff ffcc 	bl	8001cca <Custom_STM_App_Notification>
 8001d32:	2000      	movs	r0, #0
 8001d34:	b007      	add	sp, #28
 8001d36:	bd00      	pop	{pc}
 8001d38:	2000      	movs	r0, #0
 8001d3a:	4770      	bx	lr
 8001d3c:	2001      	movs	r0, #1
 8001d3e:	4770      	bx	lr
 8001d40:	2001      	movs	r0, #1
 8001d42:	4770      	bx	lr
 8001d44:	20000320 	.word	0x20000320

08001d48 <SVCCTL_InitCustomSvc>:
 8001d48:	b530      	push	{r4, r5, lr}
 8001d4a:	b08b      	sub	sp, #44	@ 0x2c
 8001d4c:	483b      	ldr	r0, [pc, #236]	@ (8001e3c <SVCCTL_InitCustomSvc+0xf4>)
 8001d4e:	f008 fd73 	bl	800a838 <SVCCTL_RegisterSvcHandler>
 8001d52:	238f      	movs	r3, #143	@ 0x8f
 8001d54:	f88d 3018 	strb.w	r3, [sp, #24]
 8001d58:	23e5      	movs	r3, #229	@ 0xe5
 8001d5a:	f88d 3019 	strb.w	r3, [sp, #25]
 8001d5e:	23b3      	movs	r3, #179	@ 0xb3
 8001d60:	f88d 301a 	strb.w	r3, [sp, #26]
 8001d64:	23d5      	movs	r3, #213	@ 0xd5
 8001d66:	f88d 301b 	strb.w	r3, [sp, #27]
 8001d6a:	232e      	movs	r3, #46	@ 0x2e
 8001d6c:	f88d 301c 	strb.w	r3, [sp, #28]
 8001d70:	237f      	movs	r3, #127	@ 0x7f
 8001d72:	f88d 301d 	strb.w	r3, [sp, #29]
 8001d76:	234a      	movs	r3, #74	@ 0x4a
 8001d78:	f88d 301e 	strb.w	r3, [sp, #30]
 8001d7c:	2398      	movs	r3, #152	@ 0x98
 8001d7e:	f88d 301f 	strb.w	r3, [sp, #31]
 8001d82:	232a      	movs	r3, #42	@ 0x2a
 8001d84:	f88d 3020 	strb.w	r3, [sp, #32]
 8001d88:	2348      	movs	r3, #72	@ 0x48
 8001d8a:	f88d 3021 	strb.w	r3, [sp, #33]	@ 0x21
 8001d8e:	237a      	movs	r3, #122	@ 0x7a
 8001d90:	f88d 3022 	strb.w	r3, [sp, #34]	@ 0x22
 8001d94:	23cc      	movs	r3, #204	@ 0xcc
 8001d96:	f88d 3023 	strb.w	r3, [sp, #35]	@ 0x23
 8001d9a:	2400      	movs	r4, #0
 8001d9c:	f88d 4024 	strb.w	r4, [sp, #36]	@ 0x24
 8001da0:	f88d 4025 	strb.w	r4, [sp, #37]	@ 0x25
 8001da4:	f88d 4026 	strb.w	r4, [sp, #38]	@ 0x26
 8001da8:	f88d 4027 	strb.w	r4, [sp, #39]	@ 0x27
 8001dac:	ad06      	add	r5, sp, #24
 8001dae:	4b24      	ldr	r3, [pc, #144]	@ (8001e40 <SVCCTL_InitCustomSvc+0xf8>)
 8001db0:	9300      	str	r3, [sp, #0]
 8001db2:	2303      	movs	r3, #3
 8001db4:	2201      	movs	r2, #1
 8001db6:	4629      	mov	r1, r5
 8001db8:	2002      	movs	r0, #2
 8001dba:	f7ff fd9e 	bl	80018fa <aci_gatt_add_service>
 8001dbe:	2319      	movs	r3, #25
 8001dc0:	f88d 3018 	strb.w	r3, [sp, #24]
 8001dc4:	23ed      	movs	r3, #237	@ 0xed
 8001dc6:	f88d 3019 	strb.w	r3, [sp, #25]
 8001dca:	2282      	movs	r2, #130	@ 0x82
 8001dcc:	f88d 201a 	strb.w	r2, [sp, #26]
 8001dd0:	22ae      	movs	r2, #174	@ 0xae
 8001dd2:	f88d 201b 	strb.w	r2, [sp, #27]
 8001dd6:	f88d 301c 	strb.w	r3, [sp, #28]
 8001dda:	2321      	movs	r3, #33	@ 0x21
 8001ddc:	f88d 301d 	strb.w	r3, [sp, #29]
 8001de0:	234c      	movs	r3, #76	@ 0x4c
 8001de2:	f88d 301e 	strb.w	r3, [sp, #30]
 8001de6:	239d      	movs	r3, #157	@ 0x9d
 8001de8:	f88d 301f 	strb.w	r3, [sp, #31]
 8001dec:	2341      	movs	r3, #65	@ 0x41
 8001dee:	f88d 3020 	strb.w	r3, [sp, #32]
 8001df2:	2345      	movs	r3, #69	@ 0x45
 8001df4:	f88d 3021 	strb.w	r3, [sp, #33]	@ 0x21
 8001df8:	2322      	movs	r3, #34	@ 0x22
 8001dfa:	f88d 3022 	strb.w	r3, [sp, #34]	@ 0x22
 8001dfe:	238e      	movs	r3, #142	@ 0x8e
 8001e00:	f88d 3023 	strb.w	r3, [sp, #35]	@ 0x23
 8001e04:	f88d 4024 	strb.w	r4, [sp, #36]	@ 0x24
 8001e08:	f88d 4025 	strb.w	r4, [sp, #37]	@ 0x25
 8001e0c:	f88d 4026 	strb.w	r4, [sp, #38]	@ 0x26
 8001e10:	f88d 4027 	strb.w	r4, [sp, #39]	@ 0x27
 8001e14:	4b0a      	ldr	r3, [pc, #40]	@ (8001e40 <SVCCTL_InitCustomSvc+0xf8>)
 8001e16:	f833 0b02 	ldrh.w	r0, [r3], #2
 8001e1a:	9305      	str	r3, [sp, #20]
 8001e1c:	9404      	str	r4, [sp, #16]
 8001e1e:	2310      	movs	r3, #16
 8001e20:	9303      	str	r3, [sp, #12]
 8001e22:	2307      	movs	r3, #7
 8001e24:	9302      	str	r3, [sp, #8]
 8001e26:	9401      	str	r4, [sp, #4]
 8001e28:	2308      	movs	r3, #8
 8001e2a:	9300      	str	r3, [sp, #0]
 8001e2c:	4b05      	ldr	r3, [pc, #20]	@ (8001e44 <SVCCTL_InitCustomSvc+0xfc>)
 8001e2e:	881b      	ldrh	r3, [r3, #0]
 8001e30:	462a      	mov	r2, r5
 8001e32:	2102      	movs	r1, #2
 8001e34:	f7ff fdb5 	bl	80019a2 <aci_gatt_add_char>
 8001e38:	b00b      	add	sp, #44	@ 0x2c
 8001e3a:	bd30      	pop	{r4, r5, pc}
 8001e3c:	08001cd1 	.word	0x08001cd1
 8001e40:	20000320 	.word	0x20000320
 8001e44:	20000010 	.word	0x20000010

08001e48 <MX_GPIO_Init>:
 8001e48:	e92d 43f0 	stmdb	sp!, {r4, r5, r6, r7, r8, r9, lr}
 8001e4c:	b08b      	sub	sp, #44	@ 0x2c
 8001e4e:	ad05      	add	r5, sp, #20
 8001e50:	2400      	movs	r4, #0
 8001e52:	9405      	str	r4, [sp, #20]
 8001e54:	9406      	str	r4, [sp, #24]
 8001e56:	9407      	str	r4, [sp, #28]
 8001e58:	9408      	str	r4, [sp, #32]
 8001e5a:	9409      	str	r4, [sp, #36]	@ 0x24
 8001e5c:	f04f 43b0 	mov.w	r3, #1476395008	@ 0x58000000
 8001e60:	6cda      	ldr	r2, [r3, #76]	@ 0x4c
 8001e62:	f042 0204 	orr.w	r2, r2, #4
 8001e66:	64da      	str	r2, [r3, #76]	@ 0x4c
 8001e68:	6cda      	ldr	r2, [r3, #76]	@ 0x4c
 8001e6a:	f002 0204 	and.w	r2, r2, #4
 8001e6e:	9204      	str	r2, [sp, #16]
 8001e70:	9a04      	ldr	r2, [sp, #16]
 8001e72:	6cda      	ldr	r2, [r3, #76]	@ 0x4c
 8001e74:	f042 0280 	orr.w	r2, r2, #128	@ 0x80
 8001e78:	64da      	str	r2, [r3, #76]	@ 0x4c
 8001e7a:	6cda      	ldr	r2, [r3, #76]	@ 0x4c
 8001e7c:	f002 0280 	and.w	r2, r2, #128	@ 0x80
 8001e80:	9203      	str	r2, [sp, #12]
 8001e82:	9a03      	ldr	r2, [sp, #12]
 8001e84:	6cda      	ldr	r2, [r3, #76]	@ 0x4c
 8001e86:	f042 0202 	orr.w	r2, r2, #2
 8001e8a:	64da      	str	r2, [r3, #76]	@ 0x4c
 8001e8c:	6cda      	ldr	r2, [r3, #76]	@ 0x4c
 8001e8e:	f002 0202 	and.w	r2, r2, #2
 8001e92:	9202      	str	r2, [sp, #8]
 8001e94:	9a02      	ldr	r2, [sp, #8]
 8001e96:	6cda      	ldr	r2, [r3, #76]	@ 0x4c
 8001e98:	f042 0201 	orr.w	r2, r2, #1
 8001e9c:	64da      	str	r2, [r3, #76]	@ 0x4c
 8001e9e:	6cda      	ldr	r2, [r3, #76]	@ 0x4c
 8001ea0:	f002 0201 	and.w	r2, r2, #1
 8001ea4:	9201      	str	r2, [sp, #4]
 8001ea6:	9a01      	ldr	r2, [sp, #4]
 8001ea8:	6cda      	ldr	r2, [r3, #76]	@ 0x4c
 8001eaa:	f042 0208 	orr.w	r2, r2, #8
 8001eae:	64da      	str	r2, [r3, #76]	@ 0x4c
 8001eb0:	6cdb      	ldr	r3, [r3, #76]	@ 0x4c
 8001eb2:	f003 0308 	and.w	r3, r3, #8
 8001eb6:	9300      	str	r3, [sp, #0]
 8001eb8:	9b00      	ldr	r3, [sp, #0]
 8001eba:	4622      	mov	r2, r4
 8001ebc:	f24c 0101 	movw	r1, #49153	@ 0xc001
 8001ec0:	f04f 4090 	mov.w	r0, #1207959552	@ 0x48000000
 8001ec4:	f003 fcb2 	bl	800582c <HAL_GPIO_WritePin>
 8001ec8:	4f2e      	ldr	r7, [pc, #184]	@ (8001f84 <MX_GPIO_Init+0x13c>)
 8001eca:	4622      	mov	r2, r4
 8001ecc:	f44f 51a0 	mov.w	r1, #5120	@ 0x1400
 8001ed0:	4638      	mov	r0, r7
 8001ed2:	f003 fcab 	bl	800582c <HAL_GPIO_WritePin>
 8001ed6:	f8df 90b4 	ldr.w	r9, [pc, #180]	@ 8001f8c <MX_GPIO_Init+0x144>
 8001eda:	4622      	mov	r2, r4
 8001edc:	2103      	movs	r1, #3
 8001ede:	4648      	mov	r0, r9
 8001ee0:	f003 fca4 	bl	800582c <HAL_GPIO_WritePin>
 8001ee4:	f8df 80a8 	ldr.w	r8, [pc, #168]	@ 8001f90 <MX_GPIO_Init+0x148>
 8001ee8:	4622      	mov	r2, r4
 8001eea:	2138      	movs	r1, #56	@ 0x38
 8001eec:	4640      	mov	r0, r8
 8001eee:	f003 fc9d 	bl	800582c <HAL_GPIO_WritePin>
 8001ef2:	f44f 5300 	mov.w	r3, #8192	@ 0x2000
 8001ef6:	9305      	str	r3, [sp, #20]
 8001ef8:	9406      	str	r4, [sp, #24]
 8001efa:	9407      	str	r4, [sp, #28]
 8001efc:	4629      	mov	r1, r5
 8001efe:	4638      	mov	r0, r7
 8001f00:	f003 fbba 	bl	8005678 <HAL_GPIO_Init>
 8001f04:	2308      	movs	r3, #8
 8001f06:	9305      	str	r3, [sp, #20]
 8001f08:	9406      	str	r4, [sp, #24]
 8001f0a:	9407      	str	r4, [sp, #28]
 8001f0c:	4629      	mov	r1, r5
 8001f0e:	481e      	ldr	r0, [pc, #120]	@ (8001f88 <MX_GPIO_Init+0x140>)
 8001f10:	f003 fbb2 	bl	8005678 <HAL_GPIO_Init>
 8001f14:	f24c 0301 	movw	r3, #49153	@ 0xc001
 8001f18:	9305      	str	r3, [sp, #20]
 8001f1a:	2601      	movs	r6, #1
 8001f1c:	9606      	str	r6, [sp, #24]
 8001f1e:	9407      	str	r4, [sp, #28]
 8001f20:	9408      	str	r4, [sp, #32]
 8001f22:	4629      	mov	r1, r5
 8001f24:	f04f 4090 	mov.w	r0, #1207959552	@ 0x48000000
 8001f28:	f003 fba6 	bl	8005678 <HAL_GPIO_Init>
 8001f2c:	2306      	movs	r3, #6
 8001f2e:	9305      	str	r3, [sp, #20]
 8001f30:	2302      	movs	r3, #2
 8001f32:	9306      	str	r3, [sp, #24]
 8001f34:	9407      	str	r4, [sp, #28]
 8001f36:	9408      	str	r4, [sp, #32]
 8001f38:	9609      	str	r6, [sp, #36]	@ 0x24
 8001f3a:	4629      	mov	r1, r5
 8001f3c:	f04f 4090 	mov.w	r0, #1207959552	@ 0x48000000
 8001f40:	f003 fb9a 	bl	8005678 <HAL_GPIO_Init>
 8001f44:	f44f 53a0 	mov.w	r3, #5120	@ 0x1400
 8001f48:	9305      	str	r3, [sp, #20]
 8001f4a:	9606      	str	r6, [sp, #24]
 8001f4c:	9407      	str	r4, [sp, #28]
 8001f4e:	9408      	str	r4, [sp, #32]
 8001f50:	4629      	mov	r1, r5
 8001f52:	4638      	mov	r0, r7
 8001f54:	f003 fb90 	bl	8005678 <HAL_GPIO_Init>
 8001f58:	2303      	movs	r3, #3
 8001f5a:	9305      	str	r3, [sp, #20]
 8001f5c:	9606      	str	r6, [sp, #24]
 8001f5e:	9407      	str	r4, [sp, #28]
 8001f60:	9408      	str	r4, [sp, #32]
 8001f62:	4629      	mov	r1, r5
 8001f64:	4648      	mov	r0, r9
 8001f66:	f003 fb87 	bl	8005678 <HAL_GPIO_Init>
 8001f6a:	2338      	movs	r3, #56	@ 0x38
 8001f6c:	9305      	str	r3, [sp, #20]
 8001f6e:	9606      	str	r6, [sp, #24]
 8001f70:	9407      	str	r4, [sp, #28]
 8001f72:	9408      	str	r4, [sp, #32]
 8001f74:	4629      	mov	r1, r5
 8001f76:	4640      	mov	r0, r8
 8001f78:	f003 fb7e 	bl	8005678 <HAL_GPIO_Init>
 8001f7c:	b00b      	add	sp, #44	@ 0x2c
 8001f7e:	e8bd 83f0 	ldmia.w	sp!, {r4, r5, r6, r7, r8, r9, pc}
 8001f82:	bf00      	nop
 8001f84:	48000800 	.word	0x48000800
 8001f88:	48001c00 	.word	0x48001c00
 8001f8c:	48000c00 	.word	0x48000c00
 8001f90:	48000400 	.word	0x48000400

08001f94 <NotifyCmdStatus>:
 8001f94:	b508      	push	{r3, lr}
 8001f96:	b920      	cbnz	r0, 8001fa2 <NotifyCmdStatus+0xe>
 8001f98:	4b05      	ldr	r3, [pc, #20]	@ (8001fb0 <NotifyCmdStatus+0x1c>)
 8001f9a:	681b      	ldr	r3, [r3, #0]
 8001f9c:	b103      	cbz	r3, 8001fa0 <NotifyCmdStatus+0xc>
 8001f9e:	4798      	blx	r3
 8001fa0:	bd08      	pop	{r3, pc}
 8001fa2:	4b03      	ldr	r3, [pc, #12]	@ (8001fb0 <NotifyCmdStatus+0x1c>)
 8001fa4:	681b      	ldr	r3, [r3, #0]
 8001fa6:	2b00      	cmp	r3, #0
 8001fa8:	d0fa      	beq.n	8001fa0 <NotifyCmdStatus+0xc>
 8001faa:	2001      	movs	r0, #1
 8001fac:	4798      	blx	r3
 8001fae:	e7f7      	b.n	8001fa0 <NotifyCmdStatus+0xc>
 8001fb0:	20000328 	.word	0x20000328

08001fb4 <TlInit>:
 8001fb4:	b510      	push	{r4, lr}
 8001fb6:	b084      	sub	sp, #16
 8001fb8:	4604      	mov	r4, r0
 8001fba:	480a      	ldr	r0, [pc, #40]	@ (8001fe4 <TlInit+0x30>)
 8001fbc:	f008 fbb8 	bl	800a730 <LST_init_head>
 8001fc0:	4b09      	ldr	r3, [pc, #36]	@ (8001fe8 <TlInit+0x34>)
 8001fc2:	601c      	str	r4, [r3, #0]
 8001fc4:	4809      	ldr	r0, [pc, #36]	@ (8001fec <TlInit+0x38>)
 8001fc6:	f008 fbb3 	bl	800a730 <LST_init_head>
 8001fca:	4b09      	ldr	r3, [pc, #36]	@ (8001ff0 <TlInit+0x3c>)
 8001fcc:	2201      	movs	r2, #1
 8001fce:	701a      	strb	r2, [r3, #0]
 8001fd0:	4b08      	ldr	r3, [pc, #32]	@ (8001ff4 <TlInit+0x40>)
 8001fd2:	681b      	ldr	r3, [r3, #0]
 8001fd4:	b123      	cbz	r3, 8001fe0 <TlInit+0x2c>
 8001fd6:	9402      	str	r4, [sp, #8]
 8001fd8:	4a07      	ldr	r2, [pc, #28]	@ (8001ff8 <TlInit+0x44>)
 8001fda:	9200      	str	r2, [sp, #0]
 8001fdc:	4668      	mov	r0, sp
 8001fde:	4798      	blx	r3
 8001fe0:	b004      	add	sp, #16
 8001fe2:	bd10      	pop	{r4, pc}
 8001fe4:	2000032c 	.word	0x2000032c
 8001fe8:	200001c8 	.word	0x200001c8
 8001fec:	200001cc 	.word	0x200001cc
 8001ff0:	200001c4 	.word	0x200001c4
 8001ff4:	20000334 	.word	0x20000334
 8001ff8:	0800217d 	.word	0x0800217d

08001ffc <SendCmd>:
 8001ffc:	b508      	push	{r3, lr}
 8001ffe:	460b      	mov	r3, r1
 8002000:	4611      	mov	r1, r2
 8002002:	4a09      	ldr	r2, [pc, #36]	@ (8002028 <SendCmd+0x2c>)
 8002004:	f8d2 c000 	ldr.w	ip, [r2]
 8002008:	f8ac 0009 	strh.w	r0, [ip, #9]
 800200c:	f88c 300b 	strb.w	r3, [ip, #11]
 8002010:	461a      	mov	r2, r3
 8002012:	f10c 000c 	add.w	r0, ip, #12
 8002016:	f00a fbff 	bl	800c818 <memcpy>
 800201a:	4b04      	ldr	r3, [pc, #16]	@ (800202c <SendCmd+0x30>)
 800201c:	691b      	ldr	r3, [r3, #16]
 800201e:	2100      	movs	r1, #0
 8002020:	4608      	mov	r0, r1
 8002022:	4798      	blx	r3
 8002024:	bd08      	pop	{r3, pc}
 8002026:	bf00      	nop
 8002028:	200001c8 	.word	0x200001c8
 800202c:	20000334 	.word	0x20000334

08002030 <hci_init>:
 8002030:	b510      	push	{r4, lr}
 8002032:	460c      	mov	r4, r1
 8002034:	684a      	ldr	r2, [r1, #4]
 8002036:	4b05      	ldr	r3, [pc, #20]	@ (800204c <hci_init+0x1c>)
 8002038:	601a      	str	r2, [r3, #0]
 800203a:	4b05      	ldr	r3, [pc, #20]	@ (8002050 <hci_init+0x20>)
 800203c:	61d8      	str	r0, [r3, #28]
 800203e:	4618      	mov	r0, r3
 8002040:	f000 f8b6 	bl	80021b0 <hci_register_io_bus>
 8002044:	6820      	ldr	r0, [r4, #0]
 8002046:	f7ff ffb5 	bl	8001fb4 <TlInit>
 800204a:	bd10      	pop	{r4, pc}
 800204c:	20000328 	.word	0x20000328
 8002050:	20000334 	.word	0x20000334

08002054 <hci_user_evt_proc>:
 8002054:	b500      	push	{lr}
 8002056:	b085      	sub	sp, #20
 8002058:	481a      	ldr	r0, [pc, #104]	@ (80020c4 <hci_user_evt_proc+0x70>)
 800205a:	f008 fb6c 	bl	800a736 <LST_is_empty>
 800205e:	b910      	cbnz	r0, 8002066 <hci_user_evt_proc+0x12>
 8002060:	4b19      	ldr	r3, [pc, #100]	@ (80020c8 <hci_user_evt_proc+0x74>)
 8002062:	781b      	ldrb	r3, [r3, #0]
 8002064:	b943      	cbnz	r3, 8002078 <hci_user_evt_proc+0x24>
 8002066:	4817      	ldr	r0, [pc, #92]	@ (80020c4 <hci_user_evt_proc+0x70>)
 8002068:	f008 fb65 	bl	800a736 <LST_is_empty>
 800206c:	b910      	cbnz	r0, 8002074 <hci_user_evt_proc+0x20>
 800206e:	4b16      	ldr	r3, [pc, #88]	@ (80020c8 <hci_user_evt_proc+0x74>)
 8002070:	781b      	ldrb	r3, [r3, #0]
 8002072:	bb1b      	cbnz	r3, 80020bc <hci_user_evt_proc+0x68>
 8002074:	b005      	add	sp, #20
 8002076:	bd00      	pop	{pc}
 8002078:	a903      	add	r1, sp, #12
 800207a:	4812      	ldr	r0, [pc, #72]	@ (80020c4 <hci_user_evt_proc+0x70>)
 800207c:	f008 fb8b 	bl	800a796 <LST_remove_head>
 8002080:	4b12      	ldr	r3, [pc, #72]	@ (80020cc <hci_user_evt_proc+0x78>)
 8002082:	69db      	ldr	r3, [r3, #28]
 8002084:	b18b      	cbz	r3, 80020aa <hci_user_evt_proc+0x56>
 8002086:	9a03      	ldr	r2, [sp, #12]
 8002088:	9202      	str	r2, [sp, #8]
 800208a:	2201      	movs	r2, #1
 800208c:	f88d 2004 	strb.w	r2, [sp, #4]
 8002090:	a801      	add	r0, sp, #4
 8002092:	4798      	blx	r3
 8002094:	f89d 2004 	ldrb.w	r2, [sp, #4]
 8002098:	4b0b      	ldr	r3, [pc, #44]	@ (80020c8 <hci_user_evt_proc+0x74>)
 800209a:	701a      	strb	r2, [r3, #0]
 800209c:	4b0a      	ldr	r3, [pc, #40]	@ (80020c8 <hci_user_evt_proc+0x74>)
 800209e:	781b      	ldrb	r3, [r3, #0]
 80020a0:	b13b      	cbz	r3, 80020b2 <hci_user_evt_proc+0x5e>
 80020a2:	9803      	ldr	r0, [sp, #12]
 80020a4:	f008 fee0 	bl	800ae68 <TL_MM_EvtDone>
 80020a8:	e7dd      	b.n	8002066 <hci_user_evt_proc+0x12>
 80020aa:	4b07      	ldr	r3, [pc, #28]	@ (80020c8 <hci_user_evt_proc+0x74>)
 80020ac:	2201      	movs	r2, #1
 80020ae:	701a      	strb	r2, [r3, #0]
 80020b0:	e7f4      	b.n	800209c <hci_user_evt_proc+0x48>
 80020b2:	9903      	ldr	r1, [sp, #12]
 80020b4:	4803      	ldr	r0, [pc, #12]	@ (80020c4 <hci_user_evt_proc+0x70>)
 80020b6:	f008 fb4a 	bl	800a74e <LST_insert_head>
 80020ba:	e7d4      	b.n	8002066 <hci_user_evt_proc+0x12>
 80020bc:	4801      	ldr	r0, [pc, #4]	@ (80020c4 <hci_user_evt_proc+0x70>)
 80020be:	f7fe ffa9 	bl	8001014 <hci_notify_asynch_evt>
 80020c2:	e7d7      	b.n	8002074 <hci_user_evt_proc+0x20>
 80020c4:	200001cc 	.word	0x200001cc
 80020c8:	200001c4 	.word	0x200001c4
 80020cc:	20000334 	.word	0x20000334

080020d0 <hci_send_req>:
 80020d0:	b5f0      	push	{r4, r5, r6, r7, lr}
 80020d2:	b083      	sub	sp, #12
 80020d4:	4607      	mov	r7, r0
 80020d6:	2000      	movs	r0, #0
 80020d8:	f7ff ff5c 	bl	8001f94 <NotifyCmdStatus>
 80020dc:	887d      	ldrh	r5, [r7, #2]
 80020de:	883b      	ldrh	r3, [r7, #0]
 80020e0:	f3c5 0509 	ubfx	r5, r5, #0, #10
 80020e4:	ea45 2583 	orr.w	r5, r5, r3, lsl #10
 80020e8:	b2ad      	uxth	r5, r5
 80020ea:	4b22      	ldr	r3, [pc, #136]	@ (8002174 <hci_send_req+0xa4>)
 80020ec:	2201      	movs	r2, #1
 80020ee:	701a      	strb	r2, [r3, #0]
 80020f0:	68ba      	ldr	r2, [r7, #8]
 80020f2:	7b39      	ldrb	r1, [r7, #12]
 80020f4:	4628      	mov	r0, r5
 80020f6:	f7ff ff81 	bl	8001ffc <SendCmd>
 80020fa:	2600      	movs	r6, #0
 80020fc:	2e00      	cmp	r6, #0
 80020fe:	d133      	bne.n	8002168 <hci_send_req+0x98>
 8002100:	f248 00e8 	movw	r0, #33000	@ 0x80e8
 8002104:	f7fe ff91 	bl	800102a <hci_cmd_resp_wait>
 8002108:	e005      	b.n	8002116 <hci_send_req+0x46>
 800210a:	f8b4 300d 	ldrh.w	r3, [r4, #13]
 800210e:	42ab      	cmp	r3, r5
 8002110:	d016      	beq.n	8002140 <hci_send_req+0x70>
 8002112:	7b23      	ldrb	r3, [r4, #12]
 8002114:	bb33      	cbnz	r3, 8002164 <hci_send_req+0x94>
 8002116:	4818      	ldr	r0, [pc, #96]	@ (8002178 <hci_send_req+0xa8>)
 8002118:	f008 fb0d 	bl	800a736 <LST_is_empty>
 800211c:	2800      	cmp	r0, #0
 800211e:	d1ed      	bne.n	80020fc <hci_send_req+0x2c>
 8002120:	a901      	add	r1, sp, #4
 8002122:	4815      	ldr	r0, [pc, #84]	@ (8002178 <hci_send_req+0xa8>)
 8002124:	f008 fb37 	bl	800a796 <LST_remove_head>
 8002128:	9c01      	ldr	r4, [sp, #4]
 800212a:	7a63      	ldrb	r3, [r4, #9]
 800212c:	2b0f      	cmp	r3, #15
 800212e:	d0ec      	beq.n	800210a <hci_send_req+0x3a>
 8002130:	89a3      	ldrh	r3, [r4, #12]
 8002132:	42ab      	cmp	r3, r5
 8002134:	d008      	beq.n	8002148 <hci_send_req+0x78>
 8002136:	7ae3      	ldrb	r3, [r4, #11]
 8002138:	2b00      	cmp	r3, #0
 800213a:	d0ec      	beq.n	8002116 <hci_send_req+0x46>
 800213c:	2601      	movs	r6, #1
 800213e:	e7ea      	b.n	8002116 <hci_send_req+0x46>
 8002140:	693b      	ldr	r3, [r7, #16]
 8002142:	7ae2      	ldrb	r2, [r4, #11]
 8002144:	701a      	strb	r2, [r3, #0]
 8002146:	e7e4      	b.n	8002112 <hci_send_req+0x42>
 8002148:	7aa2      	ldrb	r2, [r4, #10]
 800214a:	3a03      	subs	r2, #3
 800214c:	b2d2      	uxtb	r2, r2
 800214e:	697b      	ldr	r3, [r7, #20]
 8002150:	429a      	cmp	r2, r3
 8002152:	bfa8      	it	ge
 8002154:	461a      	movge	r2, r3
 8002156:	617a      	str	r2, [r7, #20]
 8002158:	f104 010e 	add.w	r1, r4, #14
 800215c:	6938      	ldr	r0, [r7, #16]
 800215e:	f00a fb5b 	bl	800c818 <memcpy>
 8002162:	e7e8      	b.n	8002136 <hci_send_req+0x66>
 8002164:	2601      	movs	r6, #1
 8002166:	e7d6      	b.n	8002116 <hci_send_req+0x46>
 8002168:	2001      	movs	r0, #1
 800216a:	f7ff ff13 	bl	8001f94 <NotifyCmdStatus>
 800216e:	2000      	movs	r0, #0
 8002170:	b003      	add	sp, #12
 8002172:	bdf0      	pop	{r4, r5, r6, r7, pc}
 8002174:	20000324 	.word	0x20000324
 8002178:	2000032c 	.word	0x2000032c

0800217c <TlEvtReceived>:
 800217c:	b508      	push	{r3, lr}
 800217e:	4601      	mov	r1, r0
 8002180:	7a43      	ldrb	r3, [r0, #9]
 8002182:	3b0e      	subs	r3, #14
 8002184:	b2db      	uxtb	r3, r3
 8002186:	2b01      	cmp	r3, #1
 8002188:	d906      	bls.n	8002198 <TlEvtReceived+0x1c>
 800218a:	4807      	ldr	r0, [pc, #28]	@ (80021a8 <TlEvtReceived+0x2c>)
 800218c:	f008 faeb 	bl	800a766 <LST_insert_tail>
 8002190:	4805      	ldr	r0, [pc, #20]	@ (80021a8 <TlEvtReceived+0x2c>)
 8002192:	f7fe ff3f 	bl	8001014 <hci_notify_asynch_evt>
 8002196:	bd08      	pop	{r3, pc}
 8002198:	4804      	ldr	r0, [pc, #16]	@ (80021ac <TlEvtReceived+0x30>)
 800219a:	f008 fae4 	bl	800a766 <LST_insert_tail>
 800219e:	2000      	movs	r0, #0
 80021a0:	f7fe ff3e 	bl	8001020 <hci_cmd_resp_release>
 80021a4:	e7f7      	b.n	8002196 <TlEvtReceived+0x1a>
 80021a6:	bf00      	nop
 80021a8:	200001cc 	.word	0x200001cc
 80021ac:	2000032c 	.word	0x2000032c

080021b0 <hci_register_io_bus>:
 80021b0:	4b02      	ldr	r3, [pc, #8]	@ (80021bc <hci_register_io_bus+0xc>)
 80021b2:	6003      	str	r3, [r0, #0]
 80021b4:	4b02      	ldr	r3, [pc, #8]	@ (80021c0 <hci_register_io_bus+0x10>)
 80021b6:	6103      	str	r3, [r0, #16]
 80021b8:	4770      	bx	lr
 80021ba:	bf00      	nop
 80021bc:	0800ace1 	.word	0x0800ace1
 80021c0:	0800ad29 	.word	0x0800ad29

080021c4 <HW_IPCC_MM_FreeBufHandler>:
 80021c4:	b510      	push	{r4, lr}
 80021c6:	f3ef 8210 	mrs	r2, PRIMASK
 80021ca:	b672      	cpsid	i
 80021cc:	4c06      	ldr	r4, [pc, #24]	@ (80021e8 <HW_IPCC_MM_FreeBufHandler+0x24>)
 80021ce:	6863      	ldr	r3, [r4, #4]
 80021d0:	f443 2300 	orr.w	r3, r3, #524288	@ 0x80000
 80021d4:	6063      	str	r3, [r4, #4]
 80021d6:	f382 8810 	msr	PRIMASK, r2
 80021da:	4b04      	ldr	r3, [pc, #16]	@ (80021ec <HW_IPCC_MM_FreeBufHandler+0x28>)
 80021dc:	681b      	ldr	r3, [r3, #0]
 80021de:	4798      	blx	r3
 80021e0:	f44f 2300 	mov.w	r3, #524288	@ 0x80000
 80021e4:	60a3      	str	r3, [r4, #8]
 80021e6:	bd10      	pop	{r4, pc}
 80021e8:	58000c00 	.word	0x58000c00
 80021ec:	20000354 	.word	0x20000354

080021f0 <HW_IPCC_Enable>:
 80021f0:	b082      	sub	sp, #8
 80021f2:	f04f 43b0 	mov.w	r3, #1476395008	@ 0x58000000
 80021f6:	f8d3 2150 	ldr.w	r2, [r3, #336]	@ 0x150
 80021fa:	f442 1280 	orr.w	r2, r2, #1048576	@ 0x100000
 80021fe:	f8c3 2150 	str.w	r2, [r3, #336]	@ 0x150
 8002202:	f8d3 3150 	ldr.w	r3, [r3, #336]	@ 0x150
 8002206:	f403 1380 	and.w	r3, r3, #1048576	@ 0x100000
 800220a:	9301      	str	r3, [sp, #4]
 800220c:	9b01      	ldr	r3, [sp, #4]
 800220e:	4b0a      	ldr	r3, [pc, #40]	@ (8002238 <HW_IPCC_Enable+0x48>)
 8002210:	6a1a      	ldr	r2, [r3, #32]
 8002212:	f442 7200 	orr.w	r2, r2, #512	@ 0x200
 8002216:	621a      	str	r2, [r3, #32]
 8002218:	f8d3 20d4 	ldr.w	r2, [r3, #212]	@ 0xd4
 800221c:	f442 7200 	orr.w	r2, r2, #512	@ 0x200
 8002220:	f8c3 20d4 	str.w	r2, [r3, #212]	@ 0xd4
 8002224:	bf40      	sev
 8002226:	bf20      	wfe
 8002228:	4a04      	ldr	r2, [pc, #16]	@ (800223c <HW_IPCC_Enable+0x4c>)
 800222a:	68d3      	ldr	r3, [r2, #12]
 800222c:	f443 4300 	orr.w	r3, r3, #32768	@ 0x8000
 8002230:	60d3      	str	r3, [r2, #12]
 8002232:	b002      	add	sp, #8
 8002234:	4770      	bx	lr
 8002236:	bf00      	nop
 8002238:	58000800 	.word	0x58000800
 800223c:	58000400 	.word	0x58000400

08002240 <HW_IPCC_Init>:
 8002240:	b500      	push	{lr}
 8002242:	b083      	sub	sp, #12
 8002244:	f04f 43b0 	mov.w	r3, #1476395008	@ 0x58000000
 8002248:	6d1a      	ldr	r2, [r3, #80]	@ 0x50
 800224a:	f442 1280 	orr.w	r2, r2, #1048576	@ 0x100000
 800224e:	651a      	str	r2, [r3, #80]	@ 0x50
 8002250:	6d1b      	ldr	r3, [r3, #80]	@ 0x50
 8002252:	f403 1380 	and.w	r3, r3, #1048576	@ 0x100000
 8002256:	9301      	str	r3, [sp, #4]
 8002258:	9b01      	ldr	r3, [sp, #4]
 800225a:	4b08      	ldr	r3, [pc, #32]	@ (800227c <HW_IPCC_Init+0x3c>)
 800225c:	681a      	ldr	r2, [r3, #0]
 800225e:	f042 0201 	orr.w	r2, r2, #1
 8002262:	601a      	str	r2, [r3, #0]
 8002264:	681a      	ldr	r2, [r3, #0]
 8002266:	f442 3280 	orr.w	r2, r2, #65536	@ 0x10000
 800226a:	601a      	str	r2, [r3, #0]
 800226c:	202c      	movs	r0, #44	@ 0x2c
 800226e:	f003 f9cb 	bl	8005608 <HAL_NVIC_EnableIRQ>
 8002272:	202d      	movs	r0, #45	@ 0x2d
 8002274:	f003 f9c8 	bl	8005608 <HAL_NVIC_EnableIRQ>
 8002278:	b003      	add	sp, #12
 800227a:	bd00      	pop	{pc}
 800227c:	58000c00 	.word	0x58000c00

08002280 <HW_IPCC_BLE_Init>:
 8002280:	f3ef 8110 	mrs	r1, PRIMASK
 8002284:	b672      	cpsid	i
 8002286:	4a04      	ldr	r2, [pc, #16]	@ (8002298 <HW_IPCC_BLE_Init+0x18>)
 8002288:	6853      	ldr	r3, [r2, #4]
 800228a:	f023 0301 	bic.w	r3, r3, #1
 800228e:	6053      	str	r3, [r2, #4]
 8002290:	f381 8810 	msr	PRIMASK, r1
 8002294:	4770      	bx	lr
 8002296:	bf00      	nop
 8002298:	58000c00 	.word	0x58000c00

0800229c <HW_IPCC_BLE_SendCmd>:
 800229c:	4b02      	ldr	r3, [pc, #8]	@ (80022a8 <HW_IPCC_BLE_SendCmd+0xc>)
 800229e:	f44f 3280 	mov.w	r2, #65536	@ 0x10000
 80022a2:	609a      	str	r2, [r3, #8]
 80022a4:	4770      	bx	lr
 80022a6:	bf00      	nop
 80022a8:	58000c00 	.word	0x58000c00

080022ac <HW_IPCC_BLE_AclDataEvtHandler>:
 80022ac:	b508      	push	{r3, lr}
 80022ae:	f3ef 8110 	mrs	r1, PRIMASK
 80022b2:	b672      	cpsid	i
 80022b4:	4a04      	ldr	r2, [pc, #16]	@ (80022c8 <HW_IPCC_BLE_AclDataEvtHandler+0x1c>)
 80022b6:	6853      	ldr	r3, [r2, #4]
 80022b8:	f443 1300 	orr.w	r3, r3, #2097152	@ 0x200000
 80022bc:	6053      	str	r3, [r2, #4]
 80022be:	f381 8810 	msr	PRIMASK, r1
 80022c2:	f008 fd55 	bl	800ad70 <HW_IPCC_BLE_AclDataAckNot>
 80022c6:	bd08      	pop	{r3, pc}
 80022c8:	58000c00 	.word	0x58000c00

080022cc <HW_IPCC_BLE_EvtHandler>:
 80022cc:	b508      	push	{r3, lr}
 80022ce:	f008 fd39 	bl	800ad44 <HW_IPCC_BLE_RxEvtNot>
 80022d2:	4b02      	ldr	r3, [pc, #8]	@ (80022dc <HW_IPCC_BLE_EvtHandler+0x10>)
 80022d4:	2201      	movs	r2, #1
 80022d6:	609a      	str	r2, [r3, #8]
 80022d8:	bd08      	pop	{r3, pc}
 80022da:	bf00      	nop
 80022dc:	58000c00 	.word	0x58000c00

080022e0 <HW_IPCC_SYS_Init>:
 80022e0:	f3ef 8110 	mrs	r1, PRIMASK
 80022e4:	b672      	cpsid	i
 80022e6:	4a04      	ldr	r2, [pc, #16]	@ (80022f8 <HW_IPCC_SYS_Init+0x18>)
 80022e8:	6853      	ldr	r3, [r2, #4]
 80022ea:	f023 0302 	bic.w	r3, r3, #2
 80022ee:	6053      	str	r3, [r2, #4]
 80022f0:	f381 8810 	msr	PRIMASK, r1
 80022f4:	4770      	bx	lr
 80022f6:	bf00      	nop
 80022f8:	58000c00 	.word	0x58000c00

080022fc <HW_IPCC_SYS_SendCmd>:
 80022fc:	4b06      	ldr	r3, [pc, #24]	@ (8002318 <HW_IPCC_SYS_SendCmd+0x1c>)
 80022fe:	f44f 3200 	mov.w	r2, #131072	@ 0x20000
 8002302:	609a      	str	r2, [r3, #8]
 8002304:	f3ef 8110 	mrs	r1, PRIMASK
 8002308:	b672      	cpsid	i
 800230a:	685a      	ldr	r2, [r3, #4]
 800230c:	f422 3200 	bic.w	r2, r2, #131072	@ 0x20000
 8002310:	605a      	str	r2, [r3, #4]
 8002312:	f381 8810 	msr	PRIMASK, r1
 8002316:	4770      	bx	lr
 8002318:	58000c00 	.word	0x58000c00

0800231c <HW_IPCC_SYS_CmdEvtHandler>:
 800231c:	b508      	push	{r3, lr}
 800231e:	f3ef 8110 	mrs	r1, PRIMASK
 8002322:	b672      	cpsid	i
 8002324:	4a04      	ldr	r2, [pc, #16]	@ (8002338 <HW_IPCC_SYS_CmdEvtHandler+0x1c>)
 8002326:	6853      	ldr	r3, [r2, #4]
 8002328:	f443 3300 	orr.w	r3, r3, #131072	@ 0x20000
 800232c:	6053      	str	r3, [r2, #4]
 800232e:	f381 8810 	msr	PRIMASK, r1
 8002332:	f008 fd51 	bl	800add8 <HW_IPCC_SYS_CmdEvtNot>
 8002336:	bd08      	pop	{r3, pc}
 8002338:	58000c00 	.word	0x58000c00

0800233c <HW_IPCC_Tx_Handler>:
 800233c:	b508      	push	{r3, lr}
 800233e:	4b14      	ldr	r3, [pc, #80]	@ (8002390 <HW_IPCC_Tx_Handler+0x54>)
 8002340:	68db      	ldr	r3, [r3, #12]
 8002342:	f013 0f02 	tst.w	r3, #2
 8002346:	d104      	bne.n	8002352 <HW_IPCC_Tx_Handler+0x16>
 8002348:	4b11      	ldr	r3, [pc, #68]	@ (8002390 <HW_IPCC_Tx_Handler+0x54>)
 800234a:	685b      	ldr	r3, [r3, #4]
 800234c:	f413 3f00 	tst.w	r3, #131072	@ 0x20000
 8002350:	d014      	beq.n	800237c <HW_IPCC_Tx_Handler+0x40>
 8002352:	4b0f      	ldr	r3, [pc, #60]	@ (8002390 <HW_IPCC_Tx_Handler+0x54>)
 8002354:	68db      	ldr	r3, [r3, #12]
 8002356:	f013 0f08 	tst.w	r3, #8
 800235a:	d104      	bne.n	8002366 <HW_IPCC_Tx_Handler+0x2a>
 800235c:	4b0c      	ldr	r3, [pc, #48]	@ (8002390 <HW_IPCC_Tx_Handler+0x54>)
 800235e:	685b      	ldr	r3, [r3, #4]
 8002360:	f413 2f00 	tst.w	r3, #524288	@ 0x80000
 8002364:	d00d      	beq.n	8002382 <HW_IPCC_Tx_Handler+0x46>
 8002366:	4b0a      	ldr	r3, [pc, #40]	@ (8002390 <HW_IPCC_Tx_Handler+0x54>)
 8002368:	68db      	ldr	r3, [r3, #12]
 800236a:	f013 0f20 	tst.w	r3, #32
 800236e:	d104      	bne.n	800237a <HW_IPCC_Tx_Handler+0x3e>
 8002370:	4b07      	ldr	r3, [pc, #28]	@ (8002390 <HW_IPCC_Tx_Handler+0x54>)
 8002372:	685b      	ldr	r3, [r3, #4]
 8002374:	f413 1f00 	tst.w	r3, #2097152	@ 0x200000
 8002378:	d006      	beq.n	8002388 <HW_IPCC_Tx_Handler+0x4c>
 800237a:	bd08      	pop	{r3, pc}
 800237c:	f7ff ffce 	bl	800231c <HW_IPCC_SYS_CmdEvtHandler>
 8002380:	e7fb      	b.n	800237a <HW_IPCC_Tx_Handler+0x3e>
 8002382:	f7ff ff1f 	bl	80021c4 <HW_IPCC_MM_FreeBufHandler>
 8002386:	e7f8      	b.n	800237a <HW_IPCC_Tx_Handler+0x3e>
 8002388:	f7ff ff90 	bl	80022ac <HW_IPCC_BLE_AclDataEvtHandler>
 800238c:	e7f5      	b.n	800237a <HW_IPCC_Tx_Handler+0x3e>
 800238e:	bf00      	nop
 8002390:	58000c00 	.word	0x58000c00

08002394 <HW_IPCC_SYS_EvtHandler>:
 8002394:	b508      	push	{r3, lr}
 8002396:	f008 fd2d 	bl	800adf4 <HW_IPCC_SYS_EvtNot>
 800239a:	4b02      	ldr	r3, [pc, #8]	@ (80023a4 <HW_IPCC_SYS_EvtHandler+0x10>)
 800239c:	2202      	movs	r2, #2
 800239e:	609a      	str	r2, [r3, #8]
 80023a0:	bd08      	pop	{r3, pc}
 80023a2:	bf00      	nop
 80023a4:	58000c00 	.word	0x58000c00

080023a8 <HW_IPCC_MM_SendFreeBuf>:
 80023a8:	b508      	push	{r3, lr}
 80023aa:	4b0c      	ldr	r3, [pc, #48]	@ (80023dc <HW_IPCC_MM_SendFreeBuf+0x34>)
 80023ac:	68db      	ldr	r3, [r3, #12]
 80023ae:	f013 0f08 	tst.w	r3, #8
 80023b2:	d105      	bne.n	80023c0 <HW_IPCC_MM_SendFreeBuf+0x18>
 80023b4:	4780      	blx	r0
 80023b6:	4b09      	ldr	r3, [pc, #36]	@ (80023dc <HW_IPCC_MM_SendFreeBuf+0x34>)
 80023b8:	f44f 2200 	mov.w	r2, #524288	@ 0x80000
 80023bc:	609a      	str	r2, [r3, #8]
 80023be:	bd08      	pop	{r3, pc}
 80023c0:	4b07      	ldr	r3, [pc, #28]	@ (80023e0 <HW_IPCC_MM_SendFreeBuf+0x38>)
 80023c2:	6018      	str	r0, [r3, #0]
 80023c4:	f3ef 8110 	mrs	r1, PRIMASK
 80023c8:	b672      	cpsid	i
 80023ca:	4a04      	ldr	r2, [pc, #16]	@ (80023dc <HW_IPCC_MM_SendFreeBuf+0x34>)
 80023cc:	6853      	ldr	r3, [r2, #4]
 80023ce:	f423 2300 	bic.w	r3, r3, #524288	@ 0x80000
 80023d2:	6053      	str	r3, [r2, #4]
 80023d4:	f381 8810 	msr	PRIMASK, r1
 80023d8:	e7f1      	b.n	80023be <HW_IPCC_MM_SendFreeBuf+0x16>
 80023da:	bf00      	nop
 80023dc:	58000c00 	.word	0x58000c00
 80023e0:	20000354 	.word	0x20000354

080023e4 <HW_IPCC_TRACES_Init>:
 80023e4:	f3ef 8110 	mrs	r1, PRIMASK
 80023e8:	b672      	cpsid	i
 80023ea:	4a04      	ldr	r2, [pc, #16]	@ (80023fc <HW_IPCC_TRACES_Init+0x18>)
 80023ec:	6853      	ldr	r3, [r2, #4]
 80023ee:	f023 0308 	bic.w	r3, r3, #8
 80023f2:	6053      	str	r3, [r2, #4]
 80023f4:	f381 8810 	msr	PRIMASK, r1
 80023f8:	4770      	bx	lr
 80023fa:	bf00      	nop
 80023fc:	58000c00 	.word	0x58000c00

08002400 <HW_IPCC_TRACES_EvtHandler>:
 8002400:	b508      	push	{r3, lr}
 8002402:	f008 fd51 	bl	800aea8 <HW_IPCC_TRACES_EvtNot>
 8002406:	4b02      	ldr	r3, [pc, #8]	@ (8002410 <HW_IPCC_TRACES_EvtHandler+0x10>)
 8002408:	2208      	movs	r2, #8
 800240a:	609a      	str	r2, [r3, #8]
 800240c:	bd08      	pop	{r3, pc}
 800240e:	bf00      	nop
 8002410:	58000c00 	.word	0x58000c00

08002414 <HW_IPCC_Rx_Handler>:
 8002414:	b508      	push	{r3, lr}
 8002416:	4b14      	ldr	r3, [pc, #80]	@ (8002468 <HW_IPCC_Rx_Handler+0x54>)
 8002418:	69db      	ldr	r3, [r3, #28]
 800241a:	f013 0f02 	tst.w	r3, #2
 800241e:	d10a      	bne.n	8002436 <HW_IPCC_Rx_Handler+0x22>
 8002420:	4b11      	ldr	r3, [pc, #68]	@ (8002468 <HW_IPCC_Rx_Handler+0x54>)
 8002422:	69db      	ldr	r3, [r3, #28]
 8002424:	f013 0f01 	tst.w	r3, #1
 8002428:	d10d      	bne.n	8002446 <HW_IPCC_Rx_Handler+0x32>
 800242a:	4b0f      	ldr	r3, [pc, #60]	@ (8002468 <HW_IPCC_Rx_Handler+0x54>)
 800242c:	69db      	ldr	r3, [r3, #28]
 800242e:	f013 0f08 	tst.w	r3, #8
 8002432:	d110      	bne.n	8002456 <HW_IPCC_Rx_Handler+0x42>
 8002434:	bd08      	pop	{r3, pc}
 8002436:	4b0c      	ldr	r3, [pc, #48]	@ (8002468 <HW_IPCC_Rx_Handler+0x54>)
 8002438:	685b      	ldr	r3, [r3, #4]
 800243a:	f013 0f02 	tst.w	r3, #2
 800243e:	d1ef      	bne.n	8002420 <HW_IPCC_Rx_Handler+0xc>
 8002440:	f7ff ffa8 	bl	8002394 <HW_IPCC_SYS_EvtHandler>
 8002444:	e7f6      	b.n	8002434 <HW_IPCC_Rx_Handler+0x20>
 8002446:	4b08      	ldr	r3, [pc, #32]	@ (8002468 <HW_IPCC_Rx_Handler+0x54>)
 8002448:	685b      	ldr	r3, [r3, #4]
 800244a:	f013 0f01 	tst.w	r3, #1
 800244e:	d1ec      	bne.n	800242a <HW_IPCC_Rx_Handler+0x16>
 8002450:	f7ff ff3c 	bl	80022cc <HW_IPCC_BLE_EvtHandler>
 8002454:	e7ee      	b.n	8002434 <HW_IPCC_Rx_Handler+0x20>
 8002456:	4b04      	ldr	r3, [pc, #16]	@ (8002468 <HW_IPCC_Rx_Handler+0x54>)
 8002458:	685b      	ldr	r3, [r3, #4]
 800245a:	f013 0f08 	tst.w	r3, #8
 800245e:	d1e9      	bne.n	8002434 <HW_IPCC_Rx_Handler+0x20>
 8002460:	f7ff ffce 	bl	8002400 <HW_IPCC_TRACES_EvtHandler>
 8002464:	e7e6      	b.n	8002434 <HW_IPCC_Rx_Handler+0x20>
 8002466:	bf00      	nop
 8002468:	58000c00 	.word	0x58000c00

0800246c <ReadRtcSsrValue>:
 800246c:	4a06      	ldr	r2, [pc, #24]	@ (8002488 <ReadRtcSsrValue+0x1c>)
 800246e:	6a93      	ldr	r3, [r2, #40]	@ 0x28
 8002470:	b29b      	uxth	r3, r3
 8002472:	6a90      	ldr	r0, [r2, #40]	@ 0x28
 8002474:	b280      	uxth	r0, r0
 8002476:	e003      	b.n	8002480 <ReadRtcSsrValue+0x14>
 8002478:	4b03      	ldr	r3, [pc, #12]	@ (8002488 <ReadRtcSsrValue+0x1c>)
 800247a:	6a9a      	ldr	r2, [r3, #40]	@ 0x28
 800247c:	4603      	mov	r3, r0
 800247e:	b290      	uxth	r0, r2
 8002480:	4283      	cmp	r3, r0
 8002482:	d1f9      	bne.n	8002478 <ReadRtcSsrValue+0xc>
 8002484:	4770      	bx	lr
 8002486:	bf00      	nop
 8002488:	40002800 	.word	0x40002800

0800248c <LinkTimerAfter>:
 800248c:	eb01 0241 	add.w	r2, r1, r1, lsl #1
 8002490:	4b0f      	ldr	r3, [pc, #60]	@ (80024d0 <LinkTimerAfter+0x44>)
 8002492:	eb03 03c2 	add.w	r3, r3, r2, lsl #3
 8002496:	7d5b      	ldrb	r3, [r3, #21]
 8002498:	fa5f fc83 	uxtb.w	ip, r3
 800249c:	2b06      	cmp	r3, #6
 800249e:	d005      	beq.n	80024ac <LinkTimerAfter+0x20>
 80024a0:	eb0c 024c 	add.w	r2, ip, ip, lsl #1
 80024a4:	4b0a      	ldr	r3, [pc, #40]	@ (80024d0 <LinkTimerAfter+0x44>)
 80024a6:	eb03 03c2 	add.w	r3, r3, r2, lsl #3
 80024aa:	7518      	strb	r0, [r3, #20]
 80024ac:	4b08      	ldr	r3, [pc, #32]	@ (80024d0 <LinkTimerAfter+0x44>)
 80024ae:	eb00 0240 	add.w	r2, r0, r0, lsl #1
 80024b2:	eb03 02c2 	add.w	r2, r3, r2, lsl #3
 80024b6:	f882 c015 	strb.w	ip, [r2, #21]
 80024ba:	eb00 0240 	add.w	r2, r0, r0, lsl #1
 80024be:	eb03 02c2 	add.w	r2, r3, r2, lsl #3
 80024c2:	7511      	strb	r1, [r2, #20]
 80024c4:	eb01 0141 	add.w	r1, r1, r1, lsl #1
 80024c8:	eb03 03c1 	add.w	r3, r3, r1, lsl #3
 80024cc:	7558      	strb	r0, [r3, #21]
 80024ce:	4770      	bx	lr
 80024d0:	20000368 	.word	0x20000368

080024d4 <LinkTimerBefore>:
 80024d4:	4b16      	ldr	r3, [pc, #88]	@ (8002530 <LinkTimerBefore+0x5c>)
 80024d6:	781b      	ldrb	r3, [r3, #0]
 80024d8:	428b      	cmp	r3, r1
 80024da:	d01d      	beq.n	8002518 <LinkTimerBefore+0x44>
 80024dc:	4b15      	ldr	r3, [pc, #84]	@ (8002534 <LinkTimerBefore+0x60>)
 80024de:	eb01 0241 	add.w	r2, r1, r1, lsl #1
 80024e2:	eb03 02c2 	add.w	r2, r3, r2, lsl #3
 80024e6:	7d12      	ldrb	r2, [r2, #20]
 80024e8:	fa5f fc82 	uxtb.w	ip, r2
 80024ec:	eb02 0242 	add.w	r2, r2, r2, lsl #1
 80024f0:	eb03 02c2 	add.w	r2, r3, r2, lsl #3
 80024f4:	7550      	strb	r0, [r2, #21]
 80024f6:	eb00 0240 	add.w	r2, r0, r0, lsl #1
 80024fa:	eb03 02c2 	add.w	r2, r3, r2, lsl #3
 80024fe:	7551      	strb	r1, [r2, #21]
 8002500:	eb00 0240 	add.w	r2, r0, r0, lsl #1
 8002504:	eb03 02c2 	add.w	r2, r3, r2, lsl #3
 8002508:	f882 c014 	strb.w	ip, [r2, #20]
 800250c:	eb01 0141 	add.w	r1, r1, r1, lsl #1
 8002510:	eb03 03c1 	add.w	r3, r3, r1, lsl #3
 8002514:	7518      	strb	r0, [r3, #20]
 8002516:	4770      	bx	lr
 8002518:	4b06      	ldr	r3, [pc, #24]	@ (8002534 <LinkTimerBefore+0x60>)
 800251a:	eb00 0240 	add.w	r2, r0, r0, lsl #1
 800251e:	eb03 02c2 	add.w	r2, r3, r2, lsl #3
 8002522:	7551      	strb	r1, [r2, #21]
 8002524:	eb01 0141 	add.w	r1, r1, r1, lsl #1
 8002528:	eb03 03c1 	add.w	r3, r3, r1, lsl #3
 800252c:	7518      	strb	r0, [r3, #20]
 800252e:	4770      	bx	lr
 8002530:	20000365 	.word	0x20000365
 8002534:	20000368 	.word	0x20000368

08002538 <UnlinkTimer>:
 8002538:	b510      	push	{r4, lr}
 800253a:	460c      	mov	r4, r1
 800253c:	4b21      	ldr	r3, [pc, #132]	@ (80025c4 <UnlinkTimer+0x8c>)
 800253e:	781b      	ldrb	r3, [r3, #0]
 8002540:	4283      	cmp	r3, r0
 8002542:	d02a      	beq.n	800259a <UnlinkTimer+0x62>
 8002544:	4a20      	ldr	r2, [pc, #128]	@ (80025c8 <UnlinkTimer+0x90>)
 8002546:	eb00 0340 	add.w	r3, r0, r0, lsl #1
 800254a:	eb02 03c3 	add.w	r3, r2, r3, lsl #3
 800254e:	f893 c014 	ldrb.w	ip, [r3, #20]
 8002552:	7d59      	ldrb	r1, [r3, #21]
 8002554:	fa5f fe81 	uxtb.w	lr, r1
 8002558:	7d5b      	ldrb	r3, [r3, #21]
 800255a:	b2db      	uxtb	r3, r3
 800255c:	eb0c 0c4c 	add.w	ip, ip, ip, lsl #1
 8002560:	eb02 02cc 	add.w	r2, r2, ip, lsl #3
 8002564:	7553      	strb	r3, [r2, #21]
 8002566:	2906      	cmp	r1, #6
 8002568:	d00b      	beq.n	8002582 <UnlinkTimer+0x4a>
 800256a:	4b17      	ldr	r3, [pc, #92]	@ (80025c8 <UnlinkTimer+0x90>)
 800256c:	eb00 0240 	add.w	r2, r0, r0, lsl #1
 8002570:	eb03 02c2 	add.w	r2, r3, r2, lsl #3
 8002574:	7d12      	ldrb	r2, [r2, #20]
 8002576:	b2d2      	uxtb	r2, r2
 8002578:	eb0e 0e4e 	add.w	lr, lr, lr, lsl #1
 800257c:	eb03 03ce 	add.w	r3, r3, lr, lsl #3
 8002580:	751a      	strb	r2, [r3, #20]
 8002582:	eb00 0040 	add.w	r0, r0, r0, lsl #1
 8002586:	4b10      	ldr	r3, [pc, #64]	@ (80025c8 <UnlinkTimer+0x90>)
 8002588:	eb03 03c0 	add.w	r3, r3, r0, lsl #3
 800258c:	2201      	movs	r2, #1
 800258e:	731a      	strb	r2, [r3, #12]
 8002590:	4b0c      	ldr	r3, [pc, #48]	@ (80025c4 <UnlinkTimer+0x8c>)
 8002592:	781b      	ldrb	r3, [r3, #0]
 8002594:	2b06      	cmp	r3, #6
 8002596:	d00e      	beq.n	80025b6 <UnlinkTimer+0x7e>
 8002598:	bd10      	pop	{r4, pc}
 800259a:	490a      	ldr	r1, [pc, #40]	@ (80025c4 <UnlinkTimer+0x8c>)
 800259c:	780b      	ldrb	r3, [r1, #0]
 800259e:	b2db      	uxtb	r3, r3
 80025a0:	4a0a      	ldr	r2, [pc, #40]	@ (80025cc <UnlinkTimer+0x94>)
 80025a2:	7013      	strb	r3, [r2, #0]
 80025a4:	eb00 0240 	add.w	r2, r0, r0, lsl #1
 80025a8:	4b07      	ldr	r3, [pc, #28]	@ (80025c8 <UnlinkTimer+0x90>)
 80025aa:	eb03 03c2 	add.w	r3, r3, r2, lsl #3
 80025ae:	7d5b      	ldrb	r3, [r3, #21]
 80025b0:	b2db      	uxtb	r3, r3
 80025b2:	700b      	strb	r3, [r1, #0]
 80025b4:	e7e5      	b.n	8002582 <UnlinkTimer+0x4a>
 80025b6:	2c00      	cmp	r4, #0
 80025b8:	d1ee      	bne.n	8002598 <UnlinkTimer+0x60>
 80025ba:	4b05      	ldr	r3, [pc, #20]	@ (80025d0 <UnlinkTimer+0x98>)
 80025bc:	f04f 32ff 	mov.w	r2, #4294967295
 80025c0:	601a      	str	r2, [r3, #0]
 80025c2:	e7e9      	b.n	8002598 <UnlinkTimer+0x60>
 80025c4:	20000365 	.word	0x20000365
 80025c8:	20000368 	.word	0x20000368
 80025cc:	20000364 	.word	0x20000364
 80025d0:	20000360 	.word	0x20000360

080025d4 <ReturnTimeElapsed>:
 80025d4:	b508      	push	{r3, lr}
 80025d6:	4b10      	ldr	r3, [pc, #64]	@ (8002618 <ReturnTimeElapsed+0x44>)
 80025d8:	681b      	ldr	r3, [r3, #0]
 80025da:	f1b3 3fff 	cmp.w	r3, #4294967295
 80025de:	d102      	bne.n	80025e6 <ReturnTimeElapsed+0x12>
 80025e0:	2000      	movs	r0, #0
 80025e2:	b280      	uxth	r0, r0
 80025e4:	bd08      	pop	{r3, pc}
 80025e6:	f7ff ff41 	bl	800246c <ReadRtcSsrValue>
 80025ea:	4b0b      	ldr	r3, [pc, #44]	@ (8002618 <ReturnTimeElapsed+0x44>)
 80025ec:	681b      	ldr	r3, [r3, #0]
 80025ee:	4283      	cmp	r3, r0
 80025f0:	d30a      	bcc.n	8002608 <ReturnTimeElapsed+0x34>
 80025f2:	4b09      	ldr	r3, [pc, #36]	@ (8002618 <ReturnTimeElapsed+0x44>)
 80025f4:	681b      	ldr	r3, [r3, #0]
 80025f6:	1a1b      	subs	r3, r3, r0
 80025f8:	4a08      	ldr	r2, [pc, #32]	@ (800261c <ReturnTimeElapsed+0x48>)
 80025fa:	7810      	ldrb	r0, [r2, #0]
 80025fc:	fb03 f000 	mul.w	r0, r3, r0
 8002600:	4b07      	ldr	r3, [pc, #28]	@ (8002620 <ReturnTimeElapsed+0x4c>)
 8002602:	781b      	ldrb	r3, [r3, #0]
 8002604:	40d8      	lsrs	r0, r3
 8002606:	e7ec      	b.n	80025e2 <ReturnTimeElapsed+0xe>
 8002608:	4b06      	ldr	r3, [pc, #24]	@ (8002624 <ReturnTimeElapsed+0x50>)
 800260a:	881a      	ldrh	r2, [r3, #0]
 800260c:	1a12      	subs	r2, r2, r0
 800260e:	4b02      	ldr	r3, [pc, #8]	@ (8002618 <ReturnTimeElapsed+0x44>)
 8002610:	681b      	ldr	r3, [r3, #0]
 8002612:	4413      	add	r3, r2
 8002614:	e7f0      	b.n	80025f8 <ReturnTimeElapsed+0x24>
 8002616:	bf00      	nop
 8002618:	20000360 	.word	0x20000360
 800261c:	2000035c 	.word	0x2000035c
 8002620:	2000035d 	.word	0x2000035d
 8002624:	2000035a 	.word	0x2000035a

08002628 <linkTimer>:
 8002628:	b570      	push	{r4, r5, r6, lr}
 800262a:	4604      	mov	r4, r0
 800262c:	4b31      	ldr	r3, [pc, #196]	@ (80026f4 <linkTimer+0xcc>)
 800262e:	781b      	ldrb	r3, [r3, #0]
 8002630:	2b06      	cmp	r3, #6
 8002632:	d114      	bne.n	800265e <linkTimer+0x36>
 8002634:	4a2f      	ldr	r2, [pc, #188]	@ (80026f4 <linkTimer+0xcc>)
 8002636:	7813      	ldrb	r3, [r2, #0]
 8002638:	b2db      	uxtb	r3, r3
 800263a:	492f      	ldr	r1, [pc, #188]	@ (80026f8 <linkTimer+0xd0>)
 800263c:	700b      	strb	r3, [r1, #0]
 800263e:	7010      	strb	r0, [r2, #0]
 8002640:	eb00 0440 	add.w	r4, r0, r0, lsl #1
 8002644:	4b2d      	ldr	r3, [pc, #180]	@ (80026fc <linkTimer+0xd4>)
 8002646:	eb03 04c4 	add.w	r4, r3, r4, lsl #3
 800264a:	2306      	movs	r3, #6
 800264c:	7563      	strb	r3, [r4, #21]
 800264e:	4b2c      	ldr	r3, [pc, #176]	@ (8002700 <linkTimer+0xd8>)
 8002650:	f04f 32ff 	mov.w	r2, #4294967295
 8002654:	601a      	str	r2, [r3, #0]
 8002656:	2300      	movs	r3, #0
 8002658:	461e      	mov	r6, r3
 800265a:	4630      	mov	r0, r6
 800265c:	bd70      	pop	{r4, r5, r6, pc}
 800265e:	f7ff ffb9 	bl	80025d4 <ReturnTimeElapsed>
 8002662:	4606      	mov	r6, r0
 8002664:	4b25      	ldr	r3, [pc, #148]	@ (80026fc <linkTimer+0xd4>)
 8002666:	eb04 0244 	add.w	r2, r4, r4, lsl #1
 800266a:	eb03 02c2 	add.w	r2, r3, r2, lsl #3
 800266e:	6891      	ldr	r1, [r2, #8]
 8002670:	4401      	add	r1, r0
 8002672:	6091      	str	r1, [r2, #8]
 8002674:	eb04 0244 	add.w	r2, r4, r4, lsl #1
 8002678:	eb03 02c2 	add.w	r2, r3, r2, lsl #3
 800267c:	6890      	ldr	r0, [r2, #8]
 800267e:	4a1d      	ldr	r2, [pc, #116]	@ (80026f4 <linkTimer+0xcc>)
 8002680:	7812      	ldrb	r2, [r2, #0]
 8002682:	eb02 0242 	add.w	r2, r2, r2, lsl #1
 8002686:	eb03 03c2 	add.w	r3, r3, r2, lsl #3
 800268a:	689b      	ldr	r3, [r3, #8]
 800268c:	4283      	cmp	r3, r0
 800268e:	d825      	bhi.n	80026dc <linkTimer+0xb4>
 8002690:	4b18      	ldr	r3, [pc, #96]	@ (80026f4 <linkTimer+0xcc>)
 8002692:	781b      	ldrb	r3, [r3, #0]
 8002694:	b2d9      	uxtb	r1, r3
 8002696:	eb03 0343 	add.w	r3, r3, r3, lsl #1
 800269a:	4a18      	ldr	r2, [pc, #96]	@ (80026fc <linkTimer+0xd4>)
 800269c:	eb02 03c3 	add.w	r3, r2, r3, lsl #3
 80026a0:	7d5b      	ldrb	r3, [r3, #21]
 80026a2:	b2db      	uxtb	r3, r3
 80026a4:	e00c      	b.n	80026c0 <linkTimer+0x98>
 80026a6:	4a15      	ldr	r2, [pc, #84]	@ (80026fc <linkTimer+0xd4>)
 80026a8:	eb01 0141 	add.w	r1, r1, r1, lsl #1
 80026ac:	eb02 01c1 	add.w	r1, r2, r1, lsl #3
 80026b0:	7d4b      	ldrb	r3, [r1, #21]
 80026b2:	b2d9      	uxtb	r1, r3
 80026b4:	eb03 0343 	add.w	r3, r3, r3, lsl #1
 80026b8:	eb02 02c3 	add.w	r2, r2, r3, lsl #3
 80026bc:	7d53      	ldrb	r3, [r2, #21]
 80026be:	b2db      	uxtb	r3, r3
 80026c0:	2b06      	cmp	r3, #6
 80026c2:	d007      	beq.n	80026d4 <linkTimer+0xac>
 80026c4:	eb03 0343 	add.w	r3, r3, r3, lsl #1
 80026c8:	4a0c      	ldr	r2, [pc, #48]	@ (80026fc <linkTimer+0xd4>)
 80026ca:	eb02 03c3 	add.w	r3, r2, r3, lsl #3
 80026ce:	689b      	ldr	r3, [r3, #8]
 80026d0:	4283      	cmp	r3, r0
 80026d2:	d9e8      	bls.n	80026a6 <linkTimer+0x7e>
 80026d4:	4620      	mov	r0, r4
 80026d6:	f7ff fed9 	bl	800248c <LinkTimerAfter>
 80026da:	e7be      	b.n	800265a <linkTimer+0x32>
 80026dc:	4d05      	ldr	r5, [pc, #20]	@ (80026f4 <linkTimer+0xcc>)
 80026de:	7829      	ldrb	r1, [r5, #0]
 80026e0:	4620      	mov	r0, r4
 80026e2:	f7ff fef7 	bl	80024d4 <LinkTimerBefore>
 80026e6:	782b      	ldrb	r3, [r5, #0]
 80026e8:	b2db      	uxtb	r3, r3
 80026ea:	4a03      	ldr	r2, [pc, #12]	@ (80026f8 <linkTimer+0xd0>)
 80026ec:	7013      	strb	r3, [r2, #0]
 80026ee:	702c      	strb	r4, [r5, #0]
 80026f0:	e7b3      	b.n	800265a <linkTimer+0x32>
 80026f2:	bf00      	nop
 80026f4:	20000365 	.word	0x20000365
 80026f8:	20000364 	.word	0x20000364
 80026fc:	20000368 	.word	0x20000368
 8002700:	20000360 	.word	0x20000360

08002704 <RestartWakeupCounter>:
 8002704:	b510      	push	{r4, lr}
 8002706:	b348      	cbz	r0, 800275c <RestartWakeupCounter+0x58>
 8002708:	4604      	mov	r4, r0
 800270a:	2801      	cmp	r0, #1
 800270c:	d92e      	bls.n	800276c <RestartWakeupCounter+0x68>
 800270e:	3c01      	subs	r4, #1
 8002710:	b2a4      	uxth	r4, r4
 8002712:	4b19      	ldr	r3, [pc, #100]	@ (8002778 <RestartWakeupCounter+0x74>)
 8002714:	681b      	ldr	r3, [r3, #0]
 8002716:	68da      	ldr	r2, [r3, #12]
 8002718:	f012 0f04 	tst.w	r2, #4
 800271c:	d0f9      	beq.n	8002712 <RestartWakeupCounter+0xe>
 800271e:	68da      	ldr	r2, [r3, #12]
 8002720:	b2d2      	uxtb	r2, r2
 8002722:	f462 6290 	orn	r2, r2, #1152	@ 0x480
 8002726:	60da      	str	r2, [r3, #12]
 8002728:	4b14      	ldr	r3, [pc, #80]	@ (800277c <RestartWakeupCounter+0x78>)
 800272a:	f44f 2200 	mov.w	r2, #524288	@ 0x80000
 800272e:	60da      	str	r2, [r3, #12]
 8002730:	2003      	movs	r0, #3
 8002732:	f002 ff93 	bl	800565c <HAL_NVIC_ClearPendingIRQ>
 8002736:	4a12      	ldr	r2, [pc, #72]	@ (8002780 <RestartWakeupCounter+0x7c>)
 8002738:	6953      	ldr	r3, [r2, #20]
 800273a:	f36f 030f 	bfc	r3, #0, #16
 800273e:	431c      	orrs	r4, r3
 8002740:	6154      	str	r4, [r2, #20]
 8002742:	f7ff fe93 	bl	800246c <ReadRtcSsrValue>
 8002746:	4b0f      	ldr	r3, [pc, #60]	@ (8002784 <RestartWakeupCounter+0x80>)
 8002748:	6018      	str	r0, [r3, #0]
 800274a:	4b0b      	ldr	r3, [pc, #44]	@ (8002778 <RestartWakeupCounter+0x74>)
 800274c:	681a      	ldr	r2, [r3, #0]
 800274e:	6893      	ldr	r3, [r2, #8]
 8002750:	f443 6380 	orr.w	r3, r3, #1024	@ 0x400
 8002754:	6093      	str	r3, [r2, #8]
 8002756:	f3af 8000 	nop.w
 800275a:	bd10      	pop	{r4, pc}
 800275c:	f7ff fe86 	bl	800246c <ReadRtcSsrValue>
 8002760:	4b08      	ldr	r3, [pc, #32]	@ (8002784 <RestartWakeupCounter+0x80>)
 8002762:	6018      	str	r0, [r3, #0]
 8002764:	2003      	movs	r0, #3
 8002766:	f002 ff6b 	bl	8005640 <HAL_NVIC_SetPendingIRQ>
 800276a:	e7f6      	b.n	800275a <RestartWakeupCounter+0x56>
 800276c:	4b06      	ldr	r3, [pc, #24]	@ (8002788 <RestartWakeupCounter+0x84>)
 800276e:	781b      	ldrb	r3, [r3, #0]
 8002770:	2b01      	cmp	r3, #1
 8002772:	d1cc      	bne.n	800270e <RestartWakeupCounter+0xa>
 8002774:	e7cd      	b.n	8002712 <RestartWakeupCounter+0xe>
 8002776:	bf00      	nop
 8002778:	2000054c 	.word	0x2000054c
 800277c:	58000800 	.word	0x58000800
 8002780:	40002800 	.word	0x40002800
 8002784:	20000360 	.word	0x20000360
 8002788:	2000035d 	.word	0x2000035d

0800278c <RescheduleTimerList>:
 800278c:	b538      	push	{r3, r4, r5, lr}
 800278e:	4b2e      	ldr	r3, [pc, #184]	@ (8002848 <RescheduleTimerList+0xbc>)
 8002790:	689b      	ldr	r3, [r3, #8]
 8002792:	f413 6f80 	tst.w	r3, #1024	@ 0x400
 8002796:	d005      	beq.n	80027a4 <RescheduleTimerList+0x18>
 8002798:	4b2c      	ldr	r3, [pc, #176]	@ (800284c <RescheduleTimerList+0xc0>)
 800279a:	681b      	ldr	r3, [r3, #0]
 800279c:	68db      	ldr	r3, [r3, #12]
 800279e:	f013 0f04 	tst.w	r3, #4
 80027a2:	d1f9      	bne.n	8002798 <RescheduleTimerList+0xc>
 80027a4:	4b29      	ldr	r3, [pc, #164]	@ (800284c <RescheduleTimerList+0xc0>)
 80027a6:	681a      	ldr	r2, [r3, #0]
 80027a8:	6893      	ldr	r3, [r2, #8]
 80027aa:	f423 6380 	bic.w	r3, r3, #1024	@ 0x400
 80027ae:	6093      	str	r3, [r2, #8]
 80027b0:	4b27      	ldr	r3, [pc, #156]	@ (8002850 <RescheduleTimerList+0xc4>)
 80027b2:	781b      	ldrb	r3, [r3, #0]
 80027b4:	b2dc      	uxtb	r4, r3
 80027b6:	eb03 0343 	add.w	r3, r3, r3, lsl #1
 80027ba:	4a26      	ldr	r2, [pc, #152]	@ (8002854 <RescheduleTimerList+0xc8>)
 80027bc:	eb02 03c3 	add.w	r3, r2, r3, lsl #3
 80027c0:	689d      	ldr	r5, [r3, #8]
 80027c2:	f7ff ff07 	bl	80025d4 <ReturnTimeElapsed>
 80027c6:	4684      	mov	ip, r0
 80027c8:	42a8      	cmp	r0, r5
 80027ca:	d904      	bls.n	80027d6 <RescheduleTimerList+0x4a>
 80027cc:	4b22      	ldr	r3, [pc, #136]	@ (8002858 <RescheduleTimerList+0xcc>)
 80027ce:	2201      	movs	r2, #1
 80027d0:	701a      	strb	r2, [r3, #0]
 80027d2:	2000      	movs	r0, #0
 80027d4:	e024      	b.n	8002820 <RescheduleTimerList+0x94>
 80027d6:	4b21      	ldr	r3, [pc, #132]	@ (800285c <RescheduleTimerList+0xd0>)
 80027d8:	881b      	ldrh	r3, [r3, #0]
 80027da:	fa10 f383 	uxtah	r3, r0, r3
 80027de:	42ab      	cmp	r3, r5
 80027e0:	d206      	bcs.n	80027f0 <RescheduleTimerList+0x64>
 80027e2:	4b1e      	ldr	r3, [pc, #120]	@ (800285c <RescheduleTimerList+0xd0>)
 80027e4:	8818      	ldrh	r0, [r3, #0]
 80027e6:	b280      	uxth	r0, r0
 80027e8:	4b1b      	ldr	r3, [pc, #108]	@ (8002858 <RescheduleTimerList+0xcc>)
 80027ea:	2200      	movs	r2, #0
 80027ec:	701a      	strb	r2, [r3, #0]
 80027ee:	e017      	b.n	8002820 <RescheduleTimerList+0x94>
 80027f0:	b2a8      	uxth	r0, r5
 80027f2:	eba0 000c 	sub.w	r0, r0, ip
 80027f6:	b280      	uxth	r0, r0
 80027f8:	4b17      	ldr	r3, [pc, #92]	@ (8002858 <RescheduleTimerList+0xcc>)
 80027fa:	2201      	movs	r2, #1
 80027fc:	701a      	strb	r2, [r3, #0]
 80027fe:	e00f      	b.n	8002820 <RescheduleTimerList+0x94>
 8002800:	eb04 0444 	add.w	r4, r4, r4, lsl #1
 8002804:	4a13      	ldr	r2, [pc, #76]	@ (8002854 <RescheduleTimerList+0xc8>)
 8002806:	eb02 04c4 	add.w	r4, r2, r4, lsl #3
 800280a:	68a2      	ldr	r2, [r4, #8]
 800280c:	eba2 020c 	sub.w	r2, r2, ip
 8002810:	60a2      	str	r2, [r4, #8]
 8002812:	eb03 0343 	add.w	r3, r3, r3, lsl #1
 8002816:	4a0f      	ldr	r2, [pc, #60]	@ (8002854 <RescheduleTimerList+0xc8>)
 8002818:	eb02 03c3 	add.w	r3, r2, r3, lsl #3
 800281c:	7d5c      	ldrb	r4, [r3, #21]
 800281e:	b2e4      	uxtb	r4, r4
 8002820:	2c06      	cmp	r4, #6
 8002822:	d00e      	beq.n	8002842 <RescheduleTimerList+0xb6>
 8002824:	4623      	mov	r3, r4
 8002826:	eb04 0144 	add.w	r1, r4, r4, lsl #1
 800282a:	4a0a      	ldr	r2, [pc, #40]	@ (8002854 <RescheduleTimerList+0xc8>)
 800282c:	eb02 02c1 	add.w	r2, r2, r1, lsl #3
 8002830:	6892      	ldr	r2, [r2, #8]
 8002832:	4594      	cmp	ip, r2
 8002834:	d9e4      	bls.n	8002800 <RescheduleTimerList+0x74>
 8002836:	4a07      	ldr	r2, [pc, #28]	@ (8002854 <RescheduleTimerList+0xc8>)
 8002838:	eb02 04c1 	add.w	r4, r2, r1, lsl #3
 800283c:	2200      	movs	r2, #0
 800283e:	60a2      	str	r2, [r4, #8]
 8002840:	e7e7      	b.n	8002812 <RescheduleTimerList+0x86>
 8002842:	f7ff ff5f 	bl	8002704 <RestartWakeupCounter>
 8002846:	bd38      	pop	{r3, r4, r5, pc}
 8002848:	40002800 	.word	0x40002800
 800284c:	2000054c 	.word	0x2000054c
 8002850:	20000365 	.word	0x20000365
 8002854:	20000368 	.word	0x20000368
 8002858:	2000035e 	.word	0x2000035e
 800285c:	20000358 	.word	0x20000358

08002860 <HW_TS_Init>:
 8002860:	b510      	push	{r4, lr}
 8002862:	4b49      	ldr	r3, [pc, #292]	@ (8002988 <HW_TS_Init+0x128>)
 8002864:	681b      	ldr	r3, [r3, #0]
 8002866:	22ca      	movs	r2, #202	@ 0xca
 8002868:	625a      	str	r2, [r3, #36]	@ 0x24
 800286a:	2253      	movs	r2, #83	@ 0x53
 800286c:	625a      	str	r2, [r3, #36]	@ 0x24
 800286e:	4b47      	ldr	r3, [pc, #284]	@ (800298c <HW_TS_Init+0x12c>)
 8002870:	689a      	ldr	r2, [r3, #8]
 8002872:	f042 0220 	orr.w	r2, r2, #32
 8002876:	609a      	str	r2, [r3, #8]
 8002878:	689a      	ldr	r2, [r3, #8]
 800287a:	f002 0207 	and.w	r2, r2, #7
 800287e:	f1c2 0204 	rsb	r2, r2, #4
 8002882:	b2d2      	uxtb	r2, r2
 8002884:	4942      	ldr	r1, [pc, #264]	@ (8002990 <HW_TS_Init+0x130>)
 8002886:	700a      	strb	r2, [r1, #0]
 8002888:	691b      	ldr	r3, [r3, #16]
 800288a:	f403 03fe 	and.w	r3, r3, #8323072	@ 0x7f0000
 800288e:	f44f 01fe 	mov.w	r1, #8323072	@ 0x7f0000
 8002892:	fa91 f1a1 	rbit	r1, r1
 8002896:	2900      	cmp	r1, #0
 8002898:	d033      	beq.n	8002902 <HW_TS_Init+0xa2>
 800289a:	fab1 f181 	clz	r1, r1
 800289e:	40cb      	lsrs	r3, r1
 80028a0:	b2db      	uxtb	r3, r3
 80028a2:	3301      	adds	r3, #1
 80028a4:	b2db      	uxtb	r3, r3
 80028a6:	493b      	ldr	r1, [pc, #236]	@ (8002994 <HW_TS_Init+0x134>)
 80028a8:	700b      	strb	r3, [r1, #0]
 80028aa:	4938      	ldr	r1, [pc, #224]	@ (800298c <HW_TS_Init+0x12c>)
 80028ac:	6909      	ldr	r1, [r1, #16]
 80028ae:	f3c1 010e 	ubfx	r1, r1, #0, #15
 80028b2:	3101      	adds	r1, #1
 80028b4:	f8df c0f8 	ldr.w	ip, [pc, #248]	@ 80029b0 <HW_TS_Init+0x150>
 80028b8:	f8ac 1000 	strh.w	r1, [ip]
 80028bc:	3901      	subs	r1, #1
 80028be:	fb01 f303 	mul.w	r3, r1, r3
 80028c2:	f5a3 73a0 	sub.w	r3, r3, #320	@ 0x140
 80028c6:	40d3      	lsrs	r3, r2
 80028c8:	f64f 72fe 	movw	r2, #65534	@ 0xfffe
 80028cc:	4293      	cmp	r3, r2
 80028ce:	d91a      	bls.n	8002906 <HW_TS_Init+0xa6>
 80028d0:	4b31      	ldr	r3, [pc, #196]	@ (8002998 <HW_TS_Init+0x138>)
 80028d2:	f64f 72ff 	movw	r2, #65535	@ 0xffff
 80028d6:	801a      	strh	r2, [r3, #0]
 80028d8:	4b30      	ldr	r3, [pc, #192]	@ (800299c <HW_TS_Init+0x13c>)
 80028da:	681a      	ldr	r2, [r3, #0]
 80028dc:	f442 2200 	orr.w	r2, r2, #524288	@ 0x80000
 80028e0:	601a      	str	r2, [r3, #0]
 80028e2:	f8d3 2080 	ldr.w	r2, [r3, #128]	@ 0x80
 80028e6:	f442 2200 	orr.w	r2, r2, #524288	@ 0x80000
 80028ea:	f8c3 2080 	str.w	r2, [r3, #128]	@ 0x80
 80028ee:	2800      	cmp	r0, #0
 80028f0:	d13f      	bne.n	8002972 <HW_TS_Init+0x112>
 80028f2:	4b2b      	ldr	r3, [pc, #172]	@ (80029a0 <HW_TS_Init+0x140>)
 80028f4:	2201      	movs	r2, #1
 80028f6:	701a      	strb	r2, [r3, #0]
 80028f8:	4b2a      	ldr	r3, [pc, #168]	@ (80029a4 <HW_TS_Init+0x144>)
 80028fa:	f04f 32ff 	mov.w	r2, #4294967295
 80028fe:	601a      	str	r2, [r3, #0]
 8002900:	e00e      	b.n	8002920 <HW_TS_Init+0xc0>
 8002902:	2120      	movs	r1, #32
 8002904:	e7cb      	b.n	800289e <HW_TS_Init+0x3e>
 8002906:	b29b      	uxth	r3, r3
 8002908:	4a23      	ldr	r2, [pc, #140]	@ (8002998 <HW_TS_Init+0x138>)
 800290a:	8013      	strh	r3, [r2, #0]
 800290c:	e7e4      	b.n	80028d8 <HW_TS_Init+0x78>
 800290e:	eb00 0240 	add.w	r2, r0, r0, lsl #1
 8002912:	4b25      	ldr	r3, [pc, #148]	@ (80029a8 <HW_TS_Init+0x148>)
 8002914:	eb03 03c2 	add.w	r3, r3, r2, lsl #3
 8002918:	2200      	movs	r2, #0
 800291a:	731a      	strb	r2, [r3, #12]
 800291c:	3001      	adds	r0, #1
 800291e:	b2c0      	uxtb	r0, r0
 8002920:	2805      	cmp	r0, #5
 8002922:	d9f4      	bls.n	800290e <HW_TS_Init+0xae>
 8002924:	4b21      	ldr	r3, [pc, #132]	@ (80029ac <HW_TS_Init+0x14c>)
 8002926:	2206      	movs	r2, #6
 8002928:	701a      	strb	r2, [r3, #0]
 800292a:	4c17      	ldr	r4, [pc, #92]	@ (8002988 <HW_TS_Init+0x128>)
 800292c:	6822      	ldr	r2, [r4, #0]
 800292e:	6893      	ldr	r3, [r2, #8]
 8002930:	f423 6380 	bic.w	r3, r3, #1024	@ 0x400
 8002934:	6093      	str	r3, [r2, #8]
 8002936:	68d3      	ldr	r3, [r2, #12]
 8002938:	b2db      	uxtb	r3, r3
 800293a:	f463 6390 	orn	r3, r3, #1152	@ 0x480
 800293e:	60d3      	str	r3, [r2, #12]
 8002940:	4b16      	ldr	r3, [pc, #88]	@ (800299c <HW_TS_Init+0x13c>)
 8002942:	f44f 2200 	mov.w	r2, #524288	@ 0x80000
 8002946:	60da      	str	r2, [r3, #12]
 8002948:	2003      	movs	r0, #3
 800294a:	f002 fe87 	bl	800565c <HAL_NVIC_ClearPendingIRQ>
 800294e:	6822      	ldr	r2, [r4, #0]
 8002950:	6893      	ldr	r3, [r2, #8]
 8002952:	f443 4380 	orr.w	r3, r3, #16384	@ 0x4000
 8002956:	6093      	str	r3, [r2, #8]
 8002958:	4b0b      	ldr	r3, [pc, #44]	@ (8002988 <HW_TS_Init+0x128>)
 800295a:	681b      	ldr	r3, [r3, #0]
 800295c:	22ff      	movs	r2, #255	@ 0xff
 800295e:	625a      	str	r2, [r3, #36]	@ 0x24
 8002960:	2200      	movs	r2, #0
 8002962:	2103      	movs	r1, #3
 8002964:	4608      	mov	r0, r1
 8002966:	f002 fe3f 	bl	80055e8 <HAL_NVIC_SetPriority>
 800296a:	2003      	movs	r0, #3
 800296c:	f002 fe4c 	bl	8005608 <HAL_NVIC_EnableIRQ>
 8002970:	bd10      	pop	{r4, pc}
 8002972:	4b05      	ldr	r3, [pc, #20]	@ (8002988 <HW_TS_Init+0x128>)
 8002974:	681b      	ldr	r3, [r3, #0]
 8002976:	68db      	ldr	r3, [r3, #12]
 8002978:	f413 6f80 	tst.w	r3, #1024	@ 0x400
 800297c:	d0ec      	beq.n	8002958 <HW_TS_Init+0xf8>
 800297e:	2003      	movs	r0, #3
 8002980:	f002 fe5e 	bl	8005640 <HAL_NVIC_SetPendingIRQ>
 8002984:	e7e8      	b.n	8002958 <HW_TS_Init+0xf8>
 8002986:	bf00      	nop
 8002988:	2000054c 	.word	0x2000054c
 800298c:	40002800 	.word	0x40002800
 8002990:	2000035d 	.word	0x2000035d
 8002994:	2000035c 	.word	0x2000035c
 8002998:	20000358 	.word	0x20000358
 800299c:	58000800 	.word	0x58000800
 80029a0:	2000035e 	.word	0x2000035e
 80029a4:	20000360 	.word	0x20000360
 80029a8:	20000368 	.word	0x20000368
 80029ac:	20000365 	.word	0x20000365
 80029b0:	2000035a 	.word	0x2000035a

080029b4 <HW_TS_Stop>:
 80029b4:	b538      	push	{r3, r4, r5, lr}
 80029b6:	4604      	mov	r4, r0
 80029b8:	f3ef 8310 	mrs	r3, PRIMASK
 80029bc:	461d      	mov	r5, r3
 80029be:	b672      	cpsid	i
 80029c0:	2003      	movs	r0, #3
 80029c2:	f002 fe25 	bl	8005610 <HAL_NVIC_DisableIRQ>
 80029c6:	4b25      	ldr	r3, [pc, #148]	@ (8002a5c <HW_TS_Stop+0xa8>)
 80029c8:	681b      	ldr	r3, [r3, #0]
 80029ca:	22ca      	movs	r2, #202	@ 0xca
 80029cc:	625a      	str	r2, [r3, #36]	@ 0x24
 80029ce:	2253      	movs	r2, #83	@ 0x53
 80029d0:	625a      	str	r2, [r3, #36]	@ 0x24
 80029d2:	eb04 0244 	add.w	r2, r4, r4, lsl #1
 80029d6:	4b22      	ldr	r3, [pc, #136]	@ (8002a60 <HW_TS_Stop+0xac>)
 80029d8:	eb03 03c2 	add.w	r3, r3, r2, lsl #3
 80029dc:	7b1b      	ldrb	r3, [r3, #12]
 80029de:	2b02      	cmp	r3, #2
 80029e0:	d009      	beq.n	80029f6 <HW_TS_Stop+0x42>
 80029e2:	4b1e      	ldr	r3, [pc, #120]	@ (8002a5c <HW_TS_Stop+0xa8>)
 80029e4:	681b      	ldr	r3, [r3, #0]
 80029e6:	22ff      	movs	r2, #255	@ 0xff
 80029e8:	625a      	str	r2, [r3, #36]	@ 0x24
 80029ea:	2003      	movs	r0, #3
 80029ec:	f002 fe0c 	bl	8005608 <HAL_NVIC_EnableIRQ>
 80029f0:	f385 8810 	msr	PRIMASK, r5
 80029f4:	bd38      	pop	{r3, r4, r5, pc}
 80029f6:	2100      	movs	r1, #0
 80029f8:	4620      	mov	r0, r4
 80029fa:	f7ff fd9d 	bl	8002538 <UnlinkTimer>
 80029fe:	4b19      	ldr	r3, [pc, #100]	@ (8002a64 <HW_TS_Stop+0xb0>)
 8002a00:	781b      	ldrb	r3, [r3, #0]
 8002a02:	b2da      	uxtb	r2, r3
 8002a04:	2b06      	cmp	r3, #6
 8002a06:	d006      	beq.n	8002a16 <HW_TS_Stop+0x62>
 8002a08:	4b17      	ldr	r3, [pc, #92]	@ (8002a68 <HW_TS_Stop+0xb4>)
 8002a0a:	781b      	ldrb	r3, [r3, #0]
 8002a0c:	4293      	cmp	r3, r2
 8002a0e:	d0e8      	beq.n	80029e2 <HW_TS_Stop+0x2e>
 8002a10:	f7ff febc 	bl	800278c <RescheduleTimerList>
 8002a14:	e7e5      	b.n	80029e2 <HW_TS_Stop+0x2e>
 8002a16:	4b15      	ldr	r3, [pc, #84]	@ (8002a6c <HW_TS_Stop+0xb8>)
 8002a18:	689b      	ldr	r3, [r3, #8]
 8002a1a:	f413 6f80 	tst.w	r3, #1024	@ 0x400
 8002a1e:	d005      	beq.n	8002a2c <HW_TS_Stop+0x78>
 8002a20:	4b0e      	ldr	r3, [pc, #56]	@ (8002a5c <HW_TS_Stop+0xa8>)
 8002a22:	681b      	ldr	r3, [r3, #0]
 8002a24:	68db      	ldr	r3, [r3, #12]
 8002a26:	f013 0f04 	tst.w	r3, #4
 8002a2a:	d1f9      	bne.n	8002a20 <HW_TS_Stop+0x6c>
 8002a2c:	4b0b      	ldr	r3, [pc, #44]	@ (8002a5c <HW_TS_Stop+0xa8>)
 8002a2e:	681a      	ldr	r2, [r3, #0]
 8002a30:	6893      	ldr	r3, [r2, #8]
 8002a32:	f423 6380 	bic.w	r3, r3, #1024	@ 0x400
 8002a36:	6093      	str	r3, [r2, #8]
 8002a38:	68d3      	ldr	r3, [r2, #12]
 8002a3a:	f013 0f04 	tst.w	r3, #4
 8002a3e:	d0fb      	beq.n	8002a38 <HW_TS_Stop+0x84>
 8002a40:	68d3      	ldr	r3, [r2, #12]
 8002a42:	b2db      	uxtb	r3, r3
 8002a44:	f463 6390 	orn	r3, r3, #1152	@ 0x480
 8002a48:	60d3      	str	r3, [r2, #12]
 8002a4a:	4b09      	ldr	r3, [pc, #36]	@ (8002a70 <HW_TS_Stop+0xbc>)
 8002a4c:	f44f 2200 	mov.w	r2, #524288	@ 0x80000
 8002a50:	60da      	str	r2, [r3, #12]
 8002a52:	2003      	movs	r0, #3
 8002a54:	f002 fe02 	bl	800565c <HAL_NVIC_ClearPendingIRQ>
 8002a58:	e7c3      	b.n	80029e2 <HW_TS_Stop+0x2e>
 8002a5a:	bf00      	nop
 8002a5c:	2000054c 	.word	0x2000054c
 8002a60:	20000368 	.word	0x20000368
 8002a64:	20000365 	.word	0x20000365
 8002a68:	20000364 	.word	0x20000364
 8002a6c:	40002800 	.word	0x40002800
 8002a70:	58000800 	.word	0x58000800

08002a74 <HW_TS_Start>:
 8002a74:	b570      	push	{r4, r5, r6, lr}
 8002a76:	4604      	mov	r4, r0
 8002a78:	460d      	mov	r5, r1
 8002a7a:	eb00 0240 	add.w	r2, r0, r0, lsl #1
 8002a7e:	4b20      	ldr	r3, [pc, #128]	@ (8002b00 <HW_TS_Start+0x8c>)
 8002a80:	eb03 03c2 	add.w	r3, r3, r2, lsl #3
 8002a84:	7b1b      	ldrb	r3, [r3, #12]
 8002a86:	2b02      	cmp	r3, #2
 8002a88:	d034      	beq.n	8002af4 <HW_TS_Start+0x80>
 8002a8a:	f3ef 8310 	mrs	r3, PRIMASK
 8002a8e:	461e      	mov	r6, r3
 8002a90:	b672      	cpsid	i
 8002a92:	2003      	movs	r0, #3
 8002a94:	f002 fdbc 	bl	8005610 <HAL_NVIC_DisableIRQ>
 8002a98:	4b1a      	ldr	r3, [pc, #104]	@ (8002b04 <HW_TS_Start+0x90>)
 8002a9a:	681b      	ldr	r3, [r3, #0]
 8002a9c:	22ca      	movs	r2, #202	@ 0xca
 8002a9e:	625a      	str	r2, [r3, #36]	@ 0x24
 8002aa0:	2253      	movs	r2, #83	@ 0x53
 8002aa2:	625a      	str	r2, [r3, #36]	@ 0x24
 8002aa4:	eb04 0244 	add.w	r2, r4, r4, lsl #1
 8002aa8:	4b15      	ldr	r3, [pc, #84]	@ (8002b00 <HW_TS_Start+0x8c>)
 8002aaa:	eb03 03c2 	add.w	r3, r3, r2, lsl #3
 8002aae:	2202      	movs	r2, #2
 8002ab0:	731a      	strb	r2, [r3, #12]
 8002ab2:	609d      	str	r5, [r3, #8]
 8002ab4:	605d      	str	r5, [r3, #4]
 8002ab6:	4620      	mov	r0, r4
 8002ab8:	f7ff fdb6 	bl	8002628 <linkTimer>
 8002abc:	4b12      	ldr	r3, [pc, #72]	@ (8002b08 <HW_TS_Start+0x94>)
 8002abe:	781b      	ldrb	r3, [r3, #0]
 8002ac0:	4a12      	ldr	r2, [pc, #72]	@ (8002b0c <HW_TS_Start+0x98>)
 8002ac2:	7812      	ldrb	r2, [r2, #0]
 8002ac4:	429a      	cmp	r2, r3
 8002ac6:	d118      	bne.n	8002afa <HW_TS_Start+0x86>
 8002ac8:	4b0d      	ldr	r3, [pc, #52]	@ (8002b00 <HW_TS_Start+0x8c>)
 8002aca:	eb04 0244 	add.w	r2, r4, r4, lsl #1
 8002ace:	eb03 02c2 	add.w	r2, r3, r2, lsl #3
 8002ad2:	6892      	ldr	r2, [r2, #8]
 8002ad4:	1a12      	subs	r2, r2, r0
 8002ad6:	eb04 0444 	add.w	r4, r4, r4, lsl #1
 8002ada:	eb03 03c4 	add.w	r3, r3, r4, lsl #3
 8002ade:	609a      	str	r2, [r3, #8]
 8002ae0:	4b08      	ldr	r3, [pc, #32]	@ (8002b04 <HW_TS_Start+0x90>)
 8002ae2:	681b      	ldr	r3, [r3, #0]
 8002ae4:	22ff      	movs	r2, #255	@ 0xff
 8002ae6:	625a      	str	r2, [r3, #36]	@ 0x24
 8002ae8:	2003      	movs	r0, #3
 8002aea:	f002 fd8d 	bl	8005608 <HAL_NVIC_EnableIRQ>
 8002aee:	f386 8810 	msr	PRIMASK, r6
 8002af2:	bd70      	pop	{r4, r5, r6, pc}
 8002af4:	f7ff ff5e 	bl	80029b4 <HW_TS_Stop>
 8002af8:	e7c7      	b.n	8002a8a <HW_TS_Start+0x16>
 8002afa:	f7ff fe47 	bl	800278c <RescheduleTimerList>
 8002afe:	e7ef      	b.n	8002ae0 <HW_TS_Start+0x6c>
 8002b00:	20000368 	.word	0x20000368
 8002b04:	2000054c 	.word	0x2000054c
 8002b08:	20000365 	.word	0x20000365
 8002b0c:	20000364 	.word	0x20000364

08002b10 <HW_TS_RTC_Int_AppNot>:
 8002b10:	b508      	push	{r3, lr}
 8002b12:	4790      	blx	r2
 8002b14:	bd08      	pop	{r3, pc}
	...

08002b18 <HW_TS_RTC_Wakeup_Handler>:
 8002b18:	b5f8      	push	{r3, r4, r5, r6, r7, lr}
 8002b1a:	f3ef 8310 	mrs	r3, PRIMASK
 8002b1e:	461d      	mov	r5, r3
 8002b20:	b672      	cpsid	i
 8002b22:	4b35      	ldr	r3, [pc, #212]	@ (8002bf8 <HW_TS_RTC_Wakeup_Handler+0xe0>)
 8002b24:	681b      	ldr	r3, [r3, #0]
 8002b26:	22ca      	movs	r2, #202	@ 0xca
 8002b28:	625a      	str	r2, [r3, #36]	@ 0x24
 8002b2a:	2253      	movs	r2, #83	@ 0x53
 8002b2c:	625a      	str	r2, [r3, #36]	@ 0x24
 8002b2e:	689a      	ldr	r2, [r3, #8]
 8002b30:	f422 6280 	bic.w	r2, r2, #1024	@ 0x400
 8002b34:	609a      	str	r2, [r3, #8]
 8002b36:	4a31      	ldr	r2, [pc, #196]	@ (8002bfc <HW_TS_RTC_Wakeup_Handler+0xe4>)
 8002b38:	7812      	ldrb	r2, [r2, #0]
 8002b3a:	b2d4      	uxtb	r4, r2
 8002b3c:	eb02 0242 	add.w	r2, r2, r2, lsl #1
 8002b40:	492f      	ldr	r1, [pc, #188]	@ (8002c00 <HW_TS_RTC_Wakeup_Handler+0xe8>)
 8002b42:	eb01 02c2 	add.w	r2, r1, r2, lsl #3
 8002b46:	7b12      	ldrb	r2, [r2, #12]
 8002b48:	2a02      	cmp	r2, #2
 8002b4a:	d013      	beq.n	8002b74 <HW_TS_RTC_Wakeup_Handler+0x5c>
 8002b4c:	68da      	ldr	r2, [r3, #12]
 8002b4e:	f012 0f04 	tst.w	r2, #4
 8002b52:	d0fb      	beq.n	8002b4c <HW_TS_RTC_Wakeup_Handler+0x34>
 8002b54:	68da      	ldr	r2, [r3, #12]
 8002b56:	b2d2      	uxtb	r2, r2
 8002b58:	f462 6290 	orn	r2, r2, #1152	@ 0x480
 8002b5c:	60da      	str	r2, [r3, #12]
 8002b5e:	4b29      	ldr	r3, [pc, #164]	@ (8002c04 <HW_TS_RTC_Wakeup_Handler+0xec>)
 8002b60:	f44f 2200 	mov.w	r2, #524288	@ 0x80000
 8002b64:	60da      	str	r2, [r3, #12]
 8002b66:	f385 8810 	msr	PRIMASK, r5
 8002b6a:	4b23      	ldr	r3, [pc, #140]	@ (8002bf8 <HW_TS_RTC_Wakeup_Handler+0xe0>)
 8002b6c:	681b      	ldr	r3, [r3, #0]
 8002b6e:	22ff      	movs	r2, #255	@ 0xff
 8002b70:	625a      	str	r2, [r3, #36]	@ 0x24
 8002b72:	bdf8      	pop	{r3, r4, r5, r6, r7, pc}
 8002b74:	460a      	mov	r2, r1
 8002b76:	eb04 0344 	add.w	r3, r4, r4, lsl #1
 8002b7a:	00d9      	lsls	r1, r3, #3
 8002b7c:	eb02 03c3 	add.w	r3, r2, r3, lsl #3
 8002b80:	5852      	ldr	r2, [r2, r1]
 8002b82:	4616      	mov	r6, r2
 8002b84:	691b      	ldr	r3, [r3, #16]
 8002b86:	461f      	mov	r7, r3
 8002b88:	4b1f      	ldr	r3, [pc, #124]	@ (8002c08 <HW_TS_RTC_Wakeup_Handler+0xf0>)
 8002b8a:	781b      	ldrb	r3, [r3, #0]
 8002b8c:	b373      	cbz	r3, 8002bec <HW_TS_RTC_Wakeup_Handler+0xd4>
 8002b8e:	eb04 0244 	add.w	r2, r4, r4, lsl #1
 8002b92:	4b1b      	ldr	r3, [pc, #108]	@ (8002c00 <HW_TS_RTC_Wakeup_Handler+0xe8>)
 8002b94:	eb03 03c2 	add.w	r3, r3, r2, lsl #3
 8002b98:	7b5b      	ldrb	r3, [r3, #13]
 8002b9a:	2b01      	cmp	r3, #1
 8002b9c:	d010      	beq.n	8002bc0 <HW_TS_RTC_Wakeup_Handler+0xa8>
 8002b9e:	f385 8810 	msr	PRIMASK, r5
 8002ba2:	4620      	mov	r0, r4
 8002ba4:	f7ff ff06 	bl	80029b4 <HW_TS_Stop>
 8002ba8:	4b13      	ldr	r3, [pc, #76]	@ (8002bf8 <HW_TS_RTC_Wakeup_Handler+0xe0>)
 8002baa:	681b      	ldr	r3, [r3, #0]
 8002bac:	22ca      	movs	r2, #202	@ 0xca
 8002bae:	625a      	str	r2, [r3, #36]	@ 0x24
 8002bb0:	2253      	movs	r2, #83	@ 0x53
 8002bb2:	625a      	str	r2, [r3, #36]	@ 0x24
 8002bb4:	4632      	mov	r2, r6
 8002bb6:	4621      	mov	r1, r4
 8002bb8:	4638      	mov	r0, r7
 8002bba:	f7ff ffa9 	bl	8002b10 <HW_TS_RTC_Int_AppNot>
 8002bbe:	e7d4      	b.n	8002b6a <HW_TS_RTC_Wakeup_Handler+0x52>
 8002bc0:	2101      	movs	r1, #1
 8002bc2:	4620      	mov	r0, r4
 8002bc4:	f7ff fcb8 	bl	8002538 <UnlinkTimer>
 8002bc8:	f385 8810 	msr	PRIMASK, r5
 8002bcc:	eb04 0244 	add.w	r2, r4, r4, lsl #1
 8002bd0:	4b0b      	ldr	r3, [pc, #44]	@ (8002c00 <HW_TS_RTC_Wakeup_Handler+0xe8>)
 8002bd2:	eb03 03c2 	add.w	r3, r3, r2, lsl #3
 8002bd6:	6859      	ldr	r1, [r3, #4]
 8002bd8:	4620      	mov	r0, r4
 8002bda:	f7ff ff4b 	bl	8002a74 <HW_TS_Start>
 8002bde:	4b06      	ldr	r3, [pc, #24]	@ (8002bf8 <HW_TS_RTC_Wakeup_Handler+0xe0>)
 8002be0:	681b      	ldr	r3, [r3, #0]
 8002be2:	22ca      	movs	r2, #202	@ 0xca
 8002be4:	625a      	str	r2, [r3, #36]	@ 0x24
 8002be6:	2253      	movs	r2, #83	@ 0x53
 8002be8:	625a      	str	r2, [r3, #36]	@ 0x24
 8002bea:	e7e3      	b.n	8002bb4 <HW_TS_RTC_Wakeup_Handler+0x9c>
 8002bec:	f7ff fdce 	bl	800278c <RescheduleTimerList>
 8002bf0:	f385 8810 	msr	PRIMASK, r5
 8002bf4:	e7b9      	b.n	8002b6a <HW_TS_RTC_Wakeup_Handler+0x52>
 8002bf6:	bf00      	nop
 8002bf8:	2000054c 	.word	0x2000054c
 8002bfc:	20000365 	.word	0x20000365
 8002c00:	20000368 	.word	0x20000368
 8002c04:	58000800 	.word	0x58000800
 8002c08:	2000035e 	.word	0x2000035e

08002c0c <MX_I2C1_Init>:
 8002c0c:	b508      	push	{r3, lr}
 8002c0e:	4812      	ldr	r0, [pc, #72]	@ (8002c58 <MX_I2C1_Init+0x4c>)
 8002c10:	4b12      	ldr	r3, [pc, #72]	@ (8002c5c <MX_I2C1_Init+0x50>)
 8002c12:	6003      	str	r3, [r0, #0]
 8002c14:	4b12      	ldr	r3, [pc, #72]	@ (8002c60 <MX_I2C1_Init+0x54>)
 8002c16:	6043      	str	r3, [r0, #4]
 8002c18:	2300      	movs	r3, #0
 8002c1a:	6083      	str	r3, [r0, #8]
 8002c1c:	2201      	movs	r2, #1
 8002c1e:	60c2      	str	r2, [r0, #12]
 8002c20:	6103      	str	r3, [r0, #16]
 8002c22:	6143      	str	r3, [r0, #20]
 8002c24:	6183      	str	r3, [r0, #24]
 8002c26:	61c3      	str	r3, [r0, #28]
 8002c28:	6203      	str	r3, [r0, #32]
 8002c2a:	f002 fe13 	bl	8005854 <HAL_I2C_Init>
 8002c2e:	b950      	cbnz	r0, 8002c46 <MX_I2C1_Init+0x3a>
 8002c30:	2100      	movs	r1, #0
 8002c32:	4809      	ldr	r0, [pc, #36]	@ (8002c58 <MX_I2C1_Init+0x4c>)
 8002c34:	f002 fe72 	bl	800591c <HAL_I2CEx_ConfigAnalogFilter>
 8002c38:	b940      	cbnz	r0, 8002c4c <MX_I2C1_Init+0x40>
 8002c3a:	2100      	movs	r1, #0
 8002c3c:	4806      	ldr	r0, [pc, #24]	@ (8002c58 <MX_I2C1_Init+0x4c>)
 8002c3e:	f002 fe9a 	bl	8005976 <HAL_I2CEx_ConfigDigitalFilter>
 8002c42:	b930      	cbnz	r0, 8002c52 <MX_I2C1_Init+0x46>
 8002c44:	bd08      	pop	{r3, pc}
 8002c46:	f000 f889 	bl	8002d5c <Error_Handler>
 8002c4a:	e7f1      	b.n	8002c30 <MX_I2C1_Init+0x24>
 8002c4c:	f000 f886 	bl	8002d5c <Error_Handler>
 8002c50:	e7f3      	b.n	8002c3a <MX_I2C1_Init+0x2e>
 8002c52:	f000 f883 	bl	8002d5c <Error_Handler>
 8002c56:	e7f5      	b.n	8002c44 <MX_I2C1_Init+0x38>
 8002c58:	200003f8 	.word	0x200003f8
 8002c5c:	40005400 	.word	0x40005400
 8002c60:	10b17db5 	.word	0x10b17db5

08002c64 <HAL_I2C_MspInit>:
 8002c64:	b510      	push	{r4, lr}
 8002c66:	b09c      	sub	sp, #112	@ 0x70
 8002c68:	4604      	mov	r4, r0
 8002c6a:	2100      	movs	r1, #0
 8002c6c:	9117      	str	r1, [sp, #92]	@ 0x5c
 8002c6e:	9118      	str	r1, [sp, #96]	@ 0x60
 8002c70:	9119      	str	r1, [sp, #100]	@ 0x64
 8002c72:	911a      	str	r1, [sp, #104]	@ 0x68
 8002c74:	911b      	str	r1, [sp, #108]	@ 0x6c
 8002c76:	2250      	movs	r2, #80	@ 0x50
 8002c78:	a803      	add	r0, sp, #12
 8002c7a:	f009 fd89 	bl	800c790 <memset>
 8002c7e:	6822      	ldr	r2, [r4, #0]
 8002c80:	4b19      	ldr	r3, [pc, #100]	@ (8002ce8 <HAL_I2C_MspInit+0x84>)
 8002c82:	429a      	cmp	r2, r3
 8002c84:	d001      	beq.n	8002c8a <HAL_I2C_MspInit+0x26>
 8002c86:	b01c      	add	sp, #112	@ 0x70
 8002c88:	bd10      	pop	{r4, pc}
 8002c8a:	2304      	movs	r3, #4
 8002c8c:	9303      	str	r3, [sp, #12]
 8002c8e:	f44f 3340 	mov.w	r3, #196608	@ 0x30000
 8002c92:	930b      	str	r3, [sp, #44]	@ 0x2c
 8002c94:	a803      	add	r0, sp, #12
 8002c96:	f004 fdbc 	bl	8007812 <HAL_RCCEx_PeriphCLKConfig>
 8002c9a:	bb10      	cbnz	r0, 8002ce2 <HAL_I2C_MspInit+0x7e>
 8002c9c:	f04f 44b0 	mov.w	r4, #1476395008	@ 0x58000000
 8002ca0:	6ce3      	ldr	r3, [r4, #76]	@ 0x4c
 8002ca2:	f043 0302 	orr.w	r3, r3, #2
 8002ca6:	64e3      	str	r3, [r4, #76]	@ 0x4c
 8002ca8:	6ce3      	ldr	r3, [r4, #76]	@ 0x4c
 8002caa:	f003 0302 	and.w	r3, r3, #2
 8002cae:	9302      	str	r3, [sp, #8]
 8002cb0:	9b02      	ldr	r3, [sp, #8]
 8002cb2:	f44f 7340 	mov.w	r3, #768	@ 0x300
 8002cb6:	9317      	str	r3, [sp, #92]	@ 0x5c
 8002cb8:	2312      	movs	r3, #18
 8002cba:	9318      	str	r3, [sp, #96]	@ 0x60
 8002cbc:	2300      	movs	r3, #0
 8002cbe:	9319      	str	r3, [sp, #100]	@ 0x64
 8002cc0:	931a      	str	r3, [sp, #104]	@ 0x68
 8002cc2:	2304      	movs	r3, #4
 8002cc4:	931b      	str	r3, [sp, #108]	@ 0x6c
 8002cc6:	a917      	add	r1, sp, #92	@ 0x5c
 8002cc8:	4808      	ldr	r0, [pc, #32]	@ (8002cec <HAL_I2C_MspInit+0x88>)
 8002cca:	f002 fcd5 	bl	8005678 <HAL_GPIO_Init>
 8002cce:	6da3      	ldr	r3, [r4, #88]	@ 0x58
 8002cd0:	f443 1300 	orr.w	r3, r3, #2097152	@ 0x200000
 8002cd4:	65a3      	str	r3, [r4, #88]	@ 0x58
 8002cd6:	6da3      	ldr	r3, [r4, #88]	@ 0x58
 8002cd8:	f403 1300 	and.w	r3, r3, #2097152	@ 0x200000
 8002cdc:	9301      	str	r3, [sp, #4]
 8002cde:	9b01      	ldr	r3, [sp, #4]
 8002ce0:	e7d1      	b.n	8002c86 <HAL_I2C_MspInit+0x22>
 8002ce2:	f000 f83b 	bl	8002d5c <Error_Handler>
 8002ce6:	e7d9      	b.n	8002c9c <HAL_I2C_MspInit+0x38>
 8002ce8:	40005400 	.word	0x40005400
 8002cec:	48000400 	.word	0x48000400

08002cf0 <MX_IPCC_Init>:
 8002cf0:	b508      	push	{r3, lr}
 8002cf2:	4805      	ldr	r0, [pc, #20]	@ (8002d08 <MX_IPCC_Init+0x18>)
 8002cf4:	4b05      	ldr	r3, [pc, #20]	@ (8002d0c <MX_IPCC_Init+0x1c>)
 8002cf6:	6003      	str	r3, [r0, #0]
 8002cf8:	f002 fe86 	bl	8005a08 <HAL_IPCC_Init>
 8002cfc:	b900      	cbnz	r0, 8002d00 <MX_IPCC_Init+0x10>
 8002cfe:	bd08      	pop	{r3, pc}
 8002d00:	f000 f82c 	bl	8002d5c <Error_Handler>
 8002d04:	e7fb      	b.n	8002cfe <MX_IPCC_Init+0xe>
 8002d06:	bf00      	nop
 8002d08:	2000044c 	.word	0x2000044c
 8002d0c:	58000c00 	.word	0x58000c00

08002d10 <HAL_IPCC_MspInit>:
 8002d10:	6802      	ldr	r2, [r0, #0]
 8002d12:	4b11      	ldr	r3, [pc, #68]	@ (8002d58 <HAL_IPCC_MspInit+0x48>)
 8002d14:	429a      	cmp	r2, r3
 8002d16:	d000      	beq.n	8002d1a <HAL_IPCC_MspInit+0xa>
 8002d18:	4770      	bx	lr
 8002d1a:	b500      	push	{lr}
 8002d1c:	b083      	sub	sp, #12
 8002d1e:	f04f 43b0 	mov.w	r3, #1476395008	@ 0x58000000
 8002d22:	6d1a      	ldr	r2, [r3, #80]	@ 0x50
 8002d24:	f442 1280 	orr.w	r2, r2, #1048576	@ 0x100000
 8002d28:	651a      	str	r2, [r3, #80]	@ 0x50
 8002d2a:	6d1b      	ldr	r3, [r3, #80]	@ 0x50
 8002d2c:	f403 1380 	and.w	r3, r3, #1048576	@ 0x100000
 8002d30:	9301      	str	r3, [sp, #4]
 8002d32:	9b01      	ldr	r3, [sp, #4]
 8002d34:	2200      	movs	r2, #0
 8002d36:	4611      	mov	r1, r2
 8002d38:	202c      	movs	r0, #44	@ 0x2c
 8002d3a:	f002 fc55 	bl	80055e8 <HAL_NVIC_SetPriority>
 8002d3e:	202c      	movs	r0, #44	@ 0x2c
 8002d40:	f002 fc62 	bl	8005608 <HAL_NVIC_EnableIRQ>
 8002d44:	2200      	movs	r2, #0
 8002d46:	4611      	mov	r1, r2
 8002d48:	202d      	movs	r0, #45	@ 0x2d
 8002d4a:	f002 fc4d 	bl	80055e8 <HAL_NVIC_SetPriority>
 8002d4e:	202d      	movs	r0, #45	@ 0x2d
 8002d50:	f002 fc5a 	bl	8005608 <HAL_NVIC_EnableIRQ>
 8002d54:	b003      	add	sp, #12
 8002d56:	bd00      	pop	{pc}
 8002d58:	58000c00 	.word	0x58000c00

08002d5c <Error_Handler>:
 8002d5c:	b672      	cpsid	i
 8002d5e:	e7fe      	b.n	8002d5e <Error_Handler+0x2>

08002d60 <SystemClock_Config>:
 8002d60:	b530      	push	{r4, r5, lr}
 8002d62:	b09b      	sub	sp, #108	@ 0x6c
 8002d64:	ad08      	add	r5, sp, #32
 8002d66:	2248      	movs	r2, #72	@ 0x48
 8002d68:	2100      	movs	r1, #0
 8002d6a:	4628      	mov	r0, r5
 8002d6c:	f009 fd10 	bl	800c790 <memset>
 8002d70:	2400      	movs	r4, #0
 8002d72:	9401      	str	r4, [sp, #4]
 8002d74:	9402      	str	r4, [sp, #8]
 8002d76:	9403      	str	r4, [sp, #12]
 8002d78:	9404      	str	r4, [sp, #16]
 8002d7a:	9405      	str	r4, [sp, #20]
 8002d7c:	9406      	str	r4, [sp, #24]
 8002d7e:	9407      	str	r4, [sp, #28]
 8002d80:	f003 fe6e 	bl	8006a60 <HAL_PWR_EnableBkUpAccess>
 8002d84:	f04f 42b0 	mov.w	r2, #1476395008	@ 0x58000000
 8002d88:	f8d2 3090 	ldr.w	r3, [r2, #144]	@ 0x90
 8002d8c:	f023 0318 	bic.w	r3, r3, #24
 8002d90:	f043 0310 	orr.w	r3, r3, #16
 8002d94:	f8c2 3090 	str.w	r3, [r2, #144]	@ 0x90
 8002d98:	f502 6280 	add.w	r2, r2, #1024	@ 0x400
 8002d9c:	6813      	ldr	r3, [r2, #0]
 8002d9e:	f423 63c0 	bic.w	r3, r3, #1536	@ 0x600
 8002da2:	f443 7300 	orr.w	r3, r3, #512	@ 0x200
 8002da6:	6013      	str	r3, [r2, #0]
 8002da8:	6813      	ldr	r3, [r2, #0]
 8002daa:	f403 63c0 	and.w	r3, r3, #1536	@ 0x600
 8002dae:	9300      	str	r3, [sp, #0]
 8002db0:	9b00      	ldr	r3, [sp, #0]
 8002db2:	232f      	movs	r3, #47	@ 0x2f
 8002db4:	9308      	str	r3, [sp, #32]
 8002db6:	f44f 3380 	mov.w	r3, #65536	@ 0x10000
 8002dba:	9309      	str	r3, [sp, #36]	@ 0x24
 8002dbc:	2301      	movs	r3, #1
 8002dbe:	930a      	str	r3, [sp, #40]	@ 0x28
 8002dc0:	f44f 7280 	mov.w	r2, #256	@ 0x100
 8002dc4:	920b      	str	r2, [sp, #44]	@ 0x2c
 8002dc6:	930f      	str	r3, [sp, #60]	@ 0x3c
 8002dc8:	2240      	movs	r2, #64	@ 0x40
 8002dca:	920c      	str	r2, [sp, #48]	@ 0x30
 8002dcc:	9410      	str	r4, [sp, #64]	@ 0x40
 8002dce:	2260      	movs	r2, #96	@ 0x60
 8002dd0:	9211      	str	r2, [sp, #68]	@ 0x44
 8002dd2:	2205      	movs	r2, #5
 8002dd4:	920d      	str	r2, [sp, #52]	@ 0x34
 8002dd6:	2202      	movs	r2, #2
 8002dd8:	9213      	str	r2, [sp, #76]	@ 0x4c
 8002dda:	9314      	str	r3, [sp, #80]	@ 0x50
 8002ddc:	9415      	str	r4, [sp, #84]	@ 0x54
 8002dde:	2320      	movs	r3, #32
 8002de0:	9316      	str	r3, [sp, #88]	@ 0x58
 8002de2:	f44f 3300 	mov.w	r3, #131072	@ 0x20000
 8002de6:	9317      	str	r3, [sp, #92]	@ 0x5c
 8002de8:	f04f 5300 	mov.w	r3, #536870912	@ 0x20000000
 8002dec:	9319      	str	r3, [sp, #100]	@ 0x64
 8002dee:	f04f 7300 	mov.w	r3, #33554432	@ 0x2000000
 8002df2:	9318      	str	r3, [sp, #96]	@ 0x60
 8002df4:	4628      	mov	r0, r5
 8002df6:	f003 ff43 	bl	8006c80 <HAL_RCC_OscConfig>
 8002dfa:	b988      	cbnz	r0, 8002e20 <SystemClock_Config+0xc0>
 8002dfc:	236f      	movs	r3, #111	@ 0x6f
 8002dfe:	9301      	str	r3, [sp, #4]
 8002e00:	2103      	movs	r1, #3
 8002e02:	9102      	str	r1, [sp, #8]
 8002e04:	9003      	str	r0, [sp, #12]
 8002e06:	9004      	str	r0, [sp, #16]
 8002e08:	9005      	str	r0, [sp, #20]
 8002e0a:	2280      	movs	r2, #128	@ 0x80
 8002e0c:	9206      	str	r2, [sp, #24]
 8002e0e:	9007      	str	r0, [sp, #28]
 8002e10:	a801      	add	r0, sp, #4
 8002e12:	f004 fac3 	bl	800739c <HAL_RCC_ClockConfig>
 8002e16:	b928      	cbnz	r0, 8002e24 <SystemClock_Config+0xc4>
 8002e18:	f004 fe7d 	bl	8007b16 <HAL_RCCEx_EnableMSIPLLMode>
 8002e1c:	b01b      	add	sp, #108	@ 0x6c
 8002e1e:	bd30      	pop	{r4, r5, pc}
 8002e20:	f7ff ff9c 	bl	8002d5c <Error_Handler>
 8002e24:	f7ff ff9a 	bl	8002d5c <Error_Handler>

08002e28 <PeriphCommonClock_Config>:
 8002e28:	b510      	push	{r4, lr}
 8002e2a:	b094      	sub	sp, #80	@ 0x50
 8002e2c:	2250      	movs	r2, #80	@ 0x50
 8002e2e:	2100      	movs	r1, #0
 8002e30:	4668      	mov	r0, sp
 8002e32:	f009 fcad 	bl	800c790 <memset>
 8002e36:	f44f 5354 	mov.w	r3, #13568	@ 0x3500
 8002e3a:	9300      	str	r3, [sp, #0]
 8002e3c:	2318      	movs	r3, #24
 8002e3e:	9301      	str	r3, [sp, #4]
 8002e40:	f44f 3300 	mov.w	r3, #131072	@ 0x20000
 8002e44:	9302      	str	r3, [sp, #8]
 8002e46:	f04f 7300 	mov.w	r3, #33554432	@ 0x2000000
 8002e4a:	9303      	str	r3, [sp, #12]
 8002e4c:	f04f 5300 	mov.w	r3, #536870912	@ 0x20000000
 8002e50:	9304      	str	r3, [sp, #16]
 8002e52:	f04f 5388 	mov.w	r3, #285212672	@ 0x11000000
 8002e56:	9305      	str	r3, [sp, #20]
 8002e58:	f04f 6380 	mov.w	r3, #67108864	@ 0x4000000
 8002e5c:	930d      	str	r3, [sp, #52]	@ 0x34
 8002e5e:	f04f 5380 	mov.w	r3, #268435456	@ 0x10000000
 8002e62:	930f      	str	r3, [sp, #60]	@ 0x3c
 8002e64:	f44f 4340 	mov.w	r3, #49152	@ 0xc000
 8002e68:	9311      	str	r3, [sp, #68]	@ 0x44
 8002e6a:	2310      	movs	r3, #16
 8002e6c:	9313      	str	r3, [sp, #76]	@ 0x4c
 8002e6e:	4668      	mov	r0, sp
 8002e70:	f004 fccf 	bl	8007812 <HAL_RCCEx_PeriphCLKConfig>
 8002e74:	b920      	cbnz	r0, 8002e80 <PeriphCommonClock_Config+0x58>
 8002e76:	4b03      	ldr	r3, [pc, #12]	@ (8002e84 <PeriphCommonClock_Config+0x5c>)
 8002e78:	f8d3 3094 	ldr.w	r3, [r3, #148]	@ 0x94
 8002e7c:	b014      	add	sp, #80	@ 0x50
 8002e7e:	bd10      	pop	{r4, pc}
 8002e80:	f7ff ff6c 	bl	8002d5c <Error_Handler>
 8002e84:	58001400 	.word	0x58001400

08002e88 <main>:
 8002e88:	b570      	push	{r4, r5, r6, lr}
 8002e8a:	b096      	sub	sp, #88	@ 0x58
 8002e8c:	f001 fe30 	bl	8004af0 <HAL_Init>
 8002e90:	f7fe f99a 	bl	80011c8 <MX_APPE_Config>
 8002e94:	f7ff ff64 	bl	8002d60 <SystemClock_Config>
 8002e98:	f7ff ffc6 	bl	8002e28 <PeriphCommonClock_Config>
 8002e9c:	f7ff ff28 	bl	8002cf0 <MX_IPCC_Init>
 8002ea0:	f7fe ffd2 	bl	8001e48 <MX_GPIO_Init>
 8002ea4:	f7fd feae 	bl	8000c04 <MX_ADC1_Init>
 8002ea8:	4c41      	ldr	r4, [pc, #260]	@ (8002fb0 <main+0x128>)
 8002eaa:	217f      	movs	r1, #127	@ 0x7f
 8002eac:	4620      	mov	r0, r4
 8002eae:	f002 fae3 	bl	8005478 <HAL_ADCEx_Calibration_Start>
 8002eb2:	f7ff feab 	bl	8002c0c <MX_I2C1_Init>
 8002eb6:	f007 fde1 	bl	800aa7c <MX_TIM1_Init>
 8002eba:	f007 fe67 	bl	800ab8c <MX_TIM16_Init>
 8002ebe:	f008 f807 	bl	800aed0 <MX_USART1_UART_Init>
 8002ec2:	f001 fafd 	bl	80044c0 <MX_RTC_Init>
 8002ec6:	f008 f88f 	bl	800afe8 <MX_USB_Device_Init>
 8002eca:	f001 faf7 	bl	80044bc <MX_RF_Init>
 8002ece:	f008 f88b 	bl	800afe8 <MX_USB_Device_Init>
 8002ed2:	f44f 707a 	mov.w	r0, #1000	@ 0x3e8
 8002ed6:	f7fe f99f 	bl	8001218 <HAL_Delay>
 8002eda:	210d      	movs	r1, #13
 8002edc:	4835      	ldr	r0, [pc, #212]	@ (8002fb4 <main+0x12c>)
 8002ede:	f008 fb4f 	bl	800b580 <CDC_Transmit_FS>
 8002ee2:	210f      	movs	r1, #15
 8002ee4:	4834      	ldr	r0, [pc, #208]	@ (8002fb8 <main+0x130>)
 8002ee6:	f008 fb4b 	bl	800b580 <CDC_Transmit_FS>
 8002eea:	f000 f8e9 	bl	80030c0 <patchouli_init>
 8002eee:	2000      	movs	r0, #0
 8002ef0:	f000 fa2c 	bl	800334c <patchouli_set_mode>
 8002ef4:	f44f 707a 	mov.w	r0, #1000	@ 0x3e8
 8002ef8:	f7fe f98e 	bl	8001218 <HAL_Delay>
 8002efc:	4b2f      	ldr	r3, [pc, #188]	@ (8002fbc <main+0x134>)
 8002efe:	681b      	ldr	r3, [r3, #0]
 8002f00:	2232      	movs	r2, #50	@ 0x32
 8002f02:	631a      	str	r2, [r3, #48]	@ 0x30
 8002f04:	2114      	movs	r1, #20
 8002f06:	482e      	ldr	r0, [pc, #184]	@ (8002fc0 <main+0x138>)
 8002f08:	f008 fb3a 	bl	800b580 <CDC_Transmit_FS>
 8002f0c:	f44f 707a 	mov.w	r0, #1000	@ 0x3e8
 8002f10:	f7fe f982 	bl	8001218 <HAL_Delay>
 8002f14:	2114      	movs	r1, #20
 8002f16:	482b      	ldr	r0, [pc, #172]	@ (8002fc4 <main+0x13c>)
 8002f18:	f008 fb32 	bl	800b580 <CDC_Transmit_FS>
 8002f1c:	2300      	movs	r3, #0
 8002f1e:	9300      	str	r3, [sp, #0]
 8002f20:	9301      	str	r3, [sp, #4]
 8002f22:	9302      	str	r3, [sp, #8]
 8002f24:	9303      	str	r3, [sp, #12]
 8002f26:	9304      	str	r3, [sp, #16]
 8002f28:	9305      	str	r3, [sp, #20]
 8002f2a:	4b27      	ldr	r3, [pc, #156]	@ (8002fc8 <main+0x140>)
 8002f2c:	9300      	str	r3, [sp, #0]
 8002f2e:	2306      	movs	r3, #6
 8002f30:	9301      	str	r3, [sp, #4]
 8002f32:	9302      	str	r3, [sp, #8]
 8002f34:	237f      	movs	r3, #127	@ 0x7f
 8002f36:	9303      	str	r3, [sp, #12]
 8002f38:	2304      	movs	r3, #4
 8002f3a:	9304      	str	r3, [sp, #16]
 8002f3c:	4669      	mov	r1, sp
 8002f3e:	4620      	mov	r0, r4
 8002f40:	f001 ff88 	bl	8004e54 <HAL_ADC_ConfigChannel>
 8002f44:	4620      	mov	r0, r4
 8002f46:	f002 fa11 	bl	800536c <HAL_ADC_Start>
 8002f4a:	f04f 31ff 	mov.w	r1, #4294967295
 8002f4e:	4620      	mov	r0, r4
 8002f50:	f001 ff22 	bl	8004d98 <HAL_ADC_PollForConversion>
 8002f54:	4620      	mov	r0, r4
 8002f56:	f001 ff79 	bl	8004e4c <HAL_ADC_GetValue>
 8002f5a:	4606      	mov	r6, r0
 8002f5c:	4b1b      	ldr	r3, [pc, #108]	@ (8002fcc <main+0x144>)
 8002f5e:	9300      	str	r3, [sp, #0]
 8002f60:	4669      	mov	r1, sp
 8002f62:	4620      	mov	r0, r4
 8002f64:	f001 ff76 	bl	8004e54 <HAL_ADC_ConfigChannel>
 8002f68:	4620      	mov	r0, r4
 8002f6a:	f002 f9ff 	bl	800536c <HAL_ADC_Start>
 8002f6e:	f04f 31ff 	mov.w	r1, #4294967295
 8002f72:	4620      	mov	r0, r4
 8002f74:	f001 ff10 	bl	8004d98 <HAL_ADC_PollForConversion>
 8002f78:	4620      	mov	r0, r4
 8002f7a:	f001 ff67 	bl	8004e4c <HAL_ADC_GetValue>
 8002f7e:	ac06      	add	r4, sp, #24
 8002f80:	b283      	uxth	r3, r0
 8002f82:	b2b2      	uxth	r2, r6
 8002f84:	4912      	ldr	r1, [pc, #72]	@ (8002fd0 <main+0x148>)
 8002f86:	4620      	mov	r0, r4
 8002f88:	f009 fbe0 	bl	800c74c <siprintf>
 8002f8c:	4620      	mov	r0, r4
 8002f8e:	f7fd f8d7 	bl	8000140 <strlen>
 8002f92:	b281      	uxth	r1, r0
 8002f94:	4620      	mov	r0, r4
 8002f96:	f008 faf3 	bl	800b580 <CDC_Transmit_FS>
 8002f9a:	f44f 70fa 	mov.w	r0, #500	@ 0x1f4
 8002f9e:	f7fe f93b 	bl	8001218 <HAL_Delay>
 8002fa2:	f7fe f92b 	bl	80011fc <MX_APPE_Init>
 8002fa6:	f7fe f951 	bl	800124c <MX_APPE_Process>
 8002faa:	f000 f9d5 	bl	8003358 <patchouli_cycle>
 8002fae:	e7fa      	b.n	8002fa6 <main+0x11e>
 8002fb0:	2000022c 	.word	0x2000022c
 8002fb4:	0800d8a0 	.word	0x0800d8a0
 8002fb8:	0800d8b0 	.word	0x0800d8b0
 8002fbc:	20000744 	.word	0x20000744
 8002fc0:	0800d8c0 	.word	0x0800d8c0
 8002fc4:	0800d8d8 	.word	0x0800d8d8
 8002fc8:	80000001 	.word	0x80000001
 8002fcc:	0c900008 	.word	0x0c900008
 8002fd0:	0800d8f0 	.word	0x0800d8f0

08002fd4 <Osal_MemCpy>:
 8002fd4:	b508      	push	{r3, lr}
 8002fd6:	f009 fc1f 	bl	800c818 <memcpy>
 8002fda:	bd08      	pop	{r3, pc}

08002fdc <Osal_MemSet>:
 8002fdc:	b508      	push	{r3, lr}
 8002fde:	f009 fbd7 	bl	800c790 <memset>
 8002fe2:	bd08      	pop	{r3, pc}

08002fe4 <OTP_Read>:
 8002fe4:	4601      	mov	r1, r0
 8002fe6:	4807      	ldr	r0, [pc, #28]	@ (8003004 <OTP_Read+0x20>)
 8002fe8:	79c3      	ldrb	r3, [r0, #7]
 8002fea:	428b      	cmp	r3, r1
 8002fec:	d004      	beq.n	8002ff8 <OTP_Read+0x14>
 8002fee:	4a06      	ldr	r2, [pc, #24]	@ (8003008 <OTP_Read+0x24>)
 8002ff0:	4290      	cmp	r0, r2
 8002ff2:	d001      	beq.n	8002ff8 <OTP_Read+0x14>
 8002ff4:	3808      	subs	r0, #8
 8002ff6:	e7f7      	b.n	8002fe8 <OTP_Read+0x4>
 8002ff8:	428b      	cmp	r3, r1
 8002ffa:	d100      	bne.n	8002ffe <OTP_Read+0x1a>
 8002ffc:	4770      	bx	lr
 8002ffe:	2000      	movs	r0, #0
 8003000:	e7fc      	b.n	8002ffc <OTP_Read+0x18>
 8003002:	bf00      	nop
 8003004:	1fff73f8 	.word	0x1fff73f8
 8003008:	1fff7000 	.word	0x1fff7000

0800300c <patchouli_get_position>:
 800300c:	e92d 41f0 	stmdb	sp!, {r4, r5, r6, r7, r8, lr}
 8003010:	b08e      	sub	sp, #56	@ 0x38
 8003012:	4680      	mov	r8, r0
 8003014:	460f      	mov	r7, r1
 8003016:	4615      	mov	r5, r2
 8003018:	461e      	mov	r6, r3
 800301a:	b13b      	cbz	r3, 800302c <patchouli_get_position+0x20>
 800301c:	231c      	movs	r3, #28
 800301e:	2d01      	cmp	r5, #1
 8003020:	dd06      	ble.n	8003030 <patchouli_get_position+0x24>
 8003022:	1e9a      	subs	r2, r3, #2
 8003024:	42aa      	cmp	r2, r5
 8003026:	dc04      	bgt.n	8003032 <patchouli_get_position+0x26>
 8003028:	1edd      	subs	r5, r3, #3
 800302a:	e002      	b.n	8003032 <patchouli_get_position+0x26>
 800302c:	2312      	movs	r3, #18
 800302e:	e7f6      	b.n	800301e <patchouli_get_position+0x12>
 8003030:	2502      	movs	r5, #2
 8003032:	2400      	movs	r4, #0
 8003034:	e017      	b.n	8003066 <patchouli_get_position+0x5a>
 8003036:	1ea8      	subs	r0, r5, #2
 8003038:	4631      	mov	r1, r6
 800303a:	4420      	add	r0, r4
 800303c:	f000 f9a0 	bl	8003380 <patchouli_coil_select>
 8003040:	4639      	mov	r1, r7
 8003042:	f086 0001 	eor.w	r0, r6, #1
 8003046:	f000 fbad 	bl	80037a4 <patchouli_simple_take_sample>
 800304a:	ee07 0a90 	vmov	s15, r0
 800304e:	eef8 7a67 	vcvt.f32.u32	s15, s15
 8003052:	ed9f 7a1a 	vldr	s14, [pc, #104]	@ 80030bc <patchouli_get_position+0xb0>
 8003056:	ee77 7ac7 	vsub.f32	s15, s15, s14
 800305a:	ab0e      	add	r3, sp, #56	@ 0x38
 800305c:	eb03 0384 	add.w	r3, r3, r4, lsl #2
 8003060:	ed43 7a05 	vstr	s15, [r3, #-20]	@ 0xffffffec
 8003064:	3401      	adds	r4, #1
 8003066:	2c04      	cmp	r4, #4
 8003068:	dde5      	ble.n	8003036 <patchouli_get_position+0x2a>
 800306a:	ac01      	add	r4, sp, #4
 800306c:	2220      	movs	r2, #32
 800306e:	2100      	movs	r1, #0
 8003070:	4620      	mov	r0, r4
 8003072:	f009 fb8d 	bl	800c790 <memset>
 8003076:	2305      	movs	r3, #5
 8003078:	f88d 3004 	strb.w	r3, [sp, #4]
 800307c:	f04f 4381 	mov.w	r3, #1082130432	@ 0x40800000
 8003080:	9303      	str	r3, [sp, #12]
 8003082:	ab09      	add	r3, sp, #36	@ 0x24
 8003084:	9304      	str	r3, [sp, #16]
 8003086:	4620      	mov	r0, r4
 8003088:	f001 f99a 	bl	80043c0 <patchouli_quad_interp>
 800308c:	ee07 5a90 	vmov	s15, r5
 8003090:	eef8 7ae7 	vcvt.f32.s32	s15, s15
 8003094:	ee77 7a80 	vadd.f32	s15, s15, s0
 8003098:	eeb0 7a00 	vmov.f32	s14, #0	@ 0x40000000  2.0
 800309c:	ee77 7ac7 	vsub.f32	s15, s15, s14
 80030a0:	9b05      	ldr	r3, [sp, #20]
 80030a2:	442b      	add	r3, r5
 80030a4:	3b02      	subs	r3, #2
 80030a6:	f8c8 3000 	str.w	r3, [r8]
 80030aa:	edc8 7a01 	vstr	s15, [r8, #4]
 80030ae:	f888 6008 	strb.w	r6, [r8, #8]
 80030b2:	4640      	mov	r0, r8
 80030b4:	b00e      	add	sp, #56	@ 0x38
 80030b6:	e8bd 81f0 	ldmia.w	sp!, {r4, r5, r6, r7, r8, pc}
 80030ba:	bf00      	nop
 80030bc:	42c80000 	.word	0x42c80000

080030c0 <patchouli_init>:
 80030c0:	b508      	push	{r3, lr}
 80030c2:	2101      	movs	r1, #1
 80030c4:	2000      	movs	r0, #0
 80030c6:	f000 f95b 	bl	8003380 <patchouli_coil_select>
 80030ca:	f000 faf5 	bl	80036b8 <patchouli_TIM_init>
 80030ce:	f001 f89f 	bl	8004210 <patchouli_gauss_init_kernel>
 80030d2:	2103      	movs	r1, #3
 80030d4:	4801      	ldr	r0, [pc, #4]	@ (80030dc <patchouli_init+0x1c>)
 80030d6:	f001 f935 	bl	8004344 <patchouli_mva_buffer_init>
 80030da:	bd08      	pop	{r3, pc}
 80030dc:	200004c4 	.word	0x200004c4

080030e0 <_patchouli_cycle_default>:
 80030e0:	b5f0      	push	{r4, r5, r6, r7, lr}
 80030e2:	ed2d 8b02 	vpush	{d8}
 80030e6:	b08d      	sub	sp, #52	@ 0x34
 80030e8:	4e73      	ldr	r6, [pc, #460]	@ (80032b8 <_patchouli_cycle_default+0x1d8>)
 80030ea:	4f74      	ldr	r7, [pc, #464]	@ (80032bc <_patchouli_cycle_default+0x1dc>)
 80030ec:	2301      	movs	r3, #1
 80030ee:	6832      	ldr	r2, [r6, #0]
 80030f0:	7839      	ldrb	r1, [r7, #0]
 80030f2:	4668      	mov	r0, sp
 80030f4:	f7ff ff8a 	bl	800300c <patchouli_get_position>
 80030f8:	e89d 0007 	ldmia.w	sp, {r0, r1, r2}
 80030fc:	e886 0007 	stmia.w	r6, {r0, r1, r2}
 8003100:	4d6f      	ldr	r5, [pc, #444]	@ (80032c0 <_patchouli_cycle_default+0x1e0>)
 8003102:	2300      	movs	r3, #0
 8003104:	682a      	ldr	r2, [r5, #0]
 8003106:	7839      	ldrb	r1, [r7, #0]
 8003108:	4668      	mov	r0, sp
 800310a:	f7ff ff7f 	bl	800300c <patchouli_get_position>
 800310e:	e89d 0007 	ldmia.w	sp, {r0, r1, r2}
 8003112:	e885 0007 	stmia.w	r5, {r0, r1, r2}
 8003116:	edd6 7a01 	vldr	s15, [r6, #4]
 800311a:	eeb0 8a67 	vmov.f32	s16, s15
 800311e:	edd5 7a01 	vldr	s15, [r5, #4]
 8003122:	eef0 8a67 	vmov.f32	s17, s15
 8003126:	2400      	movs	r4, #0
 8003128:	4625      	mov	r5, r4
 800312a:	e000      	b.n	800312e <_patchouli_cycle_default+0x4e>
 800312c:	3401      	adds	r4, #1
 800312e:	2c07      	cmp	r4, #7
 8003130:	dc11      	bgt.n	8003156 <_patchouli_cycle_default+0x76>
 8003132:	2101      	movs	r1, #1
 8003134:	4b60      	ldr	r3, [pc, #384]	@ (80032b8 <_patchouli_cycle_default+0x1d8>)
 8003136:	6818      	ldr	r0, [r3, #0]
 8003138:	f000 f922 	bl	8003380 <patchouli_coil_select>
 800313c:	b2e1      	uxtb	r1, r4
 800313e:	2000      	movs	r0, #0
 8003140:	f000 fb30 	bl	80037a4 <patchouli_simple_take_sample>
 8003144:	4b5f      	ldr	r3, [pc, #380]	@ (80032c4 <_patchouli_cycle_default+0x1e4>)
 8003146:	f823 0014 	strh.w	r0, [r3, r4, lsl #1]
 800314a:	42a8      	cmp	r0, r5
 800314c:	d9ee      	bls.n	800312c <_patchouli_cycle_default+0x4c>
 800314e:	4b5b      	ldr	r3, [pc, #364]	@ (80032bc <_patchouli_cycle_default+0x1dc>)
 8003150:	601c      	str	r4, [r3, #0]
 8003152:	4605      	mov	r5, r0
 8003154:	e7ea      	b.n	800312c <_patchouli_cycle_default+0x4c>
 8003156:	2d96      	cmp	r5, #150	@ 0x96
 8003158:	f240 80a7 	bls.w	80032aa <_patchouli_cycle_default+0x1ca>
 800315c:	f000 fb8c 	bl	8003878 <patchouli_led_on>
 8003160:	210f      	movs	r1, #15
 8003162:	4859      	ldr	r0, [pc, #356]	@ (80032c8 <_patchouli_cycle_default+0x1e8>)
 8003164:	f008 fa0c 	bl	800b580 <CDC_Transmit_FS>
 8003168:	4c54      	ldr	r4, [pc, #336]	@ (80032bc <_patchouli_cycle_default+0x1dc>)
 800316a:	6823      	ldr	r3, [r4, #0]
 800316c:	f103 4300 	add.w	r3, r3, #2147483648	@ 0x80000000
 8003170:	3b02      	subs	r3, #2
 8003172:	a905      	add	r1, sp, #20
 8003174:	4853      	ldr	r0, [pc, #332]	@ (80032c4 <_patchouli_cycle_default+0x1e4>)
 8003176:	eb00 0043 	add.w	r0, r0, r3, lsl #1
 800317a:	f001 f8bb 	bl	80042f4 <patchouli_gauss_apply>
 800317e:	eddd 7a07 	vldr	s15, [sp, #28]
 8003182:	ee77 7aa7 	vadd.f32	s15, s15, s15
 8003186:	eddd 6a06 	vldr	s13, [sp, #24]
 800318a:	ee86 7aa7 	vdiv.f32	s14, s13, s15
 800318e:	edd4 7a00 	vldr	s15, [r4]
 8003192:	eef8 7ae7 	vcvt.f32.s32	s15, s15
 8003196:	ee77 7ac7 	vsub.f32	s15, s15, s14
 800319a:	eeb2 7a06 	vmov.f32	s14, #38	@ 0x41300000  11.0
 800319e:	ee77 7a67 	vsub.f32	s15, s14, s15
 80031a2:	ee17 0a90 	vmov	r0, s15
 80031a6:	f7fd f987 	bl	80004b8 <__aeabi_f2d>
 80031aa:	ec41 0b10 	vmov	d0, r0, r1
 80031ae:	f009 fed7 	bl	800cf60 <exp>
 80031b2:	ec51 0b10 	vmov	r0, r1, d0
 80031b6:	f7fd fc99 	bl	8000aec <__aeabi_d2f>
 80031ba:	ee00 0a10 	vmov	s0, r0
 80031be:	eddf 7a43 	vldr	s15, [pc, #268]	@ 80032cc <_patchouli_cycle_default+0x1ec>
 80031c2:	eeb4 0ae7 	vcmpe.f32	s0, s15
 80031c6:	eef1 fa10 	vmrs	APSR_nzcv, fpscr
 80031ca:	d467      	bmi.n	800329c <_patchouli_cycle_default+0x1bc>
 80031cc:	4b40      	ldr	r3, [pc, #256]	@ (80032d0 <_patchouli_cycle_default+0x1f0>)
 80031ce:	781b      	ldrb	r3, [r3, #0]
 80031d0:	b933      	cbnz	r3, 80031e0 <_patchouli_cycle_default+0x100>
 80031d2:	4b3f      	ldr	r3, [pc, #252]	@ (80032d0 <_patchouli_cycle_default+0x1f0>)
 80031d4:	2201      	movs	r2, #1
 80031d6:	701a      	strb	r2, [r3, #0]
 80031d8:	4b3e      	ldr	r3, [pc, #248]	@ (80032d4 <_patchouli_cycle_default+0x1f4>)
 80031da:	681a      	ldr	r2, [r3, #0]
 80031dc:	4b3e      	ldr	r3, [pc, #248]	@ (80032d8 <_patchouli_cycle_default+0x1f8>)
 80031de:	601a      	str	r2, [r3, #0]
 80031e0:	eeb0 2a48 	vmov.f32	s4, s16
 80031e4:	eddf 1a3d 	vldr	s3, [pc, #244]	@ 80032dc <_patchouli_cycle_default+0x1fc>
 80031e8:	ed9f 1a3d 	vldr	s2, [pc, #244]	@ 80032e0 <_patchouli_cycle_default+0x200>
 80031ec:	eef2 0a05 	vmov.f32	s1, #37	@ 0x41280000  10.5
 80031f0:	eeb6 0a00 	vmov.f32	s0, #96	@ 0x3f000000  0.5
 80031f4:	f000 ffe0 	bl	80041b8 <patchouli_linear_map>
 80031f8:	ee10 0a10 	vmov	r0, s0
 80031fc:	f7fd f95c 	bl	80004b8 <__aeabi_f2d>
 8003200:	ec41 0b10 	vmov	d0, r0, r1
 8003204:	f009 ff08 	bl	800d018 <round>
 8003208:	ec51 0b10 	vmov	r0, r1, d0
 800320c:	f7fd fc46 	bl	8000a9c <__aeabi_d2iz>
 8003210:	4604      	mov	r4, r0
 8003212:	eeb0 2a68 	vmov.f32	s4, s17
 8003216:	eddf 1a32 	vldr	s3, [pc, #200]	@ 80032e0 <_patchouli_cycle_default+0x200>
 800321a:	ed9f 1a32 	vldr	s2, [pc, #200]	@ 80032e4 <_patchouli_cycle_default+0x204>
 800321e:	eef1 0a0e 	vmov.f32	s1, #30	@ 0x40f00000  7.5
 8003222:	eeb6 0a00 	vmov.f32	s0, #96	@ 0x3f000000  0.5
 8003226:	f000 ffc7 	bl	80041b8 <patchouli_linear_map>
 800322a:	ee10 0a10 	vmov	r0, s0
 800322e:	f7fd f943 	bl	80004b8 <__aeabi_f2d>
 8003232:	ec41 0b10 	vmov	d0, r0, r1
 8003236:	f009 feef 	bl	800d018 <round>
 800323a:	ec51 0b10 	vmov	r0, r1, d0
 800323e:	f7fd fc2d 	bl	8000a9c <__aeabi_d2iz>
 8003242:	4601      	mov	r1, r0
 8003244:	4b23      	ldr	r3, [pc, #140]	@ (80032d4 <_patchouli_cycle_default+0x1f4>)
 8003246:	ed93 7a00 	vldr	s14, [r3]
 800324a:	4b23      	ldr	r3, [pc, #140]	@ (80032d8 <_patchouli_cycle_default+0x1f8>)
 800324c:	edd3 7a00 	vldr	s15, [r3]
 8003250:	ee37 7a67 	vsub.f32	s14, s14, s15
 8003254:	eddf 6a24 	vldr	s13, [pc, #144]	@ 80032e8 <_patchouli_cycle_default+0x208>
 8003258:	eec7 7a26 	vdiv.f32	s15, s14, s13
 800325c:	ee67 7aa7 	vmul.f32	s15, s15, s15
 8003260:	eeb0 7a67 	vmov.f32	s14, s15
 8003264:	eebe 7aca 	vcvt.s32.f32	s14, s14, #12
 8003268:	ee17 3a10 	vmov	r3, s14
 800326c:	f5b3 5f80 	cmp.w	r3, #4096	@ 0x1000
 8003270:	db01      	blt.n	8003276 <_patchouli_cycle_default+0x196>
 8003272:	f640 73ff 	movw	r3, #4095	@ 0xfff
 8003276:	a808      	add	r0, sp, #32
 8003278:	2200      	movs	r2, #0
 800327a:	9208      	str	r2, [sp, #32]
 800327c:	6042      	str	r2, [r0, #4]
 800327e:	6082      	str	r2, [r0, #8]
 8003280:	60c2      	str	r2, [r0, #12]
 8003282:	f8ad 4020 	strh.w	r4, [sp, #32]
 8003286:	f8ad 1022 	strh.w	r1, [sp, #34]	@ 0x22
 800328a:	009b      	lsls	r3, r3, #2
 800328c:	f8ad 302a 	strh.w	r3, [sp, #42]	@ 0x2a
 8003290:	f000 faf4 	bl	800387c <patchouli_transmit>
 8003294:	b00d      	add	sp, #52	@ 0x34
 8003296:	ecbd 8b02 	vpop	{d8}
 800329a:	bdf0      	pop	{r4, r5, r6, r7, pc}
 800329c:	4813      	ldr	r0, [pc, #76]	@ (80032ec <_patchouli_cycle_default+0x20c>)
 800329e:	f001 f86a 	bl	8004376 <patchouli_mva_buffer_push>
 80032a2:	4b0c      	ldr	r3, [pc, #48]	@ (80032d4 <_patchouli_cycle_default+0x1f4>)
 80032a4:	ed83 0a00 	vstr	s0, [r3]
 80032a8:	e790      	b.n	80031cc <_patchouli_cycle_default+0xec>
 80032aa:	4b09      	ldr	r3, [pc, #36]	@ (80032d0 <_patchouli_cycle_default+0x1f0>)
 80032ac:	2200      	movs	r2, #0
 80032ae:	701a      	strb	r2, [r3, #0]
 80032b0:	f000 fae3 	bl	800387a <patchouli_led_off>
 80032b4:	e7ee      	b.n	8003294 <_patchouli_cycle_default+0x1b4>
 80032b6:	bf00      	nop
 80032b8:	20000494 	.word	0x20000494
 80032bc:	20000014 	.word	0x20000014
 80032c0:	20000488 	.word	0x20000488
 80032c4:	200004a8 	.word	0x200004a8
 80032c8:	0800d904 	.word	0x0800d904
 80032cc:	44fa0000 	.word	0x44fa0000
 80032d0:	200004a4 	.word	0x200004a4
 80032d4:	200004bc 	.word	0x200004bc
 80032d8:	200004a0 	.word	0x200004a0
 80032dc:	46fa0000 	.word	0x46fa0000
 80032e0:	00000000 	.word	0x00000000
 80032e4:	469c4000 	.word	0x469c4000
 80032e8:	c46b4ccd 	.word	0xc46b4ccd
 80032ec:	200004c4 	.word	0x200004c4

080032f0 <_patchouli_cycle_xscan>:
 80032f0:	b510      	push	{r4, lr}
 80032f2:	2400      	movs	r4, #0
 80032f4:	e008      	b.n	8003308 <_patchouli_cycle_xscan+0x18>
 80032f6:	2101      	movs	r1, #1
 80032f8:	4620      	mov	r0, r4
 80032fa:	f000 f841 	bl	8003380 <patchouli_coil_select>
 80032fe:	2100      	movs	r1, #0
 8003300:	4608      	mov	r0, r1
 8003302:	f000 fa4f 	bl	80037a4 <patchouli_simple_take_sample>
 8003306:	3401      	adds	r4, #1
 8003308:	2c1b      	cmp	r4, #27
 800330a:	d9f4      	bls.n	80032f6 <_patchouli_cycle_xscan+0x6>
 800330c:	2300      	movs	r3, #0
 800330e:	e001      	b.n	8003314 <_patchouli_cycle_xscan+0x24>
 8003310:	bf00      	nop
 8003312:	3301      	adds	r3, #1
 8003314:	f24c 324f 	movw	r2, #49999	@ 0xc34f
 8003318:	4293      	cmp	r3, r2
 800331a:	ddf9      	ble.n	8003310 <_patchouli_cycle_xscan+0x20>
 800331c:	bd10      	pop	{r4, pc}

0800331e <_patchouli_cycle_yscan>:
 800331e:	b510      	push	{r4, lr}
 8003320:	2400      	movs	r4, #0
 8003322:	e008      	b.n	8003336 <_patchouli_cycle_yscan+0x18>
 8003324:	2100      	movs	r1, #0
 8003326:	4620      	mov	r0, r4
 8003328:	f000 f82a 	bl	8003380 <patchouli_coil_select>
 800332c:	2100      	movs	r1, #0
 800332e:	2001      	movs	r0, #1
 8003330:	f000 fa38 	bl	80037a4 <patchouli_simple_take_sample>
 8003334:	3401      	adds	r4, #1
 8003336:	2c11      	cmp	r4, #17
 8003338:	d9f4      	bls.n	8003324 <_patchouli_cycle_yscan+0x6>
 800333a:	2300      	movs	r3, #0
 800333c:	e001      	b.n	8003342 <_patchouli_cycle_yscan+0x24>
 800333e:	bf00      	nop
 8003340:	3301      	adds	r3, #1
 8003342:	f24c 324f 	movw	r2, #49999	@ 0xc34f
 8003346:	4293      	cmp	r3, r2
 8003348:	ddf9      	ble.n	800333e <_patchouli_cycle_yscan+0x20>
 800334a:	bd10      	pop	{r4, pc}

0800334c <patchouli_set_mode>:
 800334c:	4b01      	ldr	r3, [pc, #4]	@ (8003354 <patchouli_set_mode+0x8>)
 800334e:	7018      	strb	r0, [r3, #0]
 8003350:	4770      	bx	lr
 8003352:	bf00      	nop
 8003354:	200004c0 	.word	0x200004c0

08003358 <patchouli_cycle>:
 8003358:	b508      	push	{r3, lr}
 800335a:	4b08      	ldr	r3, [pc, #32]	@ (800337c <patchouli_cycle+0x24>)
 800335c:	781b      	ldrb	r3, [r3, #0]
 800335e:	2b01      	cmp	r3, #1
 8003360:	d005      	beq.n	800336e <patchouli_cycle+0x16>
 8003362:	2b02      	cmp	r3, #2
 8003364:	d006      	beq.n	8003374 <patchouli_cycle+0x1c>
 8003366:	b90b      	cbnz	r3, 800336c <patchouli_cycle+0x14>
 8003368:	f7ff feba 	bl	80030e0 <_patchouli_cycle_default>
 800336c:	bd08      	pop	{r3, pc}
 800336e:	f7ff ffbf 	bl	80032f0 <_patchouli_cycle_xscan>
 8003372:	e7fb      	b.n	800336c <patchouli_cycle+0x14>
 8003374:	f7ff ffd3 	bl	800331e <_patchouli_cycle_yscan>
 8003378:	e7f8      	b.n	800336c <patchouli_cycle+0x14>
 800337a:	bf00      	nop
 800337c:	200004c0 	.word	0x200004c0

08003380 <patchouli_coil_select>:
 8003380:	b510      	push	{r4, lr}
 8003382:	b082      	sub	sp, #8
 8003384:	2300      	movs	r3, #0
 8003386:	e006      	b.n	8003396 <patchouli_coil_select+0x16>
 8003388:	f103 0208 	add.w	r2, r3, #8
 800338c:	446a      	add	r2, sp
 800338e:	2401      	movs	r4, #1
 8003390:	f802 4c08 	strb.w	r4, [r2, #-8]
 8003394:	4423      	add	r3, r4
 8003396:	2b05      	cmp	r3, #5
 8003398:	d9f6      	bls.n	8003388 <patchouli_coil_select+0x8>
 800339a:	2900      	cmp	r1, #0
 800339c:	f000 80d5 	beq.w	800354a <patchouli_coil_select+0x1ca>
 80033a0:	281b      	cmp	r0, #27
 80033a2:	f200 8180 	bhi.w	80036a6 <patchouli_coil_select+0x326>
 80033a6:	280e      	cmp	r0, #14
 80033a8:	f000 809e 	beq.w	80034e8 <patchouli_coil_select+0x168>
 80033ac:	dc36      	bgt.n	800341c <patchouli_coil_select+0x9c>
 80033ae:	2807      	cmp	r0, #7
 80033b0:	f000 8082 	beq.w	80034b8 <patchouli_coil_select+0x138>
 80033b4:	dc19      	bgt.n	80033ea <patchouli_coil_select+0x6a>
 80033b6:	2803      	cmp	r0, #3
 80033b8:	d06f      	beq.n	800349a <patchouli_coil_select+0x11a>
 80033ba:	dc0a      	bgt.n	80033d2 <patchouli_coil_select+0x52>
 80033bc:	2801      	cmp	r0, #1
 80033be:	d062      	beq.n	8003486 <patchouli_coil_select+0x106>
 80033c0:	2802      	cmp	r0, #2
 80033c2:	d065      	beq.n	8003490 <patchouli_coil_select+0x110>
 80033c4:	2800      	cmp	r0, #0
 80033c6:	f040 816e 	bne.w	80036a6 <patchouli_coil_select+0x326>
 80033ca:	f88d 0000 	strb.w	r0, [sp]
 80033ce:	2401      	movs	r4, #1
 80033d0:	e111      	b.n	80035f6 <patchouli_coil_select+0x276>
 80033d2:	2805      	cmp	r0, #5
 80033d4:	d066      	beq.n	80034a4 <patchouli_coil_select+0x124>
 80033d6:	2806      	cmp	r0, #6
 80033d8:	d069      	beq.n	80034ae <patchouli_coil_select+0x12e>
 80033da:	2804      	cmp	r0, #4
 80033dc:	f040 8163 	bne.w	80036a6 <patchouli_coil_select+0x326>
 80033e0:	2300      	movs	r3, #0
 80033e2:	f88d 3000 	strb.w	r3, [sp]
 80033e6:	2407      	movs	r4, #7
 80033e8:	e105      	b.n	80035f6 <patchouli_coil_select+0x276>
 80033ea:	280b      	cmp	r0, #11
 80033ec:	d072      	beq.n	80034d4 <patchouli_coil_select+0x154>
 80033ee:	dc0b      	bgt.n	8003408 <patchouli_coil_select+0x88>
 80033f0:	2809      	cmp	r0, #9
 80033f2:	d065      	beq.n	80034c0 <patchouli_coil_select+0x140>
 80033f4:	280a      	cmp	r0, #10
 80033f6:	d068      	beq.n	80034ca <patchouli_coil_select+0x14a>
 80033f8:	2808      	cmp	r0, #8
 80033fa:	f040 8154 	bne.w	80036a6 <patchouli_coil_select+0x326>
 80033fe:	2300      	movs	r3, #0
 8003400:	f88d 3001 	strb.w	r3, [sp, #1]
 8003404:	2401      	movs	r4, #1
 8003406:	e0f6      	b.n	80035f6 <patchouli_coil_select+0x276>
 8003408:	280c      	cmp	r0, #12
 800340a:	d068      	beq.n	80034de <patchouli_coil_select+0x15e>
 800340c:	280d      	cmp	r0, #13
 800340e:	f040 814a 	bne.w	80036a6 <patchouli_coil_select+0x326>
 8003412:	2300      	movs	r3, #0
 8003414:	f88d 3001 	strb.w	r3, [sp, #1]
 8003418:	2405      	movs	r4, #5
 800341a:	e0ec      	b.n	80035f6 <patchouli_coil_select+0x276>
 800341c:	2815      	cmp	r0, #21
 800341e:	d07c      	beq.n	800351a <patchouli_coil_select+0x19a>
 8003420:	dd0f      	ble.n	8003442 <patchouli_coil_select+0xc2>
 8003422:	2819      	cmp	r0, #25
 8003424:	f000 8087 	beq.w	8003536 <patchouli_coil_select+0x1b6>
 8003428:	dc23      	bgt.n	8003472 <patchouli_coil_select+0xf2>
 800342a:	2817      	cmp	r0, #23
 800342c:	d07a      	beq.n	8003524 <patchouli_coil_select+0x1a4>
 800342e:	2818      	cmp	r0, #24
 8003430:	d07c      	beq.n	800352c <patchouli_coil_select+0x1ac>
 8003432:	2816      	cmp	r0, #22
 8003434:	f040 8137 	bne.w	80036a6 <patchouli_coil_select+0x326>
 8003438:	2300      	movs	r3, #0
 800343a:	f88d 3003 	strb.w	r3, [sp, #3]
 800343e:	2403      	movs	r4, #3
 8003440:	e0d9      	b.n	80035f6 <patchouli_coil_select+0x276>
 8003442:	2812      	cmp	r0, #18
 8003444:	d05f      	beq.n	8003506 <patchouli_coil_select+0x186>
 8003446:	dc0a      	bgt.n	800345e <patchouli_coil_select+0xde>
 8003448:	2810      	cmp	r0, #16
 800344a:	d052      	beq.n	80034f2 <patchouli_coil_select+0x172>
 800344c:	2811      	cmp	r0, #17
 800344e:	d055      	beq.n	80034fc <patchouli_coil_select+0x17c>
 8003450:	280f      	cmp	r0, #15
 8003452:	f040 8128 	bne.w	80036a6 <patchouli_coil_select+0x326>
 8003456:	2400      	movs	r4, #0
 8003458:	f88d 4002 	strb.w	r4, [sp, #2]
 800345c:	e0cb      	b.n	80035f6 <patchouli_coil_select+0x276>
 800345e:	2813      	cmp	r0, #19
 8003460:	d056      	beq.n	8003510 <patchouli_coil_select+0x190>
 8003462:	2814      	cmp	r0, #20
 8003464:	f040 811f 	bne.w	80036a6 <patchouli_coil_select+0x326>
 8003468:	2300      	movs	r3, #0
 800346a:	f88d 3002 	strb.w	r3, [sp, #2]
 800346e:	2407      	movs	r4, #7
 8003470:	e0c1      	b.n	80035f6 <patchouli_coil_select+0x276>
 8003472:	281a      	cmp	r0, #26
 8003474:	d064      	beq.n	8003540 <patchouli_coil_select+0x1c0>
 8003476:	281b      	cmp	r0, #27
 8003478:	f040 8115 	bne.w	80036a6 <patchouli_coil_select+0x326>
 800347c:	2300      	movs	r3, #0
 800347e:	f88d 3003 	strb.w	r3, [sp, #3]
 8003482:	2406      	movs	r4, #6
 8003484:	e0b7      	b.n	80035f6 <patchouli_coil_select+0x276>
 8003486:	2300      	movs	r3, #0
 8003488:	f88d 3000 	strb.w	r3, [sp]
 800348c:	2402      	movs	r4, #2
 800348e:	e0b2      	b.n	80035f6 <patchouli_coil_select+0x276>
 8003490:	2300      	movs	r3, #0
 8003492:	f88d 3000 	strb.w	r3, [sp]
 8003496:	2404      	movs	r4, #4
 8003498:	e0ad      	b.n	80035f6 <patchouli_coil_select+0x276>
 800349a:	2300      	movs	r3, #0
 800349c:	f88d 3000 	strb.w	r3, [sp]
 80034a0:	2406      	movs	r4, #6
 80034a2:	e0a8      	b.n	80035f6 <patchouli_coil_select+0x276>
 80034a4:	2300      	movs	r3, #0
 80034a6:	f88d 3000 	strb.w	r3, [sp]
 80034aa:	2405      	movs	r4, #5
 80034ac:	e0a3      	b.n	80035f6 <patchouli_coil_select+0x276>
 80034ae:	2300      	movs	r3, #0
 80034b0:	f88d 3001 	strb.w	r3, [sp, #1]
 80034b4:	2403      	movs	r4, #3
 80034b6:	e09e      	b.n	80035f6 <patchouli_coil_select+0x276>
 80034b8:	2400      	movs	r4, #0
 80034ba:	f88d 4001 	strb.w	r4, [sp, #1]
 80034be:	e09a      	b.n	80035f6 <patchouli_coil_select+0x276>
 80034c0:	2300      	movs	r3, #0
 80034c2:	f88d 3001 	strb.w	r3, [sp, #1]
 80034c6:	2402      	movs	r4, #2
 80034c8:	e095      	b.n	80035f6 <patchouli_coil_select+0x276>
 80034ca:	2300      	movs	r3, #0
 80034cc:	f88d 3001 	strb.w	r3, [sp, #1]
 80034d0:	2404      	movs	r4, #4
 80034d2:	e090      	b.n	80035f6 <patchouli_coil_select+0x276>
 80034d4:	2300      	movs	r3, #0
 80034d6:	f88d 3001 	strb.w	r3, [sp, #1]
 80034da:	2406      	movs	r4, #6
 80034dc:	e08b      	b.n	80035f6 <patchouli_coil_select+0x276>
 80034de:	2300      	movs	r3, #0
 80034e0:	f88d 3001 	strb.w	r3, [sp, #1]
 80034e4:	2407      	movs	r4, #7
 80034e6:	e086      	b.n	80035f6 <patchouli_coil_select+0x276>
 80034e8:	2300      	movs	r3, #0
 80034ea:	f88d 3002 	strb.w	r3, [sp, #2]
 80034ee:	2403      	movs	r4, #3
 80034f0:	e081      	b.n	80035f6 <patchouli_coil_select+0x276>
 80034f2:	2300      	movs	r3, #0
 80034f4:	f88d 3002 	strb.w	r3, [sp, #2]
 80034f8:	2401      	movs	r4, #1
 80034fa:	e07c      	b.n	80035f6 <patchouli_coil_select+0x276>
 80034fc:	2300      	movs	r3, #0
 80034fe:	f88d 3002 	strb.w	r3, [sp, #2]
 8003502:	2402      	movs	r4, #2
 8003504:	e077      	b.n	80035f6 <patchouli_coil_select+0x276>
 8003506:	2300      	movs	r3, #0
 8003508:	f88d 3002 	strb.w	r3, [sp, #2]
 800350c:	2404      	movs	r4, #4
 800350e:	e072      	b.n	80035f6 <patchouli_coil_select+0x276>
 8003510:	2300      	movs	r3, #0
 8003512:	f88d 3002 	strb.w	r3, [sp, #2]
 8003516:	2406      	movs	r4, #6
 8003518:	e06d      	b.n	80035f6 <patchouli_coil_select+0x276>
 800351a:	2300      	movs	r3, #0
 800351c:	f88d 3002 	strb.w	r3, [sp, #2]
 8003520:	2405      	movs	r4, #5
 8003522:	e068      	b.n	80035f6 <patchouli_coil_select+0x276>
 8003524:	2400      	movs	r4, #0
 8003526:	f88d 4003 	strb.w	r4, [sp, #3]
 800352a:	e064      	b.n	80035f6 <patchouli_coil_select+0x276>
 800352c:	2300      	movs	r3, #0
 800352e:	f88d 3003 	strb.w	r3, [sp, #3]
 8003532:	2401      	movs	r4, #1
 8003534:	e05f      	b.n	80035f6 <patchouli_coil_select+0x276>
 8003536:	2300      	movs	r3, #0
 8003538:	f88d 3003 	strb.w	r3, [sp, #3]
 800353c:	2402      	movs	r4, #2
 800353e:	e05a      	b.n	80035f6 <patchouli_coil_select+0x276>
 8003540:	2300      	movs	r3, #0
 8003542:	f88d 3003 	strb.w	r3, [sp, #3]
 8003546:	2404      	movs	r4, #4
 8003548:	e055      	b.n	80035f6 <patchouli_coil_select+0x276>
 800354a:	2811      	cmp	r0, #17
 800354c:	f200 80ab 	bhi.w	80036a6 <patchouli_coil_select+0x326>
 8003550:	2809      	cmp	r0, #9
 8003552:	d07c      	beq.n	800364e <patchouli_coil_select+0x2ce>
 8003554:	dc2b      	bgt.n	80035ae <patchouli_coil_select+0x22e>
 8003556:	2804      	cmp	r0, #4
 8003558:	d06a      	beq.n	8003630 <patchouli_coil_select+0x2b0>
 800355a:	dc13      	bgt.n	8003584 <patchouli_coil_select+0x204>
 800355c:	2802      	cmp	r0, #2
 800355e:	d062      	beq.n	8003626 <patchouli_coil_select+0x2a6>
 8003560:	dc08      	bgt.n	8003574 <patchouli_coil_select+0x1f4>
 8003562:	2800      	cmp	r0, #0
 8003564:	d044      	beq.n	80035f0 <patchouli_coil_select+0x270>
 8003566:	2801      	cmp	r0, #1
 8003568:	f040 809d 	bne.w	80036a6 <patchouli_coil_select+0x326>
 800356c:	2400      	movs	r4, #0
 800356e:	f88d 4004 	strb.w	r4, [sp, #4]
 8003572:	e040      	b.n	80035f6 <patchouli_coil_select+0x276>
 8003574:	2803      	cmp	r0, #3
 8003576:	f040 8096 	bne.w	80036a6 <patchouli_coil_select+0x326>
 800357a:	2300      	movs	r3, #0
 800357c:	f88d 3004 	strb.w	r3, [sp, #4]
 8003580:	2402      	movs	r4, #2
 8003582:	e038      	b.n	80035f6 <patchouli_coil_select+0x276>
 8003584:	2807      	cmp	r0, #7
 8003586:	d05d      	beq.n	8003644 <patchouli_coil_select+0x2c4>
 8003588:	dc09      	bgt.n	800359e <patchouli_coil_select+0x21e>
 800358a:	2805      	cmp	r0, #5
 800358c:	d055      	beq.n	800363a <patchouli_coil_select+0x2ba>
 800358e:	2806      	cmp	r0, #6
 8003590:	f040 8089 	bne.w	80036a6 <patchouli_coil_select+0x326>
 8003594:	2300      	movs	r3, #0
 8003596:	f88d 3004 	strb.w	r3, [sp, #4]
 800359a:	2407      	movs	r4, #7
 800359c:	e02b      	b.n	80035f6 <patchouli_coil_select+0x276>
 800359e:	2808      	cmp	r0, #8
 80035a0:	f040 8081 	bne.w	80036a6 <patchouli_coil_select+0x326>
 80035a4:	2300      	movs	r3, #0
 80035a6:	f88d 3005 	strb.w	r3, [sp, #5]
 80035aa:	2403      	movs	r4, #3
 80035ac:	e023      	b.n	80035f6 <patchouli_coil_select+0x276>
 80035ae:	280e      	cmp	r0, #14
 80035b0:	d05b      	beq.n	800366a <patchouli_coil_select+0x2ea>
 80035b2:	dc12      	bgt.n	80035da <patchouli_coil_select+0x25a>
 80035b4:	280c      	cmp	r0, #12
 80035b6:	d053      	beq.n	8003660 <patchouli_coil_select+0x2e0>
 80035b8:	dc08      	bgt.n	80035cc <patchouli_coil_select+0x24c>
 80035ba:	280a      	cmp	r0, #10
 80035bc:	d04b      	beq.n	8003656 <patchouli_coil_select+0x2d6>
 80035be:	280b      	cmp	r0, #11
 80035c0:	d171      	bne.n	80036a6 <patchouli_coil_select+0x326>
 80035c2:	2300      	movs	r3, #0
 80035c4:	f88d 3005 	strb.w	r3, [sp, #5]
 80035c8:	2402      	movs	r4, #2
 80035ca:	e014      	b.n	80035f6 <patchouli_coil_select+0x276>
 80035cc:	280d      	cmp	r0, #13
 80035ce:	d16a      	bne.n	80036a6 <patchouli_coil_select+0x326>
 80035d0:	2300      	movs	r3, #0
 80035d2:	f88d 3005 	strb.w	r3, [sp, #5]
 80035d6:	2406      	movs	r4, #6
 80035d8:	e00d      	b.n	80035f6 <patchouli_coil_select+0x276>
 80035da:	2810      	cmp	r0, #16
 80035dc:	d04a      	beq.n	8003674 <patchouli_coil_select+0x2f4>
 80035de:	2811      	cmp	r0, #17
 80035e0:	d04d      	beq.n	800367e <patchouli_coil_select+0x2fe>
 80035e2:	280f      	cmp	r0, #15
 80035e4:	d15f      	bne.n	80036a6 <patchouli_coil_select+0x326>
 80035e6:	2300      	movs	r3, #0
 80035e8:	f88d 3005 	strb.w	r3, [sp, #5]
 80035ec:	2405      	movs	r4, #5
 80035ee:	e002      	b.n	80035f6 <patchouli_coil_select+0x276>
 80035f0:	f88d 0004 	strb.w	r0, [sp, #4]
 80035f4:	2403      	movs	r4, #3
 80035f6:	f004 0201 	and.w	r2, r4, #1
 80035fa:	f44f 6180 	mov.w	r1, #1024	@ 0x400
 80035fe:	482b      	ldr	r0, [pc, #172]	@ (80036ac <patchouli_coil_select+0x32c>)
 8003600:	f002 f914 	bl	800582c <HAL_GPIO_WritePin>
 8003604:	f3c4 0240 	ubfx	r2, r4, #1, #1
 8003608:	f44f 4100 	mov.w	r1, #32768	@ 0x8000
 800360c:	f04f 4090 	mov.w	r0, #1207959552	@ 0x48000000
 8003610:	f002 f90c 	bl	800582c <HAL_GPIO_WritePin>
 8003614:	08a2      	lsrs	r2, r4, #2
 8003616:	f44f 4180 	mov.w	r1, #16384	@ 0x4000
 800361a:	f04f 4090 	mov.w	r0, #1207959552	@ 0x48000000
 800361e:	f002 f905 	bl	800582c <HAL_GPIO_WritePin>
 8003622:	2400      	movs	r4, #0
 8003624:	e03d      	b.n	80036a2 <patchouli_coil_select+0x322>
 8003626:	2300      	movs	r3, #0
 8003628:	f88d 3004 	strb.w	r3, [sp, #4]
 800362c:	2401      	movs	r4, #1
 800362e:	e7e2      	b.n	80035f6 <patchouli_coil_select+0x276>
 8003630:	2300      	movs	r3, #0
 8003632:	f88d 3004 	strb.w	r3, [sp, #4]
 8003636:	2404      	movs	r4, #4
 8003638:	e7dd      	b.n	80035f6 <patchouli_coil_select+0x276>
 800363a:	2300      	movs	r3, #0
 800363c:	f88d 3004 	strb.w	r3, [sp, #4]
 8003640:	2406      	movs	r4, #6
 8003642:	e7d8      	b.n	80035f6 <patchouli_coil_select+0x276>
 8003644:	2300      	movs	r3, #0
 8003646:	f88d 3004 	strb.w	r3, [sp, #4]
 800364a:	2405      	movs	r4, #5
 800364c:	e7d3      	b.n	80035f6 <patchouli_coil_select+0x276>
 800364e:	2400      	movs	r4, #0
 8003650:	f88d 4005 	strb.w	r4, [sp, #5]
 8003654:	e7cf      	b.n	80035f6 <patchouli_coil_select+0x276>
 8003656:	2300      	movs	r3, #0
 8003658:	f88d 3005 	strb.w	r3, [sp, #5]
 800365c:	2401      	movs	r4, #1
 800365e:	e7ca      	b.n	80035f6 <patchouli_coil_select+0x276>
 8003660:	2300      	movs	r3, #0
 8003662:	f88d 3005 	strb.w	r3, [sp, #5]
 8003666:	2404      	movs	r4, #4
 8003668:	e7c5      	b.n	80035f6 <patchouli_coil_select+0x276>
 800366a:	2300      	movs	r3, #0
 800366c:	f88d 3005 	strb.w	r3, [sp, #5]
 8003670:	2407      	movs	r4, #7
 8003672:	e7c0      	b.n	80035f6 <patchouli_coil_select+0x276>
 8003674:	2300      	movs	r3, #0
 8003676:	f88d 3000 	strb.w	r3, [sp]
 800367a:	2403      	movs	r4, #3
 800367c:	e7bb      	b.n	80035f6 <patchouli_coil_select+0x276>
 800367e:	2400      	movs	r4, #0
 8003680:	f88d 4000 	strb.w	r4, [sp]
 8003684:	e7b7      	b.n	80035f6 <patchouli_coil_select+0x276>
 8003686:	f104 0308 	add.w	r3, r4, #8
 800368a:	446b      	add	r3, sp
 800368c:	f813 2c08 	ldrb.w	r2, [r3, #-8]
 8003690:	4b07      	ldr	r3, [pc, #28]	@ (80036b0 <patchouli_coil_select+0x330>)
 8003692:	f833 1014 	ldrh.w	r1, [r3, r4, lsl #1]
 8003696:	4b07      	ldr	r3, [pc, #28]	@ (80036b4 <patchouli_coil_select+0x334>)
 8003698:	f853 0024 	ldr.w	r0, [r3, r4, lsl #2]
 800369c:	f002 f8c6 	bl	800582c <HAL_GPIO_WritePin>
 80036a0:	3401      	adds	r4, #1
 80036a2:	2c05      	cmp	r4, #5
 80036a4:	d9ef      	bls.n	8003686 <patchouli_coil_select+0x306>
 80036a6:	b002      	add	sp, #8
 80036a8:	bd10      	pop	{r4, pc}
 80036aa:	bf00      	nop
 80036ac:	48000800 	.word	0x48000800
 80036b0:	20000018 	.word	0x20000018
 80036b4:	20000024 	.word	0x20000024

080036b8 <patchouli_TIM_init>:
 80036b8:	b530      	push	{r4, r5, lr}
 80036ba:	b087      	sub	sp, #28
 80036bc:	a901      	add	r1, sp, #4
 80036be:	2400      	movs	r4, #0
 80036c0:	9401      	str	r4, [sp, #4]
 80036c2:	604c      	str	r4, [r1, #4]
 80036c4:	608c      	str	r4, [r1, #8]
 80036c6:	60cc      	str	r4, [r1, #12]
 80036c8:	610c      	str	r4, [r1, #16]
 80036ca:	2506      	movs	r5, #6
 80036cc:	9501      	str	r5, [sp, #4]
 80036ce:	2301      	movs	r3, #1
 80036d0:	9302      	str	r3, [sp, #8]
 80036d2:	f04f 4090 	mov.w	r0, #1207959552	@ 0x48000000
 80036d6:	f001 ffcf 	bl	8005678 <HAL_GPIO_Init>
 80036da:	4622      	mov	r2, r4
 80036dc:	4629      	mov	r1, r5
 80036de:	f04f 4090 	mov.w	r0, #1207959552	@ 0x48000000
 80036e2:	f002 f8a3 	bl	800582c <HAL_GPIO_WritePin>
 80036e6:	4d14      	ldr	r5, [pc, #80]	@ (8003738 <patchouli_TIM_init+0x80>)
 80036e8:	682b      	ldr	r3, [r5, #0]
 80036ea:	22ff      	movs	r2, #255	@ 0xff
 80036ec:	62da      	str	r2, [r3, #44]	@ 0x2c
 80036ee:	2280      	movs	r2, #128	@ 0x80
 80036f0:	635a      	str	r2, [r3, #52]	@ 0x34
 80036f2:	63da      	str	r2, [r3, #60]	@ 0x3c
 80036f4:	4621      	mov	r1, r4
 80036f6:	4628      	mov	r0, r5
 80036f8:	f004 ff9e 	bl	8008638 <HAL_TIM_PWM_Start>
 80036fc:	2108      	movs	r1, #8
 80036fe:	4628      	mov	r0, r5
 8003700:	f004 ff9a 	bl	8008638 <HAL_TIM_PWM_Start>
 8003704:	4621      	mov	r1, r4
 8003706:	4628      	mov	r0, r5
 8003708:	f005 f832 	bl	8008770 <HAL_TIMEx_PWMN_Start>
 800370c:	2108      	movs	r1, #8
 800370e:	4628      	mov	r0, r5
 8003710:	f005 f82e 	bl	8008770 <HAL_TIMEx_PWMN_Start>
 8003714:	4d09      	ldr	r5, [pc, #36]	@ (800373c <patchouli_TIM_init+0x84>)
 8003716:	4621      	mov	r1, r4
 8003718:	4628      	mov	r0, r5
 800371a:	f005 f829 	bl	8008770 <HAL_TIMEx_PWMN_Start>
 800371e:	4b08      	ldr	r3, [pc, #32]	@ (8003740 <patchouli_TIM_init+0x88>)
 8003720:	4a08      	ldr	r2, [pc, #32]	@ (8003744 <patchouli_TIM_init+0x8c>)
 8003722:	601a      	str	r2, [r3, #0]
 8003724:	682b      	ldr	r3, [r5, #0]
 8003726:	227c      	movs	r2, #124	@ 0x7c
 8003728:	62da      	str	r2, [r3, #44]	@ 0x2c
 800372a:	223e      	movs	r2, #62	@ 0x3e
 800372c:	635a      	str	r2, [r3, #52]	@ 0x34
 800372e:	223c      	movs	r2, #60	@ 0x3c
 8003730:	631a      	str	r2, [r3, #48]	@ 0x30
 8003732:	b007      	add	sp, #28
 8003734:	bd30      	pop	{r4, r5, pc}
 8003736:	bf00      	nop
 8003738:	20000790 	.word	0x20000790
 800373c:	20000744 	.word	0x20000744
 8003740:	2000073c 	.word	0x2000073c
 8003744:	48fb7700 	.word	0x48fb7700

08003748 <_patchouli_adc_multisample>:
 8003748:	b530      	push	{r4, r5, lr}
 800374a:	b085      	sub	sp, #20
 800374c:	2400      	movs	r4, #0
 800374e:	e01d      	b.n	800378c <_patchouli_adc_multisample+0x44>
 8003750:	4d12      	ldr	r5, [pc, #72]	@ (800379c <_patchouli_adc_multisample+0x54>)
 8003752:	4628      	mov	r0, r5
 8003754:	f001 fe0a 	bl	800536c <HAL_ADC_Start>
 8003758:	f04f 31ff 	mov.w	r1, #4294967295
 800375c:	4628      	mov	r0, r5
 800375e:	f001 fb1b 	bl	8004d98 <HAL_ADC_PollForConversion>
 8003762:	4628      	mov	r0, r5
 8003764:	f001 fb72 	bl	8004e4c <HAL_ADC_GetValue>
 8003768:	ab04      	add	r3, sp, #16
 800376a:	eb03 0344 	add.w	r3, r3, r4, lsl #1
 800376e:	f823 0c08 	strh.w	r0, [r3, #-8]
 8003772:	b282      	uxth	r2, r0
 8003774:	490a      	ldr	r1, [pc, #40]	@ (80037a0 <_patchouli_adc_multisample+0x58>)
 8003776:	4668      	mov	r0, sp
 8003778:	f008 ffe8 	bl	800c74c <siprintf>
 800377c:	4668      	mov	r0, sp
 800377e:	f7fc fcdf 	bl	8000140 <strlen>
 8003782:	b281      	uxth	r1, r0
 8003784:	4668      	mov	r0, sp
 8003786:	f007 fefb 	bl	800b580 <CDC_Transmit_FS>
 800378a:	3401      	adds	r4, #1
 800378c:	2c02      	cmp	r4, #2
 800378e:	d9df      	bls.n	8003750 <_patchouli_adc_multisample+0x8>
 8003790:	2103      	movs	r1, #3
 8003792:	a802      	add	r0, sp, #8
 8003794:	f000 fd1d 	bl	80041d2 <patchouli_median>
 8003798:	b005      	add	sp, #20
 800379a:	bd30      	pop	{r4, r5, pc}
 800379c:	2000022c 	.word	0x2000022c
 80037a0:	0800d914 	.word	0x0800d914

080037a4 <patchouli_simple_take_sample>:
 80037a4:	b538      	push	{r3, r4, r5, lr}
 80037a6:	4604      	mov	r4, r0
 80037a8:	b672      	cpsid	i
 80037aa:	4b30      	ldr	r3, [pc, #192]	@ (800386c <patchouli_simple_take_sample+0xc8>)
 80037ac:	691b      	ldr	r3, [r3, #16]
 80037ae:	f853 3021 	ldr.w	r3, [r3, r1, lsl #2]
 80037b2:	4798      	blx	r3
 80037b4:	b994      	cbnz	r4, 80037dc <patchouli_simple_take_sample+0x38>
 80037b6:	4623      	mov	r3, r4
 80037b8:	e001      	b.n	80037be <patchouli_simple_take_sample+0x1a>
 80037ba:	bf00      	nop
 80037bc:	3301      	adds	r3, #1
 80037be:	2bb1      	cmp	r3, #177	@ 0xb1
 80037c0:	ddfb      	ble.n	80037ba <patchouli_simple_take_sample+0x16>
 80037c2:	2200      	movs	r2, #0
 80037c4:	2101      	movs	r1, #1
 80037c6:	f04f 4090 	mov.w	r0, #1207959552	@ 0x48000000
 80037ca:	f002 f82f 	bl	800582c <HAL_GPIO_WritePin>
 80037ce:	2300      	movs	r3, #0
 80037d0:	e008      	b.n	80037e4 <patchouli_simple_take_sample+0x40>
 80037d2:	bf00      	nop
 80037d4:	3301      	adds	r3, #1
 80037d6:	2b2b      	cmp	r3, #43	@ 0x2b
 80037d8:	ddfb      	ble.n	80037d2 <patchouli_simple_take_sample+0x2e>
 80037da:	e7f2      	b.n	80037c2 <patchouli_simple_take_sample+0x1e>
 80037dc:	2300      	movs	r3, #0
 80037de:	e7fa      	b.n	80037d6 <patchouli_simple_take_sample+0x32>
 80037e0:	bf00      	nop
 80037e2:	3301      	adds	r3, #1
 80037e4:	f640 02ad 	movw	r2, #2221	@ 0x8ad
 80037e8:	4293      	cmp	r3, r2
 80037ea:	ddf9      	ble.n	80037e0 <patchouli_simple_take_sample+0x3c>
 80037ec:	f7ff ffac 	bl	8003748 <_patchouli_adc_multisample>
 80037f0:	4605      	mov	r5, r0
 80037f2:	2201      	movs	r2, #1
 80037f4:	4611      	mov	r1, r2
 80037f6:	f04f 4090 	mov.w	r0, #1207959552	@ 0x48000000
 80037fa:	f002 f817 	bl	800582c <HAL_GPIO_WritePin>
 80037fe:	2300      	movs	r3, #0
 8003800:	e001      	b.n	8003806 <patchouli_simple_take_sample+0x62>
 8003802:	bf00      	nop
 8003804:	3301      	adds	r3, #1
 8003806:	2b2b      	cmp	r3, #43	@ 0x2b
 8003808:	ddfb      	ble.n	8003802 <patchouli_simple_take_sample+0x5e>
 800380a:	2200      	movs	r2, #0
 800380c:	2101      	movs	r1, #1
 800380e:	f04f 4090 	mov.w	r0, #1207959552	@ 0x48000000
 8003812:	f002 f80b 	bl	800582c <HAL_GPIO_WritePin>
 8003816:	2300      	movs	r3, #0
 8003818:	e001      	b.n	800381e <patchouli_simple_take_sample+0x7a>
 800381a:	bf00      	nop
 800381c:	3301      	adds	r3, #1
 800381e:	2b58      	cmp	r3, #88	@ 0x58
 8003820:	ddfb      	ble.n	800381a <patchouli_simple_take_sample+0x76>
 8003822:	4c13      	ldr	r4, [pc, #76]	@ (8003870 <patchouli_simple_take_sample+0xcc>)
 8003824:	4620      	mov	r0, r4
 8003826:	f001 fda1 	bl	800536c <HAL_ADC_Start>
 800382a:	f04f 31ff 	mov.w	r1, #4294967295
 800382e:	4620      	mov	r0, r4
 8003830:	f001 fab2 	bl	8004d98 <HAL_ADC_PollForConversion>
 8003834:	4620      	mov	r0, r4
 8003836:	f001 fb09 	bl	8004e4c <HAL_ADC_GetValue>
 800383a:	4604      	mov	r4, r0
 800383c:	b662      	cpsie	i
 800383e:	2201      	movs	r2, #1
 8003840:	4611      	mov	r1, r2
 8003842:	f04f 4090 	mov.w	r0, #1207959552	@ 0x48000000
 8003846:	f001 fff1 	bl	800582c <HAL_GPIO_WritePin>
 800384a:	b2a3      	uxth	r3, r4
 800384c:	1aeb      	subs	r3, r5, r3
 800384e:	ee07 3a90 	vmov	s15, r3
 8003852:	eef8 7ae7 	vcvt.f32.s32	s15, s15
 8003856:	ed9f 7a07 	vldr	s14, [pc, #28]	@ 8003874 <patchouli_simple_take_sample+0xd0>
 800385a:	ee77 7a87 	vadd.f32	s15, s15, s14
 800385e:	eefc 7ae7 	vcvt.u32.f32	s15, s15
 8003862:	ee17 3a90 	vmov	r3, s15
 8003866:	b298      	uxth	r0, r3
 8003868:	bd38      	pop	{r3, r4, r5, pc}
 800386a:	bf00      	nop
 800386c:	2000003c 	.word	0x2000003c
 8003870:	2000022c 	.word	0x2000022c
 8003874:	42c80000 	.word	0x42c80000

08003878 <patchouli_led_on>:
 8003878:	4770      	bx	lr

0800387a <patchouli_led_off>:
 800387a:	4770      	bx	lr

0800387c <patchouli_transmit>:
 800387c:	b530      	push	{r4, r5, lr}
 800387e:	b08b      	sub	sp, #44	@ 0x2c
 8003880:	4604      	mov	r4, r0
 8003882:	2109      	movs	r1, #9
 8003884:	480c      	ldr	r0, [pc, #48]	@ (80038b8 <patchouli_transmit+0x3c>)
 8003886:	f007 fe7b 	bl	800b580 <CDC_Transmit_FS>
 800388a:	f9b4 300a 	ldrsh.w	r3, [r4, #10]
 800388e:	ad02      	add	r5, sp, #8
 8003890:	9300      	str	r3, [sp, #0]
 8003892:	f9b4 3002 	ldrsh.w	r3, [r4, #2]
 8003896:	f9b4 2000 	ldrsh.w	r2, [r4]
 800389a:	4908      	ldr	r1, [pc, #32]	@ (80038bc <patchouli_transmit+0x40>)
 800389c:	4628      	mov	r0, r5
 800389e:	f008 ff55 	bl	800c74c <siprintf>
 80038a2:	4628      	mov	r0, r5
 80038a4:	f7fc fc4c 	bl	8000140 <strlen>
 80038a8:	b281      	uxth	r1, r0
 80038aa:	4628      	mov	r0, r5
 80038ac:	f007 fe68 	bl	800b580 <CDC_Transmit_FS>
 80038b0:	2001      	movs	r0, #1
 80038b2:	b00b      	add	sp, #44	@ 0x2c
 80038b4:	bd30      	pop	{r4, r5, pc}
 80038b6:	bf00      	nop
 80038b8:	0800d918 	.word	0x0800d918
 80038bc:	0800d924 	.word	0x0800d924

080038c0 <_PW100_FSTEP_480>:
 80038c0:	4a4f      	ldr	r2, [pc, #316]	@ (8003a00 <_PW100_FSTEP_480+0x140>)
 80038c2:	6813      	ldr	r3, [r2, #0]
 80038c4:	f443 5380 	orr.w	r3, r3, #4096	@ 0x1000
 80038c8:	6013      	str	r3, [r2, #0]
 80038ca:	4b4e      	ldr	r3, [pc, #312]	@ (8003a04 <_PW100_FSTEP_480+0x144>)
 80038cc:	8918      	ldrh	r0, [r3, #8]
 80038ce:	2300      	movs	r3, #0
 80038d0:	e08c      	b.n	80039ec <_PW100_FSTEP_480+0x12c>
 80038d2:	4a4b      	ldr	r2, [pc, #300]	@ (8003a00 <_PW100_FSTEP_480+0x140>)
 80038d4:	2140      	movs	r1, #64	@ 0x40
 80038d6:	6191      	str	r1, [r2, #24]
 80038d8:	bf00      	nop
 80038da:	bf00      	nop
 80038dc:	bf00      	nop
 80038de:	bf00      	nop
 80038e0:	bf00      	nop
 80038e2:	bf00      	nop
 80038e4:	bf00      	nop
 80038e6:	bf00      	nop
 80038e8:	bf00      	nop
 80038ea:	bf00      	nop
 80038ec:	bf00      	nop
 80038ee:	bf00      	nop
 80038f0:	bf00      	nop
 80038f2:	bf00      	nop
 80038f4:	bf00      	nop
 80038f6:	bf00      	nop
 80038f8:	bf00      	nop
 80038fa:	bf00      	nop
 80038fc:	bf00      	nop
 80038fe:	bf00      	nop
 8003900:	bf00      	nop
 8003902:	bf00      	nop
 8003904:	bf00      	nop
 8003906:	bf00      	nop
 8003908:	bf00      	nop
 800390a:	bf00      	nop
 800390c:	bf00      	nop
 800390e:	bf00      	nop
 8003910:	bf00      	nop
 8003912:	bf00      	nop
 8003914:	bf00      	nop
 8003916:	bf00      	nop
 8003918:	bf00      	nop
 800391a:	bf00      	nop
 800391c:	bf00      	nop
 800391e:	bf00      	nop
 8003920:	bf00      	nop
 8003922:	bf00      	nop
 8003924:	bf00      	nop
 8003926:	bf00      	nop
 8003928:	bf00      	nop
 800392a:	bf00      	nop
 800392c:	bf00      	nop
 800392e:	bf00      	nop
 8003930:	bf00      	nop
 8003932:	bf00      	nop
 8003934:	bf00      	nop
 8003936:	bf00      	nop
 8003938:	bf00      	nop
 800393a:	bf00      	nop
 800393c:	bf00      	nop
 800393e:	bf00      	nop
 8003940:	bf00      	nop
 8003942:	bf00      	nop
 8003944:	bf00      	nop
 8003946:	bf00      	nop
 8003948:	bf00      	nop
 800394a:	bf00      	nop
 800394c:	bf00      	nop
 800394e:	bf00      	nop
 8003950:	bf00      	nop
 8003952:	bf00      	nop
 8003954:	bf00      	nop
 8003956:	bf00      	nop
 8003958:	bf00      	nop
 800395a:	bf00      	nop
 800395c:	f44f 0180 	mov.w	r1, #4194304	@ 0x400000
 8003960:	6191      	str	r1, [r2, #24]
 8003962:	bf00      	nop
 8003964:	bf00      	nop
 8003966:	bf00      	nop
 8003968:	bf00      	nop
 800396a:	bf00      	nop
 800396c:	bf00      	nop
 800396e:	bf00      	nop
 8003970:	bf00      	nop
 8003972:	bf00      	nop
 8003974:	bf00      	nop
 8003976:	bf00      	nop
 8003978:	bf00      	nop
 800397a:	bf00      	nop
 800397c:	bf00      	nop
 800397e:	bf00      	nop
 8003980:	bf00      	nop
 8003982:	bf00      	nop
 8003984:	bf00      	nop
 8003986:	bf00      	nop
 8003988:	bf00      	nop
 800398a:	bf00      	nop
 800398c:	bf00      	nop
 800398e:	bf00      	nop
 8003990:	bf00      	nop
 8003992:	bf00      	nop
 8003994:	bf00      	nop
 8003996:	bf00      	nop
 8003998:	bf00      	nop
 800399a:	bf00      	nop
 800399c:	bf00      	nop
 800399e:	bf00      	nop
 80039a0:	bf00      	nop
 80039a2:	bf00      	nop
 80039a4:	bf00      	nop
 80039a6:	bf00      	nop
 80039a8:	bf00      	nop
 80039aa:	bf00      	nop
 80039ac:	bf00      	nop
 80039ae:	bf00      	nop
 80039b0:	bf00      	nop
 80039b2:	bf00      	nop
 80039b4:	bf00      	nop
 80039b6:	bf00      	nop
 80039b8:	bf00      	nop
 80039ba:	bf00      	nop
 80039bc:	bf00      	nop
 80039be:	bf00      	nop
 80039c0:	bf00      	nop
 80039c2:	bf00      	nop
 80039c4:	bf00      	nop
 80039c6:	bf00      	nop
 80039c8:	bf00      	nop
 80039ca:	bf00      	nop
 80039cc:	bf00      	nop
 80039ce:	bf00      	nop
 80039d0:	bf00      	nop
 80039d2:	bf00      	nop
 80039d4:	bf00      	nop
 80039d6:	bf00      	nop
 80039d8:	bf00      	nop
 80039da:	bf00      	nop
 80039dc:	bf00      	nop
 80039de:	bf00      	nop
 80039e0:	bf00      	nop
 80039e2:	bf00      	nop
 80039e4:	bf00      	nop
 80039e6:	bf00      	nop
 80039e8:	3301      	adds	r3, #1
 80039ea:	b29b      	uxth	r3, r3
 80039ec:	4298      	cmp	r0, r3
 80039ee:	f63f af70 	bhi.w	80038d2 <_PW100_FSTEP_480+0x12>
 80039f2:	4a03      	ldr	r2, [pc, #12]	@ (8003a00 <_PW100_FSTEP_480+0x140>)
 80039f4:	6813      	ldr	r3, [r2, #0]
 80039f6:	f423 5340 	bic.w	r3, r3, #12288	@ 0x3000
 80039fa:	6013      	str	r3, [r2, #0]
 80039fc:	4770      	bx	lr
 80039fe:	bf00      	nop
 8003a00:	48000400 	.word	0x48000400
 8003a04:	2000003c 	.word	0x2000003c

08003a08 <_PW100_FSTEP_490>:
 8003a08:	4a4e      	ldr	r2, [pc, #312]	@ (8003b44 <_PW100_FSTEP_490+0x13c>)
 8003a0a:	6813      	ldr	r3, [r2, #0]
 8003a0c:	f443 5380 	orr.w	r3, r3, #4096	@ 0x1000
 8003a10:	6013      	str	r3, [r2, #0]
 8003a12:	4b4d      	ldr	r3, [pc, #308]	@ (8003b48 <_PW100_FSTEP_490+0x140>)
 8003a14:	8918      	ldrh	r0, [r3, #8]
 8003a16:	2300      	movs	r3, #0
 8003a18:	e08a      	b.n	8003b30 <_PW100_FSTEP_490+0x128>
 8003a1a:	4a4a      	ldr	r2, [pc, #296]	@ (8003b44 <_PW100_FSTEP_490+0x13c>)
 8003a1c:	2140      	movs	r1, #64	@ 0x40
 8003a1e:	6191      	str	r1, [r2, #24]
 8003a20:	bf00      	nop
 8003a22:	bf00      	nop
 8003a24:	bf00      	nop
 8003a26:	bf00      	nop
 8003a28:	bf00      	nop
 8003a2a:	bf00      	nop
 8003a2c:	bf00      	nop
 8003a2e:	bf00      	nop
 8003a30:	bf00      	nop
 8003a32:	bf00      	nop
 8003a34:	bf00      	nop
 8003a36:	bf00      	nop
 8003a38:	bf00      	nop
 8003a3a:	bf00      	nop
 8003a3c:	bf00      	nop
 8003a3e:	bf00      	nop
 8003a40:	bf00      	nop
 8003a42:	bf00      	nop
 8003a44:	bf00      	nop
 8003a46:	bf00      	nop
 8003a48:	bf00      	nop
 8003a4a:	bf00      	nop
 8003a4c:	bf00      	nop
 8003a4e:	bf00      	nop
 8003a50:	bf00      	nop
 8003a52:	bf00      	nop
 8003a54:	bf00      	nop
 8003a56:	bf00      	nop
 8003a58:	bf00      	nop
 8003a5a:	bf00      	nop
 8003a5c:	bf00      	nop
 8003a5e:	bf00      	nop
 8003a60:	bf00      	nop
 8003a62:	bf00      	nop
 8003a64:	bf00      	nop
 8003a66:	bf00      	nop
 8003a68:	bf00      	nop
 8003a6a:	bf00      	nop
 8003a6c:	bf00      	nop
 8003a6e:	bf00      	nop
 8003a70:	bf00      	nop
 8003a72:	bf00      	nop
 8003a74:	bf00      	nop
 8003a76:	bf00      	nop
 8003a78:	bf00      	nop
 8003a7a:	bf00      	nop
 8003a7c:	bf00      	nop
 8003a7e:	bf00      	nop
 8003a80:	bf00      	nop
 8003a82:	bf00      	nop
 8003a84:	bf00      	nop
 8003a86:	bf00      	nop
 8003a88:	bf00      	nop
 8003a8a:	bf00      	nop
 8003a8c:	bf00      	nop
 8003a8e:	bf00      	nop
 8003a90:	bf00      	nop
 8003a92:	bf00      	nop
 8003a94:	bf00      	nop
 8003a96:	bf00      	nop
 8003a98:	bf00      	nop
 8003a9a:	bf00      	nop
 8003a9c:	bf00      	nop
 8003a9e:	bf00      	nop
 8003aa0:	bf00      	nop
 8003aa2:	f44f 0180 	mov.w	r1, #4194304	@ 0x400000
 8003aa6:	6191      	str	r1, [r2, #24]
 8003aa8:	bf00      	nop
 8003aaa:	bf00      	nop
 8003aac:	bf00      	nop
 8003aae:	bf00      	nop
 8003ab0:	bf00      	nop
 8003ab2:	bf00      	nop
 8003ab4:	bf00      	nop
 8003ab6:	bf00      	nop
 8003ab8:	bf00      	nop
 8003aba:	bf00      	nop
 8003abc:	bf00      	nop
 8003abe:	bf00      	nop
 8003ac0:	bf00      	nop
 8003ac2:	bf00      	nop
 8003ac4:	bf00      	nop
 8003ac6:	bf00      	nop
 8003ac8:	bf00      	nop
 8003aca:	bf00      	nop
 8003acc:	bf00      	nop
 8003ace:	bf00      	nop
 8003ad0:	bf00      	nop
 8003ad2:	bf00      	nop
 8003ad4:	bf00      	nop
 8003ad6:	bf00      	nop
 8003ad8:	bf00      	nop
 8003ada:	bf00      	nop
 8003adc:	bf00      	nop
 8003ade:	bf00      	nop
 8003ae0:	bf00      	nop
 8003ae2:	bf00      	nop
 8003ae4:	bf00      	nop
 8003ae6:	bf00      	nop
 8003ae8:	bf00      	nop
 8003aea:	bf00      	nop
 8003aec:	bf00      	nop
 8003aee:	bf00      	nop
 8003af0:	bf00      	nop
 8003af2:	bf00      	nop
 8003af4:	bf00      	nop
 8003af6:	bf00      	nop
 8003af8:	bf00      	nop
 8003afa:	bf00      	nop
 8003afc:	bf00      	nop
 8003afe:	bf00      	nop
 8003b00:	bf00      	nop
 8003b02:	bf00      	nop
 8003b04:	bf00      	nop
 8003b06:	bf00      	nop
 8003b08:	bf00      	nop
 8003b0a:	bf00      	nop
 8003b0c:	bf00      	nop
 8003b0e:	bf00      	nop
 8003b10:	bf00      	nop
 8003b12:	bf00      	nop
 8003b14:	bf00      	nop
 8003b16:	bf00      	nop
 8003b18:	bf00      	nop
 8003b1a:	bf00      	nop
 8003b1c:	bf00      	nop
 8003b1e:	bf00      	nop
 8003b20:	bf00      	nop
 8003b22:	bf00      	nop
 8003b24:	bf00      	nop
 8003b26:	bf00      	nop
 8003b28:	bf00      	nop
 8003b2a:	bf00      	nop
 8003b2c:	3301      	adds	r3, #1
 8003b2e:	b29b      	uxth	r3, r3
 8003b30:	4298      	cmp	r0, r3
 8003b32:	f63f af72 	bhi.w	8003a1a <_PW100_FSTEP_490+0x12>
 8003b36:	4a03      	ldr	r2, [pc, #12]	@ (8003b44 <_PW100_FSTEP_490+0x13c>)
 8003b38:	6813      	ldr	r3, [r2, #0]
 8003b3a:	f423 5340 	bic.w	r3, r3, #12288	@ 0x3000
 8003b3e:	6013      	str	r3, [r2, #0]
 8003b40:	4770      	bx	lr
 8003b42:	bf00      	nop
 8003b44:	48000400 	.word	0x48000400
 8003b48:	2000003c 	.word	0x2000003c

08003b4c <_PW100_FSTEP_510>:
 8003b4c:	4a44      	ldr	r2, [pc, #272]	@ (8003c60 <_PW100_FSTEP_510+0x114>)
 8003b4e:	6813      	ldr	r3, [r2, #0]
 8003b50:	f443 5380 	orr.w	r3, r3, #4096	@ 0x1000
 8003b54:	6013      	str	r3, [r2, #0]
 8003b56:	4b43      	ldr	r3, [pc, #268]	@ (8003c64 <_PW100_FSTEP_510+0x118>)
 8003b58:	8918      	ldrh	r0, [r3, #8]
 8003b5a:	2300      	movs	r3, #0
 8003b5c:	e078      	b.n	8003c50 <_PW100_FSTEP_510+0x104>
 8003b5e:	4a40      	ldr	r2, [pc, #256]	@ (8003c60 <_PW100_FSTEP_510+0x114>)
 8003b60:	2140      	movs	r1, #64	@ 0x40
 8003b62:	6191      	str	r1, [r2, #24]
 8003b64:	bf00      	nop
 8003b66:	bf00      	nop
 8003b68:	bf00      	nop
 8003b6a:	bf00      	nop
 8003b6c:	bf00      	nop
 8003b6e:	bf00      	nop
 8003b70:	bf00      	nop
 8003b72:	bf00      	nop
 8003b74:	bf00      	nop
 8003b76:	bf00      	nop
 8003b78:	bf00      	nop
 8003b7a:	bf00      	nop
 8003b7c:	bf00      	nop
 8003b7e:	bf00      	nop
 8003b80:	bf00      	nop
 8003b82:	bf00      	nop
 8003b84:	bf00      	nop
 8003b86:	bf00      	nop
 8003b88:	bf00      	nop
 8003b8a:	bf00      	nop
 8003b8c:	bf00      	nop
 8003b8e:	bf00      	nop
 8003b90:	bf00      	nop
 8003b92:	bf00      	nop
 8003b94:	bf00      	nop
 8003b96:	bf00      	nop
 8003b98:	bf00      	nop
 8003b9a:	bf00      	nop
 8003b9c:	bf00      	nop
 8003b9e:	bf00      	nop
 8003ba0:	bf00      	nop
 8003ba2:	bf00      	nop
 8003ba4:	bf00      	nop
 8003ba6:	bf00      	nop
 8003ba8:	bf00      	nop
 8003baa:	bf00      	nop
 8003bac:	bf00      	nop
 8003bae:	bf00      	nop
 8003bb0:	bf00      	nop
 8003bb2:	bf00      	nop
 8003bb4:	bf00      	nop
 8003bb6:	bf00      	nop
 8003bb8:	bf00      	nop
 8003bba:	bf00      	nop
 8003bbc:	bf00      	nop
 8003bbe:	bf00      	nop
 8003bc0:	bf00      	nop
 8003bc2:	bf00      	nop
 8003bc4:	bf00      	nop
 8003bc6:	bf00      	nop
 8003bc8:	bf00      	nop
 8003bca:	bf00      	nop
 8003bcc:	bf00      	nop
 8003bce:	bf00      	nop
 8003bd0:	bf00      	nop
 8003bd2:	bf00      	nop
 8003bd4:	bf00      	nop
 8003bd6:	bf00      	nop
 8003bd8:	bf00      	nop
 8003bda:	bf00      	nop
 8003bdc:	bf00      	nop
 8003bde:	bf00      	nop
 8003be0:	f44f 0180 	mov.w	r1, #4194304	@ 0x400000
 8003be4:	6191      	str	r1, [r2, #24]
 8003be6:	bf00      	nop
 8003be8:	bf00      	nop
 8003bea:	bf00      	nop
 8003bec:	bf00      	nop
 8003bee:	bf00      	nop
 8003bf0:	bf00      	nop
 8003bf2:	bf00      	nop
 8003bf4:	bf00      	nop
 8003bf6:	bf00      	nop
 8003bf8:	bf00      	nop
 8003bfa:	bf00      	nop
 8003bfc:	bf00      	nop
 8003bfe:	bf00      	nop
 8003c00:	bf00      	nop
 8003c02:	bf00      	nop
 8003c04:	bf00      	nop
 8003c06:	bf00      	nop
 8003c08:	bf00      	nop
 8003c0a:	bf00      	nop
 8003c0c:	bf00      	nop
 8003c0e:	bf00      	nop
 8003c10:	bf00      	nop
 8003c12:	bf00      	nop
 8003c14:	bf00      	nop
 8003c16:	bf00      	nop
 8003c18:	bf00      	nop
 8003c1a:	bf00      	nop
 8003c1c:	bf00      	nop
 8003c1e:	bf00      	nop
 8003c20:	bf00      	nop
 8003c22:	bf00      	nop
 8003c24:	bf00      	nop
 8003c26:	bf00      	nop
 8003c28:	bf00      	nop
 8003c2a:	bf00      	nop
 8003c2c:	bf00      	nop
 8003c2e:	bf00      	nop
 8003c30:	bf00      	nop
 8003c32:	bf00      	nop
 8003c34:	bf00      	nop
 8003c36:	bf00      	nop
 8003c38:	bf00      	nop
 8003c3a:	bf00      	nop
 8003c3c:	bf00      	nop
 8003c3e:	bf00      	nop
 8003c40:	bf00      	nop
 8003c42:	bf00      	nop
 8003c44:	bf00      	nop
 8003c46:	bf00      	nop
 8003c48:	bf00      	nop
 8003c4a:	bf00      	nop
 8003c4c:	3301      	adds	r3, #1
 8003c4e:	b29b      	uxth	r3, r3
 8003c50:	4298      	cmp	r0, r3
 8003c52:	d884      	bhi.n	8003b5e <_PW100_FSTEP_510+0x12>
 8003c54:	4a02      	ldr	r2, [pc, #8]	@ (8003c60 <_PW100_FSTEP_510+0x114>)
 8003c56:	6813      	ldr	r3, [r2, #0]
 8003c58:	f423 5340 	bic.w	r3, r3, #12288	@ 0x3000
 8003c5c:	6013      	str	r3, [r2, #0]
 8003c5e:	4770      	bx	lr
 8003c60:	48000400 	.word	0x48000400
 8003c64:	2000003c 	.word	0x2000003c

08003c68 <_PW100_FSTEP_520>:
 8003c68:	4a43      	ldr	r2, [pc, #268]	@ (8003d78 <_PW100_FSTEP_520+0x110>)
 8003c6a:	6813      	ldr	r3, [r2, #0]
 8003c6c:	f443 5380 	orr.w	r3, r3, #4096	@ 0x1000
 8003c70:	6013      	str	r3, [r2, #0]
 8003c72:	4b42      	ldr	r3, [pc, #264]	@ (8003d7c <_PW100_FSTEP_520+0x114>)
 8003c74:	8918      	ldrh	r0, [r3, #8]
 8003c76:	2300      	movs	r3, #0
 8003c78:	e075      	b.n	8003d66 <_PW100_FSTEP_520+0xfe>
 8003c7a:	4a3f      	ldr	r2, [pc, #252]	@ (8003d78 <_PW100_FSTEP_520+0x110>)
 8003c7c:	2140      	movs	r1, #64	@ 0x40
 8003c7e:	6191      	str	r1, [r2, #24]
 8003c80:	bf00      	nop
 8003c82:	bf00      	nop
 8003c84:	bf00      	nop
 8003c86:	bf00      	nop
 8003c88:	bf00      	nop
 8003c8a:	bf00      	nop
 8003c8c:	bf00      	nop
 8003c8e:	bf00      	nop
 8003c90:	bf00      	nop
 8003c92:	bf00      	nop
 8003c94:	bf00      	nop
 8003c96:	bf00      	nop
 8003c98:	bf00      	nop
 8003c9a:	bf00      	nop
 8003c9c:	bf00      	nop
 8003c9e:	bf00      	nop
 8003ca0:	bf00      	nop
 8003ca2:	bf00      	nop
 8003ca4:	bf00      	nop
 8003ca6:	bf00      	nop
 8003ca8:	bf00      	nop
 8003caa:	bf00      	nop
 8003cac:	bf00      	nop
 8003cae:	bf00      	nop
 8003cb0:	bf00      	nop
 8003cb2:	bf00      	nop
 8003cb4:	bf00      	nop
 8003cb6:	bf00      	nop
 8003cb8:	bf00      	nop
 8003cba:	bf00      	nop
 8003cbc:	bf00      	nop
 8003cbe:	bf00      	nop
 8003cc0:	bf00      	nop
 8003cc2:	bf00      	nop
 8003cc4:	bf00      	nop
 8003cc6:	bf00      	nop
 8003cc8:	bf00      	nop
 8003cca:	bf00      	nop
 8003ccc:	bf00      	nop
 8003cce:	bf00      	nop
 8003cd0:	bf00      	nop
 8003cd2:	bf00      	nop
 8003cd4:	bf00      	nop
 8003cd6:	bf00      	nop
 8003cd8:	bf00      	nop
 8003cda:	bf00      	nop
 8003cdc:	bf00      	nop
 8003cde:	bf00      	nop
 8003ce0:	bf00      	nop
 8003ce2:	bf00      	nop
 8003ce4:	bf00      	nop
 8003ce6:	bf00      	nop
 8003ce8:	bf00      	nop
 8003cea:	bf00      	nop
 8003cec:	bf00      	nop
 8003cee:	bf00      	nop
 8003cf0:	bf00      	nop
 8003cf2:	bf00      	nop
 8003cf4:	bf00      	nop
 8003cf6:	bf00      	nop
 8003cf8:	f44f 0180 	mov.w	r1, #4194304	@ 0x400000
 8003cfc:	6191      	str	r1, [r2, #24]
 8003cfe:	bf00      	nop
 8003d00:	bf00      	nop
 8003d02:	bf00      	nop
 8003d04:	bf00      	nop
 8003d06:	bf00      	nop
 8003d08:	bf00      	nop
 8003d0a:	bf00      	nop
 8003d0c:	bf00      	nop
 8003d0e:	bf00      	nop
 8003d10:	bf00      	nop
 8003d12:	bf00      	nop
 8003d14:	bf00      	nop
 8003d16:	bf00      	nop
 8003d18:	bf00      	nop
 8003d1a:	bf00      	nop
 8003d1c:	bf00      	nop
 8003d1e:	bf00      	nop
 8003d20:	bf00      	nop
 8003d22:	bf00      	nop
 8003d24:	bf00      	nop
 8003d26:	bf00      	nop
 8003d28:	bf00      	nop
 8003d2a:	bf00      	nop
 8003d2c:	bf00      	nop
 8003d2e:	bf00      	nop
 8003d30:	bf00      	nop
 8003d32:	bf00      	nop
 8003d34:	bf00      	nop
 8003d36:	bf00      	nop
 8003d38:	bf00      	nop
 8003d3a:	bf00      	nop
 8003d3c:	bf00      	nop
 8003d3e:	bf00      	nop
 8003d40:	bf00      	nop
 8003d42:	bf00      	nop
 8003d44:	bf00      	nop
 8003d46:	bf00      	nop
 8003d48:	bf00      	nop
 8003d4a:	bf00      	nop
 8003d4c:	bf00      	nop
 8003d4e:	bf00      	nop
 8003d50:	bf00      	nop
 8003d52:	bf00      	nop
 8003d54:	bf00      	nop
 8003d56:	bf00      	nop
 8003d58:	bf00      	nop
 8003d5a:	bf00      	nop
 8003d5c:	bf00      	nop
 8003d5e:	bf00      	nop
 8003d60:	bf00      	nop
 8003d62:	3301      	adds	r3, #1
 8003d64:	b29b      	uxth	r3, r3
 8003d66:	4298      	cmp	r0, r3
 8003d68:	d887      	bhi.n	8003c7a <_PW100_FSTEP_520+0x12>
 8003d6a:	4a03      	ldr	r2, [pc, #12]	@ (8003d78 <_PW100_FSTEP_520+0x110>)
 8003d6c:	6813      	ldr	r3, [r2, #0]
 8003d6e:	f423 5340 	bic.w	r3, r3, #12288	@ 0x3000
 8003d72:	6013      	str	r3, [r2, #0]
 8003d74:	4770      	bx	lr
 8003d76:	bf00      	nop
 8003d78:	48000400 	.word	0x48000400
 8003d7c:	2000003c 	.word	0x2000003c

08003d80 <_PW100_FSTEP_530>:
 8003d80:	4a41      	ldr	r2, [pc, #260]	@ (8003e88 <_PW100_FSTEP_530+0x108>)
 8003d82:	6813      	ldr	r3, [r2, #0]
 8003d84:	f443 5380 	orr.w	r3, r3, #4096	@ 0x1000
 8003d88:	6013      	str	r3, [r2, #0]
 8003d8a:	4b40      	ldr	r3, [pc, #256]	@ (8003e8c <_PW100_FSTEP_530+0x10c>)
 8003d8c:	8918      	ldrh	r0, [r3, #8]
 8003d8e:	2300      	movs	r3, #0
 8003d90:	e072      	b.n	8003e78 <_PW100_FSTEP_530+0xf8>
 8003d92:	4a3d      	ldr	r2, [pc, #244]	@ (8003e88 <_PW100_FSTEP_530+0x108>)
 8003d94:	2140      	movs	r1, #64	@ 0x40
 8003d96:	6191      	str	r1, [r2, #24]
 8003d98:	bf00      	nop
 8003d9a:	bf00      	nop
 8003d9c:	bf00      	nop
 8003d9e:	bf00      	nop
 8003da0:	bf00      	nop
 8003da2:	bf00      	nop
 8003da4:	bf00      	nop
 8003da6:	bf00      	nop
 8003da8:	bf00      	nop
 8003daa:	bf00      	nop
 8003dac:	bf00      	nop
 8003dae:	bf00      	nop
 8003db0:	bf00      	nop
 8003db2:	bf00      	nop
 8003db4:	bf00      	nop
 8003db6:	bf00      	nop
 8003db8:	bf00      	nop
 8003dba:	bf00      	nop
 8003dbc:	bf00      	nop
 8003dbe:	bf00      	nop
 8003dc0:	bf00      	nop
 8003dc2:	bf00      	nop
 8003dc4:	bf00      	nop
 8003dc6:	bf00      	nop
 8003dc8:	bf00      	nop
 8003dca:	bf00      	nop
 8003dcc:	bf00      	nop
 8003dce:	bf00      	nop
 8003dd0:	bf00      	nop
 8003dd2:	bf00      	nop
 8003dd4:	bf00      	nop
 8003dd6:	bf00      	nop
 8003dd8:	bf00      	nop
 8003dda:	bf00      	nop
 8003ddc:	bf00      	nop
 8003dde:	bf00      	nop
 8003de0:	bf00      	nop
 8003de2:	bf00      	nop
 8003de4:	bf00      	nop
 8003de6:	bf00      	nop
 8003de8:	bf00      	nop
 8003dea:	bf00      	nop
 8003dec:	bf00      	nop
 8003dee:	bf00      	nop
 8003df0:	bf00      	nop
 8003df2:	bf00      	nop
 8003df4:	bf00      	nop
 8003df6:	bf00      	nop
 8003df8:	bf00      	nop
 8003dfa:	bf00      	nop
 8003dfc:	bf00      	nop
 8003dfe:	bf00      	nop
 8003e00:	bf00      	nop
 8003e02:	bf00      	nop
 8003e04:	bf00      	nop
 8003e06:	bf00      	nop
 8003e08:	bf00      	nop
 8003e0a:	bf00      	nop
 8003e0c:	bf00      	nop
 8003e0e:	f44f 0180 	mov.w	r1, #4194304	@ 0x400000
 8003e12:	6191      	str	r1, [r2, #24]
 8003e14:	bf00      	nop
 8003e16:	bf00      	nop
 8003e18:	bf00      	nop
 8003e1a:	bf00      	nop
 8003e1c:	bf00      	nop
 8003e1e:	bf00      	nop
 8003e20:	bf00      	nop
 8003e22:	bf00      	nop
 8003e24:	bf00      	nop
 8003e26:	bf00      	nop
 8003e28:	bf00      	nop
 8003e2a:	bf00      	nop
 8003e2c:	bf00      	nop
 8003e2e:	bf00      	nop
 8003e30:	bf00      	nop
 8003e32:	bf00      	nop
 8003e34:	bf00      	nop
 8003e36:	bf00      	nop
 8003e38:	bf00      	nop
 8003e3a:	bf00      	nop
 8003e3c:	bf00      	nop
 8003e3e:	bf00      	nop
 8003e40:	bf00      	nop
 8003e42:	bf00      	nop
 8003e44:	bf00      	nop
 8003e46:	bf00      	nop
 8003e48:	bf00      	nop
 8003e4a:	bf00      	nop
 8003e4c:	bf00      	nop
 8003e4e:	bf00      	nop
 8003e50:	bf00      	nop
 8003e52:	bf00      	nop
 8003e54:	bf00      	nop
 8003e56:	bf00      	nop
 8003e58:	bf00      	nop
 8003e5a:	bf00      	nop
 8003e5c:	bf00      	nop
 8003e5e:	bf00      	nop
 8003e60:	bf00      	nop
 8003e62:	bf00      	nop
 8003e64:	bf00      	nop
 8003e66:	bf00      	nop
 8003e68:	bf00      	nop
 8003e6a:	bf00      	nop
 8003e6c:	bf00      	nop
 8003e6e:	bf00      	nop
 8003e70:	bf00      	nop
 8003e72:	bf00      	nop
 8003e74:	3301      	adds	r3, #1
 8003e76:	b29b      	uxth	r3, r3
 8003e78:	4298      	cmp	r0, r3
 8003e7a:	d88a      	bhi.n	8003d92 <_PW100_FSTEP_530+0x12>
 8003e7c:	4a02      	ldr	r2, [pc, #8]	@ (8003e88 <_PW100_FSTEP_530+0x108>)
 8003e7e:	6813      	ldr	r3, [r2, #0]
 8003e80:	f423 5340 	bic.w	r3, r3, #12288	@ 0x3000
 8003e84:	6013      	str	r3, [r2, #0]
 8003e86:	4770      	bx	lr
 8003e88:	48000400 	.word	0x48000400
 8003e8c:	2000003c 	.word	0x2000003c

08003e90 <_PW100_FSTEP_535>:
 8003e90:	4a41      	ldr	r2, [pc, #260]	@ (8003f98 <_PW100_FSTEP_535+0x108>)
 8003e92:	6813      	ldr	r3, [r2, #0]
 8003e94:	f443 5380 	orr.w	r3, r3, #4096	@ 0x1000
 8003e98:	6013      	str	r3, [r2, #0]
 8003e9a:	4b40      	ldr	r3, [pc, #256]	@ (8003f9c <_PW100_FSTEP_535+0x10c>)
 8003e9c:	8918      	ldrh	r0, [r3, #8]
 8003e9e:	2300      	movs	r3, #0
 8003ea0:	e071      	b.n	8003f86 <_PW100_FSTEP_535+0xf6>
 8003ea2:	4a3d      	ldr	r2, [pc, #244]	@ (8003f98 <_PW100_FSTEP_535+0x108>)
 8003ea4:	2140      	movs	r1, #64	@ 0x40
 8003ea6:	6191      	str	r1, [r2, #24]
 8003ea8:	bf00      	nop
 8003eaa:	bf00      	nop
 8003eac:	bf00      	nop
 8003eae:	bf00      	nop
 8003eb0:	bf00      	nop
 8003eb2:	bf00      	nop
 8003eb4:	bf00      	nop
 8003eb6:	bf00      	nop
 8003eb8:	bf00      	nop
 8003eba:	bf00      	nop
 8003ebc:	bf00      	nop
 8003ebe:	bf00      	nop
 8003ec0:	bf00      	nop
 8003ec2:	bf00      	nop
 8003ec4:	bf00      	nop
 8003ec6:	bf00      	nop
 8003ec8:	bf00      	nop
 8003eca:	bf00      	nop
 8003ecc:	bf00      	nop
 8003ece:	bf00      	nop
 8003ed0:	bf00      	nop
 8003ed2:	bf00      	nop
 8003ed4:	bf00      	nop
 8003ed6:	bf00      	nop
 8003ed8:	bf00      	nop
 8003eda:	bf00      	nop
 8003edc:	bf00      	nop
 8003ede:	bf00      	nop
 8003ee0:	bf00      	nop
 8003ee2:	bf00      	nop
 8003ee4:	bf00      	nop
 8003ee6:	bf00      	nop
 8003ee8:	bf00      	nop
 8003eea:	bf00      	nop
 8003eec:	bf00      	nop
 8003eee:	bf00      	nop
 8003ef0:	bf00      	nop
 8003ef2:	bf00      	nop
 8003ef4:	bf00      	nop
 8003ef6:	bf00      	nop
 8003ef8:	bf00      	nop
 8003efa:	bf00      	nop
 8003efc:	bf00      	nop
 8003efe:	bf00      	nop
 8003f00:	bf00      	nop
 8003f02:	bf00      	nop
 8003f04:	bf00      	nop
 8003f06:	bf00      	nop
 8003f08:	bf00      	nop
 8003f0a:	bf00      	nop
 8003f0c:	bf00      	nop
 8003f0e:	bf00      	nop
 8003f10:	bf00      	nop
 8003f12:	bf00      	nop
 8003f14:	bf00      	nop
 8003f16:	bf00      	nop
 8003f18:	bf00      	nop
 8003f1a:	bf00      	nop
 8003f1c:	f44f 0180 	mov.w	r1, #4194304	@ 0x400000
 8003f20:	6191      	str	r1, [r2, #24]
 8003f22:	bf00      	nop
 8003f24:	bf00      	nop
 8003f26:	bf00      	nop
 8003f28:	bf00      	nop
 8003f2a:	bf00      	nop
 8003f2c:	bf00      	nop
 8003f2e:	bf00      	nop
 8003f30:	bf00      	nop
 8003f32:	bf00      	nop
 8003f34:	bf00      	nop
 8003f36:	bf00      	nop
 8003f38:	bf00      	nop
 8003f3a:	bf00      	nop
 8003f3c:	bf00      	nop
 8003f3e:	bf00      	nop
 8003f40:	bf00      	nop
 8003f42:	bf00      	nop
 8003f44:	bf00      	nop
 8003f46:	bf00      	nop
 8003f48:	bf00      	nop
 8003f4a:	bf00      	nop
 8003f4c:	bf00      	nop
 8003f4e:	bf00      	nop
 8003f50:	bf00      	nop
 8003f52:	bf00      	nop
 8003f54:	bf00      	nop
 8003f56:	bf00      	nop
 8003f58:	bf00      	nop
 8003f5a:	bf00      	nop
 8003f5c:	bf00      	nop
 8003f5e:	bf00      	nop
 8003f60:	bf00      	nop
 8003f62:	bf00      	nop
 8003f64:	bf00      	nop
 8003f66:	bf00      	nop
 8003f68:	bf00      	nop
 8003f6a:	bf00      	nop
 8003f6c:	bf00      	nop
 8003f6e:	bf00      	nop
 8003f70:	bf00      	nop
 8003f72:	bf00      	nop
 8003f74:	bf00      	nop
 8003f76:	bf00      	nop
 8003f78:	bf00      	nop
 8003f7a:	bf00      	nop
 8003f7c:	bf00      	nop
 8003f7e:	bf00      	nop
 8003f80:	bf00      	nop
 8003f82:	3301      	adds	r3, #1
 8003f84:	b29b      	uxth	r3, r3
 8003f86:	4298      	cmp	r0, r3
 8003f88:	d88b      	bhi.n	8003ea2 <_PW100_FSTEP_535+0x12>
 8003f8a:	4a03      	ldr	r2, [pc, #12]	@ (8003f98 <_PW100_FSTEP_535+0x108>)
 8003f8c:	6813      	ldr	r3, [r2, #0]
 8003f8e:	f423 5340 	bic.w	r3, r3, #12288	@ 0x3000
 8003f92:	6013      	str	r3, [r2, #0]
 8003f94:	4770      	bx	lr
 8003f96:	bf00      	nop
 8003f98:	48000400 	.word	0x48000400
 8003f9c:	2000003c 	.word	0x2000003c

08003fa0 <_PW100_FSTEP_540>:
 8003fa0:	4a40      	ldr	r2, [pc, #256]	@ (80040a4 <_PW100_FSTEP_540+0x104>)
 8003fa2:	6813      	ldr	r3, [r2, #0]
 8003fa4:	f443 5380 	orr.w	r3, r3, #4096	@ 0x1000
 8003fa8:	6013      	str	r3, [r2, #0]
 8003faa:	4b3f      	ldr	r3, [pc, #252]	@ (80040a8 <_PW100_FSTEP_540+0x108>)
 8003fac:	8918      	ldrh	r0, [r3, #8]
 8003fae:	2300      	movs	r3, #0
 8003fb0:	e070      	b.n	8004094 <_PW100_FSTEP_540+0xf4>
 8003fb2:	4a3c      	ldr	r2, [pc, #240]	@ (80040a4 <_PW100_FSTEP_540+0x104>)
 8003fb4:	2140      	movs	r1, #64	@ 0x40
 8003fb6:	6191      	str	r1, [r2, #24]
 8003fb8:	bf00      	nop
 8003fba:	bf00      	nop
 8003fbc:	bf00      	nop
 8003fbe:	bf00      	nop
 8003fc0:	bf00      	nop
 8003fc2:	bf00      	nop
 8003fc4:	bf00      	nop
 8003fc6:	bf00      	nop
 8003fc8:	bf00      	nop
 8003fca:	bf00      	nop
 8003fcc:	bf00      	nop
 8003fce:	bf00      	nop
 8003fd0:	bf00      	nop
 8003fd2:	bf00      	nop
 8003fd4:	bf00      	nop
 8003fd6:	bf00      	nop
 8003fd8:	bf00      	nop
 8003fda:	bf00      	nop
 8003fdc:	bf00      	nop
 8003fde:	bf00      	nop
 8003fe0:	bf00      	nop
 8003fe2:	bf00      	nop
 8003fe4:	bf00      	nop
 8003fe6:	bf00      	nop
 8003fe8:	bf00      	nop
 8003fea:	bf00      	nop
 8003fec:	bf00      	nop
 8003fee:	bf00      	nop
 8003ff0:	bf00      	nop
 8003ff2:	bf00      	nop
 8003ff4:	bf00      	nop
 8003ff6:	bf00      	nop
 8003ff8:	bf00      	nop
 8003ffa:	bf00      	nop
 8003ffc:	bf00      	nop
 8003ffe:	bf00      	nop
 8004000:	bf00      	nop
 8004002:	bf00      	nop
 8004004:	bf00      	nop
 8004006:	bf00      	nop
 8004008:	bf00      	nop
 800400a:	bf00      	nop
 800400c:	bf00      	nop
 800400e:	bf00      	nop
 8004010:	bf00      	nop
 8004012:	bf00      	nop
 8004014:	bf00      	nop
 8004016:	bf00      	nop
 8004018:	bf00      	nop
 800401a:	bf00      	nop
 800401c:	bf00      	nop
 800401e:	bf00      	nop
 8004020:	bf00      	nop
 8004022:	bf00      	nop
 8004024:	bf00      	nop
 8004026:	bf00      	nop
 8004028:	bf00      	nop
 800402a:	bf00      	nop
 800402c:	f44f 0180 	mov.w	r1, #4194304	@ 0x400000
 8004030:	6191      	str	r1, [r2, #24]
 8004032:	bf00      	nop
 8004034:	bf00      	nop
 8004036:	bf00      	nop
 8004038:	bf00      	nop
 800403a:	bf00      	nop
 800403c:	bf00      	nop
 800403e:	bf00      	nop
 8004040:	bf00      	nop
 8004042:	bf00      	nop
 8004044:	bf00      	nop
 8004046:	bf00      	nop
 8004048:	bf00      	nop
 800404a:	bf00      	nop
 800404c:	bf00      	nop
 800404e:	bf00      	nop
 8004050:	bf00      	nop
 8004052:	bf00      	nop
 8004054:	bf00      	nop
 8004056:	bf00      	nop
 8004058:	bf00      	nop
 800405a:	bf00      	nop
 800405c:	bf00      	nop
 800405e:	bf00      	nop
 8004060:	bf00      	nop
 8004062:	bf00      	nop
 8004064:	bf00      	nop
 8004066:	bf00      	nop
 8004068:	bf00      	nop
 800406a:	bf00      	nop
 800406c:	bf00      	nop
 800406e:	bf00      	nop
 8004070:	bf00      	nop
 8004072:	bf00      	nop
 8004074:	bf00      	nop
 8004076:	bf00      	nop
 8004078:	bf00      	nop
 800407a:	bf00      	nop
 800407c:	bf00      	nop
 800407e:	bf00      	nop
 8004080:	bf00      	nop
 8004082:	bf00      	nop
 8004084:	bf00      	nop
 8004086:	bf00      	nop
 8004088:	bf00      	nop
 800408a:	bf00      	nop
 800408c:	bf00      	nop
 800408e:	bf00      	nop
 8004090:	3301      	adds	r3, #1
 8004092:	b29b      	uxth	r3, r3
 8004094:	4298      	cmp	r0, r3
 8004096:	d88c      	bhi.n	8003fb2 <_PW100_FSTEP_540+0x12>
 8004098:	4a02      	ldr	r2, [pc, #8]	@ (80040a4 <_PW100_FSTEP_540+0x104>)
 800409a:	6813      	ldr	r3, [r2, #0]
 800409c:	f423 5340 	bic.w	r3, r3, #12288	@ 0x3000
 80040a0:	6013      	str	r3, [r2, #0]
 80040a2:	4770      	bx	lr
 80040a4:	48000400 	.word	0x48000400
 80040a8:	2000003c 	.word	0x2000003c

080040ac <_PW100_FSTEP_550>:
 80040ac:	4a40      	ldr	r2, [pc, #256]	@ (80041b0 <_PW100_FSTEP_550+0x104>)
 80040ae:	6813      	ldr	r3, [r2, #0]
 80040b0:	f443 5380 	orr.w	r3, r3, #4096	@ 0x1000
 80040b4:	6013      	str	r3, [r2, #0]
 80040b6:	4b3f      	ldr	r3, [pc, #252]	@ (80041b4 <_PW100_FSTEP_550+0x108>)
 80040b8:	8918      	ldrh	r0, [r3, #8]
 80040ba:	2300      	movs	r3, #0
 80040bc:	e06f      	b.n	800419e <_PW100_FSTEP_550+0xf2>
 80040be:	4a3c      	ldr	r2, [pc, #240]	@ (80041b0 <_PW100_FSTEP_550+0x104>)
 80040c0:	2140      	movs	r1, #64	@ 0x40
 80040c2:	6191      	str	r1, [r2, #24]
 80040c4:	bf00      	nop
 80040c6:	bf00      	nop
 80040c8:	bf00      	nop
 80040ca:	bf00      	nop
 80040cc:	bf00      	nop
 80040ce:	bf00      	nop
 80040d0:	bf00      	nop
 80040d2:	bf00      	nop
 80040d4:	bf00      	nop
 80040d6:	bf00      	nop
 80040d8:	bf00      	nop
 80040da:	bf00      	nop
 80040dc:	bf00      	nop
 80040de:	bf00      	nop
 80040e0:	bf00      	nop
 80040e2:	bf00      	nop
 80040e4:	bf00      	nop
 80040e6:	bf00      	nop
 80040e8:	bf00      	nop
 80040ea:	bf00      	nop
 80040ec:	bf00      	nop
 80040ee:	bf00      	nop
 80040f0:	bf00      	nop
 80040f2:	bf00      	nop
 80040f4:	bf00      	nop
 80040f6:	bf00      	nop
 80040f8:	bf00      	nop
 80040fa:	bf00      	nop
 80040fc:	bf00      	nop
 80040fe:	bf00      	nop
 8004100:	bf00      	nop
 8004102:	bf00      	nop
 8004104:	bf00      	nop
 8004106:	bf00      	nop
 8004108:	bf00      	nop
 800410a:	bf00      	nop
 800410c:	bf00      	nop
 800410e:	bf00      	nop
 8004110:	bf00      	nop
 8004112:	bf00      	nop
 8004114:	bf00      	nop
 8004116:	bf00      	nop
 8004118:	bf00      	nop
 800411a:	bf00      	nop
 800411c:	bf00      	nop
 800411e:	bf00      	nop
 8004120:	bf00      	nop
 8004122:	bf00      	nop
 8004124:	bf00      	nop
 8004126:	bf00      	nop
 8004128:	bf00      	nop
 800412a:	bf00      	nop
 800412c:	bf00      	nop
 800412e:	bf00      	nop
 8004130:	bf00      	nop
 8004132:	bf00      	nop
 8004134:	bf00      	nop
 8004136:	f44f 0180 	mov.w	r1, #4194304	@ 0x400000
 800413a:	6191      	str	r1, [r2, #24]
 800413c:	bf00      	nop
 800413e:	bf00      	nop
 8004140:	bf00      	nop
 8004142:	bf00      	nop
 8004144:	bf00      	nop
 8004146:	bf00      	nop
 8004148:	bf00      	nop
 800414a:	bf00      	nop
 800414c:	bf00      	nop
 800414e:	bf00      	nop
 8004150:	bf00      	nop
 8004152:	bf00      	nop
 8004154:	bf00      	nop
 8004156:	bf00      	nop
 8004158:	bf00      	nop
 800415a:	bf00      	nop
 800415c:	bf00      	nop
 800415e:	bf00      	nop
 8004160:	bf00      	nop
 8004162:	bf00      	nop
 8004164:	bf00      	nop
 8004166:	bf00      	nop
 8004168:	bf00      	nop
 800416a:	bf00      	nop
 800416c:	bf00      	nop
 800416e:	bf00      	nop
 8004170:	bf00      	nop
 8004172:	bf00      	nop
 8004174:	bf00      	nop
 8004176:	bf00      	nop
 8004178:	bf00      	nop
 800417a:	bf00      	nop
 800417c:	bf00      	nop
 800417e:	bf00      	nop
 8004180:	bf00      	nop
 8004182:	bf00      	nop
 8004184:	bf00      	nop
 8004186:	bf00      	nop
 8004188:	bf00      	nop
 800418a:	bf00      	nop
 800418c:	bf00      	nop
 800418e:	bf00      	nop
 8004190:	bf00      	nop
 8004192:	bf00      	nop
 8004194:	bf00      	nop
 8004196:	bf00      	nop
 8004198:	bf00      	nop
 800419a:	3301      	adds	r3, #1
 800419c:	b29b      	uxth	r3, r3
 800419e:	4298      	cmp	r0, r3
 80041a0:	d88d      	bhi.n	80040be <_PW100_FSTEP_550+0x12>
 80041a2:	4a03      	ldr	r2, [pc, #12]	@ (80041b0 <_PW100_FSTEP_550+0x104>)
 80041a4:	6813      	ldr	r3, [r2, #0]
 80041a6:	f423 5340 	bic.w	r3, r3, #12288	@ 0x3000
 80041aa:	6013      	str	r3, [r2, #0]
 80041ac:	4770      	bx	lr
 80041ae:	bf00      	nop
 80041b0:	48000400 	.word	0x48000400
 80041b4:	2000003c 	.word	0x2000003c

080041b8 <patchouli_linear_map>:
 80041b8:	ee71 1ac1 	vsub.f32	s3, s3, s2
 80041bc:	ee32 2a40 	vsub.f32	s4, s4, s0
 80041c0:	ee61 1a82 	vmul.f32	s3, s3, s4
 80041c4:	ee70 0ac0 	vsub.f32	s1, s1, s0
 80041c8:	ee81 0aa0 	vdiv.f32	s0, s3, s1
 80041cc:	ee30 0a01 	vadd.f32	s0, s0, s2
 80041d0:	4770      	bx	lr

080041d2 <patchouli_median>:
 80041d2:	b510      	push	{r4, lr}
 80041d4:	f04f 0e00 	mov.w	lr, #0
 80041d8:	e00f      	b.n	80041fa <patchouli_median+0x28>
 80041da:	3301      	adds	r3, #1
 80041dc:	b29b      	uxth	r3, r3
 80041de:	428b      	cmp	r3, r1
 80041e0:	d20a      	bcs.n	80041f8 <patchouli_median+0x26>
 80041e2:	f830 c013 	ldrh.w	ip, [r0, r3, lsl #1]
 80041e6:	f830 201e 	ldrh.w	r2, [r0, lr, lsl #1]
 80041ea:	4594      	cmp	ip, r2
 80041ec:	d2f5      	bcs.n	80041da <patchouli_median+0x8>
 80041ee:	f820 c01e 	strh.w	ip, [r0, lr, lsl #1]
 80041f2:	f820 2013 	strh.w	r2, [r0, r3, lsl #1]
 80041f6:	e7f0      	b.n	80041da <patchouli_median+0x8>
 80041f8:	46a6      	mov	lr, r4
 80041fa:	458e      	cmp	lr, r1
 80041fc:	d204      	bcs.n	8004208 <patchouli_median+0x36>
 80041fe:	f10e 0401 	add.w	r4, lr, #1
 8004202:	b2a4      	uxth	r4, r4
 8004204:	4623      	mov	r3, r4
 8004206:	e7ea      	b.n	80041de <patchouli_median+0xc>
 8004208:	0849      	lsrs	r1, r1, #1
 800420a:	f830 0011 	ldrh.w	r0, [r0, r1, lsl #1]
 800420e:	bd10      	pop	{r4, pc}

08004210 <patchouli_gauss_init_kernel>:
 8004210:	b570      	push	{r4, r5, r6, lr}
 8004212:	b0b8      	sub	sp, #224	@ 0xe0
 8004214:	ab29      	add	r3, sp, #164	@ 0xa4
 8004216:	2203      	movs	r2, #3
 8004218:	2105      	movs	r1, #5
 800421a:	a806      	add	r0, sp, #24
 800421c:	f7fd f82d 	bl	800127a <arm_mat_init_f32>
 8004220:	ab1a      	add	r3, sp, #104	@ 0x68
 8004222:	2205      	movs	r2, #5
 8004224:	2103      	movs	r1, #3
 8004226:	a804      	add	r0, sp, #16
 8004228:	f7fd f827 	bl	800127a <arm_mat_init_f32>
 800422c:	ab11      	add	r3, sp, #68	@ 0x44
 800422e:	2203      	movs	r2, #3
 8004230:	4611      	mov	r1, r2
 8004232:	a802      	add	r0, sp, #8
 8004234:	f7fd f821 	bl	800127a <arm_mat_init_f32>
 8004238:	ab08      	add	r3, sp, #32
 800423a:	2203      	movs	r2, #3
 800423c:	4611      	mov	r1, r2
 800423e:	4668      	mov	r0, sp
 8004240:	f7fd f81b 	bl	800127a <arm_mat_init_f32>
 8004244:	4b25      	ldr	r3, [pc, #148]	@ (80042dc <patchouli_gauss_init_kernel+0xcc>)
 8004246:	2205      	movs	r2, #5
 8004248:	2103      	movs	r1, #3
 800424a:	4825      	ldr	r0, [pc, #148]	@ (80042e0 <patchouli_gauss_init_kernel+0xd0>)
 800424c:	f7fd f815 	bl	800127a <arm_mat_init_f32>
 8004250:	4b24      	ldr	r3, [pc, #144]	@ (80042e4 <patchouli_gauss_init_kernel+0xd4>)
 8004252:	2201      	movs	r2, #1
 8004254:	2105      	movs	r1, #5
 8004256:	4824      	ldr	r0, [pc, #144]	@ (80042e8 <patchouli_gauss_init_kernel+0xd8>)
 8004258:	f7fd f80f 	bl	800127a <arm_mat_init_f32>
 800425c:	4b23      	ldr	r3, [pc, #140]	@ (80042ec <patchouli_gauss_init_kernel+0xdc>)
 800425e:	2201      	movs	r2, #1
 8004260:	2103      	movs	r1, #3
 8004262:	4823      	ldr	r0, [pc, #140]	@ (80042f0 <patchouli_gauss_init_kernel+0xe0>)
 8004264:	f7fd f809 	bl	800127a <arm_mat_init_f32>
 8004268:	2300      	movs	r3, #0
 800426a:	e01e      	b.n	80042aa <patchouli_gauss_init_kernel+0x9a>
 800426c:	eb03 0243 	add.w	r2, r3, r3, lsl #1
 8004270:	a938      	add	r1, sp, #224	@ 0xe0
 8004272:	eb01 0182 	add.w	r1, r1, r2, lsl #2
 8004276:	f04f 507e 	mov.w	r0, #1065353216	@ 0x3f800000
 800427a:	f841 0c3c 	str.w	r0, [r1, #-60]
 800427e:	3301      	adds	r3, #1
 8004280:	1c51      	adds	r1, r2, #1
 8004282:	a838      	add	r0, sp, #224	@ 0xe0
 8004284:	eb00 0181 	add.w	r1, r0, r1, lsl #2
 8004288:	ee07 3a90 	vmov	s15, r3
 800428c:	eef8 7ae7 	vcvt.f32.s32	s15, s15
 8004290:	ed41 7a0f 	vstr	s15, [r1, #-60]	@ 0xffffffc4
 8004294:	fb03 f103 	mul.w	r1, r3, r3
 8004298:	ee07 1a90 	vmov	s15, r1
 800429c:	3202      	adds	r2, #2
 800429e:	eb00 0282 	add.w	r2, r0, r2, lsl #2
 80042a2:	eef8 7ae7 	vcvt.f32.s32	s15, s15
 80042a6:	ed42 7a0f 	vstr	s15, [r2, #-60]	@ 0xffffffc4
 80042aa:	2b04      	cmp	r3, #4
 80042ac:	ddde      	ble.n	800426c <patchouli_gauss_init_kernel+0x5c>
 80042ae:	ac04      	add	r4, sp, #16
 80042b0:	ad06      	add	r5, sp, #24
 80042b2:	4621      	mov	r1, r4
 80042b4:	4628      	mov	r0, r5
 80042b6:	f7fd f919 	bl	80014ec <arm_mat_trans_f32>
 80042ba:	ae02      	add	r6, sp, #8
 80042bc:	4632      	mov	r2, r6
 80042be:	4629      	mov	r1, r5
 80042c0:	4620      	mov	r0, r4
 80042c2:	f7fd f8d9 	bl	8001478 <arm_mat_mult_f32>
 80042c6:	4669      	mov	r1, sp
 80042c8:	4630      	mov	r0, r6
 80042ca:	f7fc ffdb 	bl	8001284 <arm_mat_inverse_f32>
 80042ce:	4a04      	ldr	r2, [pc, #16]	@ (80042e0 <patchouli_gauss_init_kernel+0xd0>)
 80042d0:	4621      	mov	r1, r4
 80042d2:	4668      	mov	r0, sp
 80042d4:	f7fd f8d0 	bl	8001478 <arm_mat_mult_f32>
 80042d8:	b038      	add	sp, #224	@ 0xe0
 80042da:	bd70      	pop	{r4, r5, r6, pc}
 80042dc:	20000510 	.word	0x20000510
 80042e0:	20000508 	.word	0x20000508
 80042e4:	200004e0 	.word	0x200004e0
 80042e8:	200004d8 	.word	0x200004d8
 80042ec:	200004fc 	.word	0x200004fc
 80042f0:	200004f4 	.word	0x200004f4

080042f4 <patchouli_gauss_apply>:
 80042f4:	b510      	push	{r4, lr}
 80042f6:	460c      	mov	r4, r1
 80042f8:	2300      	movs	r3, #0
 80042fa:	e00b      	b.n	8004314 <patchouli_gauss_apply+0x20>
 80042fc:	f930 2013 	ldrsh.w	r2, [r0, r3, lsl #1]
 8004300:	ee07 2a90 	vmov	s15, r2
 8004304:	eef8 7ae7 	vcvt.f32.s32	s15, s15
 8004308:	4a09      	ldr	r2, [pc, #36]	@ (8004330 <patchouli_gauss_apply+0x3c>)
 800430a:	eb02 0283 	add.w	r2, r2, r3, lsl #2
 800430e:	edc2 7a00 	vstr	s15, [r2]
 8004312:	3301      	adds	r3, #1
 8004314:	2b04      	cmp	r3, #4
 8004316:	ddf1      	ble.n	80042fc <patchouli_gauss_apply+0x8>
 8004318:	4a06      	ldr	r2, [pc, #24]	@ (8004334 <patchouli_gauss_apply+0x40>)
 800431a:	4907      	ldr	r1, [pc, #28]	@ (8004338 <patchouli_gauss_apply+0x44>)
 800431c:	4807      	ldr	r0, [pc, #28]	@ (800433c <patchouli_gauss_apply+0x48>)
 800431e:	f7fd f8ab 	bl	8001478 <arm_mat_mult_f32>
 8004322:	4b07      	ldr	r3, [pc, #28]	@ (8004340 <patchouli_gauss_apply+0x4c>)
 8004324:	cb07      	ldmia	r3!, {r0, r1, r2}
 8004326:	6020      	str	r0, [r4, #0]
 8004328:	6061      	str	r1, [r4, #4]
 800432a:	60a2      	str	r2, [r4, #8]
 800432c:	4620      	mov	r0, r4
 800432e:	bd10      	pop	{r4, pc}
 8004330:	200004e0 	.word	0x200004e0
 8004334:	200004f4 	.word	0x200004f4
 8004338:	200004d8 	.word	0x200004d8
 800433c:	20000508 	.word	0x20000508
 8004340:	200004fc 	.word	0x200004fc

08004344 <patchouli_mva_buffer_init>:
 8004344:	b538      	push	{r3, r4, r5, lr}
 8004346:	4604      	mov	r4, r0
 8004348:	460d      	mov	r5, r1
 800434a:	0088      	lsls	r0, r1, #2
 800434c:	f008 f94c 	bl	800c5e8 <malloc>
 8004350:	6020      	str	r0, [r4, #0]
 8004352:	6065      	str	r5, [r4, #4]
 8004354:	2300      	movs	r3, #0
 8004356:	60a3      	str	r3, [r4, #8]
 8004358:	2200      	movs	r2, #0
 800435a:	60e2      	str	r2, [r4, #12]
 800435c:	6122      	str	r2, [r4, #16]
 800435e:	e007      	b.n	8004370 <patchouli_mva_buffer_init+0x2c>
 8004360:	6822      	ldr	r2, [r4, #0]
 8004362:	eb02 0283 	add.w	r2, r2, r3, lsl #2
 8004366:	f04f 0c00 	mov.w	ip, #0
 800436a:	f8c2 c000 	str.w	ip, [r2]
 800436e:	3301      	adds	r3, #1
 8004370:	42ab      	cmp	r3, r5
 8004372:	dbf5      	blt.n	8004360 <patchouli_mva_buffer_init+0x1c>
 8004374:	bd38      	pop	{r3, r4, r5, pc}

08004376 <patchouli_mva_buffer_push>:
 8004376:	edd0 7a03 	vldr	s15, [r0, #12]
 800437a:	6803      	ldr	r3, [r0, #0]
 800437c:	6882      	ldr	r2, [r0, #8]
 800437e:	eb03 0382 	add.w	r3, r3, r2, lsl #2
 8004382:	ed93 7a00 	vldr	s14, [r3]
 8004386:	ee77 7ac7 	vsub.f32	s15, s15, s14
 800438a:	edc0 7a03 	vstr	s15, [r0, #12]
 800438e:	ed83 0a00 	vstr	s0, [r3]
 8004392:	ed90 7a03 	vldr	s14, [r0, #12]
 8004396:	ee37 7a00 	vadd.f32	s14, s14, s0
 800439a:	ed80 7a03 	vstr	s14, [r0, #12]
 800439e:	6883      	ldr	r3, [r0, #8]
 80043a0:	3301      	adds	r3, #1
 80043a2:	6842      	ldr	r2, [r0, #4]
 80043a4:	fb93 f1f2 	sdiv	r1, r3, r2
 80043a8:	fb02 3311 	mls	r3, r2, r1, r3
 80043ac:	6083      	str	r3, [r0, #8]
 80043ae:	ee07 2a90 	vmov	s15, r2
 80043b2:	eef8 7ae7 	vcvt.f32.s32	s15, s15
 80043b6:	ee87 0a27 	vdiv.f32	s0, s14, s15
 80043ba:	ed80 0a04 	vstr	s0, [r0, #16]
 80043be:	4770      	bx	lr

080043c0 <patchouli_quad_interp>:
 80043c0:	b510      	push	{r4, lr}
 80043c2:	7801      	ldrb	r1, [r0, #0]
 80043c4:	2300      	movs	r3, #0
 80043c6:	6103      	str	r3, [r0, #16]
 80043c8:	ed9f 7a3b 	vldr	s14, [pc, #236]	@ 80044b8 <patchouli_quad_interp+0xf8>
 80043cc:	e000      	b.n	80043d0 <patchouli_quad_interp+0x10>
 80043ce:	3301      	adds	r3, #1
 80043d0:	428b      	cmp	r3, r1
 80043d2:	da0d      	bge.n	80043f0 <patchouli_quad_interp+0x30>
 80043d4:	68c2      	ldr	r2, [r0, #12]
 80043d6:	eb02 0283 	add.w	r2, r2, r3, lsl #2
 80043da:	edd2 7a00 	vldr	s15, [r2]
 80043de:	eef4 7ac7 	vcmpe.f32	s15, s14
 80043e2:	eef1 fa10 	vmrs	APSR_nzcv, fpscr
 80043e6:	ddf2      	ble.n	80043ce <patchouli_quad_interp+0xe>
 80043e8:	6103      	str	r3, [r0, #16]
 80043ea:	eeb0 7a67 	vmov.f32	s14, s15
 80043ee:	e7ee      	b.n	80043ce <patchouli_quad_interp+0xe>
 80043f0:	6902      	ldr	r2, [r0, #16]
 80043f2:	2a00      	cmp	r2, #0
 80043f4:	d14a      	bne.n	800448c <patchouli_quad_interp+0xcc>
 80043f6:	4613      	mov	r3, r2
 80043f8:	7702      	strb	r2, [r0, #28]
 80043fa:	f04f 0e01 	mov.w	lr, #1
 80043fe:	f8d0 c00c 	ldr.w	ip, [r0, #12]
 8004402:	eb0c 0483 	add.w	r4, ip, r3, lsl #2
 8004406:	edd4 6a00 	vldr	s13, [r4]
 800440a:	eb0c 0282 	add.w	r2, ip, r2, lsl #2
 800440e:	ed92 6a00 	vldr	s12, [r2]
 8004412:	eb0c 0c8e 	add.w	ip, ip, lr, lsl #2
 8004416:	ed9c 5a00 	vldr	s10, [ip]
 800441a:	ee07 3a90 	vmov	s15, r3
 800441e:	eeb8 7ae7 	vcvt.f32.s32	s14, s15
 8004422:	eef0 7a08 	vmov.f32	s15, #8	@ 0x40400000  3.0
 8004426:	ee66 7aa7 	vmul.f32	s15, s13, s15
 800442a:	eef1 5a00 	vmov.f32	s11, #16	@ 0x40800000  4.0
 800442e:	ee66 5a25 	vmul.f32	s11, s12, s11
 8004432:	ee77 7ae5 	vsub.f32	s15, s15, s11
 8004436:	ee77 7a85 	vadd.f32	s15, s15, s10
 800443a:	eef6 5a00 	vmov.f32	s11, #96	@ 0x3f000000  0.5
 800443e:	ee67 7aa5 	vmul.f32	s15, s15, s11
 8004442:	ee36 6a06 	vadd.f32	s12, s12, s12
 8004446:	ee76 6ac6 	vsub.f32	s13, s13, s12
 800444a:	ee76 6a85 	vadd.f32	s13, s13, s10
 800444e:	ee87 6aa6 	vdiv.f32	s12, s15, s13
 8004452:	ee77 7a06 	vadd.f32	s15, s14, s12
 8004456:	edc0 7a05 	vstr	s15, [r0, #20]
 800445a:	7f03      	ldrb	r3, [r0, #28]
 800445c:	2b02      	cmp	r3, #2
 800445e:	d024      	beq.n	80044aa <patchouli_quad_interp+0xea>
 8004460:	ed90 0a01 	vldr	s0, [r0, #4]
 8004464:	ed90 7a02 	vldr	s14, [r0, #8]
 8004468:	ee37 7a40 	vsub.f32	s14, s14, s0
 800446c:	edd0 7a05 	vldr	s15, [r0, #20]
 8004470:	ee27 7a27 	vmul.f32	s14, s14, s15
 8004474:	3901      	subs	r1, #1
 8004476:	ee07 1a90 	vmov	s15, r1
 800447a:	eef8 7ae7 	vcvt.f32.s32	s15, s15
 800447e:	eec7 6a27 	vdiv.f32	s13, s14, s15
 8004482:	ee30 0a26 	vadd.f32	s0, s0, s13
 8004486:	ed80 0a06 	vstr	s0, [r0, #24]
 800448a:	bd10      	pop	{r4, pc}
 800448c:	f101 3eff 	add.w	lr, r1, #4294967295
 8004490:	4572      	cmp	r2, lr
 8004492:	d005      	beq.n	80044a0 <patchouli_quad_interp+0xe0>
 8004494:	2301      	movs	r3, #1
 8004496:	7703      	strb	r3, [r0, #28]
 8004498:	1e53      	subs	r3, r2, #1
 800449a:	f102 0e01 	add.w	lr, r2, #1
 800449e:	e7ae      	b.n	80043fe <patchouli_quad_interp+0x3e>
 80044a0:	2302      	movs	r3, #2
 80044a2:	7703      	strb	r3, [r0, #28]
 80044a4:	1e8b      	subs	r3, r1, #2
 80044a6:	4672      	mov	r2, lr
 80044a8:	e7a9      	b.n	80043fe <patchouli_quad_interp+0x3e>
 80044aa:	eeb7 7a00 	vmov.f32	s14, #112	@ 0x3f800000  1.0
 80044ae:	ee77 7ac7 	vsub.f32	s15, s15, s14
 80044b2:	edc0 7a05 	vstr	s15, [r0, #20]
 80044b6:	e7d3      	b.n	8004460 <patchouli_quad_interp+0xa0>
 80044b8:	c2c80000 	.word	0xc2c80000

080044bc <MX_RF_Init>:
 80044bc:	4770      	bx	lr
	...

080044c0 <MX_RTC_Init>:
 80044c0:	b508      	push	{r3, lr}
 80044c2:	480f      	ldr	r0, [pc, #60]	@ (8004500 <MX_RTC_Init+0x40>)
 80044c4:	4b0f      	ldr	r3, [pc, #60]	@ (8004504 <MX_RTC_Init+0x44>)
 80044c6:	6003      	str	r3, [r0, #0]
 80044c8:	2300      	movs	r3, #0
 80044ca:	6043      	str	r3, [r0, #4]
 80044cc:	220f      	movs	r2, #15
 80044ce:	6082      	str	r2, [r0, #8]
 80044d0:	f647 72ff 	movw	r2, #32767	@ 0x7fff
 80044d4:	60c2      	str	r2, [r0, #12]
 80044d6:	6103      	str	r3, [r0, #16]
 80044d8:	6183      	str	r3, [r0, #24]
 80044da:	61c3      	str	r3, [r0, #28]
 80044dc:	6143      	str	r3, [r0, #20]
 80044de:	f003 fb75 	bl	8007bcc <HAL_RTC_Init>
 80044e2:	b930      	cbnz	r0, 80044f2 <MX_RTC_Init+0x32>
 80044e4:	2200      	movs	r2, #0
 80044e6:	4611      	mov	r1, r2
 80044e8:	4805      	ldr	r0, [pc, #20]	@ (8004500 <MX_RTC_Init+0x40>)
 80044ea:	f003 fbc5 	bl	8007c78 <HAL_RTCEx_SetWakeUpTimer_IT>
 80044ee:	b918      	cbnz	r0, 80044f8 <MX_RTC_Init+0x38>
 80044f0:	bd08      	pop	{r3, pc}
 80044f2:	f7fe fc33 	bl	8002d5c <Error_Handler>
 80044f6:	e7f5      	b.n	80044e4 <MX_RTC_Init+0x24>
 80044f8:	f7fe fc30 	bl	8002d5c <Error_Handler>
 80044fc:	e7f8      	b.n	80044f0 <MX_RTC_Init+0x30>
 80044fe:	bf00      	nop
 8004500:	2000054c 	.word	0x2000054c
 8004504:	40002800 	.word	0x40002800

08004508 <HAL_RTC_MspInit>:
 8004508:	b510      	push	{r4, lr}
 800450a:	b096      	sub	sp, #88	@ 0x58
 800450c:	4604      	mov	r4, r0
 800450e:	2250      	movs	r2, #80	@ 0x50
 8004510:	2100      	movs	r1, #0
 8004512:	a802      	add	r0, sp, #8
 8004514:	f008 f93c 	bl	800c790 <memset>
 8004518:	6822      	ldr	r2, [r4, #0]
 800451a:	4b17      	ldr	r3, [pc, #92]	@ (8004578 <HAL_RTC_MspInit+0x70>)
 800451c:	429a      	cmp	r2, r3
 800451e:	d001      	beq.n	8004524 <HAL_RTC_MspInit+0x1c>
 8004520:	b016      	add	sp, #88	@ 0x58
 8004522:	bd10      	pop	{r4, pc}
 8004524:	f002 fa9c 	bl	8006a60 <HAL_PWR_EnableBkUpAccess>
 8004528:	f44f 6300 	mov.w	r3, #2048	@ 0x800
 800452c:	9302      	str	r3, [sp, #8]
 800452e:	f44f 7300 	mov.w	r3, #512	@ 0x200
 8004532:	9312      	str	r3, [sp, #72]	@ 0x48
 8004534:	a802      	add	r0, sp, #8
 8004536:	f003 f96c 	bl	8007812 <HAL_RCCEx_PeriphCLKConfig>
 800453a:	b9c8      	cbnz	r0, 8004570 <HAL_RTC_MspInit+0x68>
 800453c:	f04f 43b0 	mov.w	r3, #1476395008	@ 0x58000000
 8004540:	f8d3 2090 	ldr.w	r2, [r3, #144]	@ 0x90
 8004544:	f442 4200 	orr.w	r2, r2, #32768	@ 0x8000
 8004548:	f8c3 2090 	str.w	r2, [r3, #144]	@ 0x90
 800454c:	6d9a      	ldr	r2, [r3, #88]	@ 0x58
 800454e:	f442 6280 	orr.w	r2, r2, #1024	@ 0x400
 8004552:	659a      	str	r2, [r3, #88]	@ 0x58
 8004554:	6d9b      	ldr	r3, [r3, #88]	@ 0x58
 8004556:	f403 6380 	and.w	r3, r3, #1024	@ 0x400
 800455a:	9301      	str	r3, [sp, #4]
 800455c:	9b01      	ldr	r3, [sp, #4]
 800455e:	2200      	movs	r2, #0
 8004560:	4611      	mov	r1, r2
 8004562:	2003      	movs	r0, #3
 8004564:	f001 f840 	bl	80055e8 <HAL_NVIC_SetPriority>
 8004568:	2003      	movs	r0, #3
 800456a:	f001 f84d 	bl	8005608 <HAL_NVIC_EnableIRQ>
 800456e:	e7d7      	b.n	8004520 <HAL_RTC_MspInit+0x18>
 8004570:	f7fe fbf4 	bl	8002d5c <Error_Handler>
 8004574:	e7e2      	b.n	800453c <HAL_RTC_MspInit+0x34>
 8004576:	bf00      	nop
 8004578:	40002800 	.word	0x40002800

0800457c <SHCI_C2_BLE_Init>:
 800457c:	b500      	push	{lr}
 800457e:	b085      	sub	sp, #20
 8004580:	466b      	mov	r3, sp
 8004582:	f100 020c 	add.w	r2, r0, #12
 8004586:	212e      	movs	r1, #46	@ 0x2e
 8004588:	f64f 4066 	movw	r0, #64614	@ 0xfc66
 800458c:	f000 f902 	bl	8004794 <shci_send>
 8004590:	f89d 000e 	ldrb.w	r0, [sp, #14]
 8004594:	b005      	add	sp, #20
 8004596:	bd00      	pop	{pc}

08004598 <SHCI_C2_DEBUG_Init>:
 8004598:	b500      	push	{lr}
 800459a:	b085      	sub	sp, #20
 800459c:	466b      	mov	r3, sp
 800459e:	f100 020c 	add.w	r2, r0, #12
 80045a2:	210f      	movs	r1, #15
 80045a4:	f64f 4068 	movw	r0, #64616	@ 0xfc68
 80045a8:	f000 f8f4 	bl	8004794 <shci_send>
 80045ac:	f89d 000e 	ldrb.w	r0, [sp, #14]
 80045b0:	b005      	add	sp, #20
 80045b2:	bd00      	pop	{pc}

080045b4 <SHCI_C2_Config>:
 80045b4:	b500      	push	{lr}
 80045b6:	b085      	sub	sp, #20
 80045b8:	4602      	mov	r2, r0
 80045ba:	466b      	mov	r3, sp
 80045bc:	2110      	movs	r1, #16
 80045be:	f64f 4075 	movw	r0, #64629	@ 0xfc75
 80045c2:	f000 f8e7 	bl	8004794 <shci_send>
 80045c6:	f89d 000e 	ldrb.w	r0, [sp, #14]
 80045ca:	b005      	add	sp, #20
 80045cc:	bd00      	pop	{pc}
	...

080045d0 <SHCI_GetWirelessFwInfo>:
 80045d0:	b510      	push	{r4, lr}
 80045d2:	4b21      	ldr	r3, [pc, #132]	@ (8004658 <SHCI_GetWirelessFwInfo+0x88>)
 80045d4:	6bdb      	ldr	r3, [r3, #60]	@ 0x3c
 80045d6:	f3c3 030d 	ubfx	r3, r3, #0, #14
 80045da:	009b      	lsls	r3, r3, #2
 80045dc:	f103 5300 	add.w	r3, r3, #536870912	@ 0x20000000
 80045e0:	f503 3340 	add.w	r3, r3, #196608	@ 0x30000
 80045e4:	681a      	ldr	r2, [r3, #0]
 80045e6:	6811      	ldr	r1, [r2, #0]
 80045e8:	4b1c      	ldr	r3, [pc, #112]	@ (800465c <SHCI_GetWirelessFwInfo+0x8c>)
 80045ea:	4299      	cmp	r1, r3
 80045ec:	d02c      	beq.n	8004648 <SHCI_GetWirelessFwInfo+0x78>
 80045ee:	6913      	ldr	r3, [r2, #16]
 80045f0:	f8d2 c014 	ldr.w	ip, [r2, #20]
 80045f4:	f8d2 e018 	ldr.w	lr, [r2, #24]
 80045f8:	6851      	ldr	r1, [r2, #4]
 80045fa:	6892      	ldr	r2, [r2, #8]
 80045fc:	0e1c      	lsrs	r4, r3, #24
 80045fe:	7004      	strb	r4, [r0, #0]
 8004600:	0c1c      	lsrs	r4, r3, #16
 8004602:	7044      	strb	r4, [r0, #1]
 8004604:	0a1c      	lsrs	r4, r3, #8
 8004606:	7084      	strb	r4, [r0, #2]
 8004608:	f3c3 1403 	ubfx	r4, r3, #4, #4
 800460c:	70c4      	strb	r4, [r0, #3]
 800460e:	f003 030f 	and.w	r3, r3, #15
 8004612:	7103      	strb	r3, [r0, #4]
 8004614:	ea4f 631c 	mov.w	r3, ip, lsr #24
 8004618:	7143      	strb	r3, [r0, #5]
 800461a:	ea4f 431c 	mov.w	r3, ip, lsr #16
 800461e:	7183      	strb	r3, [r0, #6]
 8004620:	ea4f 231c 	mov.w	r3, ip, lsr #8
 8004624:	71c3      	strb	r3, [r0, #7]
 8004626:	f880 c008 	strb.w	ip, [r0, #8]
 800462a:	f880 e009 	strb.w	lr, [r0, #9]
 800462e:	0e0b      	lsrs	r3, r1, #24
 8004630:	7283      	strb	r3, [r0, #10]
 8004632:	0c0b      	lsrs	r3, r1, #16
 8004634:	72c3      	strb	r3, [r0, #11]
 8004636:	0a09      	lsrs	r1, r1, #8
 8004638:	7301      	strb	r1, [r0, #12]
 800463a:	0e13      	lsrs	r3, r2, #24
 800463c:	7343      	strb	r3, [r0, #13]
 800463e:	0c13      	lsrs	r3, r2, #16
 8004640:	7383      	strb	r3, [r0, #14]
 8004642:	73c2      	strb	r2, [r0, #15]
 8004644:	2000      	movs	r0, #0
 8004646:	bd10      	pop	{r4, pc}
 8004648:	6953      	ldr	r3, [r2, #20]
 800464a:	f8d2 c018 	ldr.w	ip, [r2, #24]
 800464e:	f8d2 e01c 	ldr.w	lr, [r2, #28]
 8004652:	68d1      	ldr	r1, [r2, #12]
 8004654:	6912      	ldr	r2, [r2, #16]
 8004656:	e7d1      	b.n	80045fc <SHCI_GetWirelessFwInfo+0x2c>
 8004658:	58004000 	.word	0x58004000
 800465c:	a94656b9 	.word	0xa94656b9

08004660 <Cmd_SetStatus>:
 8004660:	b508      	push	{r3, lr}
 8004662:	b938      	cbnz	r0, 8004674 <Cmd_SetStatus+0x14>
 8004664:	4b08      	ldr	r3, [pc, #32]	@ (8004688 <Cmd_SetStatus+0x28>)
 8004666:	681b      	ldr	r3, [r3, #0]
 8004668:	b103      	cbz	r3, 800466c <Cmd_SetStatus+0xc>
 800466a:	4798      	blx	r3
 800466c:	4b07      	ldr	r3, [pc, #28]	@ (800468c <Cmd_SetStatus+0x2c>)
 800466e:	2200      	movs	r2, #0
 8004670:	701a      	strb	r2, [r3, #0]
 8004672:	bd08      	pop	{r3, pc}
 8004674:	4b05      	ldr	r3, [pc, #20]	@ (800468c <Cmd_SetStatus+0x2c>)
 8004676:	2201      	movs	r2, #1
 8004678:	701a      	strb	r2, [r3, #0]
 800467a:	4b03      	ldr	r3, [pc, #12]	@ (8004688 <Cmd_SetStatus+0x28>)
 800467c:	681b      	ldr	r3, [r3, #0]
 800467e:	2b00      	cmp	r3, #0
 8004680:	d0f7      	beq.n	8004672 <Cmd_SetStatus+0x12>
 8004682:	4610      	mov	r0, r2
 8004684:	4798      	blx	r3
 8004686:	e7f4      	b.n	8004672 <Cmd_SetStatus+0x12>
 8004688:	20000574 	.word	0x20000574
 800468c:	20000204 	.word	0x20000204

08004690 <TlInit>:
 8004690:	b510      	push	{r4, lr}
 8004692:	b084      	sub	sp, #16
 8004694:	4604      	mov	r4, r0
 8004696:	4b0b      	ldr	r3, [pc, #44]	@ (80046c4 <TlInit+0x34>)
 8004698:	6018      	str	r0, [r3, #0]
 800469a:	480b      	ldr	r0, [pc, #44]	@ (80046c8 <TlInit+0x38>)
 800469c:	f006 f848 	bl	800a730 <LST_init_head>
 80046a0:	2001      	movs	r0, #1
 80046a2:	f7ff ffdd 	bl	8004660 <Cmd_SetStatus>
 80046a6:	4b09      	ldr	r3, [pc, #36]	@ (80046cc <TlInit+0x3c>)
 80046a8:	2201      	movs	r2, #1
 80046aa:	701a      	strb	r2, [r3, #0]
 80046ac:	4b08      	ldr	r3, [pc, #32]	@ (80046d0 <TlInit+0x40>)
 80046ae:	681b      	ldr	r3, [r3, #0]
 80046b0:	b133      	cbz	r3, 80046c0 <TlInit+0x30>
 80046b2:	9403      	str	r4, [sp, #12]
 80046b4:	4a07      	ldr	r2, [pc, #28]	@ (80046d4 <TlInit+0x44>)
 80046b6:	9201      	str	r2, [sp, #4]
 80046b8:	4a07      	ldr	r2, [pc, #28]	@ (80046d8 <TlInit+0x48>)
 80046ba:	9202      	str	r2, [sp, #8]
 80046bc:	a801      	add	r0, sp, #4
 80046be:	4798      	blx	r3
 80046c0:	b004      	add	sp, #16
 80046c2:	bd10      	pop	{r4, pc}
 80046c4:	20000200 	.word	0x20000200
 80046c8:	20000208 	.word	0x20000208
 80046cc:	200001fc 	.word	0x200001fc
 80046d0:	20000578 	.word	0x20000578
 80046d4:	080047f9 	.word	0x080047f9
 80046d8:	080046dd 	.word	0x080046dd

080046dc <TlUserEvtReceived>:
 80046dc:	b510      	push	{r4, lr}
 80046de:	4601      	mov	r1, r0
 80046e0:	4c03      	ldr	r4, [pc, #12]	@ (80046f0 <TlUserEvtReceived+0x14>)
 80046e2:	4620      	mov	r0, r4
 80046e4:	f006 f83f 	bl	800a766 <LST_insert_tail>
 80046e8:	4620      	mov	r0, r4
 80046ea:	f7fc fdb6 	bl	800125a <shci_notify_asynch_evt>
 80046ee:	bd10      	pop	{r4, pc}
 80046f0:	20000208 	.word	0x20000208

080046f4 <shci_init>:
 80046f4:	b510      	push	{r4, lr}
 80046f6:	460c      	mov	r4, r1
 80046f8:	684a      	ldr	r2, [r1, #4]
 80046fa:	4b05      	ldr	r3, [pc, #20]	@ (8004710 <shci_init+0x1c>)
 80046fc:	601a      	str	r2, [r3, #0]
 80046fe:	4b05      	ldr	r3, [pc, #20]	@ (8004714 <shci_init+0x20>)
 8004700:	61d8      	str	r0, [r3, #28]
 8004702:	4618      	mov	r0, r3
 8004704:	f000 f87e 	bl	8004804 <shci_register_io_bus>
 8004708:	6820      	ldr	r0, [r4, #0]
 800470a:	f7ff ffc1 	bl	8004690 <TlInit>
 800470e:	bd10      	pop	{r4, pc}
 8004710:	20000574 	.word	0x20000574
 8004714:	20000578 	.word	0x20000578

08004718 <shci_user_evt_proc>:
 8004718:	b500      	push	{lr}
 800471a:	b085      	sub	sp, #20
 800471c:	481a      	ldr	r0, [pc, #104]	@ (8004788 <shci_user_evt_proc+0x70>)
 800471e:	f006 f80a 	bl	800a736 <LST_is_empty>
 8004722:	b910      	cbnz	r0, 800472a <shci_user_evt_proc+0x12>
 8004724:	4b19      	ldr	r3, [pc, #100]	@ (800478c <shci_user_evt_proc+0x74>)
 8004726:	781b      	ldrb	r3, [r3, #0]
 8004728:	b943      	cbnz	r3, 800473c <shci_user_evt_proc+0x24>
 800472a:	4817      	ldr	r0, [pc, #92]	@ (8004788 <shci_user_evt_proc+0x70>)
 800472c:	f006 f803 	bl	800a736 <LST_is_empty>
 8004730:	b910      	cbnz	r0, 8004738 <shci_user_evt_proc+0x20>
 8004732:	4b16      	ldr	r3, [pc, #88]	@ (800478c <shci_user_evt_proc+0x74>)
 8004734:	781b      	ldrb	r3, [r3, #0]
 8004736:	bb1b      	cbnz	r3, 8004780 <shci_user_evt_proc+0x68>
 8004738:	b005      	add	sp, #20
 800473a:	bd00      	pop	{pc}
 800473c:	a903      	add	r1, sp, #12
 800473e:	4812      	ldr	r0, [pc, #72]	@ (8004788 <shci_user_evt_proc+0x70>)
 8004740:	f006 f829 	bl	800a796 <LST_remove_head>
 8004744:	4b12      	ldr	r3, [pc, #72]	@ (8004790 <shci_user_evt_proc+0x78>)
 8004746:	69db      	ldr	r3, [r3, #28]
 8004748:	b18b      	cbz	r3, 800476e <shci_user_evt_proc+0x56>
 800474a:	9a03      	ldr	r2, [sp, #12]
 800474c:	9202      	str	r2, [sp, #8]
 800474e:	2201      	movs	r2, #1
 8004750:	f88d 2004 	strb.w	r2, [sp, #4]
 8004754:	a801      	add	r0, sp, #4
 8004756:	4798      	blx	r3
 8004758:	f89d 2004 	ldrb.w	r2, [sp, #4]
 800475c:	4b0b      	ldr	r3, [pc, #44]	@ (800478c <shci_user_evt_proc+0x74>)
 800475e:	701a      	strb	r2, [r3, #0]
 8004760:	4b0a      	ldr	r3, [pc, #40]	@ (800478c <shci_user_evt_proc+0x74>)
 8004762:	781b      	ldrb	r3, [r3, #0]
 8004764:	b13b      	cbz	r3, 8004776 <shci_user_evt_proc+0x5e>
 8004766:	9803      	ldr	r0, [sp, #12]
 8004768:	f006 fb7e 	bl	800ae68 <TL_MM_EvtDone>
 800476c:	e7dd      	b.n	800472a <shci_user_evt_proc+0x12>
 800476e:	4b07      	ldr	r3, [pc, #28]	@ (800478c <shci_user_evt_proc+0x74>)
 8004770:	2201      	movs	r2, #1
 8004772:	701a      	strb	r2, [r3, #0]
 8004774:	e7f4      	b.n	8004760 <shci_user_evt_proc+0x48>
 8004776:	9903      	ldr	r1, [sp, #12]
 8004778:	4803      	ldr	r0, [pc, #12]	@ (8004788 <shci_user_evt_proc+0x70>)
 800477a:	f005 ffe8 	bl	800a74e <LST_insert_head>
 800477e:	e7d4      	b.n	800472a <shci_user_evt_proc+0x12>
 8004780:	4801      	ldr	r0, [pc, #4]	@ (8004788 <shci_user_evt_proc+0x70>)
 8004782:	f7fc fd6a 	bl	800125a <shci_notify_asynch_evt>
 8004786:	e7d7      	b.n	8004738 <shci_user_evt_proc+0x20>
 8004788:	20000208 	.word	0x20000208
 800478c:	200001fc 	.word	0x200001fc
 8004790:	20000578 	.word	0x20000578

08004794 <shci_send>:
 8004794:	e92d 41f0 	stmdb	sp!, {r4, r5, r6, r7, r8, lr}
 8004798:	4680      	mov	r8, r0
 800479a:	460c      	mov	r4, r1
 800479c:	4617      	mov	r7, r2
 800479e:	461e      	mov	r6, r3
 80047a0:	2000      	movs	r0, #0
 80047a2:	f7ff ff5d 	bl	8004660 <Cmd_SetStatus>
 80047a6:	4d11      	ldr	r5, [pc, #68]	@ (80047ec <shci_send+0x58>)
 80047a8:	6828      	ldr	r0, [r5, #0]
 80047aa:	f8a0 8009 	strh.w	r8, [r0, #9]
 80047ae:	72c4      	strb	r4, [r0, #11]
 80047b0:	4622      	mov	r2, r4
 80047b2:	4639      	mov	r1, r7
 80047b4:	300c      	adds	r0, #12
 80047b6:	f008 f82f 	bl	800c818 <memcpy>
 80047ba:	2401      	movs	r4, #1
 80047bc:	4b0c      	ldr	r3, [pc, #48]	@ (80047f0 <shci_send+0x5c>)
 80047be:	701c      	strb	r4, [r3, #0]
 80047c0:	4b0c      	ldr	r3, [pc, #48]	@ (80047f4 <shci_send+0x60>)
 80047c2:	691b      	ldr	r3, [r3, #16]
 80047c4:	2100      	movs	r1, #0
 80047c6:	4608      	mov	r0, r1
 80047c8:	4798      	blx	r3
 80047ca:	f248 00e8 	movw	r0, #33000	@ 0x80e8
 80047ce:	f7fc fd4f 	bl	8001270 <shci_cmd_resp_wait>
 80047d2:	6829      	ldr	r1, [r5, #0]
 80047d4:	788a      	ldrb	r2, [r1, #2]
 80047d6:	3203      	adds	r2, #3
 80047d8:	4630      	mov	r0, r6
 80047da:	3008      	adds	r0, #8
 80047dc:	f008 f81c 	bl	800c818 <memcpy>
 80047e0:	4620      	mov	r0, r4
 80047e2:	f7ff ff3d 	bl	8004660 <Cmd_SetStatus>
 80047e6:	e8bd 81f0 	ldmia.w	sp!, {r4, r5, r6, r7, r8, pc}
 80047ea:	bf00      	nop
 80047ec:	20000200 	.word	0x20000200
 80047f0:	20000570 	.word	0x20000570
 80047f4:	20000578 	.word	0x20000578

080047f8 <TlCmdEvtReceived>:
 80047f8:	b508      	push	{r3, lr}
 80047fa:	2000      	movs	r0, #0
 80047fc:	f7fc fd33 	bl	8001266 <shci_cmd_resp_release>
 8004800:	bd08      	pop	{r3, pc}
	...

08004804 <shci_register_io_bus>:
 8004804:	4b02      	ldr	r3, [pc, #8]	@ (8004810 <shci_register_io_bus+0xc>)
 8004806:	6003      	str	r3, [r0, #0]
 8004808:	4b02      	ldr	r3, [pc, #8]	@ (8004814 <shci_register_io_bus+0x10>)
 800480a:	6103      	str	r3, [r0, #16]
 800480c:	4770      	bx	lr
 800480e:	bf00      	nop
 8004810:	0800ad81 	.word	0x0800ad81
 8004814:	0800adbd 	.word	0x0800adbd

08004818 <UTIL_LPM_Init>:
 8004818:	2300      	movs	r3, #0
 800481a:	4a02      	ldr	r2, [pc, #8]	@ (8004824 <UTIL_LPM_Init+0xc>)
 800481c:	6013      	str	r3, [r2, #0]
 800481e:	4a02      	ldr	r2, [pc, #8]	@ (8004828 <UTIL_LPM_Init+0x10>)
 8004820:	6013      	str	r3, [r2, #0]
 8004822:	4770      	bx	lr
 8004824:	2000059c 	.word	0x2000059c
 8004828:	20000598 	.word	0x20000598

0800482c <UTIL_LPM_SetOffMode>:
 800482c:	f3ef 8310 	mrs	r3, PRIMASK
 8004830:	b672      	cpsid	i
 8004832:	b141      	cbz	r1, 8004846 <UTIL_LPM_SetOffMode+0x1a>
 8004834:	2901      	cmp	r1, #1
 8004836:	d103      	bne.n	8004840 <UTIL_LPM_SetOffMode+0x14>
 8004838:	4906      	ldr	r1, [pc, #24]	@ (8004854 <UTIL_LPM_SetOffMode+0x28>)
 800483a:	680a      	ldr	r2, [r1, #0]
 800483c:	4302      	orrs	r2, r0
 800483e:	600a      	str	r2, [r1, #0]
 8004840:	f383 8810 	msr	PRIMASK, r3
 8004844:	4770      	bx	lr
 8004846:	4903      	ldr	r1, [pc, #12]	@ (8004854 <UTIL_LPM_SetOffMode+0x28>)
 8004848:	680a      	ldr	r2, [r1, #0]
 800484a:	ea22 0200 	bic.w	r2, r2, r0
 800484e:	600a      	str	r2, [r1, #0]
 8004850:	e7f6      	b.n	8004840 <UTIL_LPM_SetOffMode+0x14>
 8004852:	bf00      	nop
 8004854:	20000598 	.word	0x20000598

08004858 <UTIL_SEQ_SetTask>:
 8004858:	f3ef 8c10 	mrs	ip, PRIMASK
 800485c:	b672      	cpsid	i
 800485e:	4a06      	ldr	r2, [pc, #24]	@ (8004878 <UTIL_SEQ_SetTask+0x20>)
 8004860:	6813      	ldr	r3, [r2, #0]
 8004862:	4303      	orrs	r3, r0
 8004864:	6013      	str	r3, [r2, #0]
 8004866:	4a05      	ldr	r2, [pc, #20]	@ (800487c <UTIL_SEQ_SetTask+0x24>)
 8004868:	f852 3031 	ldr.w	r3, [r2, r1, lsl #3]
 800486c:	4303      	orrs	r3, r0
 800486e:	f842 3031 	str.w	r3, [r2, r1, lsl #3]
 8004872:	f38c 8810 	msr	PRIMASK, ip
 8004876:	4770      	bx	lr
 8004878:	20000634 	.word	0x20000634
 800487c:	200005a0 	.word	0x200005a0

08004880 <UTIL_SEQ_PauseTask>:
 8004880:	f3ef 8110 	mrs	r1, PRIMASK
 8004884:	b672      	cpsid	i
 8004886:	4a04      	ldr	r2, [pc, #16]	@ (8004898 <UTIL_SEQ_PauseTask+0x18>)
 8004888:	6813      	ldr	r3, [r2, #0]
 800488a:	ea23 0000 	bic.w	r0, r3, r0
 800488e:	6010      	str	r0, [r2, #0]
 8004890:	f381 8810 	msr	PRIMASK, r1
 8004894:	4770      	bx	lr
 8004896:	bf00      	nop
 8004898:	20000074 	.word	0x20000074

0800489c <UTIL_SEQ_ResumeTask>:
 800489c:	f3ef 8110 	mrs	r1, PRIMASK
 80048a0:	b672      	cpsid	i
 80048a2:	4a03      	ldr	r2, [pc, #12]	@ (80048b0 <UTIL_SEQ_ResumeTask+0x14>)
 80048a4:	6813      	ldr	r3, [r2, #0]
 80048a6:	4318      	orrs	r0, r3
 80048a8:	6010      	str	r0, [r2, #0]
 80048aa:	f381 8810 	msr	PRIMASK, r1
 80048ae:	4770      	bx	lr
 80048b0:	20000074 	.word	0x20000074

080048b4 <UTIL_SEQ_SetEvt>:
 80048b4:	f3ef 8110 	mrs	r1, PRIMASK
 80048b8:	b672      	cpsid	i
 80048ba:	4a03      	ldr	r2, [pc, #12]	@ (80048c8 <UTIL_SEQ_SetEvt+0x14>)
 80048bc:	6813      	ldr	r3, [r2, #0]
 80048be:	4318      	orrs	r0, r3
 80048c0:	6010      	str	r0, [r2, #0]
 80048c2:	f381 8810 	msr	PRIMASK, r1
 80048c6:	4770      	bx	lr
 80048c8:	20000630 	.word	0x20000630

080048cc <UTIL_SEQ_PreIdle>:
 80048cc:	4770      	bx	lr

080048ce <UTIL_SEQ_PostIdle>:
 80048ce:	4770      	bx	lr

080048d0 <SEQ_BitPosition>:
 80048d0:	b128      	cbz	r0, 80048de <SEQ_BitPosition+0xe>
 80048d2:	fab0 f080 	clz	r0, r0
 80048d6:	f1c0 001f 	rsb	r0, r0, #31
 80048da:	b2c0      	uxtb	r0, r0
 80048dc:	4770      	bx	lr
 80048de:	2020      	movs	r0, #32
 80048e0:	e7f9      	b.n	80048d6 <SEQ_BitPosition+0x6>
	...

080048e4 <UTIL_SEQ_Run>:
 80048e4:	b538      	push	{r3, r4, r5, lr}
 80048e6:	4b45      	ldr	r3, [pc, #276]	@ (80049fc <UTIL_SEQ_Run+0x118>)
 80048e8:	681c      	ldr	r4, [r3, #0]
 80048ea:	4020      	ands	r0, r4
 80048ec:	6018      	str	r0, [r3, #0]
 80048ee:	4b44      	ldr	r3, [pc, #272]	@ (8004a00 <UTIL_SEQ_Run+0x11c>)
 80048f0:	681a      	ldr	r2, [r3, #0]
 80048f2:	4b44      	ldr	r3, [pc, #272]	@ (8004a04 <UTIL_SEQ_Run+0x120>)
 80048f4:	681b      	ldr	r3, [r3, #0]
 80048f6:	4944      	ldr	r1, [pc, #272]	@ (8004a08 <UTIL_SEQ_Run+0x124>)
 80048f8:	6808      	ldr	r0, [r1, #0]
 80048fa:	4944      	ldr	r1, [pc, #272]	@ (8004a0c <UTIL_SEQ_Run+0x128>)
 80048fc:	6809      	ldr	r1, [r1, #0]
 80048fe:	e033      	b.n	8004968 <UTIL_SEQ_Run+0x84>
 8004900:	3301      	adds	r3, #1
 8004902:	e038      	b.n	8004976 <UTIL_SEQ_Run+0x92>
 8004904:	4d42      	ldr	r5, [pc, #264]	@ (8004a10 <UTIL_SEQ_Run+0x12c>)
 8004906:	eb05 05c3 	add.w	r5, r5, r3, lsl #3
 800490a:	6868      	ldr	r0, [r5, #4]
 800490c:	4010      	ands	r0, r2
 800490e:	f7ff ffdf 	bl	80048d0 <SEQ_BitPosition>
 8004912:	f8df c100 	ldr.w	ip, [pc, #256]	@ 8004a14 <UTIL_SEQ_Run+0x130>
 8004916:	f8cc 0000 	str.w	r0, [ip]
 800491a:	686a      	ldr	r2, [r5, #4]
 800491c:	2301      	movs	r3, #1
 800491e:	fa03 f000 	lsl.w	r0, r3, r0
 8004922:	ea22 0200 	bic.w	r2, r2, r0
 8004926:	606a      	str	r2, [r5, #4]
 8004928:	f3ef 8110 	mrs	r1, PRIMASK
 800492c:	b672      	cpsid	i
 800492e:	f8dc 2000 	ldr.w	r2, [ip]
 8004932:	fa03 f202 	lsl.w	r2, r3, r2
 8004936:	ea6f 0c02 	mvn.w	ip, r2
 800493a:	4d31      	ldr	r5, [pc, #196]	@ (8004a00 <UTIL_SEQ_Run+0x11c>)
 800493c:	6828      	ldr	r0, [r5, #0]
 800493e:	ea20 0202 	bic.w	r2, r0, r2
 8004942:	602a      	str	r2, [r5, #0]
 8004944:	2b00      	cmp	r3, #0
 8004946:	d12d      	bne.n	80049a4 <UTIL_SEQ_Run+0xc0>
 8004948:	f381 8810 	msr	PRIMASK, r1
 800494c:	4b31      	ldr	r3, [pc, #196]	@ (8004a14 <UTIL_SEQ_Run+0x130>)
 800494e:	681a      	ldr	r2, [r3, #0]
 8004950:	4b31      	ldr	r3, [pc, #196]	@ (8004a18 <UTIL_SEQ_Run+0x134>)
 8004952:	f853 3022 	ldr.w	r3, [r3, r2, lsl #2]
 8004956:	4798      	blx	r3
 8004958:	4b29      	ldr	r3, [pc, #164]	@ (8004a00 <UTIL_SEQ_Run+0x11c>)
 800495a:	681a      	ldr	r2, [r3, #0]
 800495c:	4b29      	ldr	r3, [pc, #164]	@ (8004a04 <UTIL_SEQ_Run+0x120>)
 800495e:	681b      	ldr	r3, [r3, #0]
 8004960:	4929      	ldr	r1, [pc, #164]	@ (8004a08 <UTIL_SEQ_Run+0x124>)
 8004962:	6808      	ldr	r0, [r1, #0]
 8004964:	4929      	ldr	r1, [pc, #164]	@ (8004a0c <UTIL_SEQ_Run+0x128>)
 8004966:	6809      	ldr	r1, [r1, #0]
 8004968:	4002      	ands	r2, r0
 800496a:	4d24      	ldr	r5, [pc, #144]	@ (80049fc <UTIL_SEQ_Run+0x118>)
 800496c:	682d      	ldr	r5, [r5, #0]
 800496e:	422a      	tst	r2, r5
 8004970:	d021      	beq.n	80049b6 <UTIL_SEQ_Run+0xd2>
 8004972:	400b      	ands	r3, r1
 8004974:	d11f      	bne.n	80049b6 <UTIL_SEQ_Run+0xd2>
 8004976:	4a26      	ldr	r2, [pc, #152]	@ (8004a10 <UTIL_SEQ_Run+0x12c>)
 8004978:	f852 2033 	ldr.w	r2, [r2, r3, lsl #3]
 800497c:	4002      	ands	r2, r0
 800497e:	422a      	tst	r2, r5
 8004980:	d0be      	beq.n	8004900 <UTIL_SEQ_Run+0x1c>
 8004982:	4923      	ldr	r1, [pc, #140]	@ (8004a10 <UTIL_SEQ_Run+0x12c>)
 8004984:	f851 2033 	ldr.w	r2, [r1, r3, lsl #3]
 8004988:	4002      	ands	r2, r0
 800498a:	402a      	ands	r2, r5
 800498c:	eb01 01c3 	add.w	r1, r1, r3, lsl #3
 8004990:	6849      	ldr	r1, [r1, #4]
 8004992:	4211      	tst	r1, r2
 8004994:	d1b6      	bne.n	8004904 <UTIL_SEQ_Run+0x20>
 8004996:	491e      	ldr	r1, [pc, #120]	@ (8004a10 <UTIL_SEQ_Run+0x12c>)
 8004998:	eb01 01c3 	add.w	r1, r1, r3, lsl #3
 800499c:	f04f 30ff 	mov.w	r0, #4294967295
 80049a0:	6048      	str	r0, [r1, #4]
 80049a2:	e7af      	b.n	8004904 <UTIL_SEQ_Run+0x20>
 80049a4:	3b01      	subs	r3, #1
 80049a6:	481a      	ldr	r0, [pc, #104]	@ (8004a10 <UTIL_SEQ_Run+0x12c>)
 80049a8:	f850 2033 	ldr.w	r2, [r0, r3, lsl #3]
 80049ac:	ea0c 0202 	and.w	r2, ip, r2
 80049b0:	f840 2033 	str.w	r2, [r0, r3, lsl #3]
 80049b4:	e7c6      	b.n	8004944 <UTIL_SEQ_Run+0x60>
 80049b6:	4b17      	ldr	r3, [pc, #92]	@ (8004a14 <UTIL_SEQ_Run+0x130>)
 80049b8:	f04f 32ff 	mov.w	r2, #4294967295
 80049bc:	601a      	str	r2, [r3, #0]
 80049be:	f7ff ff85 	bl	80048cc <UTIL_SEQ_PreIdle>
 80049c2:	f3ef 8510 	mrs	r5, PRIMASK
 80049c6:	b672      	cpsid	i
 80049c8:	4b0d      	ldr	r3, [pc, #52]	@ (8004a00 <UTIL_SEQ_Run+0x11c>)
 80049ca:	681b      	ldr	r3, [r3, #0]
 80049cc:	4a0d      	ldr	r2, [pc, #52]	@ (8004a04 <UTIL_SEQ_Run+0x120>)
 80049ce:	6811      	ldr	r1, [r2, #0]
 80049d0:	4a0d      	ldr	r2, [pc, #52]	@ (8004a08 <UTIL_SEQ_Run+0x124>)
 80049d2:	6812      	ldr	r2, [r2, #0]
 80049d4:	4013      	ands	r3, r2
 80049d6:	4a09      	ldr	r2, [pc, #36]	@ (80049fc <UTIL_SEQ_Run+0x118>)
 80049d8:	6812      	ldr	r2, [r2, #0]
 80049da:	4213      	tst	r3, r2
 80049dc:	d103      	bne.n	80049e6 <UTIL_SEQ_Run+0x102>
 80049de:	4b0b      	ldr	r3, [pc, #44]	@ (8004a0c <UTIL_SEQ_Run+0x128>)
 80049e0:	681b      	ldr	r3, [r3, #0]
 80049e2:	420b      	tst	r3, r1
 80049e4:	d006      	beq.n	80049f4 <UTIL_SEQ_Run+0x110>
 80049e6:	f385 8810 	msr	PRIMASK, r5
 80049ea:	f7ff ff70 	bl	80048ce <UTIL_SEQ_PostIdle>
 80049ee:	4b03      	ldr	r3, [pc, #12]	@ (80049fc <UTIL_SEQ_Run+0x118>)
 80049f0:	601c      	str	r4, [r3, #0]
 80049f2:	bd38      	pop	{r3, r4, r5, pc}
 80049f4:	f7fc fc30 	bl	8001258 <UTIL_SEQ_Idle>
 80049f8:	e7f5      	b.n	80049e6 <UTIL_SEQ_Run+0x102>
 80049fa:	bf00      	nop
 80049fc:	20000070 	.word	0x20000070
 8004a00:	20000634 	.word	0x20000634
 8004a04:	20000630 	.word	0x20000630
 8004a08:	20000074 	.word	0x20000074
 8004a0c:	2000062c 	.word	0x2000062c
 8004a10:	200005a0 	.word	0x200005a0
 8004a14:	20000628 	.word	0x20000628
 8004a18:	200005a8 	.word	0x200005a8

08004a1c <UTIL_SEQ_EvtIdle>:
 8004a1c:	b508      	push	{r3, lr}
 8004a1e:	43c0      	mvns	r0, r0
 8004a20:	f7ff ff60 	bl	80048e4 <UTIL_SEQ_Run>
 8004a24:	bd08      	pop	{r3, pc}
	...

08004a28 <UTIL_SEQ_WaitEvt>:
 8004a28:	b5f8      	push	{r3, r4, r5, r6, r7, lr}
 8004a2a:	4604      	mov	r4, r0
 8004a2c:	4b11      	ldr	r3, [pc, #68]	@ (8004a74 <UTIL_SEQ_WaitEvt+0x4c>)
 8004a2e:	681e      	ldr	r6, [r3, #0]
 8004a30:	f1b6 3fff 	cmp.w	r6, #4294967295
 8004a34:	d005      	beq.n	8004a42 <UTIL_SEQ_WaitEvt+0x1a>
 8004a36:	2501      	movs	r5, #1
 8004a38:	40b5      	lsls	r5, r6
 8004a3a:	4b0f      	ldr	r3, [pc, #60]	@ (8004a78 <UTIL_SEQ_WaitEvt+0x50>)
 8004a3c:	681f      	ldr	r7, [r3, #0]
 8004a3e:	601c      	str	r4, [r3, #0]
 8004a40:	e005      	b.n	8004a4e <UTIL_SEQ_WaitEvt+0x26>
 8004a42:	2500      	movs	r5, #0
 8004a44:	e7f9      	b.n	8004a3a <UTIL_SEQ_WaitEvt+0x12>
 8004a46:	4621      	mov	r1, r4
 8004a48:	4628      	mov	r0, r5
 8004a4a:	f7ff ffe7 	bl	8004a1c <UTIL_SEQ_EvtIdle>
 8004a4e:	4b0b      	ldr	r3, [pc, #44]	@ (8004a7c <UTIL_SEQ_WaitEvt+0x54>)
 8004a50:	681b      	ldr	r3, [r3, #0]
 8004a52:	4223      	tst	r3, r4
 8004a54:	d0f7      	beq.n	8004a46 <UTIL_SEQ_WaitEvt+0x1e>
 8004a56:	4b07      	ldr	r3, [pc, #28]	@ (8004a74 <UTIL_SEQ_WaitEvt+0x4c>)
 8004a58:	601e      	str	r6, [r3, #0]
 8004a5a:	f3ef 8110 	mrs	r1, PRIMASK
 8004a5e:	b672      	cpsid	i
 8004a60:	4a06      	ldr	r2, [pc, #24]	@ (8004a7c <UTIL_SEQ_WaitEvt+0x54>)
 8004a62:	6813      	ldr	r3, [r2, #0]
 8004a64:	ea23 0304 	bic.w	r3, r3, r4
 8004a68:	6013      	str	r3, [r2, #0]
 8004a6a:	f381 8810 	msr	PRIMASK, r1
 8004a6e:	4b02      	ldr	r3, [pc, #8]	@ (8004a78 <UTIL_SEQ_WaitEvt+0x50>)
 8004a70:	601f      	str	r7, [r3, #0]
 8004a72:	bdf8      	pop	{r3, r4, r5, r6, r7, pc}
 8004a74:	20000628 	.word	0x20000628
 8004a78:	2000062c 	.word	0x2000062c
 8004a7c:	20000630 	.word	0x20000630

08004a80 <UTIL_SEQ_RegTask>:
 8004a80:	b538      	push	{r3, r4, r5, lr}
 8004a82:	4615      	mov	r5, r2
 8004a84:	f3ef 8410 	mrs	r4, PRIMASK
 8004a88:	b672      	cpsid	i
 8004a8a:	f7ff ff21 	bl	80048d0 <SEQ_BitPosition>
 8004a8e:	4b03      	ldr	r3, [pc, #12]	@ (8004a9c <UTIL_SEQ_RegTask+0x1c>)
 8004a90:	f843 5020 	str.w	r5, [r3, r0, lsl #2]
 8004a94:	f384 8810 	msr	PRIMASK, r4
 8004a98:	bd38      	pop	{r3, r4, r5, pc}
 8004a9a:	bf00      	nop
 8004a9c:	200005a8 	.word	0x200005a8

08004aa0 <HAL_InitTick>:
 8004aa0:	4b11      	ldr	r3, [pc, #68]	@ (8004ae8 <HAL_InitTick+0x48>)
 8004aa2:	781b      	ldrb	r3, [r3, #0]
 8004aa4:	b90b      	cbnz	r3, 8004aaa <HAL_InitTick+0xa>
 8004aa6:	2001      	movs	r0, #1
 8004aa8:	4770      	bx	lr
 8004aaa:	b510      	push	{r4, lr}
 8004aac:	4604      	mov	r4, r0
 8004aae:	f002 f8d7 	bl	8006c60 <HAL_RCC_GetHCLKFreq>
 8004ab2:	4b0d      	ldr	r3, [pc, #52]	@ (8004ae8 <HAL_InitTick+0x48>)
 8004ab4:	781a      	ldrb	r2, [r3, #0]
 8004ab6:	f44f 737a 	mov.w	r3, #1000	@ 0x3e8
 8004aba:	fbb3 f3f2 	udiv	r3, r3, r2
 8004abe:	fbb0 f0f3 	udiv	r0, r0, r3
 8004ac2:	f000 fda9 	bl	8005618 <HAL_SYSTICK_Config>
 8004ac6:	b968      	cbnz	r0, 8004ae4 <HAL_InitTick+0x44>
 8004ac8:	2c0f      	cmp	r4, #15
 8004aca:	d901      	bls.n	8004ad0 <HAL_InitTick+0x30>
 8004acc:	2001      	movs	r0, #1
 8004ace:	e00a      	b.n	8004ae6 <HAL_InitTick+0x46>
 8004ad0:	4602      	mov	r2, r0
 8004ad2:	4621      	mov	r1, r4
 8004ad4:	f04f 30ff 	mov.w	r0, #4294967295
 8004ad8:	f000 fd86 	bl	80055e8 <HAL_NVIC_SetPriority>
 8004adc:	4b03      	ldr	r3, [pc, #12]	@ (8004aec <HAL_InitTick+0x4c>)
 8004ade:	601c      	str	r4, [r3, #0]
 8004ae0:	2000      	movs	r0, #0
 8004ae2:	e000      	b.n	8004ae6 <HAL_InitTick+0x46>
 8004ae4:	2001      	movs	r0, #1
 8004ae6:	bd10      	pop	{r4, pc}
 8004ae8:	20000078 	.word	0x20000078
 8004aec:	2000007c 	.word	0x2000007c

08004af0 <HAL_Init>:
 8004af0:	b510      	push	{r4, lr}
 8004af2:	4a0a      	ldr	r2, [pc, #40]	@ (8004b1c <HAL_Init+0x2c>)
 8004af4:	6813      	ldr	r3, [r2, #0]
 8004af6:	f443 7380 	orr.w	r3, r3, #256	@ 0x100
 8004afa:	6013      	str	r3, [r2, #0]
 8004afc:	2003      	movs	r0, #3
 8004afe:	f000 fd61 	bl	80055c4 <HAL_NVIC_SetPriorityGrouping>
 8004b02:	200f      	movs	r0, #15
 8004b04:	f7ff ffcc 	bl	8004aa0 <HAL_InitTick>
 8004b08:	b118      	cbz	r0, 8004b12 <HAL_Init+0x22>
 8004b0a:	2301      	movs	r3, #1
 8004b0c:	461c      	mov	r4, r3
 8004b0e:	4620      	mov	r0, r4
 8004b10:	bd10      	pop	{r4, pc}
 8004b12:	4604      	mov	r4, r0
 8004b14:	f000 ff96 	bl	8005a44 <HAL_MspInit>
 8004b18:	e7f9      	b.n	8004b0e <HAL_Init+0x1e>
 8004b1a:	bf00      	nop
 8004b1c:	58004000 	.word	0x58004000

08004b20 <HAL_IncTick>:
 8004b20:	4b03      	ldr	r3, [pc, #12]	@ (8004b30 <HAL_IncTick+0x10>)
 8004b22:	781b      	ldrb	r3, [r3, #0]
 8004b24:	4a03      	ldr	r2, [pc, #12]	@ (8004b34 <HAL_IncTick+0x14>)
 8004b26:	6811      	ldr	r1, [r2, #0]
 8004b28:	440b      	add	r3, r1
 8004b2a:	6013      	str	r3, [r2, #0]
 8004b2c:	4770      	bx	lr
 8004b2e:	bf00      	nop
 8004b30:	20000078 	.word	0x20000078
 8004b34:	20000638 	.word	0x20000638

08004b38 <HAL_GetTick>:
 8004b38:	4b01      	ldr	r3, [pc, #4]	@ (8004b40 <HAL_GetTick+0x8>)
 8004b3a:	6818      	ldr	r0, [r3, #0]
 8004b3c:	4770      	bx	lr
 8004b3e:	bf00      	nop
 8004b40:	20000638 	.word	0x20000638

08004b44 <HAL_GetTickPrio>:
 8004b44:	4b01      	ldr	r3, [pc, #4]	@ (8004b4c <HAL_GetTickPrio+0x8>)
 8004b46:	6818      	ldr	r0, [r3, #0]
 8004b48:	4770      	bx	lr
 8004b4a:	bf00      	nop
 8004b4c:	2000007c 	.word	0x2000007c

08004b50 <HAL_GetTickFreq>:
 8004b50:	4b01      	ldr	r3, [pc, #4]	@ (8004b58 <HAL_GetTickFreq+0x8>)
 8004b52:	7818      	ldrb	r0, [r3, #0]
 8004b54:	4770      	bx	lr
 8004b56:	bf00      	nop
 8004b58:	20000078 	.word	0x20000078

08004b5c <LL_ADC_REG_SetSequencerRanks>:
 8004b5c:	b500      	push	{lr}
 8004b5e:	f100 0e30 	add.w	lr, r0, #48	@ 0x30
 8004b62:	0a0b      	lsrs	r3, r1, #8
 8004b64:	009b      	lsls	r3, r3, #2
 8004b66:	f003 030c 	and.w	r3, r3, #12
 8004b6a:	f85e 0003 	ldr.w	r0, [lr, r3]
 8004b6e:	f001 011f 	and.w	r1, r1, #31
 8004b72:	f04f 0c1f 	mov.w	ip, #31
 8004b76:	fa0c fc01 	lsl.w	ip, ip, r1
 8004b7a:	ea20 0c0c 	bic.w	ip, r0, ip
 8004b7e:	f3c2 6284 	ubfx	r2, r2, #26, #5
 8004b82:	408a      	lsls	r2, r1
 8004b84:	ea4c 0202 	orr.w	r2, ip, r2
 8004b88:	f84e 2003 	str.w	r2, [lr, r3]
 8004b8c:	bd00      	pop	{pc}

08004b8e <LL_ADC_SetChannelSamplingTime>:
 8004b8e:	b500      	push	{lr}
 8004b90:	f100 0e14 	add.w	lr, r0, #20
 8004b94:	0e4b      	lsrs	r3, r1, #25
 8004b96:	009b      	lsls	r3, r3, #2
 8004b98:	f003 0304 	and.w	r3, r3, #4
 8004b9c:	f85e 0003 	ldr.w	r0, [lr, r3]
 8004ba0:	f3c1 5104 	ubfx	r1, r1, #20, #5
 8004ba4:	f04f 0c07 	mov.w	ip, #7
 8004ba8:	fa0c fc01 	lsl.w	ip, ip, r1
 8004bac:	ea20 0c0c 	bic.w	ip, r0, ip
 8004bb0:	408a      	lsls	r2, r1
 8004bb2:	ea4c 0202 	orr.w	r2, ip, r2
 8004bb6:	f84e 2003 	str.w	r2, [lr, r3]
 8004bba:	bd00      	pop	{pc}

08004bbc <HAL_ADC_Init>:
 8004bbc:	b530      	push	{r4, r5, lr}
 8004bbe:	b083      	sub	sp, #12
 8004bc0:	2300      	movs	r3, #0
 8004bc2:	9301      	str	r3, [sp, #4]
 8004bc4:	2800      	cmp	r0, #0
 8004bc6:	f000 80da 	beq.w	8004d7e <HAL_ADC_Init+0x1c2>
 8004bca:	4604      	mov	r4, r0
 8004bcc:	6d43      	ldr	r3, [r0, #84]	@ 0x54
 8004bce:	b313      	cbz	r3, 8004c16 <HAL_ADC_Init+0x5a>
 8004bd0:	6823      	ldr	r3, [r4, #0]
 8004bd2:	689a      	ldr	r2, [r3, #8]
 8004bd4:	f012 5f00 	tst.w	r2, #536870912	@ 0x20000000
 8004bd8:	d005      	beq.n	8004be6 <HAL_ADC_Init+0x2a>
 8004bda:	689a      	ldr	r2, [r3, #8]
 8004bdc:	f022 4220 	bic.w	r2, r2, #2684354560	@ 0xa0000000
 8004be0:	f022 023f 	bic.w	r2, r2, #63	@ 0x3f
 8004be4:	609a      	str	r2, [r3, #8]
 8004be6:	6822      	ldr	r2, [r4, #0]
 8004be8:	6893      	ldr	r3, [r2, #8]
 8004bea:	f013 5f80 	tst.w	r3, #268435456	@ 0x10000000
 8004bee:	d11f      	bne.n	8004c30 <HAL_ADC_Init+0x74>
 8004bf0:	6893      	ldr	r3, [r2, #8]
 8004bf2:	f023 4310 	bic.w	r3, r3, #2415919104	@ 0x90000000
 8004bf6:	f023 033f 	bic.w	r3, r3, #63	@ 0x3f
 8004bfa:	f043 5380 	orr.w	r3, r3, #268435456	@ 0x10000000
 8004bfe:	6093      	str	r3, [r2, #8]
 8004c00:	4b60      	ldr	r3, [pc, #384]	@ (8004d84 <HAL_ADC_Init+0x1c8>)
 8004c02:	681b      	ldr	r3, [r3, #0]
 8004c04:	099b      	lsrs	r3, r3, #6
 8004c06:	4a60      	ldr	r2, [pc, #384]	@ (8004d88 <HAL_ADC_Init+0x1cc>)
 8004c08:	fba2 2303 	umull	r2, r3, r2, r3
 8004c0c:	099b      	lsrs	r3, r3, #6
 8004c0e:	3301      	adds	r3, #1
 8004c10:	005b      	lsls	r3, r3, #1
 8004c12:	9301      	str	r3, [sp, #4]
 8004c14:	e009      	b.n	8004c2a <HAL_ADC_Init+0x6e>
 8004c16:	f7fc f835 	bl	8000c84 <HAL_ADC_MspInit>
 8004c1a:	2300      	movs	r3, #0
 8004c1c:	65a3      	str	r3, [r4, #88]	@ 0x58
 8004c1e:	f884 3050 	strb.w	r3, [r4, #80]	@ 0x50
 8004c22:	e7d5      	b.n	8004bd0 <HAL_ADC_Init+0x14>
 8004c24:	9b01      	ldr	r3, [sp, #4]
 8004c26:	3b01      	subs	r3, #1
 8004c28:	9301      	str	r3, [sp, #4]
 8004c2a:	9b01      	ldr	r3, [sp, #4]
 8004c2c:	2b00      	cmp	r3, #0
 8004c2e:	d1f9      	bne.n	8004c24 <HAL_ADC_Init+0x68>
 8004c30:	6822      	ldr	r2, [r4, #0]
 8004c32:	6893      	ldr	r3, [r2, #8]
 8004c34:	f013 5f80 	tst.w	r3, #268435456	@ 0x10000000
 8004c38:	d17a      	bne.n	8004d30 <HAL_ADC_Init+0x174>
 8004c3a:	6d63      	ldr	r3, [r4, #84]	@ 0x54
 8004c3c:	f043 0310 	orr.w	r3, r3, #16
 8004c40:	6563      	str	r3, [r4, #84]	@ 0x54
 8004c42:	6da3      	ldr	r3, [r4, #88]	@ 0x58
 8004c44:	f043 0301 	orr.w	r3, r3, #1
 8004c48:	65a3      	str	r3, [r4, #88]	@ 0x58
 8004c4a:	2001      	movs	r0, #1
 8004c4c:	6893      	ldr	r3, [r2, #8]
 8004c4e:	f013 0304 	ands.w	r3, r3, #4
 8004c52:	d000      	beq.n	8004c56 <HAL_ADC_Init+0x9a>
 8004c54:	2301      	movs	r3, #1
 8004c56:	6d61      	ldr	r1, [r4, #84]	@ 0x54
 8004c58:	f011 0f10 	tst.w	r1, #16
 8004c5c:	f040 8088 	bne.w	8004d70 <HAL_ADC_Init+0x1b4>
 8004c60:	2b00      	cmp	r3, #0
 8004c62:	f040 8085 	bne.w	8004d70 <HAL_ADC_Init+0x1b4>
 8004c66:	6d63      	ldr	r3, [r4, #84]	@ 0x54
 8004c68:	f423 7381 	bic.w	r3, r3, #258	@ 0x102
 8004c6c:	f043 0302 	orr.w	r3, r3, #2
 8004c70:	6563      	str	r3, [r4, #84]	@ 0x54
 8004c72:	6893      	ldr	r3, [r2, #8]
 8004c74:	f013 0f01 	tst.w	r3, #1
 8004c78:	d10b      	bne.n	8004c92 <HAL_ADC_Init+0xd6>
 8004c7a:	4b44      	ldr	r3, [pc, #272]	@ (8004d8c <HAL_ADC_Init+0x1d0>)
 8004c7c:	689b      	ldr	r3, [r3, #8]
 8004c7e:	f013 0f01 	tst.w	r3, #1
 8004c82:	d106      	bne.n	8004c92 <HAL_ADC_Init+0xd6>
 8004c84:	6863      	ldr	r3, [r4, #4]
 8004c86:	4942      	ldr	r1, [pc, #264]	@ (8004d90 <HAL_ADC_Init+0x1d4>)
 8004c88:	688a      	ldr	r2, [r1, #8]
 8004c8a:	f422 127c 	bic.w	r2, r2, #4128768	@ 0x3f0000
 8004c8e:	4313      	orrs	r3, r2
 8004c90:	608b      	str	r3, [r1, #8]
 8004c92:	7e62      	ldrb	r2, [r4, #25]
 8004c94:	6b63      	ldr	r3, [r4, #52]	@ 0x34
 8004c96:	ea43 3342 	orr.w	r3, r3, r2, lsl #13
 8004c9a:	68e2      	ldr	r2, [r4, #12]
 8004c9c:	4313      	orrs	r3, r2
 8004c9e:	68a2      	ldr	r2, [r4, #8]
 8004ca0:	4313      	orrs	r3, r2
 8004ca2:	f894 2020 	ldrb.w	r2, [r4, #32]
 8004ca6:	ea43 4302 	orr.w	r3, r3, r2, lsl #16
 8004caa:	2a01      	cmp	r2, #1
 8004cac:	d042      	beq.n	8004d34 <HAL_ADC_Init+0x178>
 8004cae:	6aa2      	ldr	r2, [r4, #40]	@ 0x28
 8004cb0:	b122      	cbz	r2, 8004cbc <HAL_ADC_Init+0x100>
 8004cb2:	f402 7270 	and.w	r2, r2, #960	@ 0x3c0
 8004cb6:	6ae1      	ldr	r1, [r4, #44]	@ 0x2c
 8004cb8:	430a      	orrs	r2, r1
 8004cba:	4313      	orrs	r3, r2
 8004cbc:	6821      	ldr	r1, [r4, #0]
 8004cbe:	f8d1 c00c 	ldr.w	ip, [r1, #12]
 8004cc2:	4a34      	ldr	r2, [pc, #208]	@ (8004d94 <HAL_ADC_Init+0x1d8>)
 8004cc4:	ea0c 0202 	and.w	r2, ip, r2
 8004cc8:	431a      	orrs	r2, r3
 8004cca:	60ca      	str	r2, [r1, #12]
 8004ccc:	6821      	ldr	r1, [r4, #0]
 8004cce:	688b      	ldr	r3, [r1, #8]
 8004cd0:	f013 0304 	ands.w	r3, r3, #4
 8004cd4:	d000      	beq.n	8004cd8 <HAL_ADC_Init+0x11c>
 8004cd6:	2301      	movs	r3, #1
 8004cd8:	688a      	ldr	r2, [r1, #8]
 8004cda:	f012 0208 	ands.w	r2, r2, #8
 8004cde:	d000      	beq.n	8004ce2 <HAL_ADC_Init+0x126>
 8004ce0:	2201      	movs	r2, #1
 8004ce2:	b9b3      	cbnz	r3, 8004d12 <HAL_ADC_Init+0x156>
 8004ce4:	b9aa      	cbnz	r2, 8004d12 <HAL_ADC_Init+0x156>
 8004ce6:	7e23      	ldrb	r3, [r4, #24]
 8004ce8:	f894 2030 	ldrb.w	r2, [r4, #48]	@ 0x30
 8004cec:	0052      	lsls	r2, r2, #1
 8004cee:	ea42 3283 	orr.w	r2, r2, r3, lsl #14
 8004cf2:	68cb      	ldr	r3, [r1, #12]
 8004cf4:	f423 4380 	bic.w	r3, r3, #16384	@ 0x4000
 8004cf8:	f023 0302 	bic.w	r3, r3, #2
 8004cfc:	4313      	orrs	r3, r2
 8004cfe:	60cb      	str	r3, [r1, #12]
 8004d00:	f894 3038 	ldrb.w	r3, [r4, #56]	@ 0x38
 8004d04:	2b01      	cmp	r3, #1
 8004d06:	d01a      	beq.n	8004d3e <HAL_ADC_Init+0x182>
 8004d08:	6822      	ldr	r2, [r4, #0]
 8004d0a:	6913      	ldr	r3, [r2, #16]
 8004d0c:	f023 0301 	bic.w	r3, r3, #1
 8004d10:	6113      	str	r3, [r2, #16]
 8004d12:	6923      	ldr	r3, [r4, #16]
 8004d14:	2b01      	cmp	r3, #1
 8004d16:	d022      	beq.n	8004d5e <HAL_ADC_Init+0x1a2>
 8004d18:	6822      	ldr	r2, [r4, #0]
 8004d1a:	6b13      	ldr	r3, [r2, #48]	@ 0x30
 8004d1c:	f023 030f 	bic.w	r3, r3, #15
 8004d20:	6313      	str	r3, [r2, #48]	@ 0x30
 8004d22:	6d63      	ldr	r3, [r4, #84]	@ 0x54
 8004d24:	f023 0303 	bic.w	r3, r3, #3
 8004d28:	f043 0301 	orr.w	r3, r3, #1
 8004d2c:	6563      	str	r3, [r4, #84]	@ 0x54
 8004d2e:	e024      	b.n	8004d7a <HAL_ADC_Init+0x1be>
 8004d30:	2000      	movs	r0, #0
 8004d32:	e78b      	b.n	8004c4c <HAL_ADC_Init+0x90>
 8004d34:	6a62      	ldr	r2, [r4, #36]	@ 0x24
 8004d36:	3a01      	subs	r2, #1
 8004d38:	ea43 4342 	orr.w	r3, r3, r2, lsl #17
 8004d3c:	e7b7      	b.n	8004cae <HAL_ADC_Init+0xf2>
 8004d3e:	6821      	ldr	r1, [r4, #0]
 8004d40:	690b      	ldr	r3, [r1, #16]
 8004d42:	f36f 038a 	bfc	r3, #2, #9
 8004d46:	6be2      	ldr	r2, [r4, #60]	@ 0x3c
 8004d48:	6c25      	ldr	r5, [r4, #64]	@ 0x40
 8004d4a:	432a      	orrs	r2, r5
 8004d4c:	6c65      	ldr	r5, [r4, #68]	@ 0x44
 8004d4e:	432a      	orrs	r2, r5
 8004d50:	6ca5      	ldr	r5, [r4, #72]	@ 0x48
 8004d52:	432a      	orrs	r2, r5
 8004d54:	4313      	orrs	r3, r2
 8004d56:	f043 0301 	orr.w	r3, r3, #1
 8004d5a:	610b      	str	r3, [r1, #16]
 8004d5c:	e7d9      	b.n	8004d12 <HAL_ADC_Init+0x156>
 8004d5e:	6821      	ldr	r1, [r4, #0]
 8004d60:	6b0b      	ldr	r3, [r1, #48]	@ 0x30
 8004d62:	f023 030f 	bic.w	r3, r3, #15
 8004d66:	69e2      	ldr	r2, [r4, #28]
 8004d68:	3a01      	subs	r2, #1
 8004d6a:	4313      	orrs	r3, r2
 8004d6c:	630b      	str	r3, [r1, #48]	@ 0x30
 8004d6e:	e7d8      	b.n	8004d22 <HAL_ADC_Init+0x166>
 8004d70:	6d63      	ldr	r3, [r4, #84]	@ 0x54
 8004d72:	f043 0310 	orr.w	r3, r3, #16
 8004d76:	6563      	str	r3, [r4, #84]	@ 0x54
 8004d78:	2001      	movs	r0, #1
 8004d7a:	b003      	add	sp, #12
 8004d7c:	bd30      	pop	{r4, r5, pc}
 8004d7e:	2001      	movs	r0, #1
 8004d80:	e7fb      	b.n	8004d7a <HAL_ADC_Init+0x1be>
 8004d82:	bf00      	nop
 8004d84:	20000080 	.word	0x20000080
 8004d88:	053e2d63 	.word	0x053e2d63
 8004d8c:	50040000 	.word	0x50040000
 8004d90:	50040300 	.word	0x50040300
 8004d94:	fff0c007 	.word	0xfff0c007

08004d98 <HAL_ADC_PollForConversion>:
 8004d98:	b5f8      	push	{r3, r4, r5, r6, r7, lr}
 8004d9a:	4604      	mov	r4, r0
 8004d9c:	460e      	mov	r6, r1
 8004d9e:	6945      	ldr	r5, [r0, #20]
 8004da0:	2d08      	cmp	r5, #8
 8004da2:	d005      	beq.n	8004db0 <HAL_ADC_PollForConversion+0x18>
 8004da4:	6803      	ldr	r3, [r0, #0]
 8004da6:	68db      	ldr	r3, [r3, #12]
 8004da8:	f013 0f01 	tst.w	r3, #1
 8004dac:	d11e      	bne.n	8004dec <HAL_ADC_PollForConversion+0x54>
 8004dae:	2504      	movs	r5, #4
 8004db0:	f7ff fec2 	bl	8004b38 <HAL_GetTick>
 8004db4:	4607      	mov	r7, r0
 8004db6:	6823      	ldr	r3, [r4, #0]
 8004db8:	681a      	ldr	r2, [r3, #0]
 8004dba:	422a      	tst	r2, r5
 8004dbc:	d11c      	bne.n	8004df8 <HAL_ADC_PollForConversion+0x60>
 8004dbe:	f1b6 3fff 	cmp.w	r6, #4294967295
 8004dc2:	d0f8      	beq.n	8004db6 <HAL_ADC_PollForConversion+0x1e>
 8004dc4:	f7ff feb8 	bl	8004b38 <HAL_GetTick>
 8004dc8:	1bc3      	subs	r3, r0, r7
 8004dca:	42b3      	cmp	r3, r6
 8004dcc:	d801      	bhi.n	8004dd2 <HAL_ADC_PollForConversion+0x3a>
 8004dce:	2e00      	cmp	r6, #0
 8004dd0:	d1f1      	bne.n	8004db6 <HAL_ADC_PollForConversion+0x1e>
 8004dd2:	6823      	ldr	r3, [r4, #0]
 8004dd4:	681b      	ldr	r3, [r3, #0]
 8004dd6:	422b      	tst	r3, r5
 8004dd8:	d1ed      	bne.n	8004db6 <HAL_ADC_PollForConversion+0x1e>
 8004dda:	6d63      	ldr	r3, [r4, #84]	@ 0x54
 8004ddc:	f043 0304 	orr.w	r3, r3, #4
 8004de0:	6563      	str	r3, [r4, #84]	@ 0x54
 8004de2:	2300      	movs	r3, #0
 8004de4:	f884 3050 	strb.w	r3, [r4, #80]	@ 0x50
 8004de8:	2003      	movs	r0, #3
 8004dea:	e004      	b.n	8004df6 <HAL_ADC_PollForConversion+0x5e>
 8004dec:	6d43      	ldr	r3, [r0, #84]	@ 0x54
 8004dee:	f043 0320 	orr.w	r3, r3, #32
 8004df2:	6543      	str	r3, [r0, #84]	@ 0x54
 8004df4:	2001      	movs	r0, #1
 8004df6:	bdf8      	pop	{r3, r4, r5, r6, r7, pc}
 8004df8:	6d62      	ldr	r2, [r4, #84]	@ 0x54
 8004dfa:	f442 7200 	orr.w	r2, r2, #512	@ 0x200
 8004dfe:	6562      	str	r2, [r4, #84]	@ 0x54
 8004e00:	68da      	ldr	r2, [r3, #12]
 8004e02:	f412 6f40 	tst.w	r2, #3072	@ 0xc00
 8004e06:	d111      	bne.n	8004e2c <HAL_ADC_PollForConversion+0x94>
 8004e08:	7e62      	ldrb	r2, [r4, #25]
 8004e0a:	b97a      	cbnz	r2, 8004e2c <HAL_ADC_PollForConversion+0x94>
 8004e0c:	681a      	ldr	r2, [r3, #0]
 8004e0e:	f012 0f08 	tst.w	r2, #8
 8004e12:	d00b      	beq.n	8004e2c <HAL_ADC_PollForConversion+0x94>
 8004e14:	6d62      	ldr	r2, [r4, #84]	@ 0x54
 8004e16:	f422 7280 	bic.w	r2, r2, #256	@ 0x100
 8004e1a:	6562      	str	r2, [r4, #84]	@ 0x54
 8004e1c:	6d62      	ldr	r2, [r4, #84]	@ 0x54
 8004e1e:	f412 5f80 	tst.w	r2, #4096	@ 0x1000
 8004e22:	d103      	bne.n	8004e2c <HAL_ADC_PollForConversion+0x94>
 8004e24:	6d62      	ldr	r2, [r4, #84]	@ 0x54
 8004e26:	f042 0201 	orr.w	r2, r2, #1
 8004e2a:	6562      	str	r2, [r4, #84]	@ 0x54
 8004e2c:	2d08      	cmp	r5, #8
 8004e2e:	d007      	beq.n	8004e40 <HAL_ADC_PollForConversion+0xa8>
 8004e30:	68da      	ldr	r2, [r3, #12]
 8004e32:	f412 4f80 	tst.w	r2, #16384	@ 0x4000
 8004e36:	d107      	bne.n	8004e48 <HAL_ADC_PollForConversion+0xb0>
 8004e38:	220c      	movs	r2, #12
 8004e3a:	601a      	str	r2, [r3, #0]
 8004e3c:	2000      	movs	r0, #0
 8004e3e:	e7da      	b.n	8004df6 <HAL_ADC_PollForConversion+0x5e>
 8004e40:	2208      	movs	r2, #8
 8004e42:	601a      	str	r2, [r3, #0]
 8004e44:	2000      	movs	r0, #0
 8004e46:	e7d6      	b.n	8004df6 <HAL_ADC_PollForConversion+0x5e>
 8004e48:	2000      	movs	r0, #0
 8004e4a:	e7d4      	b.n	8004df6 <HAL_ADC_PollForConversion+0x5e>

08004e4c <HAL_ADC_GetValue>:
 8004e4c:	6803      	ldr	r3, [r0, #0]
 8004e4e:	6c18      	ldr	r0, [r3, #64]	@ 0x40
 8004e50:	4770      	bx	lr
	...

08004e54 <HAL_ADC_ConfigChannel>:
 8004e54:	b570      	push	{r4, r5, r6, lr}
 8004e56:	b082      	sub	sp, #8
 8004e58:	2300      	movs	r3, #0
 8004e5a:	9301      	str	r3, [sp, #4]
 8004e5c:	f890 3050 	ldrb.w	r3, [r0, #80]	@ 0x50
 8004e60:	2b01      	cmp	r3, #1
 8004e62:	f000 8211 	beq.w	8005288 <HAL_ADC_ConfigChannel+0x434>
 8004e66:	4604      	mov	r4, r0
 8004e68:	460d      	mov	r5, r1
 8004e6a:	2301      	movs	r3, #1
 8004e6c:	f880 3050 	strb.w	r3, [r0, #80]	@ 0x50
 8004e70:	6800      	ldr	r0, [r0, #0]
 8004e72:	6883      	ldr	r3, [r0, #8]
 8004e74:	f013 0f04 	tst.w	r3, #4
 8004e78:	d009      	beq.n	8004e8e <HAL_ADC_ConfigChannel+0x3a>
 8004e7a:	6d63      	ldr	r3, [r4, #84]	@ 0x54
 8004e7c:	f043 0320 	orr.w	r3, r3, #32
 8004e80:	6563      	str	r3, [r4, #84]	@ 0x54
 8004e82:	2001      	movs	r0, #1
 8004e84:	2300      	movs	r3, #0
 8004e86:	f884 3050 	strb.w	r3, [r4, #80]	@ 0x50
 8004e8a:	b002      	add	sp, #8
 8004e8c:	bd70      	pop	{r4, r5, r6, pc}
 8004e8e:	680a      	ldr	r2, [r1, #0]
 8004e90:	6849      	ldr	r1, [r1, #4]
 8004e92:	f7ff fe63 	bl	8004b5c <LL_ADC_REG_SetSequencerRanks>
 8004e96:	6820      	ldr	r0, [r4, #0]
 8004e98:	6883      	ldr	r3, [r0, #8]
 8004e9a:	f013 0304 	ands.w	r3, r3, #4
 8004e9e:	d000      	beq.n	8004ea2 <HAL_ADC_ConfigChannel+0x4e>
 8004ea0:	2301      	movs	r3, #1
 8004ea2:	6882      	ldr	r2, [r0, #8]
 8004ea4:	f012 0208 	ands.w	r2, r2, #8
 8004ea8:	d000      	beq.n	8004eac <HAL_ADC_ConfigChannel+0x58>
 8004eaa:	2201      	movs	r2, #1
 8004eac:	b90b      	cbnz	r3, 8004eb2 <HAL_ADC_ConfigChannel+0x5e>
 8004eae:	2a00      	cmp	r2, #0
 8004eb0:	d03a      	beq.n	8004f28 <HAL_ADC_ConfigChannel+0xd4>
 8004eb2:	6822      	ldr	r2, [r4, #0]
 8004eb4:	6893      	ldr	r3, [r2, #8]
 8004eb6:	f013 0f01 	tst.w	r3, #1
 8004eba:	f040 81df 	bne.w	800527c <HAL_ADC_ConfigChannel+0x428>
 8004ebe:	682b      	ldr	r3, [r5, #0]
 8004ec0:	68e8      	ldr	r0, [r5, #12]
 8004ec2:	f8d2 10b0 	ldr.w	r1, [r2, #176]	@ 0xb0
 8004ec6:	f3c3 0c12 	ubfx	ip, r3, #0, #19
 8004eca:	ea21 010c 	bic.w	r1, r1, ip
 8004ece:	f000 0c18 	and.w	ip, r0, #24
 8004ed2:	48a7      	ldr	r0, [pc, #668]	@ (8005170 <HAL_ADC_ConfigChannel+0x31c>)
 8004ed4:	fa20 f00c 	lsr.w	r0, r0, ip
 8004ed8:	4003      	ands	r3, r0
 8004eda:	f3c3 0312 	ubfx	r3, r3, #0, #19
 8004ede:	430b      	orrs	r3, r1
 8004ee0:	f8c2 30b0 	str.w	r3, [r2, #176]	@ 0xb0
 8004ee4:	68ea      	ldr	r2, [r5, #12]
 8004ee6:	4ba3      	ldr	r3, [pc, #652]	@ (8005174 <HAL_ADC_ConfigChannel+0x320>)
 8004ee8:	429a      	cmp	r2, r3
 8004eea:	f000 80a4 	beq.w	8005036 <HAL_ADC_ConfigChannel+0x1e2>
 8004eee:	682b      	ldr	r3, [r5, #0]
 8004ef0:	4aa1      	ldr	r2, [pc, #644]	@ (8005178 <HAL_ADC_ConfigChannel+0x324>)
 8004ef2:	4213      	tst	r3, r2
 8004ef4:	f000 81c4 	beq.w	8005280 <HAL_ADC_ConfigChannel+0x42c>
 8004ef8:	4aa0      	ldr	r2, [pc, #640]	@ (800517c <HAL_ADC_ConfigChannel+0x328>)
 8004efa:	6892      	ldr	r2, [r2, #8]
 8004efc:	f002 70e0 	and.w	r0, r2, #29360128	@ 0x1c00000
 8004f00:	499f      	ldr	r1, [pc, #636]	@ (8005180 <HAL_ADC_ConfigChannel+0x32c>)
 8004f02:	6889      	ldr	r1, [r1, #8]
 8004f04:	f011 0f01 	tst.w	r1, #1
 8004f08:	f040 8164 	bne.w	80051d4 <HAL_ADC_ConfigChannel+0x380>
 8004f0c:	499d      	ldr	r1, [pc, #628]	@ (8005184 <HAL_ADC_ConfigChannel+0x330>)
 8004f0e:	428b      	cmp	r3, r1
 8004f10:	f000 8166 	beq.w	80051e0 <HAL_ADC_ConfigChannel+0x38c>
 8004f14:	499c      	ldr	r1, [pc, #624]	@ (8005188 <HAL_ADC_ConfigChannel+0x334>)
 8004f16:	428b      	cmp	r3, r1
 8004f18:	f000 8189 	beq.w	800522e <HAL_ADC_ConfigChannel+0x3da>
 8004f1c:	499b      	ldr	r1, [pc, #620]	@ (800518c <HAL_ADC_ConfigChannel+0x338>)
 8004f1e:	428b      	cmp	r3, r1
 8004f20:	f000 8199 	beq.w	8005256 <HAL_ADC_ConfigChannel+0x402>
 8004f24:	2000      	movs	r0, #0
 8004f26:	e7ad      	b.n	8004e84 <HAL_ADC_ConfigChannel+0x30>
 8004f28:	68aa      	ldr	r2, [r5, #8]
 8004f2a:	6829      	ldr	r1, [r5, #0]
 8004f2c:	f7ff fe2f 	bl	8004b8e <LL_ADC_SetChannelSamplingTime>
 8004f30:	6969      	ldr	r1, [r5, #20]
 8004f32:	6822      	ldr	r2, [r4, #0]
 8004f34:	68d3      	ldr	r3, [r2, #12]
 8004f36:	f3c3 03c1 	ubfx	r3, r3, #3, #2
 8004f3a:	005b      	lsls	r3, r3, #1
 8004f3c:	4099      	lsls	r1, r3
 8004f3e:	6928      	ldr	r0, [r5, #16]
 8004f40:	2804      	cmp	r0, #4
 8004f42:	d010      	beq.n	8004f66 <HAL_ADC_ConfigChannel+0x112>
 8004f44:	3260      	adds	r2, #96	@ 0x60
 8004f46:	f852 c020 	ldr.w	ip, [r2, r0, lsl #2]
 8004f4a:	4b91      	ldr	r3, [pc, #580]	@ (8005190 <HAL_ADC_ConfigChannel+0x33c>)
 8004f4c:	ea0c 0303 	and.w	r3, ip, r3
 8004f50:	682e      	ldr	r6, [r5, #0]
 8004f52:	f006 4cf8 	and.w	ip, r6, #2080374784	@ 0x7c000000
 8004f56:	ea41 010c 	orr.w	r1, r1, ip
 8004f5a:	430b      	orrs	r3, r1
 8004f5c:	f043 4300 	orr.w	r3, r3, #2147483648	@ 0x80000000
 8004f60:	f842 3020 	str.w	r3, [r2, r0, lsl #2]
 8004f64:	e7a5      	b.n	8004eb2 <HAL_ADC_ConfigChannel+0x5e>
 8004f66:	6e13      	ldr	r3, [r2, #96]	@ 0x60
 8004f68:	6e11      	ldr	r1, [r2, #96]	@ 0x60
 8004f6a:	f3c1 6184 	ubfx	r1, r1, #26, #5
 8004f6e:	682b      	ldr	r3, [r5, #0]
 8004f70:	f3c3 0012 	ubfx	r0, r3, #0, #19
 8004f74:	bb80      	cbnz	r0, 8004fd8 <HAL_ADC_ConfigChannel+0x184>
 8004f76:	f3c3 6384 	ubfx	r3, r3, #26, #5
 8004f7a:	4299      	cmp	r1, r3
 8004f7c:	d034      	beq.n	8004fe8 <HAL_ADC_ConfigChannel+0x194>
 8004f7e:	6821      	ldr	r1, [r4, #0]
 8004f80:	6e4b      	ldr	r3, [r1, #100]	@ 0x64
 8004f82:	6e4a      	ldr	r2, [r1, #100]	@ 0x64
 8004f84:	f3c2 6284 	ubfx	r2, r2, #26, #5
 8004f88:	682b      	ldr	r3, [r5, #0]
 8004f8a:	f3c3 0012 	ubfx	r0, r3, #0, #19
 8004f8e:	bb80      	cbnz	r0, 8004ff2 <HAL_ADC_ConfigChannel+0x19e>
 8004f90:	f3c3 6384 	ubfx	r3, r3, #26, #5
 8004f94:	429a      	cmp	r2, r3
 8004f96:	d034      	beq.n	8005002 <HAL_ADC_ConfigChannel+0x1ae>
 8004f98:	6821      	ldr	r1, [r4, #0]
 8004f9a:	6e8b      	ldr	r3, [r1, #104]	@ 0x68
 8004f9c:	6e8a      	ldr	r2, [r1, #104]	@ 0x68
 8004f9e:	f3c2 6284 	ubfx	r2, r2, #26, #5
 8004fa2:	682b      	ldr	r3, [r5, #0]
 8004fa4:	f3c3 0012 	ubfx	r0, r3, #0, #19
 8004fa8:	bb80      	cbnz	r0, 800500c <HAL_ADC_ConfigChannel+0x1b8>
 8004faa:	f3c3 6384 	ubfx	r3, r3, #26, #5
 8004fae:	429a      	cmp	r2, r3
 8004fb0:	d034      	beq.n	800501c <HAL_ADC_ConfigChannel+0x1c8>
 8004fb2:	6821      	ldr	r1, [r4, #0]
 8004fb4:	6ecb      	ldr	r3, [r1, #108]	@ 0x6c
 8004fb6:	6eca      	ldr	r2, [r1, #108]	@ 0x6c
 8004fb8:	f3c2 6284 	ubfx	r2, r2, #26, #5
 8004fbc:	682b      	ldr	r3, [r5, #0]
 8004fbe:	f3c3 0012 	ubfx	r0, r3, #0, #19
 8004fc2:	bb80      	cbnz	r0, 8005026 <HAL_ADC_ConfigChannel+0x1d2>
 8004fc4:	f3c3 6384 	ubfx	r3, r3, #26, #5
 8004fc8:	429a      	cmp	r2, r3
 8004fca:	f47f af72 	bne.w	8004eb2 <HAL_ADC_ConfigChannel+0x5e>
 8004fce:	6ecb      	ldr	r3, [r1, #108]	@ 0x6c
 8004fd0:	f023 4300 	bic.w	r3, r3, #2147483648	@ 0x80000000
 8004fd4:	66cb      	str	r3, [r1, #108]	@ 0x6c
 8004fd6:	e76c      	b.n	8004eb2 <HAL_ADC_ConfigChannel+0x5e>
 8004fd8:	fa93 f3a3 	rbit	r3, r3
 8004fdc:	b113      	cbz	r3, 8004fe4 <HAL_ADC_ConfigChannel+0x190>
 8004fde:	fab3 f383 	clz	r3, r3
 8004fe2:	e7ca      	b.n	8004f7a <HAL_ADC_ConfigChannel+0x126>
 8004fe4:	2320      	movs	r3, #32
 8004fe6:	e7c8      	b.n	8004f7a <HAL_ADC_ConfigChannel+0x126>
 8004fe8:	6e13      	ldr	r3, [r2, #96]	@ 0x60
 8004fea:	f023 4300 	bic.w	r3, r3, #2147483648	@ 0x80000000
 8004fee:	6613      	str	r3, [r2, #96]	@ 0x60
 8004ff0:	e7c5      	b.n	8004f7e <HAL_ADC_ConfigChannel+0x12a>
 8004ff2:	fa93 f3a3 	rbit	r3, r3
 8004ff6:	b113      	cbz	r3, 8004ffe <HAL_ADC_ConfigChannel+0x1aa>
 8004ff8:	fab3 f383 	clz	r3, r3
 8004ffc:	e7ca      	b.n	8004f94 <HAL_ADC_ConfigChannel+0x140>
 8004ffe:	2320      	movs	r3, #32
 8005000:	e7c8      	b.n	8004f94 <HAL_ADC_ConfigChannel+0x140>
 8005002:	6e4b      	ldr	r3, [r1, #100]	@ 0x64
 8005004:	f023 4300 	bic.w	r3, r3, #2147483648	@ 0x80000000
 8005008:	664b      	str	r3, [r1, #100]	@ 0x64
 800500a:	e7c5      	b.n	8004f98 <HAL_ADC_ConfigChannel+0x144>
 800500c:	fa93 f3a3 	rbit	r3, r3
 8005010:	b113      	cbz	r3, 8005018 <HAL_ADC_ConfigChannel+0x1c4>
 8005012:	fab3 f383 	clz	r3, r3
 8005016:	e7ca      	b.n	8004fae <HAL_ADC_ConfigChannel+0x15a>
 8005018:	2320      	movs	r3, #32
 800501a:	e7c8      	b.n	8004fae <HAL_ADC_ConfigChannel+0x15a>
 800501c:	6e8b      	ldr	r3, [r1, #104]	@ 0x68
 800501e:	f023 4300 	bic.w	r3, r3, #2147483648	@ 0x80000000
 8005022:	668b      	str	r3, [r1, #104]	@ 0x68
 8005024:	e7c5      	b.n	8004fb2 <HAL_ADC_ConfigChannel+0x15e>
 8005026:	fa93 f3a3 	rbit	r3, r3
 800502a:	b113      	cbz	r3, 8005032 <HAL_ADC_ConfigChannel+0x1de>
 800502c:	fab3 f383 	clz	r3, r3
 8005030:	e7ca      	b.n	8004fc8 <HAL_ADC_ConfigChannel+0x174>
 8005032:	2320      	movs	r3, #32
 8005034:	e7c8      	b.n	8004fc8 <HAL_ADC_ConfigChannel+0x174>
 8005036:	6820      	ldr	r0, [r4, #0]
 8005038:	682b      	ldr	r3, [r5, #0]
 800503a:	f3c3 0c12 	ubfx	ip, r3, #0, #19
 800503e:	f1bc 0f00 	cmp.w	ip, #0
 8005042:	d12d      	bne.n	80050a0 <HAL_ADC_ConfigChannel+0x24c>
 8005044:	0e9a      	lsrs	r2, r3, #26
 8005046:	3201      	adds	r2, #1
 8005048:	f002 021f 	and.w	r2, r2, #31
 800504c:	2a09      	cmp	r2, #9
 800504e:	bf8c      	ite	hi
 8005050:	2200      	movhi	r2, #0
 8005052:	2201      	movls	r2, #1
 8005054:	2a00      	cmp	r2, #0
 8005056:	d05b      	beq.n	8005110 <HAL_ADC_ConfigChannel+0x2bc>
 8005058:	f1bc 0f00 	cmp.w	ip, #0
 800505c:	d12f      	bne.n	80050be <HAL_ADC_ConfigChannel+0x26a>
 800505e:	0e99      	lsrs	r1, r3, #26
 8005060:	3101      	adds	r1, #1
 8005062:	0689      	lsls	r1, r1, #26
 8005064:	f001 41f8 	and.w	r1, r1, #2080374784	@ 0x7c000000
 8005068:	f1bc 0f00 	cmp.w	ip, #0
 800506c:	d133      	bne.n	80050d6 <HAL_ADC_ConfigChannel+0x282>
 800506e:	ea4f 6e93 	mov.w	lr, r3, lsr #26
 8005072:	f10e 0e01 	add.w	lr, lr, #1
 8005076:	f00e 0e1f 	and.w	lr, lr, #31
 800507a:	2201      	movs	r2, #1
 800507c:	fa02 f20e 	lsl.w	r2, r2, lr
 8005080:	4311      	orrs	r1, r2
 8005082:	f1bc 0f00 	cmp.w	ip, #0
 8005086:	d135      	bne.n	80050f4 <HAL_ADC_ConfigChannel+0x2a0>
 8005088:	0e9b      	lsrs	r3, r3, #26
 800508a:	3301      	adds	r3, #1
 800508c:	f003 031f 	and.w	r3, r3, #31
 8005090:	eb03 0343 	add.w	r3, r3, r3, lsl #1
 8005094:	051b      	lsls	r3, r3, #20
 8005096:	4319      	orrs	r1, r3
 8005098:	68aa      	ldr	r2, [r5, #8]
 800509a:	f7ff fd78 	bl	8004b8e <LL_ADC_SetChannelSamplingTime>
 800509e:	e726      	b.n	8004eee <HAL_ADC_ConfigChannel+0x9a>
 80050a0:	fa93 f2a3 	rbit	r2, r3
 80050a4:	b14a      	cbz	r2, 80050ba <HAL_ADC_ConfigChannel+0x266>
 80050a6:	fab2 f282 	clz	r2, r2
 80050aa:	3201      	adds	r2, #1
 80050ac:	f002 021f 	and.w	r2, r2, #31
 80050b0:	2a09      	cmp	r2, #9
 80050b2:	bf8c      	ite	hi
 80050b4:	2200      	movhi	r2, #0
 80050b6:	2201      	movls	r2, #1
 80050b8:	e7cc      	b.n	8005054 <HAL_ADC_ConfigChannel+0x200>
 80050ba:	2220      	movs	r2, #32
 80050bc:	e7f5      	b.n	80050aa <HAL_ADC_ConfigChannel+0x256>
 80050be:	fa93 f1a3 	rbit	r1, r3
 80050c2:	b131      	cbz	r1, 80050d2 <HAL_ADC_ConfigChannel+0x27e>
 80050c4:	fab1 f181 	clz	r1, r1
 80050c8:	3101      	adds	r1, #1
 80050ca:	0689      	lsls	r1, r1, #26
 80050cc:	f001 41f8 	and.w	r1, r1, #2080374784	@ 0x7c000000
 80050d0:	e7ca      	b.n	8005068 <HAL_ADC_ConfigChannel+0x214>
 80050d2:	2120      	movs	r1, #32
 80050d4:	e7f8      	b.n	80050c8 <HAL_ADC_ConfigChannel+0x274>
 80050d6:	fa93 f2a3 	rbit	r2, r3
 80050da:	b14a      	cbz	r2, 80050f0 <HAL_ADC_ConfigChannel+0x29c>
 80050dc:	fab2 f282 	clz	r2, r2
 80050e0:	3201      	adds	r2, #1
 80050e2:	f002 021f 	and.w	r2, r2, #31
 80050e6:	f04f 0e01 	mov.w	lr, #1
 80050ea:	fa0e f202 	lsl.w	r2, lr, r2
 80050ee:	e7c7      	b.n	8005080 <HAL_ADC_ConfigChannel+0x22c>
 80050f0:	2220      	movs	r2, #32
 80050f2:	e7f5      	b.n	80050e0 <HAL_ADC_ConfigChannel+0x28c>
 80050f4:	fa93 f3a3 	rbit	r3, r3
 80050f8:	b143      	cbz	r3, 800510c <HAL_ADC_ConfigChannel+0x2b8>
 80050fa:	fab3 f383 	clz	r3, r3
 80050fe:	3301      	adds	r3, #1
 8005100:	f003 031f 	and.w	r3, r3, #31
 8005104:	eb03 0343 	add.w	r3, r3, r3, lsl #1
 8005108:	051b      	lsls	r3, r3, #20
 800510a:	e7c4      	b.n	8005096 <HAL_ADC_ConfigChannel+0x242>
 800510c:	2320      	movs	r3, #32
 800510e:	e7f6      	b.n	80050fe <HAL_ADC_ConfigChannel+0x2aa>
 8005110:	f1bc 0f00 	cmp.w	ip, #0
 8005114:	d120      	bne.n	8005158 <HAL_ADC_ConfigChannel+0x304>
 8005116:	0e99      	lsrs	r1, r3, #26
 8005118:	3101      	adds	r1, #1
 800511a:	0689      	lsls	r1, r1, #26
 800511c:	f001 41f8 	and.w	r1, r1, #2080374784	@ 0x7c000000
 8005120:	f1bc 0f00 	cmp.w	ip, #0
 8005124:	d136      	bne.n	8005194 <HAL_ADC_ConfigChannel+0x340>
 8005126:	ea4f 6e93 	mov.w	lr, r3, lsr #26
 800512a:	f10e 0e01 	add.w	lr, lr, #1
 800512e:	f00e 0e1f 	and.w	lr, lr, #31
 8005132:	2201      	movs	r2, #1
 8005134:	fa02 f20e 	lsl.w	r2, r2, lr
 8005138:	4311      	orrs	r1, r2
 800513a:	f1bc 0f00 	cmp.w	ip, #0
 800513e:	d138      	bne.n	80051b2 <HAL_ADC_ConfigChannel+0x35e>
 8005140:	0e9b      	lsrs	r3, r3, #26
 8005142:	3301      	adds	r3, #1
 8005144:	f003 031f 	and.w	r3, r3, #31
 8005148:	3b0a      	subs	r3, #10
 800514a:	eb03 0343 	add.w	r3, r3, r3, lsl #1
 800514e:	051b      	lsls	r3, r3, #20
 8005150:	f043 7300 	orr.w	r3, r3, #33554432	@ 0x2000000
 8005154:	4319      	orrs	r1, r3
 8005156:	e79f      	b.n	8005098 <HAL_ADC_ConfigChannel+0x244>
 8005158:	fa93 f1a3 	rbit	r1, r3
 800515c:	b131      	cbz	r1, 800516c <HAL_ADC_ConfigChannel+0x318>
 800515e:	fab1 f181 	clz	r1, r1
 8005162:	3101      	adds	r1, #1
 8005164:	0689      	lsls	r1, r1, #26
 8005166:	f001 41f8 	and.w	r1, r1, #2080374784	@ 0x7c000000
 800516a:	e7d9      	b.n	8005120 <HAL_ADC_ConfigChannel+0x2cc>
 800516c:	2120      	movs	r1, #32
 800516e:	e7f8      	b.n	8005162 <HAL_ADC_ConfigChannel+0x30e>
 8005170:	0007ffff 	.word	0x0007ffff
 8005174:	407f0000 	.word	0x407f0000
 8005178:	80080000 	.word	0x80080000
 800517c:	50040300 	.word	0x50040300
 8005180:	50040000 	.word	0x50040000
 8005184:	c7520000 	.word	0xc7520000
 8005188:	cb840000 	.word	0xcb840000
 800518c:	80000001 	.word	0x80000001
 8005190:	03fff000 	.word	0x03fff000
 8005194:	fa93 f2a3 	rbit	r2, r3
 8005198:	b14a      	cbz	r2, 80051ae <HAL_ADC_ConfigChannel+0x35a>
 800519a:	fab2 f282 	clz	r2, r2
 800519e:	3201      	adds	r2, #1
 80051a0:	f002 021f 	and.w	r2, r2, #31
 80051a4:	f04f 0e01 	mov.w	lr, #1
 80051a8:	fa0e f202 	lsl.w	r2, lr, r2
 80051ac:	e7c4      	b.n	8005138 <HAL_ADC_ConfigChannel+0x2e4>
 80051ae:	2220      	movs	r2, #32
 80051b0:	e7f5      	b.n	800519e <HAL_ADC_ConfigChannel+0x34a>
 80051b2:	fa93 f3a3 	rbit	r3, r3
 80051b6:	b15b      	cbz	r3, 80051d0 <HAL_ADC_ConfigChannel+0x37c>
 80051b8:	fab3 f383 	clz	r3, r3
 80051bc:	3301      	adds	r3, #1
 80051be:	f003 031f 	and.w	r3, r3, #31
 80051c2:	3b0a      	subs	r3, #10
 80051c4:	eb03 0343 	add.w	r3, r3, r3, lsl #1
 80051c8:	051b      	lsls	r3, r3, #20
 80051ca:	f043 7300 	orr.w	r3, r3, #33554432	@ 0x2000000
 80051ce:	e7c1      	b.n	8005154 <HAL_ADC_ConfigChannel+0x300>
 80051d0:	2320      	movs	r3, #32
 80051d2:	e7f3      	b.n	80051bc <HAL_ADC_ConfigChannel+0x368>
 80051d4:	6d63      	ldr	r3, [r4, #84]	@ 0x54
 80051d6:	f043 0320 	orr.w	r3, r3, #32
 80051da:	6563      	str	r3, [r4, #84]	@ 0x54
 80051dc:	2001      	movs	r0, #1
 80051de:	e651      	b.n	8004e84 <HAL_ADC_ConfigChannel+0x30>
 80051e0:	f412 0f00 	tst.w	r2, #8388608	@ 0x800000
 80051e4:	f47f ae96 	bne.w	8004f14 <HAL_ADC_ConfigChannel+0xc0>
 80051e8:	6822      	ldr	r2, [r4, #0]
 80051ea:	4b28      	ldr	r3, [pc, #160]	@ (800528c <HAL_ADC_ConfigChannel+0x438>)
 80051ec:	429a      	cmp	r2, r3
 80051ee:	d001      	beq.n	80051f4 <HAL_ADC_ConfigChannel+0x3a0>
 80051f0:	2000      	movs	r0, #0
 80051f2:	e647      	b.n	8004e84 <HAL_ADC_ConfigChannel+0x30>
 80051f4:	f440 0300 	orr.w	r3, r0, #8388608	@ 0x800000
 80051f8:	4925      	ldr	r1, [pc, #148]	@ (8005290 <HAL_ADC_ConfigChannel+0x43c>)
 80051fa:	688a      	ldr	r2, [r1, #8]
 80051fc:	f022 72e0 	bic.w	r2, r2, #29360128	@ 0x1c00000
 8005200:	4313      	orrs	r3, r2
 8005202:	608b      	str	r3, [r1, #8]
 8005204:	4b23      	ldr	r3, [pc, #140]	@ (8005294 <HAL_ADC_ConfigChannel+0x440>)
 8005206:	681b      	ldr	r3, [r3, #0]
 8005208:	099b      	lsrs	r3, r3, #6
 800520a:	4a23      	ldr	r2, [pc, #140]	@ (8005298 <HAL_ADC_ConfigChannel+0x444>)
 800520c:	fba2 2303 	umull	r2, r3, r2, r3
 8005210:	099b      	lsrs	r3, r3, #6
 8005212:	3301      	adds	r3, #1
 8005214:	eb03 0343 	add.w	r3, r3, r3, lsl #1
 8005218:	009b      	lsls	r3, r3, #2
 800521a:	9301      	str	r3, [sp, #4]
 800521c:	e002      	b.n	8005224 <HAL_ADC_ConfigChannel+0x3d0>
 800521e:	9b01      	ldr	r3, [sp, #4]
 8005220:	3b01      	subs	r3, #1
 8005222:	9301      	str	r3, [sp, #4]
 8005224:	9b01      	ldr	r3, [sp, #4]
 8005226:	2b00      	cmp	r3, #0
 8005228:	d1f9      	bne.n	800521e <HAL_ADC_ConfigChannel+0x3ca>
 800522a:	4618      	mov	r0, r3
 800522c:	e62a      	b.n	8004e84 <HAL_ADC_ConfigChannel+0x30>
 800522e:	f012 7f80 	tst.w	r2, #16777216	@ 0x1000000
 8005232:	f47f ae73 	bne.w	8004f1c <HAL_ADC_ConfigChannel+0xc8>
 8005236:	6822      	ldr	r2, [r4, #0]
 8005238:	4b14      	ldr	r3, [pc, #80]	@ (800528c <HAL_ADC_ConfigChannel+0x438>)
 800523a:	429a      	cmp	r2, r3
 800523c:	d001      	beq.n	8005242 <HAL_ADC_ConfigChannel+0x3ee>
 800523e:	2000      	movs	r0, #0
 8005240:	e620      	b.n	8004e84 <HAL_ADC_ConfigChannel+0x30>
 8005242:	f040 7380 	orr.w	r3, r0, #16777216	@ 0x1000000
 8005246:	4912      	ldr	r1, [pc, #72]	@ (8005290 <HAL_ADC_ConfigChannel+0x43c>)
 8005248:	688a      	ldr	r2, [r1, #8]
 800524a:	f022 72e0 	bic.w	r2, r2, #29360128	@ 0x1c00000
 800524e:	4313      	orrs	r3, r2
 8005250:	608b      	str	r3, [r1, #8]
 8005252:	2000      	movs	r0, #0
 8005254:	e616      	b.n	8004e84 <HAL_ADC_ConfigChannel+0x30>
 8005256:	f412 0f80 	tst.w	r2, #4194304	@ 0x400000
 800525a:	d113      	bne.n	8005284 <HAL_ADC_ConfigChannel+0x430>
 800525c:	6822      	ldr	r2, [r4, #0]
 800525e:	4b0b      	ldr	r3, [pc, #44]	@ (800528c <HAL_ADC_ConfigChannel+0x438>)
 8005260:	429a      	cmp	r2, r3
 8005262:	d001      	beq.n	8005268 <HAL_ADC_ConfigChannel+0x414>
 8005264:	2000      	movs	r0, #0
 8005266:	e60d      	b.n	8004e84 <HAL_ADC_ConfigChannel+0x30>
 8005268:	f440 0380 	orr.w	r3, r0, #4194304	@ 0x400000
 800526c:	4908      	ldr	r1, [pc, #32]	@ (8005290 <HAL_ADC_ConfigChannel+0x43c>)
 800526e:	688a      	ldr	r2, [r1, #8]
 8005270:	f022 72e0 	bic.w	r2, r2, #29360128	@ 0x1c00000
 8005274:	4313      	orrs	r3, r2
 8005276:	608b      	str	r3, [r1, #8]
 8005278:	2000      	movs	r0, #0
 800527a:	e603      	b.n	8004e84 <HAL_ADC_ConfigChannel+0x30>
 800527c:	2000      	movs	r0, #0
 800527e:	e601      	b.n	8004e84 <HAL_ADC_ConfigChannel+0x30>
 8005280:	2000      	movs	r0, #0
 8005282:	e5ff      	b.n	8004e84 <HAL_ADC_ConfigChannel+0x30>
 8005284:	2000      	movs	r0, #0
 8005286:	e5fd      	b.n	8004e84 <HAL_ADC_ConfigChannel+0x30>
 8005288:	2002      	movs	r0, #2
 800528a:	e5fe      	b.n	8004e8a <HAL_ADC_ConfigChannel+0x36>
 800528c:	50040000 	.word	0x50040000
 8005290:	50040300 	.word	0x50040300
 8005294:	20000080 	.word	0x20000080
 8005298:	053e2d63 	.word	0x053e2d63

0800529c <ADC_Enable>:
 800529c:	b530      	push	{r4, r5, lr}
 800529e:	b083      	sub	sp, #12
 80052a0:	2300      	movs	r3, #0
 80052a2:	9301      	str	r3, [sp, #4]
 80052a4:	6803      	ldr	r3, [r0, #0]
 80052a6:	689a      	ldr	r2, [r3, #8]
 80052a8:	f012 0f01 	tst.w	r2, #1
 80052ac:	d152      	bne.n	8005354 <ADC_Enable+0xb8>
 80052ae:	4604      	mov	r4, r0
 80052b0:	6899      	ldr	r1, [r3, #8]
 80052b2:	4a2a      	ldr	r2, [pc, #168]	@ (800535c <ADC_Enable+0xc0>)
 80052b4:	4211      	tst	r1, r2
 80052b6:	d116      	bne.n	80052e6 <ADC_Enable+0x4a>
 80052b8:	689a      	ldr	r2, [r3, #8]
 80052ba:	f022 4200 	bic.w	r2, r2, #2147483648	@ 0x80000000
 80052be:	f022 023f 	bic.w	r2, r2, #63	@ 0x3f
 80052c2:	f042 0201 	orr.w	r2, r2, #1
 80052c6:	609a      	str	r2, [r3, #8]
 80052c8:	4b25      	ldr	r3, [pc, #148]	@ (8005360 <ADC_Enable+0xc4>)
 80052ca:	689b      	ldr	r3, [r3, #8]
 80052cc:	f413 0f00 	tst.w	r3, #8388608	@ 0x800000
 80052d0:	d019      	beq.n	8005306 <ADC_Enable+0x6a>
 80052d2:	4b24      	ldr	r3, [pc, #144]	@ (8005364 <ADC_Enable+0xc8>)
 80052d4:	681b      	ldr	r3, [r3, #0]
 80052d6:	099b      	lsrs	r3, r3, #6
 80052d8:	4a23      	ldr	r2, [pc, #140]	@ (8005368 <ADC_Enable+0xcc>)
 80052da:	fba2 2303 	umull	r2, r3, r2, r3
 80052de:	099b      	lsrs	r3, r3, #6
 80052e0:	3301      	adds	r3, #1
 80052e2:	9301      	str	r3, [sp, #4]
 80052e4:	e00c      	b.n	8005300 <ADC_Enable+0x64>
 80052e6:	6d43      	ldr	r3, [r0, #84]	@ 0x54
 80052e8:	f043 0310 	orr.w	r3, r3, #16
 80052ec:	6543      	str	r3, [r0, #84]	@ 0x54
 80052ee:	6d83      	ldr	r3, [r0, #88]	@ 0x58
 80052f0:	f043 0301 	orr.w	r3, r3, #1
 80052f4:	6583      	str	r3, [r0, #88]	@ 0x58
 80052f6:	2001      	movs	r0, #1
 80052f8:	e02d      	b.n	8005356 <ADC_Enable+0xba>
 80052fa:	9b01      	ldr	r3, [sp, #4]
 80052fc:	3b01      	subs	r3, #1
 80052fe:	9301      	str	r3, [sp, #4]
 8005300:	9b01      	ldr	r3, [sp, #4]
 8005302:	2b00      	cmp	r3, #0
 8005304:	d1f9      	bne.n	80052fa <ADC_Enable+0x5e>
 8005306:	f7ff fc17 	bl	8004b38 <HAL_GetTick>
 800530a:	4605      	mov	r5, r0
 800530c:	e004      	b.n	8005318 <ADC_Enable+0x7c>
 800530e:	f7ff fc13 	bl	8004b38 <HAL_GetTick>
 8005312:	1b43      	subs	r3, r0, r5
 8005314:	2b02      	cmp	r3, #2
 8005316:	d811      	bhi.n	800533c <ADC_Enable+0xa0>
 8005318:	6823      	ldr	r3, [r4, #0]
 800531a:	681a      	ldr	r2, [r3, #0]
 800531c:	f012 0f01 	tst.w	r2, #1
 8005320:	d116      	bne.n	8005350 <ADC_Enable+0xb4>
 8005322:	689a      	ldr	r2, [r3, #8]
 8005324:	f012 0f01 	tst.w	r2, #1
 8005328:	d1f1      	bne.n	800530e <ADC_Enable+0x72>
 800532a:	689a      	ldr	r2, [r3, #8]
 800532c:	f022 4200 	bic.w	r2, r2, #2147483648	@ 0x80000000
 8005330:	f022 023f 	bic.w	r2, r2, #63	@ 0x3f
 8005334:	f042 0201 	orr.w	r2, r2, #1
 8005338:	609a      	str	r2, [r3, #8]
 800533a:	e7e8      	b.n	800530e <ADC_Enable+0x72>
 800533c:	6d63      	ldr	r3, [r4, #84]	@ 0x54
 800533e:	f043 0310 	orr.w	r3, r3, #16
 8005342:	6563      	str	r3, [r4, #84]	@ 0x54
 8005344:	6da3      	ldr	r3, [r4, #88]	@ 0x58
 8005346:	f043 0301 	orr.w	r3, r3, #1
 800534a:	65a3      	str	r3, [r4, #88]	@ 0x58
 800534c:	2001      	movs	r0, #1
 800534e:	e002      	b.n	8005356 <ADC_Enable+0xba>
 8005350:	2000      	movs	r0, #0
 8005352:	e000      	b.n	8005356 <ADC_Enable+0xba>
 8005354:	2000      	movs	r0, #0
 8005356:	b003      	add	sp, #12
 8005358:	bd30      	pop	{r4, r5, pc}
 800535a:	bf00      	nop
 800535c:	8000003f 	.word	0x8000003f
 8005360:	50040300 	.word	0x50040300
 8005364:	20000080 	.word	0x20000080
 8005368:	053e2d63 	.word	0x053e2d63

0800536c <HAL_ADC_Start>:
 800536c:	6803      	ldr	r3, [r0, #0]
 800536e:	689b      	ldr	r3, [r3, #8]
 8005370:	f013 0f04 	tst.w	r3, #4
 8005374:	d132      	bne.n	80053dc <HAL_ADC_Start+0x70>
 8005376:	b510      	push	{r4, lr}
 8005378:	4604      	mov	r4, r0
 800537a:	f890 3050 	ldrb.w	r3, [r0, #80]	@ 0x50
 800537e:	2b01      	cmp	r3, #1
 8005380:	d02e      	beq.n	80053e0 <HAL_ADC_Start+0x74>
 8005382:	2301      	movs	r3, #1
 8005384:	f880 3050 	strb.w	r3, [r0, #80]	@ 0x50
 8005388:	f7ff ff88 	bl	800529c <ADC_Enable>
 800538c:	bb10      	cbnz	r0, 80053d4 <HAL_ADC_Start+0x68>
 800538e:	6d63      	ldr	r3, [r4, #84]	@ 0x54
 8005390:	f423 6370 	bic.w	r3, r3, #3840	@ 0xf00
 8005394:	f023 0301 	bic.w	r3, r3, #1
 8005398:	f443 7380 	orr.w	r3, r3, #256	@ 0x100
 800539c:	6563      	str	r3, [r4, #84]	@ 0x54
 800539e:	6d63      	ldr	r3, [r4, #84]	@ 0x54
 80053a0:	f413 5f80 	tst.w	r3, #4096	@ 0x1000
 80053a4:	d013      	beq.n	80053ce <HAL_ADC_Start+0x62>
 80053a6:	6da3      	ldr	r3, [r4, #88]	@ 0x58
 80053a8:	f023 0306 	bic.w	r3, r3, #6
 80053ac:	65a3      	str	r3, [r4, #88]	@ 0x58
 80053ae:	6823      	ldr	r3, [r4, #0]
 80053b0:	221c      	movs	r2, #28
 80053b2:	601a      	str	r2, [r3, #0]
 80053b4:	2300      	movs	r3, #0
 80053b6:	f884 3050 	strb.w	r3, [r4, #80]	@ 0x50
 80053ba:	6822      	ldr	r2, [r4, #0]
 80053bc:	6893      	ldr	r3, [r2, #8]
 80053be:	f023 4300 	bic.w	r3, r3, #2147483648	@ 0x80000000
 80053c2:	f023 033f 	bic.w	r3, r3, #63	@ 0x3f
 80053c6:	f043 0304 	orr.w	r3, r3, #4
 80053ca:	6093      	str	r3, [r2, #8]
 80053cc:	bd10      	pop	{r4, pc}
 80053ce:	2300      	movs	r3, #0
 80053d0:	65a3      	str	r3, [r4, #88]	@ 0x58
 80053d2:	e7ec      	b.n	80053ae <HAL_ADC_Start+0x42>
 80053d4:	2300      	movs	r3, #0
 80053d6:	f884 3050 	strb.w	r3, [r4, #80]	@ 0x50
 80053da:	e7f7      	b.n	80053cc <HAL_ADC_Start+0x60>
 80053dc:	2002      	movs	r0, #2
 80053de:	4770      	bx	lr
 80053e0:	2002      	movs	r0, #2
 80053e2:	e7f3      	b.n	80053cc <HAL_ADC_Start+0x60>

080053e4 <ADC_Disable>:
 80053e4:	b538      	push	{r3, r4, r5, lr}
 80053e6:	4604      	mov	r4, r0
 80053e8:	6802      	ldr	r2, [r0, #0]
 80053ea:	6893      	ldr	r3, [r2, #8]
 80053ec:	f013 0302 	ands.w	r3, r3, #2
 80053f0:	d000      	beq.n	80053f4 <ADC_Disable+0x10>
 80053f2:	2301      	movs	r3, #1
 80053f4:	6891      	ldr	r1, [r2, #8]
 80053f6:	f011 0f01 	tst.w	r1, #1
 80053fa:	d039      	beq.n	8005470 <ADC_Disable+0x8c>
 80053fc:	2b00      	cmp	r3, #0
 80053fe:	d139      	bne.n	8005474 <ADC_Disable+0x90>
 8005400:	6893      	ldr	r3, [r2, #8]
 8005402:	f003 030d 	and.w	r3, r3, #13
 8005406:	2b01      	cmp	r3, #1
 8005408:	d009      	beq.n	800541e <ADC_Disable+0x3a>
 800540a:	6d63      	ldr	r3, [r4, #84]	@ 0x54
 800540c:	f043 0310 	orr.w	r3, r3, #16
 8005410:	6563      	str	r3, [r4, #84]	@ 0x54
 8005412:	6da3      	ldr	r3, [r4, #88]	@ 0x58
 8005414:	f043 0301 	orr.w	r3, r3, #1
 8005418:	65a3      	str	r3, [r4, #88]	@ 0x58
 800541a:	2001      	movs	r0, #1
 800541c:	e029      	b.n	8005472 <ADC_Disable+0x8e>
 800541e:	6893      	ldr	r3, [r2, #8]
 8005420:	f023 4300 	bic.w	r3, r3, #2147483648	@ 0x80000000
 8005424:	f023 033f 	bic.w	r3, r3, #63	@ 0x3f
 8005428:	f043 0302 	orr.w	r3, r3, #2
 800542c:	6093      	str	r3, [r2, #8]
 800542e:	6823      	ldr	r3, [r4, #0]
 8005430:	2203      	movs	r2, #3
 8005432:	601a      	str	r2, [r3, #0]
 8005434:	f7ff fb80 	bl	8004b38 <HAL_GetTick>
 8005438:	4605      	mov	r5, r0
 800543a:	6823      	ldr	r3, [r4, #0]
 800543c:	689b      	ldr	r3, [r3, #8]
 800543e:	f013 0f01 	tst.w	r3, #1
 8005442:	d013      	beq.n	800546c <ADC_Disable+0x88>
 8005444:	f7ff fb78 	bl	8004b38 <HAL_GetTick>
 8005448:	1b40      	subs	r0, r0, r5
 800544a:	2802      	cmp	r0, #2
 800544c:	d9f5      	bls.n	800543a <ADC_Disable+0x56>
 800544e:	6823      	ldr	r3, [r4, #0]
 8005450:	689b      	ldr	r3, [r3, #8]
 8005452:	f013 0f01 	tst.w	r3, #1
 8005456:	d0f0      	beq.n	800543a <ADC_Disable+0x56>
 8005458:	6d63      	ldr	r3, [r4, #84]	@ 0x54
 800545a:	f043 0310 	orr.w	r3, r3, #16
 800545e:	6563      	str	r3, [r4, #84]	@ 0x54
 8005460:	6da3      	ldr	r3, [r4, #88]	@ 0x58
 8005462:	f043 0301 	orr.w	r3, r3, #1
 8005466:	65a3      	str	r3, [r4, #88]	@ 0x58
 8005468:	2001      	movs	r0, #1
 800546a:	e002      	b.n	8005472 <ADC_Disable+0x8e>
 800546c:	2000      	movs	r0, #0
 800546e:	e000      	b.n	8005472 <ADC_Disable+0x8e>
 8005470:	2000      	movs	r0, #0
 8005472:	bd38      	pop	{r3, r4, r5, pc}
 8005474:	2000      	movs	r0, #0
 8005476:	e7fc      	b.n	8005472 <ADC_Disable+0x8e>

08005478 <HAL_ADCEx_Calibration_Start>:
 8005478:	b530      	push	{r4, r5, lr}
 800547a:	b083      	sub	sp, #12
 800547c:	2300      	movs	r3, #0
 800547e:	9301      	str	r3, [sp, #4]
 8005480:	f890 3050 	ldrb.w	r3, [r0, #80]	@ 0x50
 8005484:	2b01      	cmp	r3, #1
 8005486:	d041      	beq.n	800550c <HAL_ADCEx_Calibration_Start+0x94>
 8005488:	4604      	mov	r4, r0
 800548a:	460d      	mov	r5, r1
 800548c:	2301      	movs	r3, #1
 800548e:	f880 3050 	strb.w	r3, [r0, #80]	@ 0x50
 8005492:	f7ff ffa7 	bl	80053e4 <ADC_Disable>
 8005496:	bb80      	cbnz	r0, 80054fa <HAL_ADCEx_Calibration_Start+0x82>
 8005498:	6d63      	ldr	r3, [r4, #84]	@ 0x54
 800549a:	f423 5388 	bic.w	r3, r3, #4352	@ 0x1100
 800549e:	f023 0302 	bic.w	r3, r3, #2
 80054a2:	f043 0302 	orr.w	r3, r3, #2
 80054a6:	6563      	str	r3, [r4, #84]	@ 0x54
 80054a8:	6821      	ldr	r1, [r4, #0]
 80054aa:	688b      	ldr	r3, [r1, #8]
 80054ac:	f023 4340 	bic.w	r3, r3, #3221225472	@ 0xc0000000
 80054b0:	f023 033f 	bic.w	r3, r3, #63	@ 0x3f
 80054b4:	f005 4280 	and.w	r2, r5, #1073741824	@ 0x40000000
 80054b8:	4313      	orrs	r3, r2
 80054ba:	f043 4300 	orr.w	r3, r3, #2147483648	@ 0x80000000
 80054be:	608b      	str	r3, [r1, #8]
 80054c0:	6823      	ldr	r3, [r4, #0]
 80054c2:	689b      	ldr	r3, [r3, #8]
 80054c4:	2b00      	cmp	r3, #0
 80054c6:	db06      	blt.n	80054d6 <HAL_ADCEx_Calibration_Start+0x5e>
 80054c8:	6d63      	ldr	r3, [r4, #84]	@ 0x54
 80054ca:	f023 0303 	bic.w	r3, r3, #3
 80054ce:	f043 0301 	orr.w	r3, r3, #1
 80054d2:	6563      	str	r3, [r4, #84]	@ 0x54
 80054d4:	e015      	b.n	8005502 <HAL_ADCEx_Calibration_Start+0x8a>
 80054d6:	9b01      	ldr	r3, [sp, #4]
 80054d8:	3301      	adds	r3, #1
 80054da:	9301      	str	r3, [sp, #4]
 80054dc:	9a01      	ldr	r2, [sp, #4]
 80054de:	4b0c      	ldr	r3, [pc, #48]	@ (8005510 <HAL_ADCEx_Calibration_Start+0x98>)
 80054e0:	429a      	cmp	r2, r3
 80054e2:	d9ed      	bls.n	80054c0 <HAL_ADCEx_Calibration_Start+0x48>
 80054e4:	6d63      	ldr	r3, [r4, #84]	@ 0x54
 80054e6:	f023 0312 	bic.w	r3, r3, #18
 80054ea:	f043 0310 	orr.w	r3, r3, #16
 80054ee:	6563      	str	r3, [r4, #84]	@ 0x54
 80054f0:	2300      	movs	r3, #0
 80054f2:	f884 3050 	strb.w	r3, [r4, #80]	@ 0x50
 80054f6:	2001      	movs	r0, #1
 80054f8:	e006      	b.n	8005508 <HAL_ADCEx_Calibration_Start+0x90>
 80054fa:	6d63      	ldr	r3, [r4, #84]	@ 0x54
 80054fc:	f043 0310 	orr.w	r3, r3, #16
 8005500:	6563      	str	r3, [r4, #84]	@ 0x54
 8005502:	2300      	movs	r3, #0
 8005504:	f884 3050 	strb.w	r3, [r4, #80]	@ 0x50
 8005508:	b003      	add	sp, #12
 800550a:	bd30      	pop	{r4, r5, pc}
 800550c:	2002      	movs	r0, #2
 800550e:	e7fb      	b.n	8005508 <HAL_ADCEx_Calibration_Start+0x90>
 8005510:	00026aaa 	.word	0x00026aaa

08005514 <__NVIC_EnableIRQ>:
 8005514:	2800      	cmp	r0, #0
 8005516:	db07      	blt.n	8005528 <__NVIC_EnableIRQ+0x14>
 8005518:	f000 021f 	and.w	r2, r0, #31
 800551c:	0940      	lsrs	r0, r0, #5
 800551e:	2301      	movs	r3, #1
 8005520:	4093      	lsls	r3, r2
 8005522:	4a02      	ldr	r2, [pc, #8]	@ (800552c <__NVIC_EnableIRQ+0x18>)
 8005524:	f842 3020 	str.w	r3, [r2, r0, lsl #2]
 8005528:	4770      	bx	lr
 800552a:	bf00      	nop
 800552c:	e000e100 	.word	0xe000e100

08005530 <__NVIC_DisableIRQ>:
 8005530:	2800      	cmp	r0, #0
 8005532:	db0c      	blt.n	800554e <__NVIC_DisableIRQ+0x1e>
 8005534:	f000 021f 	and.w	r2, r0, #31
 8005538:	0940      	lsrs	r0, r0, #5
 800553a:	2301      	movs	r3, #1
 800553c:	4093      	lsls	r3, r2
 800553e:	3020      	adds	r0, #32
 8005540:	4a03      	ldr	r2, [pc, #12]	@ (8005550 <__NVIC_DisableIRQ+0x20>)
 8005542:	f842 3020 	str.w	r3, [r2, r0, lsl #2]
 8005546:	f3bf 8f4f 	dsb	sy
 800554a:	f3bf 8f6f 	isb	sy
 800554e:	4770      	bx	lr
 8005550:	e000e100 	.word	0xe000e100

08005554 <__NVIC_SetPriority>:
 8005554:	2800      	cmp	r0, #0
 8005556:	db08      	blt.n	800556a <__NVIC_SetPriority+0x16>
 8005558:	0109      	lsls	r1, r1, #4
 800555a:	b2c9      	uxtb	r1, r1
 800555c:	f100 4060 	add.w	r0, r0, #3758096384	@ 0xe0000000
 8005560:	f500 4061 	add.w	r0, r0, #57600	@ 0xe100
 8005564:	f880 1300 	strb.w	r1, [r0, #768]	@ 0x300
 8005568:	4770      	bx	lr
 800556a:	f000 000f 	and.w	r0, r0, #15
 800556e:	0109      	lsls	r1, r1, #4
 8005570:	b2c9      	uxtb	r1, r1
 8005572:	4b01      	ldr	r3, [pc, #4]	@ (8005578 <__NVIC_SetPriority+0x24>)
 8005574:	5419      	strb	r1, [r3, r0]
 8005576:	4770      	bx	lr
 8005578:	e000ed14 	.word	0xe000ed14

0800557c <NVIC_EncodePriority>:
 800557c:	b500      	push	{lr}
 800557e:	f000 0007 	and.w	r0, r0, #7
 8005582:	f1a0 0c03 	sub.w	ip, r0, #3
 8005586:	f1bc 0f04 	cmp.w	ip, #4
 800558a:	d807      	bhi.n	800559c <NVIC_EncodePriority+0x20>
 800558c:	f1c0 0e07 	rsb	lr, r0, #7
 8005590:	3004      	adds	r0, #4
 8005592:	2806      	cmp	r0, #6
 8005594:	d806      	bhi.n	80055a4 <NVIC_EncodePriority+0x28>
 8005596:	f04f 0c00 	mov.w	ip, #0
 800559a:	e003      	b.n	80055a4 <NVIC_EncodePriority+0x28>
 800559c:	f04f 0e04 	mov.w	lr, #4
 80055a0:	f04f 0c00 	mov.w	ip, #0
 80055a4:	f04f 33ff 	mov.w	r3, #4294967295
 80055a8:	fa03 f00e 	lsl.w	r0, r3, lr
 80055ac:	ea21 0100 	bic.w	r1, r1, r0
 80055b0:	fa01 f10c 	lsl.w	r1, r1, ip
 80055b4:	fa03 f30c 	lsl.w	r3, r3, ip
 80055b8:	ea22 0203 	bic.w	r2, r2, r3
 80055bc:	ea41 0002 	orr.w	r0, r1, r2
 80055c0:	bd00      	pop	{pc}
	...

080055c4 <HAL_NVIC_SetPriorityGrouping>:
 80055c4:	4a07      	ldr	r2, [pc, #28]	@ (80055e4 <HAL_NVIC_SetPriorityGrouping+0x20>)
 80055c6:	68d3      	ldr	r3, [r2, #12]
 80055c8:	f423 63e0 	bic.w	r3, r3, #1792	@ 0x700
 80055cc:	041b      	lsls	r3, r3, #16
 80055ce:	0c1b      	lsrs	r3, r3, #16
 80055d0:	0200      	lsls	r0, r0, #8
 80055d2:	f400 60e0 	and.w	r0, r0, #1792	@ 0x700
 80055d6:	4303      	orrs	r3, r0
 80055d8:	f043 63bf 	orr.w	r3, r3, #100139008	@ 0x5f80000
 80055dc:	f443 3300 	orr.w	r3, r3, #131072	@ 0x20000
 80055e0:	60d3      	str	r3, [r2, #12]
 80055e2:	4770      	bx	lr
 80055e4:	e000ed00 	.word	0xe000ed00

080055e8 <HAL_NVIC_SetPriority>:
 80055e8:	b510      	push	{r4, lr}
 80055ea:	4604      	mov	r4, r0
 80055ec:	4b05      	ldr	r3, [pc, #20]	@ (8005604 <HAL_NVIC_SetPriority+0x1c>)
 80055ee:	68d8      	ldr	r0, [r3, #12]
 80055f0:	f3c0 2002 	ubfx	r0, r0, #8, #3
 80055f4:	f7ff ffc2 	bl	800557c <NVIC_EncodePriority>
 80055f8:	4601      	mov	r1, r0
 80055fa:	4620      	mov	r0, r4
 80055fc:	f7ff ffaa 	bl	8005554 <__NVIC_SetPriority>
 8005600:	bd10      	pop	{r4, pc}
 8005602:	bf00      	nop
 8005604:	e000ed00 	.word	0xe000ed00

08005608 <HAL_NVIC_EnableIRQ>:
 8005608:	b508      	push	{r3, lr}
 800560a:	f7ff ff83 	bl	8005514 <__NVIC_EnableIRQ>
 800560e:	bd08      	pop	{r3, pc}

08005610 <HAL_NVIC_DisableIRQ>:
 8005610:	b508      	push	{r3, lr}
 8005612:	f7ff ff8d 	bl	8005530 <__NVIC_DisableIRQ>
 8005616:	bd08      	pop	{r3, pc}

08005618 <HAL_SYSTICK_Config>:
 8005618:	3801      	subs	r0, #1
 800561a:	f1b0 7f80 	cmp.w	r0, #16777216	@ 0x1000000
 800561e:	d20b      	bcs.n	8005638 <HAL_SYSTICK_Config+0x20>
 8005620:	f04f 23e0 	mov.w	r3, #3758153728	@ 0xe000e000
 8005624:	6158      	str	r0, [r3, #20]
 8005626:	4a05      	ldr	r2, [pc, #20]	@ (800563c <HAL_SYSTICK_Config+0x24>)
 8005628:	21f0      	movs	r1, #240	@ 0xf0
 800562a:	f882 1023 	strb.w	r1, [r2, #35]	@ 0x23
 800562e:	2000      	movs	r0, #0
 8005630:	6198      	str	r0, [r3, #24]
 8005632:	2207      	movs	r2, #7
 8005634:	611a      	str	r2, [r3, #16]
 8005636:	4770      	bx	lr
 8005638:	2001      	movs	r0, #1
 800563a:	4770      	bx	lr
 800563c:	e000ed00 	.word	0xe000ed00

08005640 <HAL_NVIC_SetPendingIRQ>:
 8005640:	2800      	cmp	r0, #0
 8005642:	db08      	blt.n	8005656 <HAL_NVIC_SetPendingIRQ+0x16>
 8005644:	f000 021f 	and.w	r2, r0, #31
 8005648:	0940      	lsrs	r0, r0, #5
 800564a:	2301      	movs	r3, #1
 800564c:	4093      	lsls	r3, r2
 800564e:	3040      	adds	r0, #64	@ 0x40
 8005650:	4a01      	ldr	r2, [pc, #4]	@ (8005658 <HAL_NVIC_SetPendingIRQ+0x18>)
 8005652:	f842 3020 	str.w	r3, [r2, r0, lsl #2]
 8005656:	4770      	bx	lr
 8005658:	e000e100 	.word	0xe000e100

0800565c <HAL_NVIC_ClearPendingIRQ>:
 800565c:	2800      	cmp	r0, #0
 800565e:	db08      	blt.n	8005672 <HAL_NVIC_ClearPendingIRQ+0x16>
 8005660:	f000 021f 	and.w	r2, r0, #31
 8005664:	0940      	lsrs	r0, r0, #5
 8005666:	2301      	movs	r3, #1
 8005668:	4093      	lsls	r3, r2
 800566a:	3060      	adds	r0, #96	@ 0x60
 800566c:	4a01      	ldr	r2, [pc, #4]	@ (8005674 <HAL_NVIC_ClearPendingIRQ+0x18>)
 800566e:	f842 3020 	str.w	r3, [r2, r0, lsl #2]
 8005672:	4770      	bx	lr
 8005674:	e000e100 	.word	0xe000e100

08005678 <HAL_GPIO_Init>:
 8005678:	b570      	push	{r4, r5, r6, lr}
 800567a:	4686      	mov	lr, r0
 800567c:	2300      	movs	r3, #0
 800567e:	e067      	b.n	8005750 <HAL_GPIO_Init+0xd8>
 8005680:	f8de 4008 	ldr.w	r4, [lr, #8]
 8005684:	005d      	lsls	r5, r3, #1
 8005686:	2003      	movs	r0, #3
 8005688:	40a8      	lsls	r0, r5
 800568a:	ea24 0400 	bic.w	r4, r4, r0
 800568e:	68c8      	ldr	r0, [r1, #12]
 8005690:	40a8      	lsls	r0, r5
 8005692:	4320      	orrs	r0, r4
 8005694:	f8ce 0008 	str.w	r0, [lr, #8]
 8005698:	f8de 4004 	ldr.w	r4, [lr, #4]
 800569c:	ea24 040c 	bic.w	r4, r4, ip
 80056a0:	6848      	ldr	r0, [r1, #4]
 80056a2:	f3c0 1000 	ubfx	r0, r0, #4, #1
 80056a6:	4098      	lsls	r0, r3
 80056a8:	4320      	orrs	r0, r4
 80056aa:	f8ce 0004 	str.w	r0, [lr, #4]
 80056ae:	e060      	b.n	8005772 <HAL_GPIO_Init+0xfa>
 80056b0:	08dc      	lsrs	r4, r3, #3
 80056b2:	3408      	adds	r4, #8
 80056b4:	f85e 0024 	ldr.w	r0, [lr, r4, lsl #2]
 80056b8:	f003 0507 	and.w	r5, r3, #7
 80056bc:	00ad      	lsls	r5, r5, #2
 80056be:	f04f 0c0f 	mov.w	ip, #15
 80056c2:	fa0c fc05 	lsl.w	ip, ip, r5
 80056c6:	ea20 0c0c 	bic.w	ip, r0, ip
 80056ca:	6908      	ldr	r0, [r1, #16]
 80056cc:	40a8      	lsls	r0, r5
 80056ce:	ea40 000c 	orr.w	r0, r0, ip
 80056d2:	f84e 0024 	str.w	r0, [lr, r4, lsl #2]
 80056d6:	e062      	b.n	800579e <HAL_GPIO_Init+0x126>
 80056d8:	2004      	movs	r0, #4
 80056da:	e000      	b.n	80056de <HAL_GPIO_Init+0x66>
 80056dc:	2000      	movs	r0, #0
 80056de:	fa00 f00c 	lsl.w	r0, r0, ip
 80056e2:	4328      	orrs	r0, r5
 80056e4:	3402      	adds	r4, #2
 80056e6:	4d4e      	ldr	r5, [pc, #312]	@ (8005820 <HAL_GPIO_Init+0x1a8>)
 80056e8:	f845 0024 	str.w	r0, [r5, r4, lsl #2]
 80056ec:	484d      	ldr	r0, [pc, #308]	@ (8005824 <HAL_GPIO_Init+0x1ac>)
 80056ee:	6804      	ldr	r4, [r0, #0]
 80056f0:	43d0      	mvns	r0, r2
 80056f2:	ea24 0502 	bic.w	r5, r4, r2
 80056f6:	684e      	ldr	r6, [r1, #4]
 80056f8:	f416 1f80 	tst.w	r6, #1048576	@ 0x100000
 80056fc:	d001      	beq.n	8005702 <HAL_GPIO_Init+0x8a>
 80056fe:	ea42 0504 	orr.w	r5, r2, r4
 8005702:	4c48      	ldr	r4, [pc, #288]	@ (8005824 <HAL_GPIO_Init+0x1ac>)
 8005704:	6025      	str	r5, [r4, #0]
 8005706:	6864      	ldr	r4, [r4, #4]
 8005708:	ea00 0504 	and.w	r5, r0, r4
 800570c:	684e      	ldr	r6, [r1, #4]
 800570e:	f416 1f00 	tst.w	r6, #2097152	@ 0x200000
 8005712:	d001      	beq.n	8005718 <HAL_GPIO_Init+0xa0>
 8005714:	ea42 0504 	orr.w	r5, r2, r4
 8005718:	4c42      	ldr	r4, [pc, #264]	@ (8005824 <HAL_GPIO_Init+0x1ac>)
 800571a:	6065      	str	r5, [r4, #4]
 800571c:	f8d4 4080 	ldr.w	r4, [r4, #128]	@ 0x80
 8005720:	ea00 0504 	and.w	r5, r0, r4
 8005724:	684e      	ldr	r6, [r1, #4]
 8005726:	f416 3f80 	tst.w	r6, #65536	@ 0x10000
 800572a:	d001      	beq.n	8005730 <HAL_GPIO_Init+0xb8>
 800572c:	ea42 0504 	orr.w	r5, r2, r4
 8005730:	4c3c      	ldr	r4, [pc, #240]	@ (8005824 <HAL_GPIO_Init+0x1ac>)
 8005732:	f8c4 5080 	str.w	r5, [r4, #128]	@ 0x80
 8005736:	f8d4 4084 	ldr.w	r4, [r4, #132]	@ 0x84
 800573a:	4020      	ands	r0, r4
 800573c:	684d      	ldr	r5, [r1, #4]
 800573e:	f415 3f00 	tst.w	r5, #131072	@ 0x20000
 8005742:	d001      	beq.n	8005748 <HAL_GPIO_Init+0xd0>
 8005744:	ea42 0004 	orr.w	r0, r2, r4
 8005748:	4a36      	ldr	r2, [pc, #216]	@ (8005824 <HAL_GPIO_Init+0x1ac>)
 800574a:	f8c2 0084 	str.w	r0, [r2, #132]	@ 0x84
 800574e:	3301      	adds	r3, #1
 8005750:	680a      	ldr	r2, [r1, #0]
 8005752:	fa32 f003 	lsrs.w	r0, r2, r3
 8005756:	d061      	beq.n	800581c <HAL_GPIO_Init+0x1a4>
 8005758:	f04f 0c01 	mov.w	ip, #1
 800575c:	fa0c fc03 	lsl.w	ip, ip, r3
 8005760:	ea1c 0202 	ands.w	r2, ip, r2
 8005764:	d0f3      	beq.n	800574e <HAL_GPIO_Init+0xd6>
 8005766:	6848      	ldr	r0, [r1, #4]
 8005768:	f000 0003 	and.w	r0, r0, #3
 800576c:	3801      	subs	r0, #1
 800576e:	2801      	cmp	r0, #1
 8005770:	d986      	bls.n	8005680 <HAL_GPIO_Init+0x8>
 8005772:	6848      	ldr	r0, [r1, #4]
 8005774:	f000 0003 	and.w	r0, r0, #3
 8005778:	2803      	cmp	r0, #3
 800577a:	d00b      	beq.n	8005794 <HAL_GPIO_Init+0x11c>
 800577c:	f8de 400c 	ldr.w	r4, [lr, #12]
 8005780:	005d      	lsls	r5, r3, #1
 8005782:	2003      	movs	r0, #3
 8005784:	40a8      	lsls	r0, r5
 8005786:	ea24 0400 	bic.w	r4, r4, r0
 800578a:	6888      	ldr	r0, [r1, #8]
 800578c:	40a8      	lsls	r0, r5
 800578e:	4320      	orrs	r0, r4
 8005790:	f8ce 000c 	str.w	r0, [lr, #12]
 8005794:	6848      	ldr	r0, [r1, #4]
 8005796:	f000 0003 	and.w	r0, r0, #3
 800579a:	2802      	cmp	r0, #2
 800579c:	d088      	beq.n	80056b0 <HAL_GPIO_Init+0x38>
 800579e:	f8de 0000 	ldr.w	r0, [lr]
 80057a2:	005c      	lsls	r4, r3, #1
 80057a4:	f04f 0c03 	mov.w	ip, #3
 80057a8:	fa0c fc04 	lsl.w	ip, ip, r4
 80057ac:	ea20 0c0c 	bic.w	ip, r0, ip
 80057b0:	6848      	ldr	r0, [r1, #4]
 80057b2:	f000 0003 	and.w	r0, r0, #3
 80057b6:	40a0      	lsls	r0, r4
 80057b8:	ea40 000c 	orr.w	r0, r0, ip
 80057bc:	f8ce 0000 	str.w	r0, [lr]
 80057c0:	6848      	ldr	r0, [r1, #4]
 80057c2:	f410 3f40 	tst.w	r0, #196608	@ 0x30000
 80057c6:	d0c2      	beq.n	800574e <HAL_GPIO_Init+0xd6>
 80057c8:	089c      	lsrs	r4, r3, #2
 80057ca:	1ca5      	adds	r5, r4, #2
 80057cc:	4814      	ldr	r0, [pc, #80]	@ (8005820 <HAL_GPIO_Init+0x1a8>)
 80057ce:	f850 5025 	ldr.w	r5, [r0, r5, lsl #2]
 80057d2:	f003 0c03 	and.w	ip, r3, #3
 80057d6:	ea4f 0c8c 	mov.w	ip, ip, lsl #2
 80057da:	200f      	movs	r0, #15
 80057dc:	fa00 f00c 	lsl.w	r0, r0, ip
 80057e0:	ea25 0500 	bic.w	r5, r5, r0
 80057e4:	f1be 4f90 	cmp.w	lr, #1207959552	@ 0x48000000
 80057e8:	f43f af78 	beq.w	80056dc <HAL_GPIO_Init+0x64>
 80057ec:	480e      	ldr	r0, [pc, #56]	@ (8005828 <HAL_GPIO_Init+0x1b0>)
 80057ee:	4586      	cmp	lr, r0
 80057f0:	d00e      	beq.n	8005810 <HAL_GPIO_Init+0x198>
 80057f2:	f500 6080 	add.w	r0, r0, #1024	@ 0x400
 80057f6:	4586      	cmp	lr, r0
 80057f8:	d00c      	beq.n	8005814 <HAL_GPIO_Init+0x19c>
 80057fa:	f500 6080 	add.w	r0, r0, #1024	@ 0x400
 80057fe:	4586      	cmp	lr, r0
 8005800:	d00a      	beq.n	8005818 <HAL_GPIO_Init+0x1a0>
 8005802:	f500 6080 	add.w	r0, r0, #1024	@ 0x400
 8005806:	4586      	cmp	lr, r0
 8005808:	f43f af66 	beq.w	80056d8 <HAL_GPIO_Init+0x60>
 800580c:	2007      	movs	r0, #7
 800580e:	e766      	b.n	80056de <HAL_GPIO_Init+0x66>
 8005810:	2001      	movs	r0, #1
 8005812:	e764      	b.n	80056de <HAL_GPIO_Init+0x66>
 8005814:	2002      	movs	r0, #2
 8005816:	e762      	b.n	80056de <HAL_GPIO_Init+0x66>
 8005818:	2003      	movs	r0, #3
 800581a:	e760      	b.n	80056de <HAL_GPIO_Init+0x66>
 800581c:	bd70      	pop	{r4, r5, r6, pc}
 800581e:	bf00      	nop
 8005820:	40010000 	.word	0x40010000
 8005824:	58000800 	.word	0x58000800
 8005828:	48000400 	.word	0x48000400

0800582c <HAL_GPIO_WritePin>:
 800582c:	b10a      	cbz	r2, 8005832 <HAL_GPIO_WritePin+0x6>
 800582e:	6181      	str	r1, [r0, #24]
 8005830:	4770      	bx	lr
 8005832:	6281      	str	r1, [r0, #40]	@ 0x28
 8005834:	4770      	bx	lr

08005836 <HAL_HSEM_FreeCallback>:
 8005836:	4770      	bx	lr

08005838 <HAL_HSEM_IRQHandler>:
 8005838:	b508      	push	{r3, lr}
 800583a:	4b05      	ldr	r3, [pc, #20]	@ (8005850 <HAL_HSEM_IRQHandler+0x18>)
 800583c:	68d8      	ldr	r0, [r3, #12]
 800583e:	681a      	ldr	r2, [r3, #0]
 8005840:	ea22 0200 	bic.w	r2, r2, r0
 8005844:	601a      	str	r2, [r3, #0]
 8005846:	6058      	str	r0, [r3, #4]
 8005848:	f7ff fff5 	bl	8005836 <HAL_HSEM_FreeCallback>
 800584c:	bd08      	pop	{r3, pc}
 800584e:	bf00      	nop
 8005850:	58001500 	.word	0x58001500

08005854 <HAL_I2C_Init>:
 8005854:	2800      	cmp	r0, #0
 8005856:	d05f      	beq.n	8005918 <HAL_I2C_Init+0xc4>
 8005858:	b510      	push	{r4, lr}
 800585a:	4604      	mov	r4, r0
 800585c:	f890 3041 	ldrb.w	r3, [r0, #65]	@ 0x41
 8005860:	2b00      	cmp	r3, #0
 8005862:	d048      	beq.n	80058f6 <HAL_I2C_Init+0xa2>
 8005864:	2324      	movs	r3, #36	@ 0x24
 8005866:	f884 3041 	strb.w	r3, [r4, #65]	@ 0x41
 800586a:	6822      	ldr	r2, [r4, #0]
 800586c:	6813      	ldr	r3, [r2, #0]
 800586e:	f023 0301 	bic.w	r3, r3, #1
 8005872:	6013      	str	r3, [r2, #0]
 8005874:	6863      	ldr	r3, [r4, #4]
 8005876:	6822      	ldr	r2, [r4, #0]
 8005878:	f023 6370 	bic.w	r3, r3, #251658240	@ 0xf000000
 800587c:	6113      	str	r3, [r2, #16]
 800587e:	6822      	ldr	r2, [r4, #0]
 8005880:	6893      	ldr	r3, [r2, #8]
 8005882:	f423 4300 	bic.w	r3, r3, #32768	@ 0x8000
 8005886:	6093      	str	r3, [r2, #8]
 8005888:	68e3      	ldr	r3, [r4, #12]
 800588a:	2b01      	cmp	r3, #1
 800588c:	d038      	beq.n	8005900 <HAL_I2C_Init+0xac>
 800588e:	68a3      	ldr	r3, [r4, #8]
 8005890:	6822      	ldr	r2, [r4, #0]
 8005892:	f443 4304 	orr.w	r3, r3, #33792	@ 0x8400
 8005896:	6093      	str	r3, [r2, #8]
 8005898:	68e3      	ldr	r3, [r4, #12]
 800589a:	2b02      	cmp	r3, #2
 800589c:	d036      	beq.n	800590c <HAL_I2C_Init+0xb8>
 800589e:	6822      	ldr	r2, [r4, #0]
 80058a0:	6853      	ldr	r3, [r2, #4]
 80058a2:	f423 6300 	bic.w	r3, r3, #2048	@ 0x800
 80058a6:	6053      	str	r3, [r2, #4]
 80058a8:	6822      	ldr	r2, [r4, #0]
 80058aa:	6853      	ldr	r3, [r2, #4]
 80058ac:	f043 7300 	orr.w	r3, r3, #33554432	@ 0x2000000
 80058b0:	f443 4300 	orr.w	r3, r3, #32768	@ 0x8000
 80058b4:	6053      	str	r3, [r2, #4]
 80058b6:	6822      	ldr	r2, [r4, #0]
 80058b8:	68d3      	ldr	r3, [r2, #12]
 80058ba:	f423 4300 	bic.w	r3, r3, #32768	@ 0x8000
 80058be:	60d3      	str	r3, [r2, #12]
 80058c0:	6923      	ldr	r3, [r4, #16]
 80058c2:	6962      	ldr	r2, [r4, #20]
 80058c4:	4313      	orrs	r3, r2
 80058c6:	69a1      	ldr	r1, [r4, #24]
 80058c8:	6822      	ldr	r2, [r4, #0]
 80058ca:	ea43 2301 	orr.w	r3, r3, r1, lsl #8
 80058ce:	60d3      	str	r3, [r2, #12]
 80058d0:	69e3      	ldr	r3, [r4, #28]
 80058d2:	6a21      	ldr	r1, [r4, #32]
 80058d4:	6822      	ldr	r2, [r4, #0]
 80058d6:	430b      	orrs	r3, r1
 80058d8:	6013      	str	r3, [r2, #0]
 80058da:	6822      	ldr	r2, [r4, #0]
 80058dc:	6813      	ldr	r3, [r2, #0]
 80058de:	f043 0301 	orr.w	r3, r3, #1
 80058e2:	6013      	str	r3, [r2, #0]
 80058e4:	2000      	movs	r0, #0
 80058e6:	6460      	str	r0, [r4, #68]	@ 0x44
 80058e8:	2320      	movs	r3, #32
 80058ea:	f884 3041 	strb.w	r3, [r4, #65]	@ 0x41
 80058ee:	6320      	str	r0, [r4, #48]	@ 0x30
 80058f0:	f884 0042 	strb.w	r0, [r4, #66]	@ 0x42
 80058f4:	bd10      	pop	{r4, pc}
 80058f6:	f880 3040 	strb.w	r3, [r0, #64]	@ 0x40
 80058fa:	f7fd f9b3 	bl	8002c64 <HAL_I2C_MspInit>
 80058fe:	e7b1      	b.n	8005864 <HAL_I2C_Init+0x10>
 8005900:	68a3      	ldr	r3, [r4, #8]
 8005902:	6822      	ldr	r2, [r4, #0]
 8005904:	f443 4300 	orr.w	r3, r3, #32768	@ 0x8000
 8005908:	6093      	str	r3, [r2, #8]
 800590a:	e7c5      	b.n	8005898 <HAL_I2C_Init+0x44>
 800590c:	6822      	ldr	r2, [r4, #0]
 800590e:	6853      	ldr	r3, [r2, #4]
 8005910:	f443 6300 	orr.w	r3, r3, #2048	@ 0x800
 8005914:	6053      	str	r3, [r2, #4]
 8005916:	e7c7      	b.n	80058a8 <HAL_I2C_Init+0x54>
 8005918:	2001      	movs	r0, #1
 800591a:	4770      	bx	lr

0800591c <HAL_I2CEx_ConfigAnalogFilter>:
 800591c:	4603      	mov	r3, r0
 800591e:	f890 2041 	ldrb.w	r2, [r0, #65]	@ 0x41
 8005922:	2a20      	cmp	r2, #32
 8005924:	d123      	bne.n	800596e <HAL_I2CEx_ConfigAnalogFilter+0x52>
 8005926:	f890 2040 	ldrb.w	r2, [r0, #64]	@ 0x40
 800592a:	2a01      	cmp	r2, #1
 800592c:	d021      	beq.n	8005972 <HAL_I2CEx_ConfigAnalogFilter+0x56>
 800592e:	2201      	movs	r2, #1
 8005930:	f880 2040 	strb.w	r2, [r0, #64]	@ 0x40
 8005934:	2224      	movs	r2, #36	@ 0x24
 8005936:	f880 2041 	strb.w	r2, [r0, #65]	@ 0x41
 800593a:	6800      	ldr	r0, [r0, #0]
 800593c:	6802      	ldr	r2, [r0, #0]
 800593e:	f022 0201 	bic.w	r2, r2, #1
 8005942:	6002      	str	r2, [r0, #0]
 8005944:	6818      	ldr	r0, [r3, #0]
 8005946:	6802      	ldr	r2, [r0, #0]
 8005948:	f422 5280 	bic.w	r2, r2, #4096	@ 0x1000
 800594c:	6002      	str	r2, [r0, #0]
 800594e:	6818      	ldr	r0, [r3, #0]
 8005950:	6802      	ldr	r2, [r0, #0]
 8005952:	430a      	orrs	r2, r1
 8005954:	6002      	str	r2, [r0, #0]
 8005956:	6819      	ldr	r1, [r3, #0]
 8005958:	680a      	ldr	r2, [r1, #0]
 800595a:	f042 0201 	orr.w	r2, r2, #1
 800595e:	600a      	str	r2, [r1, #0]
 8005960:	2220      	movs	r2, #32
 8005962:	f883 2041 	strb.w	r2, [r3, #65]	@ 0x41
 8005966:	2000      	movs	r0, #0
 8005968:	f883 0040 	strb.w	r0, [r3, #64]	@ 0x40
 800596c:	4770      	bx	lr
 800596e:	2002      	movs	r0, #2
 8005970:	4770      	bx	lr
 8005972:	2002      	movs	r0, #2
 8005974:	4770      	bx	lr

08005976 <HAL_I2CEx_ConfigDigitalFilter>:
 8005976:	4603      	mov	r3, r0
 8005978:	f890 2041 	ldrb.w	r2, [r0, #65]	@ 0x41
 800597c:	2a20      	cmp	r2, #32
 800597e:	d121      	bne.n	80059c4 <HAL_I2CEx_ConfigDigitalFilter+0x4e>
 8005980:	f890 2040 	ldrb.w	r2, [r0, #64]	@ 0x40
 8005984:	2a01      	cmp	r2, #1
 8005986:	d01f      	beq.n	80059c8 <HAL_I2CEx_ConfigDigitalFilter+0x52>
 8005988:	2201      	movs	r2, #1
 800598a:	f880 2040 	strb.w	r2, [r0, #64]	@ 0x40
 800598e:	2224      	movs	r2, #36	@ 0x24
 8005990:	f880 2041 	strb.w	r2, [r0, #65]	@ 0x41
 8005994:	6800      	ldr	r0, [r0, #0]
 8005996:	6802      	ldr	r2, [r0, #0]
 8005998:	f022 0201 	bic.w	r2, r2, #1
 800599c:	6002      	str	r2, [r0, #0]
 800599e:	6818      	ldr	r0, [r3, #0]
 80059a0:	6802      	ldr	r2, [r0, #0]
 80059a2:	f422 6270 	bic.w	r2, r2, #3840	@ 0xf00
 80059a6:	ea42 2201 	orr.w	r2, r2, r1, lsl #8
 80059aa:	6002      	str	r2, [r0, #0]
 80059ac:	6819      	ldr	r1, [r3, #0]
 80059ae:	680a      	ldr	r2, [r1, #0]
 80059b0:	f042 0201 	orr.w	r2, r2, #1
 80059b4:	600a      	str	r2, [r1, #0]
 80059b6:	2220      	movs	r2, #32
 80059b8:	f883 2041 	strb.w	r2, [r3, #65]	@ 0x41
 80059bc:	2000      	movs	r0, #0
 80059be:	f883 0040 	strb.w	r0, [r3, #64]	@ 0x40
 80059c2:	4770      	bx	lr
 80059c4:	2002      	movs	r0, #2
 80059c6:	4770      	bx	lr
 80059c8:	2002      	movs	r0, #2
 80059ca:	4770      	bx	lr

080059cc <HAL_IPCC_RxCallback>:
 80059cc:	4770      	bx	lr

080059ce <HAL_IPCC_TxCallback>:
 80059ce:	4770      	bx	lr

080059d0 <IPCC_SetDefaultCallbacks>:
 80059d0:	2300      	movs	r3, #0
 80059d2:	e009      	b.n	80059e8 <IPCC_SetDefaultCallbacks+0x18>
 80059d4:	eb00 0283 	add.w	r2, r0, r3, lsl #2
 80059d8:	4905      	ldr	r1, [pc, #20]	@ (80059f0 <IPCC_SetDefaultCallbacks+0x20>)
 80059da:	6051      	str	r1, [r2, #4]
 80059dc:	1d9a      	adds	r2, r3, #6
 80059de:	eb00 0282 	add.w	r2, r0, r2, lsl #2
 80059e2:	4904      	ldr	r1, [pc, #16]	@ (80059f4 <IPCC_SetDefaultCallbacks+0x24>)
 80059e4:	6051      	str	r1, [r2, #4]
 80059e6:	3301      	adds	r3, #1
 80059e8:	2b05      	cmp	r3, #5
 80059ea:	d9f3      	bls.n	80059d4 <IPCC_SetDefaultCallbacks+0x4>
 80059ec:	4770      	bx	lr
 80059ee:	bf00      	nop
 80059f0:	080059cd 	.word	0x080059cd
 80059f4:	080059cf 	.word	0x080059cf

080059f8 <IPCC_Reset_Register>:
 80059f8:	2300      	movs	r3, #0
 80059fa:	6003      	str	r3, [r0, #0]
 80059fc:	f04f 133f 	mov.w	r3, #4128831	@ 0x3f003f
 8005a00:	6043      	str	r3, [r0, #4]
 8005a02:	233f      	movs	r3, #63	@ 0x3f
 8005a04:	6083      	str	r3, [r0, #8]
 8005a06:	4770      	bx	lr

08005a08 <HAL_IPCC_Init>:
 8005a08:	b1c0      	cbz	r0, 8005a3c <HAL_IPCC_Init+0x34>
 8005a0a:	b538      	push	{r3, r4, r5, lr}
 8005a0c:	4604      	mov	r4, r0
 8005a0e:	f890 3038 	ldrb.w	r3, [r0, #56]	@ 0x38
 8005a12:	b183      	cbz	r3, 8005a36 <HAL_IPCC_Init+0x2e>
 8005a14:	4d0a      	ldr	r5, [pc, #40]	@ (8005a40 <HAL_IPCC_Init+0x38>)
 8005a16:	4628      	mov	r0, r5
 8005a18:	f7ff ffee 	bl	80059f8 <IPCC_Reset_Register>
 8005a1c:	682b      	ldr	r3, [r5, #0]
 8005a1e:	f043 1301 	orr.w	r3, r3, #65537	@ 0x10001
 8005a22:	602b      	str	r3, [r5, #0]
 8005a24:	4620      	mov	r0, r4
 8005a26:	f7ff ffd3 	bl	80059d0 <IPCC_SetDefaultCallbacks>
 8005a2a:	2000      	movs	r0, #0
 8005a2c:	6360      	str	r0, [r4, #52]	@ 0x34
 8005a2e:	2301      	movs	r3, #1
 8005a30:	f884 3038 	strb.w	r3, [r4, #56]	@ 0x38
 8005a34:	bd38      	pop	{r3, r4, r5, pc}
 8005a36:	f7fd f96b 	bl	8002d10 <HAL_IPCC_MspInit>
 8005a3a:	e7eb      	b.n	8005a14 <HAL_IPCC_Init+0xc>
 8005a3c:	2001      	movs	r0, #1
 8005a3e:	4770      	bx	lr
 8005a40:	58000c00 	.word	0x58000c00

08005a44 <HAL_MspInit>:
 8005a44:	b500      	push	{lr}
 8005a46:	b083      	sub	sp, #12
 8005a48:	f04f 43b0 	mov.w	r3, #1476395008	@ 0x58000000
 8005a4c:	6d1a      	ldr	r2, [r3, #80]	@ 0x50
 8005a4e:	f442 2200 	orr.w	r2, r2, #524288	@ 0x80000
 8005a52:	651a      	str	r2, [r3, #80]	@ 0x50
 8005a54:	6d1b      	ldr	r3, [r3, #80]	@ 0x50
 8005a56:	f403 2300 	and.w	r3, r3, #524288	@ 0x80000
 8005a5a:	9301      	str	r3, [sp, #4]
 8005a5c:	9b01      	ldr	r3, [sp, #4]
 8005a5e:	2200      	movs	r2, #0
 8005a60:	4611      	mov	r1, r2
 8005a62:	202e      	movs	r0, #46	@ 0x2e
 8005a64:	f7ff fdc0 	bl	80055e8 <HAL_NVIC_SetPriority>
 8005a68:	202e      	movs	r0, #46	@ 0x2e
 8005a6a:	f7ff fdcd 	bl	8005608 <HAL_NVIC_EnableIRQ>
 8005a6e:	b003      	add	sp, #12
 8005a70:	bd00      	pop	{pc}

08005a72 <HAL_PCD_EP_DB_Receive>:
 8005a72:	b510      	push	{r4, lr}
 8005a74:	f412 4f80 	tst.w	r2, #16384	@ 0x4000
 8005a78:	d045      	beq.n	8005b06 <HAL_PCD_EP_DB_Receive+0x94>
 8005a7a:	6804      	ldr	r4, [r0, #0]
 8005a7c:	f8b4 3050 	ldrh.w	r3, [r4, #80]	@ 0x50
 8005a80:	f891 c000 	ldrb.w	ip, [r1]
 8005a84:	ea4f 0ecc 	mov.w	lr, ip, lsl #3
 8005a88:	fa1e f383 	uxtah	r3, lr, r3
 8005a8c:	4423      	add	r3, r4
 8005a8e:	f8b3 4402 	ldrh.w	r4, [r3, #1026]	@ 0x402
 8005a92:	f3c4 0409 	ubfx	r4, r4, #0, #10
 8005a96:	698b      	ldr	r3, [r1, #24]
 8005a98:	42a3      	cmp	r3, r4
 8005a9a:	d32a      	bcc.n	8005af2 <HAL_PCD_EP_DB_Receive+0x80>
 8005a9c:	1b1b      	subs	r3, r3, r4
 8005a9e:	618b      	str	r3, [r1, #24]
 8005aa0:	698b      	ldr	r3, [r1, #24]
 8005aa2:	b983      	cbnz	r3, 8005ac6 <HAL_PCD_EP_DB_Receive+0x54>
 8005aa4:	f8d0 e000 	ldr.w	lr, [r0]
 8005aa8:	f83e 302c 	ldrh.w	r3, [lr, ip, lsl #2]
 8005aac:	b29b      	uxth	r3, r3
 8005aae:	f423 4380 	bic.w	r3, r3, #16384	@ 0x4000
 8005ab2:	f023 0370 	bic.w	r3, r3, #112	@ 0x70
 8005ab6:	f483 5300 	eor.w	r3, r3, #8192	@ 0x2000
 8005aba:	f443 4300 	orr.w	r3, r3, #32768	@ 0x8000
 8005abe:	f043 0380 	orr.w	r3, r3, #128	@ 0x80
 8005ac2:	f82e 302c 	strh.w	r3, [lr, ip, lsl #2]
 8005ac6:	f012 0f40 	tst.w	r2, #64	@ 0x40
 8005aca:	d00f      	beq.n	8005aec <HAL_PCD_EP_DB_Receive+0x7a>
 8005acc:	6802      	ldr	r2, [r0, #0]
 8005ace:	f891 c000 	ldrb.w	ip, [r1]
 8005ad2:	f832 302c 	ldrh.w	r3, [r2, ip, lsl #2]
 8005ad6:	b29b      	uxth	r3, r3
 8005ad8:	f423 43e0 	bic.w	r3, r3, #28672	@ 0x7000
 8005adc:	f023 0370 	bic.w	r3, r3, #112	@ 0x70
 8005ae0:	f443 4300 	orr.w	r3, r3, #32768	@ 0x8000
 8005ae4:	f043 03c0 	orr.w	r3, r3, #192	@ 0xc0
 8005ae8:	f822 302c 	strh.w	r3, [r2, ip, lsl #2]
 8005aec:	b924      	cbnz	r4, 8005af8 <HAL_PCD_EP_DB_Receive+0x86>
 8005aee:	4620      	mov	r0, r4
 8005af0:	bd10      	pop	{r4, pc}
 8005af2:	2300      	movs	r3, #0
 8005af4:	618b      	str	r3, [r1, #24]
 8005af6:	e7d3      	b.n	8005aa0 <HAL_PCD_EP_DB_Receive+0x2e>
 8005af8:	4623      	mov	r3, r4
 8005afa:	890a      	ldrh	r2, [r1, #8]
 8005afc:	6949      	ldr	r1, [r1, #20]
 8005afe:	6800      	ldr	r0, [r0, #0]
 8005b00:	f004 fe00 	bl	800a704 <USB_ReadPMA>
 8005b04:	e7f3      	b.n	8005aee <HAL_PCD_EP_DB_Receive+0x7c>
 8005b06:	6804      	ldr	r4, [r0, #0]
 8005b08:	f8b4 3050 	ldrh.w	r3, [r4, #80]	@ 0x50
 8005b0c:	f891 c000 	ldrb.w	ip, [r1]
 8005b10:	ea4f 0ecc 	mov.w	lr, ip, lsl #3
 8005b14:	fa1e f383 	uxtah	r3, lr, r3
 8005b18:	4423      	add	r3, r4
 8005b1a:	f8b3 4406 	ldrh.w	r4, [r3, #1030]	@ 0x406
 8005b1e:	f3c4 0409 	ubfx	r4, r4, #0, #10
 8005b22:	698b      	ldr	r3, [r1, #24]
 8005b24:	42a3      	cmp	r3, r4
 8005b26:	d330      	bcc.n	8005b8a <HAL_PCD_EP_DB_Receive+0x118>
 8005b28:	1b1b      	subs	r3, r3, r4
 8005b2a:	618b      	str	r3, [r1, #24]
 8005b2c:	698b      	ldr	r3, [r1, #24]
 8005b2e:	b983      	cbnz	r3, 8005b52 <HAL_PCD_EP_DB_Receive+0xe0>
 8005b30:	f8d0 e000 	ldr.w	lr, [r0]
 8005b34:	f83e 302c 	ldrh.w	r3, [lr, ip, lsl #2]
 8005b38:	b29b      	uxth	r3, r3
 8005b3a:	f423 4380 	bic.w	r3, r3, #16384	@ 0x4000
 8005b3e:	f023 0370 	bic.w	r3, r3, #112	@ 0x70
 8005b42:	f483 5300 	eor.w	r3, r3, #8192	@ 0x2000
 8005b46:	f443 4300 	orr.w	r3, r3, #32768	@ 0x8000
 8005b4a:	f043 0380 	orr.w	r3, r3, #128	@ 0x80
 8005b4e:	f82e 302c 	strh.w	r3, [lr, ip, lsl #2]
 8005b52:	f012 0f40 	tst.w	r2, #64	@ 0x40
 8005b56:	d10f      	bne.n	8005b78 <HAL_PCD_EP_DB_Receive+0x106>
 8005b58:	6802      	ldr	r2, [r0, #0]
 8005b5a:	f891 c000 	ldrb.w	ip, [r1]
 8005b5e:	f832 302c 	ldrh.w	r3, [r2, ip, lsl #2]
 8005b62:	b29b      	uxth	r3, r3
 8005b64:	f423 43e0 	bic.w	r3, r3, #28672	@ 0x7000
 8005b68:	f023 0370 	bic.w	r3, r3, #112	@ 0x70
 8005b6c:	f443 4300 	orr.w	r3, r3, #32768	@ 0x8000
 8005b70:	f043 03c0 	orr.w	r3, r3, #192	@ 0xc0
 8005b74:	f822 302c 	strh.w	r3, [r2, ip, lsl #2]
 8005b78:	2c00      	cmp	r4, #0
 8005b7a:	d0b8      	beq.n	8005aee <HAL_PCD_EP_DB_Receive+0x7c>
 8005b7c:	4623      	mov	r3, r4
 8005b7e:	894a      	ldrh	r2, [r1, #10]
 8005b80:	6949      	ldr	r1, [r1, #20]
 8005b82:	6800      	ldr	r0, [r0, #0]
 8005b84:	f004 fdbe 	bl	800a704 <USB_ReadPMA>
 8005b88:	e7b1      	b.n	8005aee <HAL_PCD_EP_DB_Receive+0x7c>
 8005b8a:	2300      	movs	r3, #0
 8005b8c:	618b      	str	r3, [r1, #24]
 8005b8e:	e7cd      	b.n	8005b2c <HAL_PCD_EP_DB_Receive+0xba>

08005b90 <HAL_PCD_Init>:
 8005b90:	2800      	cmp	r0, #0
 8005b92:	d056      	beq.n	8005c42 <HAL_PCD_Init+0xb2>
 8005b94:	b510      	push	{r4, lr}
 8005b96:	4604      	mov	r4, r0
 8005b98:	f890 3291 	ldrb.w	r3, [r0, #657]	@ 0x291
 8005b9c:	b13b      	cbz	r3, 8005bae <HAL_PCD_Init+0x1e>
 8005b9e:	2303      	movs	r3, #3
 8005ba0:	f884 3291 	strb.w	r3, [r4, #657]	@ 0x291
 8005ba4:	6820      	ldr	r0, [r4, #0]
 8005ba6:	f003 fe8c 	bl	80098c2 <USB_DisableGlobalInt>
 8005baa:	2300      	movs	r3, #0
 8005bac:	e015      	b.n	8005bda <HAL_PCD_Init+0x4a>
 8005bae:	f880 3290 	strb.w	r3, [r0, #656]	@ 0x290
 8005bb2:	f005 fd09 	bl	800b5c8 <HAL_PCD_MspInit>
 8005bb6:	e7f2      	b.n	8005b9e <HAL_PCD_Init+0xe>
 8005bb8:	eb03 0283 	add.w	r2, r3, r3, lsl #2
 8005bbc:	eb04 02c2 	add.w	r2, r4, r2, lsl #3
 8005bc0:	2101      	movs	r1, #1
 8005bc2:	7451      	strb	r1, [r2, #17]
 8005bc4:	7413      	strb	r3, [r2, #16]
 8005bc6:	2100      	movs	r1, #0
 8005bc8:	74d1      	strb	r1, [r2, #19]
 8005bca:	6211      	str	r1, [r2, #32]
 8005bcc:	6251      	str	r1, [r2, #36]	@ 0x24
 8005bce:	3301      	adds	r3, #1
 8005bd0:	eb03 0283 	add.w	r2, r3, r3, lsl #2
 8005bd4:	00d2      	lsls	r2, r2, #3
 8005bd6:	50a1      	str	r1, [r4, r2]
 8005bd8:	b2db      	uxtb	r3, r3
 8005bda:	7920      	ldrb	r0, [r4, #4]
 8005bdc:	4298      	cmp	r0, r3
 8005bde:	d8eb      	bhi.n	8005bb8 <HAL_PCD_Init+0x28>
 8005be0:	2300      	movs	r3, #0
 8005be2:	e016      	b.n	8005c12 <HAL_PCD_Init+0x82>
 8005be4:	eb03 0283 	add.w	r2, r3, r3, lsl #2
 8005be8:	eb04 02c2 	add.w	r2, r4, r2, lsl #3
 8005bec:	2100      	movs	r1, #0
 8005bee:	f882 1151 	strb.w	r1, [r2, #337]	@ 0x151
 8005bf2:	f882 3150 	strb.w	r3, [r2, #336]	@ 0x150
 8005bf6:	f882 1153 	strb.w	r1, [r2, #339]	@ 0x153
 8005bfa:	f8c2 1160 	str.w	r1, [r2, #352]	@ 0x160
 8005bfe:	f8c2 1164 	str.w	r1, [r2, #356]	@ 0x164
 8005c02:	eb03 0283 	add.w	r2, r3, r3, lsl #2
 8005c06:	eb04 02c2 	add.w	r2, r4, r2, lsl #3
 8005c0a:	f8c2 1168 	str.w	r1, [r2, #360]	@ 0x168
 8005c0e:	3301      	adds	r3, #1
 8005c10:	b2db      	uxtb	r3, r3
 8005c12:	4298      	cmp	r0, r3
 8005c14:	d8e6      	bhi.n	8005be4 <HAL_PCD_Init+0x54>
 8005c16:	4623      	mov	r3, r4
 8005c18:	f853 0b04 	ldr.w	r0, [r3], #4
 8005c1c:	e893 0006 	ldmia.w	r3, {r1, r2}
 8005c20:	f003 fe5a 	bl	80098d8 <USB_DevInit>
 8005c24:	2300      	movs	r3, #0
 8005c26:	7323      	strb	r3, [r4, #12]
 8005c28:	2301      	movs	r3, #1
 8005c2a:	f884 3291 	strb.w	r3, [r4, #657]	@ 0x291
 8005c2e:	7aa3      	ldrb	r3, [r4, #10]
 8005c30:	2b01      	cmp	r3, #1
 8005c32:	d001      	beq.n	8005c38 <HAL_PCD_Init+0xa8>
 8005c34:	2000      	movs	r0, #0
 8005c36:	bd10      	pop	{r4, pc}
 8005c38:	4620      	mov	r0, r4
 8005c3a:	f000 fefb 	bl	8006a34 <HAL_PCDEx_ActivateLPM>
 8005c3e:	2000      	movs	r0, #0
 8005c40:	e7f9      	b.n	8005c36 <HAL_PCD_Init+0xa6>
 8005c42:	2001      	movs	r0, #1
 8005c44:	4770      	bx	lr

08005c46 <HAL_PCD_Start>:
 8005c46:	f890 3290 	ldrb.w	r3, [r0, #656]	@ 0x290
 8005c4a:	2b01      	cmp	r3, #1
 8005c4c:	d00e      	beq.n	8005c6c <HAL_PCD_Start+0x26>
 8005c4e:	b510      	push	{r4, lr}
 8005c50:	4604      	mov	r4, r0
 8005c52:	2301      	movs	r3, #1
 8005c54:	f880 3290 	strb.w	r3, [r0, #656]	@ 0x290
 8005c58:	6800      	ldr	r0, [r0, #0]
 8005c5a:	f003 fe29 	bl	80098b0 <USB_EnableGlobalInt>
 8005c5e:	6820      	ldr	r0, [r4, #0]
 8005c60:	f004 fa68 	bl	800a134 <USB_DevConnect>
 8005c64:	2000      	movs	r0, #0
 8005c66:	f884 0290 	strb.w	r0, [r4, #656]	@ 0x290
 8005c6a:	bd10      	pop	{r4, pc}
 8005c6c:	2002      	movs	r0, #2
 8005c6e:	4770      	bx	lr

08005c70 <HAL_PCD_EP_DB_Transmit>:
 8005c70:	b570      	push	{r4, r5, r6, lr}
 8005c72:	4605      	mov	r5, r0
 8005c74:	460c      	mov	r4, r1
 8005c76:	4616      	mov	r6, r2
 8005c78:	f012 0f40 	tst.w	r2, #64	@ 0x40
 8005c7c:	f000 811f 	beq.w	8005ebe <HAL_PCD_EP_DB_Transmit+0x24e>
 8005c80:	6802      	ldr	r2, [r0, #0]
 8005c82:	f8b2 3050 	ldrh.w	r3, [r2, #80]	@ 0x50
 8005c86:	7809      	ldrb	r1, [r1, #0]
 8005c88:	ea4f 0cc1 	mov.w	ip, r1, lsl #3
 8005c8c:	fa1c f383 	uxtah	r3, ip, r3
 8005c90:	4413      	add	r3, r2
 8005c92:	f8b3 2402 	ldrh.w	r2, [r3, #1026]	@ 0x402
 8005c96:	f3c2 0209 	ubfx	r2, r2, #0, #10
 8005c9a:	69a3      	ldr	r3, [r4, #24]
 8005c9c:	4293      	cmp	r3, r2
 8005c9e:	d92c      	bls.n	8005cfa <HAL_PCD_EP_DB_Transmit+0x8a>
 8005ca0:	1a9b      	subs	r3, r3, r2
 8005ca2:	61a3      	str	r3, [r4, #24]
 8005ca4:	69a0      	ldr	r0, [r4, #24]
 8005ca6:	b358      	cbz	r0, 8005d00 <HAL_PCD_EP_DB_Transmit+0x90>
 8005ca8:	f416 4f80 	tst.w	r6, #16384	@ 0x4000
 8005cac:	d00d      	beq.n	8005cca <HAL_PCD_EP_DB_Transmit+0x5a>
 8005cae:	6828      	ldr	r0, [r5, #0]
 8005cb0:	f830 3021 	ldrh.w	r3, [r0, r1, lsl #2]
 8005cb4:	b29b      	uxth	r3, r3
 8005cb6:	f423 43e0 	bic.w	r3, r3, #28672	@ 0x7000
 8005cba:	f023 0370 	bic.w	r3, r3, #112	@ 0x70
 8005cbe:	f443 4340 	orr.w	r3, r3, #49152	@ 0xc000
 8005cc2:	f043 0380 	orr.w	r3, r3, #128	@ 0x80
 8005cc6:	f820 3021 	strh.w	r3, [r0, r1, lsl #2]
 8005cca:	f894 3024 	ldrb.w	r3, [r4, #36]	@ 0x24
 8005cce:	2b01      	cmp	r3, #1
 8005cd0:	f000 808d 	beq.w	8005dee <HAL_PCD_EP_DB_Transmit+0x17e>
 8005cd4:	682a      	ldr	r2, [r5, #0]
 8005cd6:	7821      	ldrb	r1, [r4, #0]
 8005cd8:	f832 3021 	ldrh.w	r3, [r2, r1, lsl #2]
 8005cdc:	b29b      	uxth	r3, r3
 8005cde:	f423 43e0 	bic.w	r3, r3, #28672	@ 0x7000
 8005ce2:	f023 0340 	bic.w	r3, r3, #64	@ 0x40
 8005ce6:	f083 0330 	eor.w	r3, r3, #48	@ 0x30
 8005cea:	f443 4300 	orr.w	r3, r3, #32768	@ 0x8000
 8005cee:	f043 0380 	orr.w	r3, r3, #128	@ 0x80
 8005cf2:	f822 3021 	strh.w	r3, [r2, r1, lsl #2]
 8005cf6:	2000      	movs	r0, #0
 8005cf8:	bd70      	pop	{r4, r5, r6, pc}
 8005cfa:	2300      	movs	r3, #0
 8005cfc:	61a3      	str	r3, [r4, #24]
 8005cfe:	e7d1      	b.n	8005ca4 <HAL_PCD_EP_DB_Transmit+0x34>
 8005d00:	7863      	ldrb	r3, [r4, #1]
 8005d02:	2b00      	cmp	r3, #0
 8005d04:	d148      	bne.n	8005d98 <HAL_PCD_EP_DB_Transmit+0x128>
 8005d06:	682a      	ldr	r2, [r5, #0]
 8005d08:	f8b2 3050 	ldrh.w	r3, [r2, #80]	@ 0x50
 8005d0c:	fa12 f383 	uxtah	r3, r2, r3
 8005d10:	4463      	add	r3, ip
 8005d12:	f8b3 2402 	ldrh.w	r2, [r3, #1026]	@ 0x402
 8005d16:	f3c2 0209 	ubfx	r2, r2, #0, #10
 8005d1a:	f8a3 2402 	strh.w	r2, [r3, #1026]	@ 0x402
 8005d1e:	f8b3 2402 	ldrh.w	r2, [r3, #1026]	@ 0x402
 8005d22:	ea6f 4242 	mvn.w	r2, r2, lsl #17
 8005d26:	ea6f 4252 	mvn.w	r2, r2, lsr #17
 8005d2a:	b292      	uxth	r2, r2
 8005d2c:	f8a3 2402 	strh.w	r2, [r3, #1026]	@ 0x402
 8005d30:	682a      	ldr	r2, [r5, #0]
 8005d32:	7863      	ldrb	r3, [r4, #1]
 8005d34:	2b00      	cmp	r3, #0
 8005d36:	d13b      	bne.n	8005db0 <HAL_PCD_EP_DB_Transmit+0x140>
 8005d38:	f8b2 3050 	ldrh.w	r3, [r2, #80]	@ 0x50
 8005d3c:	fa12 f383 	uxtah	r3, r2, r3
 8005d40:	7822      	ldrb	r2, [r4, #0]
 8005d42:	eb03 03c2 	add.w	r3, r3, r2, lsl #3
 8005d46:	f8b3 2406 	ldrh.w	r2, [r3, #1030]	@ 0x406
 8005d4a:	f3c2 0209 	ubfx	r2, r2, #0, #10
 8005d4e:	f8a3 2406 	strh.w	r2, [r3, #1030]	@ 0x406
 8005d52:	f8b3 2406 	ldrh.w	r2, [r3, #1030]	@ 0x406
 8005d56:	ea6f 4242 	mvn.w	r2, r2, lsl #17
 8005d5a:	ea6f 4252 	mvn.w	r2, r2, lsr #17
 8005d5e:	b292      	uxth	r2, r2
 8005d60:	f8a3 2406 	strh.w	r2, [r3, #1030]	@ 0x406
 8005d64:	78e3      	ldrb	r3, [r4, #3]
 8005d66:	2b02      	cmp	r3, #2
 8005d68:	d02f      	beq.n	8005dca <HAL_PCD_EP_DB_Transmit+0x15a>
 8005d6a:	7821      	ldrb	r1, [r4, #0]
 8005d6c:	4628      	mov	r0, r5
 8005d6e:	f005 fc81 	bl	800b674 <HAL_PCD_DataInStageCallback>
 8005d72:	f416 4f80 	tst.w	r6, #16384	@ 0x4000
 8005d76:	d0be      	beq.n	8005cf6 <HAL_PCD_EP_DB_Transmit+0x86>
 8005d78:	682a      	ldr	r2, [r5, #0]
 8005d7a:	7821      	ldrb	r1, [r4, #0]
 8005d7c:	f832 3021 	ldrh.w	r3, [r2, r1, lsl #2]
 8005d80:	b29b      	uxth	r3, r3
 8005d82:	f423 43e0 	bic.w	r3, r3, #28672	@ 0x7000
 8005d86:	f023 0370 	bic.w	r3, r3, #112	@ 0x70
 8005d8a:	f443 4340 	orr.w	r3, r3, #49152	@ 0xc000
 8005d8e:	f043 0380 	orr.w	r3, r3, #128	@ 0x80
 8005d92:	f822 3021 	strh.w	r3, [r2, r1, lsl #2]
 8005d96:	e7ae      	b.n	8005cf6 <HAL_PCD_EP_DB_Transmit+0x86>
 8005d98:	2b01      	cmp	r3, #1
 8005d9a:	d1c9      	bne.n	8005d30 <HAL_PCD_EP_DB_Transmit+0xc0>
 8005d9c:	682a      	ldr	r2, [r5, #0]
 8005d9e:	f8b2 3050 	ldrh.w	r3, [r2, #80]	@ 0x50
 8005da2:	fa12 f383 	uxtah	r3, r2, r3
 8005da6:	4463      	add	r3, ip
 8005da8:	2200      	movs	r2, #0
 8005daa:	f8a3 2402 	strh.w	r2, [r3, #1026]	@ 0x402
 8005dae:	e7bf      	b.n	8005d30 <HAL_PCD_EP_DB_Transmit+0xc0>
 8005db0:	2b01      	cmp	r3, #1
 8005db2:	d1d7      	bne.n	8005d64 <HAL_PCD_EP_DB_Transmit+0xf4>
 8005db4:	f8b2 3050 	ldrh.w	r3, [r2, #80]	@ 0x50
 8005db8:	fa12 f383 	uxtah	r3, r2, r3
 8005dbc:	7822      	ldrb	r2, [r4, #0]
 8005dbe:	eb03 03c2 	add.w	r3, r3, r2, lsl #3
 8005dc2:	2200      	movs	r2, #0
 8005dc4:	f8a3 2406 	strh.w	r2, [r3, #1030]	@ 0x406
 8005dc8:	e7cc      	b.n	8005d64 <HAL_PCD_EP_DB_Transmit+0xf4>
 8005dca:	682a      	ldr	r2, [r5, #0]
 8005dcc:	7821      	ldrb	r1, [r4, #0]
 8005dce:	f832 3021 	ldrh.w	r3, [r2, r1, lsl #2]
 8005dd2:	b29b      	uxth	r3, r3
 8005dd4:	f423 43e0 	bic.w	r3, r3, #28672	@ 0x7000
 8005dd8:	f023 0340 	bic.w	r3, r3, #64	@ 0x40
 8005ddc:	f083 0320 	eor.w	r3, r3, #32
 8005de0:	f443 4300 	orr.w	r3, r3, #32768	@ 0x8000
 8005de4:	f043 0380 	orr.w	r3, r3, #128	@ 0x80
 8005de8:	f822 3021 	strh.w	r3, [r2, r1, lsl #2]
 8005dec:	e7bd      	b.n	8005d6a <HAL_PCD_EP_DB_Transmit+0xfa>
 8005dee:	6963      	ldr	r3, [r4, #20]
 8005df0:	4413      	add	r3, r2
 8005df2:	6163      	str	r3, [r4, #20]
 8005df4:	69e3      	ldr	r3, [r4, #28]
 8005df6:	4413      	add	r3, r2
 8005df8:	61e3      	str	r3, [r4, #28]
 8005dfa:	6a21      	ldr	r1, [r4, #32]
 8005dfc:	6923      	ldr	r3, [r4, #16]
 8005dfe:	4299      	cmp	r1, r3
 8005e00:	d31d      	bcc.n	8005e3e <HAL_PCD_EP_DB_Transmit+0x1ce>
 8005e02:	1ac9      	subs	r1, r1, r3
 8005e04:	6221      	str	r1, [r4, #32]
 8005e06:	7862      	ldrb	r2, [r4, #1]
 8005e08:	2a00      	cmp	r2, #0
 8005e0a:	d143      	bne.n	8005e94 <HAL_PCD_EP_DB_Transmit+0x224>
 8005e0c:	6829      	ldr	r1, [r5, #0]
 8005e0e:	f8b1 2050 	ldrh.w	r2, [r1, #80]	@ 0x50
 8005e12:	fa11 f282 	uxtah	r2, r1, r2
 8005e16:	7821      	ldrb	r1, [r4, #0]
 8005e18:	eb02 02c1 	add.w	r2, r2, r1, lsl #3
 8005e1c:	f8b2 1402 	ldrh.w	r1, [r2, #1026]	@ 0x402
 8005e20:	f3c1 0109 	ubfx	r1, r1, #0, #10
 8005e24:	f8a2 1402 	strh.w	r1, [r2, #1026]	@ 0x402
 8005e28:	b9a3      	cbnz	r3, 8005e54 <HAL_PCD_EP_DB_Transmit+0x1e4>
 8005e2a:	f8b2 1402 	ldrh.w	r1, [r2, #1026]	@ 0x402
 8005e2e:	ea6f 4141 	mvn.w	r1, r1, lsl #17
 8005e32:	ea6f 4151 	mvn.w	r1, r1, lsr #17
 8005e36:	b289      	uxth	r1, r1
 8005e38:	f8a2 1402 	strh.w	r1, [r2, #1026]	@ 0x402
 8005e3c:	e02c      	b.n	8005e98 <HAL_PCD_EP_DB_Transmit+0x228>
 8005e3e:	b919      	cbnz	r1, 8005e48 <HAL_PCD_EP_DB_Transmit+0x1d8>
 8005e40:	f884 1024 	strb.w	r1, [r4, #36]	@ 0x24
 8005e44:	4613      	mov	r3, r2
 8005e46:	e7de      	b.n	8005e06 <HAL_PCD_EP_DB_Transmit+0x196>
 8005e48:	2300      	movs	r3, #0
 8005e4a:	f884 3024 	strb.w	r3, [r4, #36]	@ 0x24
 8005e4e:	6223      	str	r3, [r4, #32]
 8005e50:	460b      	mov	r3, r1
 8005e52:	e7d8      	b.n	8005e06 <HAL_PCD_EP_DB_Transmit+0x196>
 8005e54:	2b3e      	cmp	r3, #62	@ 0x3e
 8005e56:	d80d      	bhi.n	8005e74 <HAL_PCD_EP_DB_Transmit+0x204>
 8005e58:	0859      	lsrs	r1, r3, #1
 8005e5a:	f013 0f01 	tst.w	r3, #1
 8005e5e:	d000      	beq.n	8005e62 <HAL_PCD_EP_DB_Transmit+0x1f2>
 8005e60:	3101      	adds	r1, #1
 8005e62:	f8b2 0402 	ldrh.w	r0, [r2, #1026]	@ 0x402
 8005e66:	b280      	uxth	r0, r0
 8005e68:	0289      	lsls	r1, r1, #10
 8005e6a:	b289      	uxth	r1, r1
 8005e6c:	4301      	orrs	r1, r0
 8005e6e:	f8a2 1402 	strh.w	r1, [r2, #1026]	@ 0x402
 8005e72:	e011      	b.n	8005e98 <HAL_PCD_EP_DB_Transmit+0x228>
 8005e74:	0958      	lsrs	r0, r3, #5
 8005e76:	f013 0f1f 	tst.w	r3, #31
 8005e7a:	d100      	bne.n	8005e7e <HAL_PCD_EP_DB_Transmit+0x20e>
 8005e7c:	3801      	subs	r0, #1
 8005e7e:	f8b2 1402 	ldrh.w	r1, [r2, #1026]	@ 0x402
 8005e82:	b289      	uxth	r1, r1
 8005e84:	0280      	lsls	r0, r0, #10
 8005e86:	b280      	uxth	r0, r0
 8005e88:	4301      	orrs	r1, r0
 8005e8a:	f441 4100 	orr.w	r1, r1, #32768	@ 0x8000
 8005e8e:	f8a2 1402 	strh.w	r1, [r2, #1026]	@ 0x402
 8005e92:	e001      	b.n	8005e98 <HAL_PCD_EP_DB_Transmit+0x228>
 8005e94:	2a01      	cmp	r2, #1
 8005e96:	d006      	beq.n	8005ea6 <HAL_PCD_EP_DB_Transmit+0x236>
 8005e98:	b29b      	uxth	r3, r3
 8005e9a:	8922      	ldrh	r2, [r4, #8]
 8005e9c:	6961      	ldr	r1, [r4, #20]
 8005e9e:	6828      	ldr	r0, [r5, #0]
 8005ea0:	f004 f957 	bl	800a152 <USB_WritePMA>
 8005ea4:	e716      	b.n	8005cd4 <HAL_PCD_EP_DB_Transmit+0x64>
 8005ea6:	6829      	ldr	r1, [r5, #0]
 8005ea8:	f8b1 2050 	ldrh.w	r2, [r1, #80]	@ 0x50
 8005eac:	fa11 f282 	uxtah	r2, r1, r2
 8005eb0:	7821      	ldrb	r1, [r4, #0]
 8005eb2:	eb02 02c1 	add.w	r2, r2, r1, lsl #3
 8005eb6:	b299      	uxth	r1, r3
 8005eb8:	f8a2 1402 	strh.w	r1, [r2, #1026]	@ 0x402
 8005ebc:	e7ec      	b.n	8005e98 <HAL_PCD_EP_DB_Transmit+0x228>
 8005ebe:	6802      	ldr	r2, [r0, #0]
 8005ec0:	f8b2 3050 	ldrh.w	r3, [r2, #80]	@ 0x50
 8005ec4:	7809      	ldrb	r1, [r1, #0]
 8005ec6:	00c8      	lsls	r0, r1, #3
 8005ec8:	fa10 f383 	uxtah	r3, r0, r3
 8005ecc:	4413      	add	r3, r2
 8005ece:	f8b3 2406 	ldrh.w	r2, [r3, #1030]	@ 0x406
 8005ed2:	f3c2 0209 	ubfx	r2, r2, #0, #10
 8005ed6:	69a3      	ldr	r3, [r4, #24]
 8005ed8:	4293      	cmp	r3, r2
 8005eda:	d346      	bcc.n	8005f6a <HAL_PCD_EP_DB_Transmit+0x2fa>
 8005edc:	1a9b      	subs	r3, r3, r2
 8005ede:	61a3      	str	r3, [r4, #24]
 8005ee0:	69a3      	ldr	r3, [r4, #24]
 8005ee2:	2b00      	cmp	r3, #0
 8005ee4:	d044      	beq.n	8005f70 <HAL_PCD_EP_DB_Transmit+0x300>
 8005ee6:	f416 4f80 	tst.w	r6, #16384	@ 0x4000
 8005eea:	d10d      	bne.n	8005f08 <HAL_PCD_EP_DB_Transmit+0x298>
 8005eec:	6828      	ldr	r0, [r5, #0]
 8005eee:	f830 3021 	ldrh.w	r3, [r0, r1, lsl #2]
 8005ef2:	b29b      	uxth	r3, r3
 8005ef4:	f423 43e0 	bic.w	r3, r3, #28672	@ 0x7000
 8005ef8:	f023 0370 	bic.w	r3, r3, #112	@ 0x70
 8005efc:	f443 4340 	orr.w	r3, r3, #49152	@ 0xc000
 8005f00:	f043 0380 	orr.w	r3, r3, #128	@ 0x80
 8005f04:	f820 3021 	strh.w	r3, [r0, r1, lsl #2]
 8005f08:	f894 3024 	ldrb.w	r3, [r4, #36]	@ 0x24
 8005f0c:	2b01      	cmp	r3, #1
 8005f0e:	f47f aee1 	bne.w	8005cd4 <HAL_PCD_EP_DB_Transmit+0x64>
 8005f12:	6963      	ldr	r3, [r4, #20]
 8005f14:	4413      	add	r3, r2
 8005f16:	6163      	str	r3, [r4, #20]
 8005f18:	69e3      	ldr	r3, [r4, #28]
 8005f1a:	4413      	add	r3, r2
 8005f1c:	61e3      	str	r3, [r4, #28]
 8005f1e:	6a21      	ldr	r1, [r4, #32]
 8005f20:	6923      	ldr	r3, [r4, #16]
 8005f22:	4299      	cmp	r1, r3
 8005f24:	f0c0 809c 	bcc.w	8006060 <HAL_PCD_EP_DB_Transmit+0x3f0>
 8005f28:	1ac9      	subs	r1, r1, r3
 8005f2a:	6221      	str	r1, [r4, #32]
 8005f2c:	6829      	ldr	r1, [r5, #0]
 8005f2e:	7862      	ldrb	r2, [r4, #1]
 8005f30:	2a00      	cmp	r2, #0
 8005f32:	f040 80c0 	bne.w	80060b6 <HAL_PCD_EP_DB_Transmit+0x446>
 8005f36:	f8b1 2050 	ldrh.w	r2, [r1, #80]	@ 0x50
 8005f3a:	fa11 f282 	uxtah	r2, r1, r2
 8005f3e:	7821      	ldrb	r1, [r4, #0]
 8005f40:	eb02 02c1 	add.w	r2, r2, r1, lsl #3
 8005f44:	f8b2 1406 	ldrh.w	r1, [r2, #1030]	@ 0x406
 8005f48:	f3c1 0109 	ubfx	r1, r1, #0, #10
 8005f4c:	f8a2 1406 	strh.w	r1, [r2, #1030]	@ 0x406
 8005f50:	2b00      	cmp	r3, #0
 8005f52:	f040 8090 	bne.w	8006076 <HAL_PCD_EP_DB_Transmit+0x406>
 8005f56:	f8b2 1406 	ldrh.w	r1, [r2, #1030]	@ 0x406
 8005f5a:	ea6f 4141 	mvn.w	r1, r1, lsl #17
 8005f5e:	ea6f 4151 	mvn.w	r1, r1, lsr #17
 8005f62:	b289      	uxth	r1, r1
 8005f64:	f8a2 1406 	strh.w	r1, [r2, #1030]	@ 0x406
 8005f68:	e0a7      	b.n	80060ba <HAL_PCD_EP_DB_Transmit+0x44a>
 8005f6a:	2300      	movs	r3, #0
 8005f6c:	61a3      	str	r3, [r4, #24]
 8005f6e:	e7b7      	b.n	8005ee0 <HAL_PCD_EP_DB_Transmit+0x270>
 8005f70:	7863      	ldrb	r3, [r4, #1]
 8005f72:	2b00      	cmp	r3, #0
 8005f74:	d149      	bne.n	800600a <HAL_PCD_EP_DB_Transmit+0x39a>
 8005f76:	682a      	ldr	r2, [r5, #0]
 8005f78:	f8b2 3050 	ldrh.w	r3, [r2, #80]	@ 0x50
 8005f7c:	fa12 f383 	uxtah	r3, r2, r3
 8005f80:	4403      	add	r3, r0
 8005f82:	f8b3 2402 	ldrh.w	r2, [r3, #1026]	@ 0x402
 8005f86:	f3c2 0209 	ubfx	r2, r2, #0, #10
 8005f8a:	f8a3 2402 	strh.w	r2, [r3, #1026]	@ 0x402
 8005f8e:	f8b3 2402 	ldrh.w	r2, [r3, #1026]	@ 0x402
 8005f92:	ea6f 4242 	mvn.w	r2, r2, lsl #17
 8005f96:	ea6f 4252 	mvn.w	r2, r2, lsr #17
 8005f9a:	b292      	uxth	r2, r2
 8005f9c:	f8a3 2402 	strh.w	r2, [r3, #1026]	@ 0x402
 8005fa0:	682a      	ldr	r2, [r5, #0]
 8005fa2:	7863      	ldrb	r3, [r4, #1]
 8005fa4:	2b00      	cmp	r3, #0
 8005fa6:	d13c      	bne.n	8006022 <HAL_PCD_EP_DB_Transmit+0x3b2>
 8005fa8:	f8b2 3050 	ldrh.w	r3, [r2, #80]	@ 0x50
 8005fac:	fa12 f383 	uxtah	r3, r2, r3
 8005fb0:	7822      	ldrb	r2, [r4, #0]
 8005fb2:	eb03 03c2 	add.w	r3, r3, r2, lsl #3
 8005fb6:	f8b3 2406 	ldrh.w	r2, [r3, #1030]	@ 0x406
 8005fba:	f3c2 0209 	ubfx	r2, r2, #0, #10
 8005fbe:	f8a3 2406 	strh.w	r2, [r3, #1030]	@ 0x406
 8005fc2:	f8b3 2406 	ldrh.w	r2, [r3, #1030]	@ 0x406
 8005fc6:	ea6f 4242 	mvn.w	r2, r2, lsl #17
 8005fca:	ea6f 4252 	mvn.w	r2, r2, lsr #17
 8005fce:	b292      	uxth	r2, r2
 8005fd0:	f8a3 2406 	strh.w	r2, [r3, #1030]	@ 0x406
 8005fd4:	78e3      	ldrb	r3, [r4, #3]
 8005fd6:	2b02      	cmp	r3, #2
 8005fd8:	d030      	beq.n	800603c <HAL_PCD_EP_DB_Transmit+0x3cc>
 8005fda:	7821      	ldrb	r1, [r4, #0]
 8005fdc:	4628      	mov	r0, r5
 8005fde:	f005 fb49 	bl	800b674 <HAL_PCD_DataInStageCallback>
 8005fe2:	f416 4f80 	tst.w	r6, #16384	@ 0x4000
 8005fe6:	f47f ae86 	bne.w	8005cf6 <HAL_PCD_EP_DB_Transmit+0x86>
 8005fea:	682a      	ldr	r2, [r5, #0]
 8005fec:	7821      	ldrb	r1, [r4, #0]
 8005fee:	f832 3021 	ldrh.w	r3, [r2, r1, lsl #2]
 8005ff2:	b29b      	uxth	r3, r3
 8005ff4:	f423 43e0 	bic.w	r3, r3, #28672	@ 0x7000
 8005ff8:	f023 0370 	bic.w	r3, r3, #112	@ 0x70
 8005ffc:	f443 4340 	orr.w	r3, r3, #49152	@ 0xc000
 8006000:	f043 0380 	orr.w	r3, r3, #128	@ 0x80
 8006004:	f822 3021 	strh.w	r3, [r2, r1, lsl #2]
 8006008:	e675      	b.n	8005cf6 <HAL_PCD_EP_DB_Transmit+0x86>
 800600a:	2b01      	cmp	r3, #1
 800600c:	d1c8      	bne.n	8005fa0 <HAL_PCD_EP_DB_Transmit+0x330>
 800600e:	682a      	ldr	r2, [r5, #0]
 8006010:	f8b2 3050 	ldrh.w	r3, [r2, #80]	@ 0x50
 8006014:	fa12 f383 	uxtah	r3, r2, r3
 8006018:	4403      	add	r3, r0
 800601a:	2200      	movs	r2, #0
 800601c:	f8a3 2402 	strh.w	r2, [r3, #1026]	@ 0x402
 8006020:	e7be      	b.n	8005fa0 <HAL_PCD_EP_DB_Transmit+0x330>
 8006022:	2b01      	cmp	r3, #1
 8006024:	d1d6      	bne.n	8005fd4 <HAL_PCD_EP_DB_Transmit+0x364>
 8006026:	f8b2 3050 	ldrh.w	r3, [r2, #80]	@ 0x50
 800602a:	fa12 f383 	uxtah	r3, r2, r3
 800602e:	7822      	ldrb	r2, [r4, #0]
 8006030:	eb03 03c2 	add.w	r3, r3, r2, lsl #3
 8006034:	2200      	movs	r2, #0
 8006036:	f8a3 2406 	strh.w	r2, [r3, #1030]	@ 0x406
 800603a:	e7cb      	b.n	8005fd4 <HAL_PCD_EP_DB_Transmit+0x364>
 800603c:	682a      	ldr	r2, [r5, #0]
 800603e:	7821      	ldrb	r1, [r4, #0]
 8006040:	f832 3021 	ldrh.w	r3, [r2, r1, lsl #2]
 8006044:	b29b      	uxth	r3, r3
 8006046:	f423 43e0 	bic.w	r3, r3, #28672	@ 0x7000
 800604a:	f023 0340 	bic.w	r3, r3, #64	@ 0x40
 800604e:	f083 0320 	eor.w	r3, r3, #32
 8006052:	f443 4300 	orr.w	r3, r3, #32768	@ 0x8000
 8006056:	f043 0380 	orr.w	r3, r3, #128	@ 0x80
 800605a:	f822 3021 	strh.w	r3, [r2, r1, lsl #2]
 800605e:	e7bc      	b.n	8005fda <HAL_PCD_EP_DB_Transmit+0x36a>
 8006060:	b919      	cbnz	r1, 800606a <HAL_PCD_EP_DB_Transmit+0x3fa>
 8006062:	f884 1024 	strb.w	r1, [r4, #36]	@ 0x24
 8006066:	4613      	mov	r3, r2
 8006068:	e760      	b.n	8005f2c <HAL_PCD_EP_DB_Transmit+0x2bc>
 800606a:	2300      	movs	r3, #0
 800606c:	6223      	str	r3, [r4, #32]
 800606e:	f884 3024 	strb.w	r3, [r4, #36]	@ 0x24
 8006072:	460b      	mov	r3, r1
 8006074:	e75a      	b.n	8005f2c <HAL_PCD_EP_DB_Transmit+0x2bc>
 8006076:	2b3e      	cmp	r3, #62	@ 0x3e
 8006078:	d80d      	bhi.n	8006096 <HAL_PCD_EP_DB_Transmit+0x426>
 800607a:	0859      	lsrs	r1, r3, #1
 800607c:	f013 0f01 	tst.w	r3, #1
 8006080:	d000      	beq.n	8006084 <HAL_PCD_EP_DB_Transmit+0x414>
 8006082:	3101      	adds	r1, #1
 8006084:	f8b2 0406 	ldrh.w	r0, [r2, #1030]	@ 0x406
 8006088:	b280      	uxth	r0, r0
 800608a:	0289      	lsls	r1, r1, #10
 800608c:	b289      	uxth	r1, r1
 800608e:	4301      	orrs	r1, r0
 8006090:	f8a2 1406 	strh.w	r1, [r2, #1030]	@ 0x406
 8006094:	e011      	b.n	80060ba <HAL_PCD_EP_DB_Transmit+0x44a>
 8006096:	0958      	lsrs	r0, r3, #5
 8006098:	f013 0f1f 	tst.w	r3, #31
 800609c:	d100      	bne.n	80060a0 <HAL_PCD_EP_DB_Transmit+0x430>
 800609e:	3801      	subs	r0, #1
 80060a0:	f8b2 1406 	ldrh.w	r1, [r2, #1030]	@ 0x406
 80060a4:	b289      	uxth	r1, r1
 80060a6:	0280      	lsls	r0, r0, #10
 80060a8:	b280      	uxth	r0, r0
 80060aa:	4301      	orrs	r1, r0
 80060ac:	f441 4100 	orr.w	r1, r1, #32768	@ 0x8000
 80060b0:	f8a2 1406 	strh.w	r1, [r2, #1030]	@ 0x406
 80060b4:	e001      	b.n	80060ba <HAL_PCD_EP_DB_Transmit+0x44a>
 80060b6:	2a01      	cmp	r2, #1
 80060b8:	d006      	beq.n	80060c8 <HAL_PCD_EP_DB_Transmit+0x458>
 80060ba:	b29b      	uxth	r3, r3
 80060bc:	8962      	ldrh	r2, [r4, #10]
 80060be:	6961      	ldr	r1, [r4, #20]
 80060c0:	6828      	ldr	r0, [r5, #0]
 80060c2:	f004 f846 	bl	800a152 <USB_WritePMA>
 80060c6:	e605      	b.n	8005cd4 <HAL_PCD_EP_DB_Transmit+0x64>
 80060c8:	f8b1 2050 	ldrh.w	r2, [r1, #80]	@ 0x50
 80060cc:	fa11 f282 	uxtah	r2, r1, r2
 80060d0:	7821      	ldrb	r1, [r4, #0]
 80060d2:	eb02 02c1 	add.w	r2, r2, r1, lsl #3
 80060d6:	b299      	uxth	r1, r3
 80060d8:	f8a2 1406 	strh.w	r1, [r2, #1030]	@ 0x406
 80060dc:	e7ed      	b.n	80060ba <HAL_PCD_EP_DB_Transmit+0x44a>

080060de <PCD_EP_ISR_Handler>:
 80060de:	e92d 41f0 	stmdb	sp!, {r4, r5, r6, r7, r8, lr}
 80060e2:	4605      	mov	r5, r0
 80060e4:	6828      	ldr	r0, [r5, #0]
 80060e6:	f8b0 3044 	ldrh.w	r3, [r0, #68]	@ 0x44
 80060ea:	f413 4f00 	tst.w	r3, #32768	@ 0x8000
 80060ee:	f000 8259 	beq.w	80065a4 <PCD_EP_ISR_Handler+0x4c6>
 80060f2:	f8b0 4044 	ldrh.w	r4, [r0, #68]	@ 0x44
 80060f6:	b2a3      	uxth	r3, r4
 80060f8:	f014 040f 	ands.w	r4, r4, #15
 80060fc:	f040 80a2 	bne.w	8006244 <PCD_EP_ISR_Handler+0x166>
 8006100:	f013 0f10 	tst.w	r3, #16
 8006104:	d04b      	beq.n	800619e <PCD_EP_ISR_Handler+0xc0>
 8006106:	8803      	ldrh	r3, [r0, #0]
 8006108:	b29a      	uxth	r2, r3
 800610a:	f413 6f00 	tst.w	r3, #2048	@ 0x800
 800610e:	d177      	bne.n	8006200 <PCD_EP_ISR_Handler+0x122>
 8006110:	f412 4f00 	tst.w	r2, #32768	@ 0x8000
 8006114:	d0e6      	beq.n	80060e4 <PCD_EP_ISR_Handler+0x6>
 8006116:	8803      	ldrh	r3, [r0, #0]
 8006118:	b29b      	uxth	r3, r3
 800611a:	f023 0370 	bic.w	r3, r3, #112	@ 0x70
 800611e:	051b      	lsls	r3, r3, #20
 8006120:	0d1b      	lsrs	r3, r3, #20
 8006122:	f043 0380 	orr.w	r3, r3, #128	@ 0x80
 8006126:	8003      	strh	r3, [r0, #0]
 8006128:	6828      	ldr	r0, [r5, #0]
 800612a:	f8b0 3050 	ldrh.w	r3, [r0, #80]	@ 0x50
 800612e:	f895 2150 	ldrb.w	r2, [r5, #336]	@ 0x150
 8006132:	00d2      	lsls	r2, r2, #3
 8006134:	fa12 f383 	uxtah	r3, r2, r3
 8006138:	4403      	add	r3, r0
 800613a:	f8b3 3406 	ldrh.w	r3, [r3, #1030]	@ 0x406
 800613e:	f3c3 0309 	ubfx	r3, r3, #0, #10
 8006142:	f8c5 316c 	str.w	r3, [r5, #364]	@ 0x16c
 8006146:	b18b      	cbz	r3, 800616c <PCD_EP_ISR_Handler+0x8e>
 8006148:	f8d5 1164 	ldr.w	r1, [r5, #356]	@ 0x164
 800614c:	b171      	cbz	r1, 800616c <PCD_EP_ISR_Handler+0x8e>
 800614e:	f8b5 2156 	ldrh.w	r2, [r5, #342]	@ 0x156
 8006152:	f004 fad7 	bl	800a704 <USB_ReadPMA>
 8006156:	f8d5 3164 	ldr.w	r3, [r5, #356]	@ 0x164
 800615a:	f8d5 216c 	ldr.w	r2, [r5, #364]	@ 0x16c
 800615e:	4413      	add	r3, r2
 8006160:	f8c5 3164 	str.w	r3, [r5, #356]	@ 0x164
 8006164:	2100      	movs	r1, #0
 8006166:	4628      	mov	r0, r5
 8006168:	f005 fa78 	bl	800b65c <HAL_PCD_DataOutStageCallback>
 800616c:	682a      	ldr	r2, [r5, #0]
 800616e:	8813      	ldrh	r3, [r2, #0]
 8006170:	b299      	uxth	r1, r3
 8006172:	f413 6f00 	tst.w	r3, #2048	@ 0x800
 8006176:	d1b5      	bne.n	80060e4 <PCD_EP_ISR_Handler+0x6>
 8006178:	f401 5140 	and.w	r1, r1, #12288	@ 0x3000
 800617c:	f5b1 5f40 	cmp.w	r1, #12288	@ 0x3000
 8006180:	d0b0      	beq.n	80060e4 <PCD_EP_ISR_Handler+0x6>
 8006182:	8813      	ldrh	r3, [r2, #0]
 8006184:	b29b      	uxth	r3, r3
 8006186:	f423 4380 	bic.w	r3, r3, #16384	@ 0x4000
 800618a:	f023 0370 	bic.w	r3, r3, #112	@ 0x70
 800618e:	f483 5340 	eor.w	r3, r3, #12288	@ 0x3000
 8006192:	f443 4300 	orr.w	r3, r3, #32768	@ 0x8000
 8006196:	f043 0380 	orr.w	r3, r3, #128	@ 0x80
 800619a:	8013      	strh	r3, [r2, #0]
 800619c:	e7a2      	b.n	80060e4 <PCD_EP_ISR_Handler+0x6>
 800619e:	8803      	ldrh	r3, [r0, #0]
 80061a0:	b29b      	uxth	r3, r3
 80061a2:	f423 43e1 	bic.w	r3, r3, #28800	@ 0x7080
 80061a6:	f023 0370 	bic.w	r3, r3, #112	@ 0x70
 80061aa:	ea6f 4343 	mvn.w	r3, r3, lsl #17
 80061ae:	ea6f 4353 	mvn.w	r3, r3, lsr #17
 80061b2:	b29b      	uxth	r3, r3
 80061b4:	8003      	strh	r3, [r0, #0]
 80061b6:	6829      	ldr	r1, [r5, #0]
 80061b8:	f8b1 3050 	ldrh.w	r3, [r1, #80]	@ 0x50
 80061bc:	7c2a      	ldrb	r2, [r5, #16]
 80061be:	00d2      	lsls	r2, r2, #3
 80061c0:	fa12 f383 	uxtah	r3, r2, r3
 80061c4:	440b      	add	r3, r1
 80061c6:	f8b3 3402 	ldrh.w	r3, [r3, #1026]	@ 0x402
 80061ca:	f3c3 0309 	ubfx	r3, r3, #0, #10
 80061ce:	62eb      	str	r3, [r5, #44]	@ 0x2c
 80061d0:	6a6a      	ldr	r2, [r5, #36]	@ 0x24
 80061d2:	441a      	add	r2, r3
 80061d4:	626a      	str	r2, [r5, #36]	@ 0x24
 80061d6:	2100      	movs	r1, #0
 80061d8:	4628      	mov	r0, r5
 80061da:	f005 fa4b 	bl	800b674 <HAL_PCD_DataInStageCallback>
 80061de:	7b2b      	ldrb	r3, [r5, #12]
 80061e0:	2b00      	cmp	r3, #0
 80061e2:	f43f af7f 	beq.w	80060e4 <PCD_EP_ISR_Handler+0x6>
 80061e6:	6aab      	ldr	r3, [r5, #40]	@ 0x28
 80061e8:	2b00      	cmp	r3, #0
 80061ea:	f47f af7b 	bne.w	80060e4 <PCD_EP_ISR_Handler+0x6>
 80061ee:	7b2b      	ldrb	r3, [r5, #12]
 80061f0:	682a      	ldr	r2, [r5, #0]
 80061f2:	f043 0380 	orr.w	r3, r3, #128	@ 0x80
 80061f6:	f8a2 304c 	strh.w	r3, [r2, #76]	@ 0x4c
 80061fa:	2300      	movs	r3, #0
 80061fc:	732b      	strb	r3, [r5, #12]
 80061fe:	e771      	b.n	80060e4 <PCD_EP_ISR_Handler+0x6>
 8006200:	f8b0 3050 	ldrh.w	r3, [r0, #80]	@ 0x50
 8006204:	f895 2150 	ldrb.w	r2, [r5, #336]	@ 0x150
 8006208:	00d2      	lsls	r2, r2, #3
 800620a:	fa12 f383 	uxtah	r3, r2, r3
 800620e:	4403      	add	r3, r0
 8006210:	f8b3 3406 	ldrh.w	r3, [r3, #1030]	@ 0x406
 8006214:	f3c3 0309 	ubfx	r3, r3, #0, #10
 8006218:	f8c5 316c 	str.w	r3, [r5, #364]	@ 0x16c
 800621c:	f8b5 2156 	ldrh.w	r2, [r5, #342]	@ 0x156
 8006220:	f505 7126 	add.w	r1, r5, #664	@ 0x298
 8006224:	f004 fa6e 	bl	800a704 <USB_ReadPMA>
 8006228:	682a      	ldr	r2, [r5, #0]
 800622a:	8813      	ldrh	r3, [r2, #0]
 800622c:	b29b      	uxth	r3, r3
 800622e:	f023 0370 	bic.w	r3, r3, #112	@ 0x70
 8006232:	051b      	lsls	r3, r3, #20
 8006234:	0d1b      	lsrs	r3, r3, #20
 8006236:	f043 0380 	orr.w	r3, r3, #128	@ 0x80
 800623a:	8013      	strh	r3, [r2, #0]
 800623c:	4628      	mov	r0, r5
 800623e:	f005 fa05 	bl	800b64c <HAL_PCD_SetupStageCallback>
 8006242:	e74f      	b.n	80060e4 <PCD_EP_ISR_Handler+0x6>
 8006244:	f830 3024 	ldrh.w	r3, [r0, r4, lsl #2]
 8006248:	b29e      	uxth	r6, r3
 800624a:	f413 4f00 	tst.w	r3, #32768	@ 0x8000
 800624e:	d14e      	bne.n	80062ee <PCD_EP_ISR_Handler+0x210>
 8006250:	f016 0f80 	tst.w	r6, #128	@ 0x80
 8006254:	f43f af46 	beq.w	80060e4 <PCD_EP_ISR_Handler+0x6>
 8006258:	eb04 0184 	add.w	r1, r4, r4, lsl #2
 800625c:	00c9      	lsls	r1, r1, #3
 800625e:	3110      	adds	r1, #16
 8006260:	4429      	add	r1, r5
 8006262:	682a      	ldr	r2, [r5, #0]
 8006264:	f832 3024 	ldrh.w	r3, [r2, r4, lsl #2]
 8006268:	b29b      	uxth	r3, r3
 800626a:	f423 43e1 	bic.w	r3, r3, #28800	@ 0x7080
 800626e:	f023 0370 	bic.w	r3, r3, #112	@ 0x70
 8006272:	ea6f 4343 	mvn.w	r3, r3, lsl #17
 8006276:	ea6f 4353 	mvn.w	r3, r3, lsr #17
 800627a:	b29b      	uxth	r3, r3
 800627c:	f822 3024 	strh.w	r3, [r2, r4, lsl #2]
 8006280:	eb04 0384 	add.w	r3, r4, r4, lsl #2
 8006284:	eb05 03c3 	add.w	r3, r5, r3, lsl #3
 8006288:	7cdb      	ldrb	r3, [r3, #19]
 800628a:	2b01      	cmp	r3, #1
 800628c:	f000 80ea 	beq.w	8006464 <PCD_EP_ISR_Handler+0x386>
 8006290:	f416 7f80 	tst.w	r6, #256	@ 0x100
 8006294:	f040 8181 	bne.w	800659a <PCD_EP_ISR_Handler+0x4bc>
 8006298:	6828      	ldr	r0, [r5, #0]
 800629a:	f8b0 3050 	ldrh.w	r3, [r0, #80]	@ 0x50
 800629e:	eb04 0284 	add.w	r2, r4, r4, lsl #2
 80062a2:	eb05 02c2 	add.w	r2, r5, r2, lsl #3
 80062a6:	7c16      	ldrb	r6, [r2, #16]
 80062a8:	00f2      	lsls	r2, r6, #3
 80062aa:	fa12 f383 	uxtah	r3, r2, r3
 80062ae:	4403      	add	r3, r0
 80062b0:	f8b3 3402 	ldrh.w	r3, [r3, #1026]	@ 0x402
 80062b4:	f3c3 0309 	ubfx	r3, r3, #0, #10
 80062b8:	1c62      	adds	r2, r4, #1
 80062ba:	eb02 0282 	add.w	r2, r2, r2, lsl #2
 80062be:	f855 2032 	ldr.w	r2, [r5, r2, lsl #3]
 80062c2:	429a      	cmp	r2, r3
 80062c4:	f240 814c 	bls.w	8006560 <PCD_EP_ISR_Handler+0x482>
 80062c8:	1c67      	adds	r7, r4, #1
 80062ca:	eb07 0787 	add.w	r7, r7, r7, lsl #2
 80062ce:	1ad2      	subs	r2, r2, r3
 80062d0:	f845 2037 	str.w	r2, [r5, r7, lsl #3]
 80062d4:	1c62      	adds	r2, r4, #1
 80062d6:	eb02 0282 	add.w	r2, r2, r2, lsl #2
 80062da:	f855 2032 	ldr.w	r2, [r5, r2, lsl #3]
 80062de:	2a00      	cmp	r2, #0
 80062e0:	f040 8145 	bne.w	800656e <PCD_EP_ISR_Handler+0x490>
 80062e4:	4631      	mov	r1, r6
 80062e6:	4628      	mov	r0, r5
 80062e8:	f005 f9c4 	bl	800b674 <HAL_PCD_DataInStageCallback>
 80062ec:	e6fa      	b.n	80060e4 <PCD_EP_ISR_Handler+0x6>
 80062ee:	f830 3024 	ldrh.w	r3, [r0, r4, lsl #2]
 80062f2:	b29b      	uxth	r3, r3
 80062f4:	f023 0370 	bic.w	r3, r3, #112	@ 0x70
 80062f8:	051b      	lsls	r3, r3, #20
 80062fa:	0d1b      	lsrs	r3, r3, #20
 80062fc:	f043 0380 	orr.w	r3, r3, #128	@ 0x80
 8006300:	f820 3024 	strh.w	r3, [r0, r4, lsl #2]
 8006304:	eb04 0184 	add.w	r1, r4, r4, lsl #2
 8006308:	00c9      	lsls	r1, r1, #3
 800630a:	f501 71a8 	add.w	r1, r1, #336	@ 0x150
 800630e:	eb05 0801 	add.w	r8, r5, r1
 8006312:	eb04 0384 	add.w	r3, r4, r4, lsl #2
 8006316:	eb05 03c3 	add.w	r3, r5, r3, lsl #3
 800631a:	f893 315c 	ldrb.w	r3, [r3, #348]	@ 0x15c
 800631e:	2b00      	cmp	r3, #0
 8006320:	d140      	bne.n	80063a4 <PCD_EP_ISR_Handler+0x2c6>
 8006322:	6828      	ldr	r0, [r5, #0]
 8006324:	f8b0 3050 	ldrh.w	r3, [r0, #80]	@ 0x50
 8006328:	eb04 0284 	add.w	r2, r4, r4, lsl #2
 800632c:	eb05 02c2 	add.w	r2, r5, r2, lsl #3
 8006330:	f892 2150 	ldrb.w	r2, [r2, #336]	@ 0x150
 8006334:	00d2      	lsls	r2, r2, #3
 8006336:	fa12 f383 	uxtah	r3, r2, r3
 800633a:	4403      	add	r3, r0
 800633c:	f8b3 7406 	ldrh.w	r7, [r3, #1030]	@ 0x406
 8006340:	f3c7 0709 	ubfx	r7, r7, #0, #10
 8006344:	bb17      	cbnz	r7, 800638c <PCD_EP_ISR_Handler+0x2ae>
 8006346:	eb04 0384 	add.w	r3, r4, r4, lsl #2
 800634a:	eb05 03c3 	add.w	r3, r5, r3, lsl #3
 800634e:	f8d3 216c 	ldr.w	r2, [r3, #364]	@ 0x16c
 8006352:	443a      	add	r2, r7
 8006354:	f8c3 216c 	str.w	r2, [r3, #364]	@ 0x16c
 8006358:	f8d3 2164 	ldr.w	r2, [r3, #356]	@ 0x164
 800635c:	443a      	add	r2, r7
 800635e:	f8c3 2164 	str.w	r2, [r3, #356]	@ 0x164
 8006362:	f8d3 3168 	ldr.w	r3, [r3, #360]	@ 0x168
 8006366:	b13b      	cbz	r3, 8006378 <PCD_EP_ISR_Handler+0x29a>
 8006368:	eb04 0384 	add.w	r3, r4, r4, lsl #2
 800636c:	eb05 03c3 	add.w	r3, r5, r3, lsl #3
 8006370:	f8d3 3160 	ldr.w	r3, [r3, #352]	@ 0x160
 8006374:	429f      	cmp	r7, r3
 8006376:	d270      	bcs.n	800645a <PCD_EP_ISR_Handler+0x37c>
 8006378:	eb04 0384 	add.w	r3, r4, r4, lsl #2
 800637c:	eb05 03c3 	add.w	r3, r5, r3, lsl #3
 8006380:	f893 1150 	ldrb.w	r1, [r3, #336]	@ 0x150
 8006384:	4628      	mov	r0, r5
 8006386:	f005 f969 	bl	800b65c <HAL_PCD_DataOutStageCallback>
 800638a:	e761      	b.n	8006250 <PCD_EP_ISR_Handler+0x172>
 800638c:	eb04 0184 	add.w	r1, r4, r4, lsl #2
 8006390:	eb05 01c1 	add.w	r1, r5, r1, lsl #3
 8006394:	463b      	mov	r3, r7
 8006396:	f8b1 2156 	ldrh.w	r2, [r1, #342]	@ 0x156
 800639a:	f8d1 1164 	ldr.w	r1, [r1, #356]	@ 0x164
 800639e:	f004 f9b1 	bl	800a704 <USB_ReadPMA>
 80063a2:	e7d0      	b.n	8006346 <PCD_EP_ISR_Handler+0x268>
 80063a4:	eb04 0384 	add.w	r3, r4, r4, lsl #2
 80063a8:	eb05 03c3 	add.w	r3, r5, r3, lsl #3
 80063ac:	f893 3153 	ldrb.w	r3, [r3, #339]	@ 0x153
 80063b0:	2b02      	cmp	r3, #2
 80063b2:	d033      	beq.n	800641c <PCD_EP_ISR_Handler+0x33e>
 80063b4:	6829      	ldr	r1, [r5, #0]
 80063b6:	eb04 0284 	add.w	r2, r4, r4, lsl #2
 80063ba:	eb05 02c2 	add.w	r2, r5, r2, lsl #3
 80063be:	f892 0150 	ldrb.w	r0, [r2, #336]	@ 0x150
 80063c2:	f831 3020 	ldrh.w	r3, [r1, r0, lsl #2]
 80063c6:	b29b      	uxth	r3, r3
 80063c8:	f423 43e0 	bic.w	r3, r3, #28672	@ 0x7000
 80063cc:	f023 0370 	bic.w	r3, r3, #112	@ 0x70
 80063d0:	f443 4300 	orr.w	r3, r3, #32768	@ 0x8000
 80063d4:	f043 03c0 	orr.w	r3, r3, #192	@ 0xc0
 80063d8:	f821 3020 	strh.w	r3, [r1, r0, lsl #2]
 80063dc:	6828      	ldr	r0, [r5, #0]
 80063de:	f892 3150 	ldrb.w	r3, [r2, #336]	@ 0x150
 80063e2:	f830 2023 	ldrh.w	r2, [r0, r3, lsl #2]
 80063e6:	f412 4f80 	tst.w	r2, #16384	@ 0x4000
 80063ea:	d01e      	beq.n	800642a <PCD_EP_ISR_Handler+0x34c>
 80063ec:	f8b0 2050 	ldrh.w	r2, [r0, #80]	@ 0x50
 80063f0:	00db      	lsls	r3, r3, #3
 80063f2:	fa13 f382 	uxtah	r3, r3, r2
 80063f6:	4403      	add	r3, r0
 80063f8:	f8b3 7402 	ldrh.w	r7, [r3, #1026]	@ 0x402
 80063fc:	f3c7 0709 	ubfx	r7, r7, #0, #10
 8006400:	2f00      	cmp	r7, #0
 8006402:	d0a0      	beq.n	8006346 <PCD_EP_ISR_Handler+0x268>
 8006404:	eb04 0184 	add.w	r1, r4, r4, lsl #2
 8006408:	eb05 01c1 	add.w	r1, r5, r1, lsl #3
 800640c:	463b      	mov	r3, r7
 800640e:	f8b1 2158 	ldrh.w	r2, [r1, #344]	@ 0x158
 8006412:	f8d1 1164 	ldr.w	r1, [r1, #356]	@ 0x164
 8006416:	f004 f975 	bl	800a704 <USB_ReadPMA>
 800641a:	e794      	b.n	8006346 <PCD_EP_ISR_Handler+0x268>
 800641c:	4632      	mov	r2, r6
 800641e:	4641      	mov	r1, r8
 8006420:	4628      	mov	r0, r5
 8006422:	f7ff fb26 	bl	8005a72 <HAL_PCD_EP_DB_Receive>
 8006426:	4607      	mov	r7, r0
 8006428:	e78d      	b.n	8006346 <PCD_EP_ISR_Handler+0x268>
 800642a:	f8b0 2050 	ldrh.w	r2, [r0, #80]	@ 0x50
 800642e:	00db      	lsls	r3, r3, #3
 8006430:	fa13 f382 	uxtah	r3, r3, r2
 8006434:	4403      	add	r3, r0
 8006436:	f8b3 7406 	ldrh.w	r7, [r3, #1030]	@ 0x406
 800643a:	f3c7 0709 	ubfx	r7, r7, #0, #10
 800643e:	2f00      	cmp	r7, #0
 8006440:	d081      	beq.n	8006346 <PCD_EP_ISR_Handler+0x268>
 8006442:	eb04 0184 	add.w	r1, r4, r4, lsl #2
 8006446:	eb05 01c1 	add.w	r1, r5, r1, lsl #3
 800644a:	463b      	mov	r3, r7
 800644c:	f8b1 215a 	ldrh.w	r2, [r1, #346]	@ 0x15a
 8006450:	f8d1 1164 	ldr.w	r1, [r1, #356]	@ 0x164
 8006454:	f004 f956 	bl	800a704 <USB_ReadPMA>
 8006458:	e775      	b.n	8006346 <PCD_EP_ISR_Handler+0x268>
 800645a:	4641      	mov	r1, r8
 800645c:	6828      	ldr	r0, [r5, #0]
 800645e:	f003 fe8a 	bl	800a176 <USB_EPStartXfer>
 8006462:	e6f5      	b.n	8006250 <PCD_EP_ISR_Handler+0x172>
 8006464:	1c63      	adds	r3, r4, #1
 8006466:	eb03 0383 	add.w	r3, r3, r3, lsl #2
 800646a:	00db      	lsls	r3, r3, #3
 800646c:	2200      	movs	r2, #0
 800646e:	50ea      	str	r2, [r5, r3]
 8006470:	eb04 0384 	add.w	r3, r4, r4, lsl #2
 8006474:	eb05 03c3 	add.w	r3, r5, r3, lsl #3
 8006478:	7f1b      	ldrb	r3, [r3, #28]
 800647a:	b31b      	cbz	r3, 80064c4 <PCD_EP_ISR_Handler+0x3e6>
 800647c:	f016 0f40 	tst.w	r6, #64	@ 0x40
 8006480:	d03b      	beq.n	80064fa <PCD_EP_ISR_Handler+0x41c>
 8006482:	eb04 0384 	add.w	r3, r4, r4, lsl #2
 8006486:	eb05 03c3 	add.w	r3, r5, r3, lsl #3
 800648a:	7c5b      	ldrb	r3, [r3, #17]
 800648c:	bb1b      	cbnz	r3, 80064d6 <PCD_EP_ISR_Handler+0x3f8>
 800648e:	682a      	ldr	r2, [r5, #0]
 8006490:	f8b2 3050 	ldrh.w	r3, [r2, #80]	@ 0x50
 8006494:	fa12 f383 	uxtah	r3, r2, r3
 8006498:	eb04 0284 	add.w	r2, r4, r4, lsl #2
 800649c:	eb05 02c2 	add.w	r2, r5, r2, lsl #3
 80064a0:	7c12      	ldrb	r2, [r2, #16]
 80064a2:	eb03 03c2 	add.w	r3, r3, r2, lsl #3
 80064a6:	f8b3 2402 	ldrh.w	r2, [r3, #1026]	@ 0x402
 80064aa:	f3c2 0209 	ubfx	r2, r2, #0, #10
 80064ae:	f8a3 2402 	strh.w	r2, [r3, #1026]	@ 0x402
 80064b2:	f8b3 2402 	ldrh.w	r2, [r3, #1026]	@ 0x402
 80064b6:	ea6f 4242 	mvn.w	r2, r2, lsl #17
 80064ba:	ea6f 4252 	mvn.w	r2, r2, lsr #17
 80064be:	b292      	uxth	r2, r2
 80064c0:	f8a3 2402 	strh.w	r2, [r3, #1026]	@ 0x402
 80064c4:	eb04 0484 	add.w	r4, r4, r4, lsl #2
 80064c8:	eb05 04c4 	add.w	r4, r5, r4, lsl #3
 80064cc:	7c21      	ldrb	r1, [r4, #16]
 80064ce:	4628      	mov	r0, r5
 80064d0:	f005 f8d0 	bl	800b674 <HAL_PCD_DataInStageCallback>
 80064d4:	e606      	b.n	80060e4 <PCD_EP_ISR_Handler+0x6>
 80064d6:	2b01      	cmp	r3, #1
 80064d8:	d1f4      	bne.n	80064c4 <PCD_EP_ISR_Handler+0x3e6>
 80064da:	682a      	ldr	r2, [r5, #0]
 80064dc:	f8b2 3050 	ldrh.w	r3, [r2, #80]	@ 0x50
 80064e0:	fa12 f383 	uxtah	r3, r2, r3
 80064e4:	eb04 0284 	add.w	r2, r4, r4, lsl #2
 80064e8:	eb05 02c2 	add.w	r2, r5, r2, lsl #3
 80064ec:	7c12      	ldrb	r2, [r2, #16]
 80064ee:	eb03 03c2 	add.w	r3, r3, r2, lsl #3
 80064f2:	2200      	movs	r2, #0
 80064f4:	f8a3 2402 	strh.w	r2, [r3, #1026]	@ 0x402
 80064f8:	e7e4      	b.n	80064c4 <PCD_EP_ISR_Handler+0x3e6>
 80064fa:	682a      	ldr	r2, [r5, #0]
 80064fc:	eb04 0384 	add.w	r3, r4, r4, lsl #2
 8006500:	eb05 03c3 	add.w	r3, r5, r3, lsl #3
 8006504:	7c5b      	ldrb	r3, [r3, #17]
 8006506:	b9d3      	cbnz	r3, 800653e <PCD_EP_ISR_Handler+0x460>
 8006508:	f8b2 3050 	ldrh.w	r3, [r2, #80]	@ 0x50
 800650c:	fa12 f383 	uxtah	r3, r2, r3
 8006510:	eb04 0284 	add.w	r2, r4, r4, lsl #2
 8006514:	eb05 02c2 	add.w	r2, r5, r2, lsl #3
 8006518:	7c12      	ldrb	r2, [r2, #16]
 800651a:	eb03 03c2 	add.w	r3, r3, r2, lsl #3
 800651e:	f8b3 2406 	ldrh.w	r2, [r3, #1030]	@ 0x406
 8006522:	f3c2 0209 	ubfx	r2, r2, #0, #10
 8006526:	f8a3 2406 	strh.w	r2, [r3, #1030]	@ 0x406
 800652a:	f8b3 2406 	ldrh.w	r2, [r3, #1030]	@ 0x406
 800652e:	ea6f 4242 	mvn.w	r2, r2, lsl #17
 8006532:	ea6f 4252 	mvn.w	r2, r2, lsr #17
 8006536:	b292      	uxth	r2, r2
 8006538:	f8a3 2406 	strh.w	r2, [r3, #1030]	@ 0x406
 800653c:	e7c2      	b.n	80064c4 <PCD_EP_ISR_Handler+0x3e6>
 800653e:	2b01      	cmp	r3, #1
 8006540:	d1c0      	bne.n	80064c4 <PCD_EP_ISR_Handler+0x3e6>
 8006542:	f8b2 3050 	ldrh.w	r3, [r2, #80]	@ 0x50
 8006546:	fa12 f383 	uxtah	r3, r2, r3
 800654a:	eb04 0284 	add.w	r2, r4, r4, lsl #2
 800654e:	eb05 02c2 	add.w	r2, r5, r2, lsl #3
 8006552:	7c12      	ldrb	r2, [r2, #16]
 8006554:	eb03 03c2 	add.w	r3, r3, r2, lsl #3
 8006558:	2200      	movs	r2, #0
 800655a:	f8a3 2406 	strh.w	r2, [r3, #1030]	@ 0x406
 800655e:	e7b1      	b.n	80064c4 <PCD_EP_ISR_Handler+0x3e6>
 8006560:	1c62      	adds	r2, r4, #1
 8006562:	eb02 0282 	add.w	r2, r2, r2, lsl #2
 8006566:	00d2      	lsls	r2, r2, #3
 8006568:	2700      	movs	r7, #0
 800656a:	50af      	str	r7, [r5, r2]
 800656c:	e6b2      	b.n	80062d4 <PCD_EP_ISR_Handler+0x1f6>
 800656e:	eb04 0284 	add.w	r2, r4, r4, lsl #2
 8006572:	eb05 02c2 	add.w	r2, r5, r2, lsl #3
 8006576:	6a56      	ldr	r6, [r2, #36]	@ 0x24
 8006578:	441e      	add	r6, r3
 800657a:	6256      	str	r6, [r2, #36]	@ 0x24
 800657c:	3401      	adds	r4, #1
 800657e:	eb04 0284 	add.w	r2, r4, r4, lsl #2
 8006582:	eb05 02c2 	add.w	r2, r5, r2, lsl #3
 8006586:	6852      	ldr	r2, [r2, #4]
 8006588:	eb04 0484 	add.w	r4, r4, r4, lsl #2
 800658c:	eb05 04c4 	add.w	r4, r5, r4, lsl #3
 8006590:	4413      	add	r3, r2
 8006592:	6063      	str	r3, [r4, #4]
 8006594:	f003 fdef 	bl	800a176 <USB_EPStartXfer>
 8006598:	e5a4      	b.n	80060e4 <PCD_EP_ISR_Handler+0x6>
 800659a:	4632      	mov	r2, r6
 800659c:	4628      	mov	r0, r5
 800659e:	f7ff fb67 	bl	8005c70 <HAL_PCD_EP_DB_Transmit>
 80065a2:	e59f      	b.n	80060e4 <PCD_EP_ISR_Handler+0x6>
 80065a4:	2000      	movs	r0, #0
 80065a6:	e8bd 81f0 	ldmia.w	sp!, {r4, r5, r6, r7, r8, pc}

080065aa <HAL_PCD_SetAddress>:
 80065aa:	f890 3290 	ldrb.w	r3, [r0, #656]	@ 0x290
 80065ae:	2b01      	cmp	r3, #1
 80065b0:	d00c      	beq.n	80065cc <HAL_PCD_SetAddress+0x22>
 80065b2:	b510      	push	{r4, lr}
 80065b4:	4604      	mov	r4, r0
 80065b6:	2301      	movs	r3, #1
 80065b8:	f880 3290 	strb.w	r3, [r0, #656]	@ 0x290
 80065bc:	7301      	strb	r1, [r0, #12]
 80065be:	6800      	ldr	r0, [r0, #0]
 80065c0:	f003 fdb2 	bl	800a128 <USB_SetDevAddress>
 80065c4:	2000      	movs	r0, #0
 80065c6:	f884 0290 	strb.w	r0, [r4, #656]	@ 0x290
 80065ca:	bd10      	pop	{r4, pc}
 80065cc:	2002      	movs	r0, #2
 80065ce:	4770      	bx	lr

080065d0 <HAL_PCD_IRQHandler>:
 80065d0:	b510      	push	{r4, lr}
 80065d2:	4604      	mov	r4, r0
 80065d4:	6800      	ldr	r0, [r0, #0]
 80065d6:	f003 fdb8 	bl	800a14a <USB_ReadInterrupts>
 80065da:	f410 4f00 	tst.w	r0, #32768	@ 0x8000
 80065de:	d123      	bne.n	8006628 <HAL_PCD_IRQHandler+0x58>
 80065e0:	f410 6f80 	tst.w	r0, #1024	@ 0x400
 80065e4:	d124      	bne.n	8006630 <HAL_PCD_IRQHandler+0x60>
 80065e6:	f410 4f80 	tst.w	r0, #16384	@ 0x4000
 80065ea:	d132      	bne.n	8006652 <HAL_PCD_IRQHandler+0x82>
 80065ec:	f410 5f00 	tst.w	r0, #8192	@ 0x2000
 80065f0:	d139      	bne.n	8006666 <HAL_PCD_IRQHandler+0x96>
 80065f2:	f410 5f80 	tst.w	r0, #4096	@ 0x1000
 80065f6:	d140      	bne.n	800667a <HAL_PCD_IRQHandler+0xaa>
 80065f8:	f410 6f00 	tst.w	r0, #2048	@ 0x800
 80065fc:	d167      	bne.n	80066ce <HAL_PCD_IRQHandler+0xfe>
 80065fe:	f010 0f80 	tst.w	r0, #128	@ 0x80
 8006602:	f040 8081 	bne.w	8006708 <HAL_PCD_IRQHandler+0x138>
 8006606:	f410 7f00 	tst.w	r0, #512	@ 0x200
 800660a:	f040 80ad 	bne.w	8006768 <HAL_PCD_IRQHandler+0x198>
 800660e:	f410 7f80 	tst.w	r0, #256	@ 0x100
 8006612:	d027      	beq.n	8006664 <HAL_PCD_IRQHandler+0x94>
 8006614:	6822      	ldr	r2, [r4, #0]
 8006616:	f8b2 3044 	ldrh.w	r3, [r2, #68]	@ 0x44
 800661a:	b29b      	uxth	r3, r3
 800661c:	f423 7380 	bic.w	r3, r3, #256	@ 0x100
 8006620:	b29b      	uxth	r3, r3
 8006622:	f8a2 3044 	strh.w	r3, [r2, #68]	@ 0x44
 8006626:	e01d      	b.n	8006664 <HAL_PCD_IRQHandler+0x94>
 8006628:	4620      	mov	r0, r4
 800662a:	f7ff fd58 	bl	80060de <PCD_EP_ISR_Handler>
 800662e:	e019      	b.n	8006664 <HAL_PCD_IRQHandler+0x94>
 8006630:	6822      	ldr	r2, [r4, #0]
 8006632:	f8b2 3044 	ldrh.w	r3, [r2, #68]	@ 0x44
 8006636:	b29b      	uxth	r3, r3
 8006638:	f423 6380 	bic.w	r3, r3, #1024	@ 0x400
 800663c:	b29b      	uxth	r3, r3
 800663e:	f8a2 3044 	strh.w	r3, [r2, #68]	@ 0x44
 8006642:	4620      	mov	r0, r4
 8006644:	f005 f827 	bl	800b696 <HAL_PCD_ResetCallback>
 8006648:	2100      	movs	r1, #0
 800664a:	4620      	mov	r0, r4
 800664c:	f7ff ffad 	bl	80065aa <HAL_PCD_SetAddress>
 8006650:	e008      	b.n	8006664 <HAL_PCD_IRQHandler+0x94>
 8006652:	6822      	ldr	r2, [r4, #0]
 8006654:	f8b2 3044 	ldrh.w	r3, [r2, #68]	@ 0x44
 8006658:	b29b      	uxth	r3, r3
 800665a:	f423 4380 	bic.w	r3, r3, #16384	@ 0x4000
 800665e:	b29b      	uxth	r3, r3
 8006660:	f8a2 3044 	strh.w	r3, [r2, #68]	@ 0x44
 8006664:	bd10      	pop	{r4, pc}
 8006666:	6822      	ldr	r2, [r4, #0]
 8006668:	f8b2 3044 	ldrh.w	r3, [r2, #68]	@ 0x44
 800666c:	b29b      	uxth	r3, r3
 800666e:	f423 5300 	bic.w	r3, r3, #8192	@ 0x2000
 8006672:	b29b      	uxth	r3, r3
 8006674:	f8a2 3044 	strh.w	r3, [r2, #68]	@ 0x44
 8006678:	e7f4      	b.n	8006664 <HAL_PCD_IRQHandler+0x94>
 800667a:	6822      	ldr	r2, [r4, #0]
 800667c:	f8b2 3040 	ldrh.w	r3, [r2, #64]	@ 0x40
 8006680:	b29b      	uxth	r3, r3
 8006682:	f023 0304 	bic.w	r3, r3, #4
 8006686:	b29b      	uxth	r3, r3
 8006688:	f8a2 3040 	strh.w	r3, [r2, #64]	@ 0x40
 800668c:	6822      	ldr	r2, [r4, #0]
 800668e:	f8b2 3040 	ldrh.w	r3, [r2, #64]	@ 0x40
 8006692:	b29b      	uxth	r3, r3
 8006694:	f023 0308 	bic.w	r3, r3, #8
 8006698:	b29b      	uxth	r3, r3
 800669a:	f8a2 3040 	strh.w	r3, [r2, #64]	@ 0x40
 800669e:	f894 32c8 	ldrb.w	r3, [r4, #712]	@ 0x2c8
 80066a2:	2b01      	cmp	r3, #1
 80066a4:	d00c      	beq.n	80066c0 <HAL_PCD_IRQHandler+0xf0>
 80066a6:	4620      	mov	r0, r4
 80066a8:	f005 f818 	bl	800b6dc <HAL_PCD_ResumeCallback>
 80066ac:	6822      	ldr	r2, [r4, #0]
 80066ae:	f8b2 3044 	ldrh.w	r3, [r2, #68]	@ 0x44
 80066b2:	b29b      	uxth	r3, r3
 80066b4:	f423 5380 	bic.w	r3, r3, #4096	@ 0x1000
 80066b8:	b29b      	uxth	r3, r3
 80066ba:	f8a2 3044 	strh.w	r3, [r2, #68]	@ 0x44
 80066be:	e7d1      	b.n	8006664 <HAL_PCD_IRQHandler+0x94>
 80066c0:	2100      	movs	r1, #0
 80066c2:	f884 12c8 	strb.w	r1, [r4, #712]	@ 0x2c8
 80066c6:	4620      	mov	r0, r4
 80066c8:	f005 f8c4 	bl	800b854 <HAL_PCDEx_LPM_Callback>
 80066cc:	e7eb      	b.n	80066a6 <HAL_PCD_IRQHandler+0xd6>
 80066ce:	6822      	ldr	r2, [r4, #0]
 80066d0:	f8b2 3040 	ldrh.w	r3, [r2, #64]	@ 0x40
 80066d4:	b29b      	uxth	r3, r3
 80066d6:	f043 0308 	orr.w	r3, r3, #8
 80066da:	f8a2 3040 	strh.w	r3, [r2, #64]	@ 0x40
 80066de:	6822      	ldr	r2, [r4, #0]
 80066e0:	f8b2 3044 	ldrh.w	r3, [r2, #68]	@ 0x44
 80066e4:	b29b      	uxth	r3, r3
 80066e6:	f423 6300 	bic.w	r3, r3, #2048	@ 0x800
 80066ea:	b29b      	uxth	r3, r3
 80066ec:	f8a2 3044 	strh.w	r3, [r2, #68]	@ 0x44
 80066f0:	6822      	ldr	r2, [r4, #0]
 80066f2:	f8b2 3040 	ldrh.w	r3, [r2, #64]	@ 0x40
 80066f6:	b29b      	uxth	r3, r3
 80066f8:	f043 0304 	orr.w	r3, r3, #4
 80066fc:	f8a2 3040 	strh.w	r3, [r2, #64]	@ 0x40
 8006700:	4620      	mov	r0, r4
 8006702:	f004 ffdb 	bl	800b6bc <HAL_PCD_SuspendCallback>
 8006706:	e7ad      	b.n	8006664 <HAL_PCD_IRQHandler+0x94>
 8006708:	6822      	ldr	r2, [r4, #0]
 800670a:	f8b2 3044 	ldrh.w	r3, [r2, #68]	@ 0x44
 800670e:	b29b      	uxth	r3, r3
 8006710:	f023 0380 	bic.w	r3, r3, #128	@ 0x80
 8006714:	b29b      	uxth	r3, r3
 8006716:	f8a2 3044 	strh.w	r3, [r2, #68]	@ 0x44
 800671a:	f894 32c8 	ldrb.w	r3, [r4, #712]	@ 0x2c8
 800671e:	b9fb      	cbnz	r3, 8006760 <HAL_PCD_IRQHandler+0x190>
 8006720:	6822      	ldr	r2, [r4, #0]
 8006722:	f8b2 3040 	ldrh.w	r3, [r2, #64]	@ 0x40
 8006726:	b29b      	uxth	r3, r3
 8006728:	f043 0304 	orr.w	r3, r3, #4
 800672c:	f8a2 3040 	strh.w	r3, [r2, #64]	@ 0x40
 8006730:	6822      	ldr	r2, [r4, #0]
 8006732:	f8b2 3040 	ldrh.w	r3, [r2, #64]	@ 0x40
 8006736:	b29b      	uxth	r3, r3
 8006738:	f043 0308 	orr.w	r3, r3, #8
 800673c:	f8a2 3040 	strh.w	r3, [r2, #64]	@ 0x40
 8006740:	2101      	movs	r1, #1
 8006742:	f884 12c8 	strb.w	r1, [r4, #712]	@ 0x2c8
 8006746:	6823      	ldr	r3, [r4, #0]
 8006748:	f8b3 3054 	ldrh.w	r3, [r3, #84]	@ 0x54
 800674c:	f3c3 038d 	ubfx	r3, r3, #2, #14
 8006750:	f003 033c 	and.w	r3, r3, #60	@ 0x3c
 8006754:	f8c4 32cc 	str.w	r3, [r4, #716]	@ 0x2cc
 8006758:	4620      	mov	r0, r4
 800675a:	f005 f87b 	bl	800b854 <HAL_PCDEx_LPM_Callback>
 800675e:	e781      	b.n	8006664 <HAL_PCD_IRQHandler+0x94>
 8006760:	4620      	mov	r0, r4
 8006762:	f004 ffab 	bl	800b6bc <HAL_PCD_SuspendCallback>
 8006766:	e77d      	b.n	8006664 <HAL_PCD_IRQHandler+0x94>
 8006768:	6822      	ldr	r2, [r4, #0]
 800676a:	f8b2 3044 	ldrh.w	r3, [r2, #68]	@ 0x44
 800676e:	b29b      	uxth	r3, r3
 8006770:	f423 7300 	bic.w	r3, r3, #512	@ 0x200
 8006774:	b29b      	uxth	r3, r3
 8006776:	f8a2 3044 	strh.w	r3, [r2, #68]	@ 0x44
 800677a:	4620      	mov	r0, r4
 800677c:	f004 ff85 	bl	800b68a <HAL_PCD_SOFCallback>
 8006780:	e770      	b.n	8006664 <HAL_PCD_IRQHandler+0x94>

08006782 <HAL_PCD_EP_Open>:
 8006782:	b510      	push	{r4, lr}
 8006784:	4604      	mov	r4, r0
 8006786:	4608      	mov	r0, r1
 8006788:	f011 0f80 	tst.w	r1, #128	@ 0x80
 800678c:	d127      	bne.n	80067de <HAL_PCD_EP_Open+0x5c>
 800678e:	f001 0c07 	and.w	ip, r1, #7
 8006792:	eb0c 018c 	add.w	r1, ip, ip, lsl #2
 8006796:	00c9      	lsls	r1, r1, #3
 8006798:	f501 7ea8 	add.w	lr, r1, #336	@ 0x150
 800679c:	eb04 010e 	add.w	r1, r4, lr
 80067a0:	eb0c 0c8c 	add.w	ip, ip, ip, lsl #2
 80067a4:	eb04 0ccc 	add.w	ip, r4, ip, lsl #3
 80067a8:	f04f 0e00 	mov.w	lr, #0
 80067ac:	f88c e151 	strb.w	lr, [ip, #337]	@ 0x151
 80067b0:	f000 0007 	and.w	r0, r0, #7
 80067b4:	7008      	strb	r0, [r1, #0]
 80067b6:	f3c2 020a 	ubfx	r2, r2, #0, #11
 80067ba:	610a      	str	r2, [r1, #16]
 80067bc:	70cb      	strb	r3, [r1, #3]
 80067be:	2b02      	cmp	r3, #2
 80067c0:	d01d      	beq.n	80067fe <HAL_PCD_EP_Open+0x7c>
 80067c2:	f894 3290 	ldrb.w	r3, [r4, #656]	@ 0x290
 80067c6:	2b01      	cmp	r3, #1
 80067c8:	d01c      	beq.n	8006804 <HAL_PCD_EP_Open+0x82>
 80067ca:	2301      	movs	r3, #1
 80067cc:	f884 3290 	strb.w	r3, [r4, #656]	@ 0x290
 80067d0:	6820      	ldr	r0, [r4, #0]
 80067d2:	f003 f892 	bl	80098fa <USB_ActivateEndpoint>
 80067d6:	2000      	movs	r0, #0
 80067d8:	f884 0290 	strb.w	r0, [r4, #656]	@ 0x290
 80067dc:	bd10      	pop	{r4, pc}
 80067de:	f001 0c07 	and.w	ip, r1, #7
 80067e2:	eb0c 018c 	add.w	r1, ip, ip, lsl #2
 80067e6:	00c9      	lsls	r1, r1, #3
 80067e8:	3110      	adds	r1, #16
 80067ea:	4421      	add	r1, r4
 80067ec:	eb0c 0c8c 	add.w	ip, ip, ip, lsl #2
 80067f0:	eb04 0ccc 	add.w	ip, r4, ip, lsl #3
 80067f4:	f04f 0e01 	mov.w	lr, #1
 80067f8:	f88c e011 	strb.w	lr, [ip, #17]
 80067fc:	e7d8      	b.n	80067b0 <HAL_PCD_EP_Open+0x2e>
 80067fe:	2300      	movs	r3, #0
 8006800:	710b      	strb	r3, [r1, #4]
 8006802:	e7de      	b.n	80067c2 <HAL_PCD_EP_Open+0x40>
 8006804:	2002      	movs	r0, #2
 8006806:	e7e9      	b.n	80067dc <HAL_PCD_EP_Open+0x5a>

08006808 <HAL_PCD_EP_Close>:
 8006808:	b510      	push	{r4, lr}
 800680a:	4604      	mov	r4, r0
 800680c:	460a      	mov	r2, r1
 800680e:	f011 0f80 	tst.w	r1, #128	@ 0x80
 8006812:	d11f      	bne.n	8006854 <HAL_PCD_EP_Close+0x4c>
 8006814:	f001 0007 	and.w	r0, r1, #7
 8006818:	eb00 0380 	add.w	r3, r0, r0, lsl #2
 800681c:	00db      	lsls	r3, r3, #3
 800681e:	f503 73a8 	add.w	r3, r3, #336	@ 0x150
 8006822:	18e1      	adds	r1, r4, r3
 8006824:	eb00 0080 	add.w	r0, r0, r0, lsl #2
 8006828:	eb04 00c0 	add.w	r0, r4, r0, lsl #3
 800682c:	2300      	movs	r3, #0
 800682e:	f880 3151 	strb.w	r3, [r0, #337]	@ 0x151
 8006832:	f002 0207 	and.w	r2, r2, #7
 8006836:	700a      	strb	r2, [r1, #0]
 8006838:	f894 3290 	ldrb.w	r3, [r4, #656]	@ 0x290
 800683c:	2b01      	cmp	r3, #1
 800683e:	d017      	beq.n	8006870 <HAL_PCD_EP_Close+0x68>
 8006840:	2301      	movs	r3, #1
 8006842:	f884 3290 	strb.w	r3, [r4, #656]	@ 0x290
 8006846:	6820      	ldr	r0, [r4, #0]
 8006848:	f003 fb10 	bl	8009e6c <USB_DeactivateEndpoint>
 800684c:	2000      	movs	r0, #0
 800684e:	f884 0290 	strb.w	r0, [r4, #656]	@ 0x290
 8006852:	bd10      	pop	{r4, pc}
 8006854:	f001 0007 	and.w	r0, r1, #7
 8006858:	eb00 0380 	add.w	r3, r0, r0, lsl #2
 800685c:	00db      	lsls	r3, r3, #3
 800685e:	3310      	adds	r3, #16
 8006860:	18e1      	adds	r1, r4, r3
 8006862:	eb00 0080 	add.w	r0, r0, r0, lsl #2
 8006866:	eb04 00c0 	add.w	r0, r4, r0, lsl #3
 800686a:	2301      	movs	r3, #1
 800686c:	7443      	strb	r3, [r0, #17]
 800686e:	e7e0      	b.n	8006832 <HAL_PCD_EP_Close+0x2a>
 8006870:	2002      	movs	r0, #2
 8006872:	e7ee      	b.n	8006852 <HAL_PCD_EP_Close+0x4a>

08006874 <HAL_PCD_EP_Receive>:
 8006874:	b510      	push	{r4, lr}
 8006876:	f001 0c07 	and.w	ip, r1, #7
 800687a:	eb0c 018c 	add.w	r1, ip, ip, lsl #2
 800687e:	00c9      	lsls	r1, r1, #3
 8006880:	f501 71a8 	add.w	r1, r1, #336	@ 0x150
 8006884:	eb0c 0e8c 	add.w	lr, ip, ip, lsl #2
 8006888:	eb00 0ece 	add.w	lr, r0, lr, lsl #3
 800688c:	f8ce 2164 	str.w	r2, [lr, #356]	@ 0x164
 8006890:	f8ce 3168 	str.w	r3, [lr, #360]	@ 0x168
 8006894:	2400      	movs	r4, #0
 8006896:	f8ce 416c 	str.w	r4, [lr, #364]	@ 0x16c
 800689a:	f88e 4151 	strb.w	r4, [lr, #337]	@ 0x151
 800689e:	f88e c150 	strb.w	ip, [lr, #336]	@ 0x150
 80068a2:	4401      	add	r1, r0
 80068a4:	6800      	ldr	r0, [r0, #0]
 80068a6:	f003 fc66 	bl	800a176 <USB_EPStartXfer>
 80068aa:	4620      	mov	r0, r4
 80068ac:	bd10      	pop	{r4, pc}

080068ae <HAL_PCD_EP_GetRxCount>:
 80068ae:	f001 0107 	and.w	r1, r1, #7
 80068b2:	eb01 0181 	add.w	r1, r1, r1, lsl #2
 80068b6:	eb00 00c1 	add.w	r0, r0, r1, lsl #3
 80068ba:	f8d0 016c 	ldr.w	r0, [r0, #364]	@ 0x16c
 80068be:	4770      	bx	lr

080068c0 <HAL_PCD_EP_Transmit>:
 80068c0:	b538      	push	{r3, r4, r5, lr}
 80068c2:	f001 0c07 	and.w	ip, r1, #7
 80068c6:	eb0c 018c 	add.w	r1, ip, ip, lsl #2
 80068ca:	00c9      	lsls	r1, r1, #3
 80068cc:	3110      	adds	r1, #16
 80068ce:	eb0c 0e8c 	add.w	lr, ip, ip, lsl #2
 80068d2:	eb00 0ece 	add.w	lr, r0, lr, lsl #3
 80068d6:	f8ce 2024 	str.w	r2, [lr, #36]	@ 0x24
 80068da:	f10c 0201 	add.w	r2, ip, #1
 80068de:	eb02 0482 	add.w	r4, r2, r2, lsl #2
 80068e2:	f840 3034 	str.w	r3, [r0, r4, lsl #3]
 80068e6:	2501      	movs	r5, #1
 80068e8:	f88e 5034 	strb.w	r5, [lr, #52]	@ 0x34
 80068ec:	f8ce 3030 	str.w	r3, [lr, #48]	@ 0x30
 80068f0:	eb00 02c4 	add.w	r2, r0, r4, lsl #3
 80068f4:	2400      	movs	r4, #0
 80068f6:	6054      	str	r4, [r2, #4]
 80068f8:	f88e 5011 	strb.w	r5, [lr, #17]
 80068fc:	f88e c010 	strb.w	ip, [lr, #16]
 8006900:	4401      	add	r1, r0
 8006902:	6800      	ldr	r0, [r0, #0]
 8006904:	f003 fc37 	bl	800a176 <USB_EPStartXfer>
 8006908:	4620      	mov	r0, r4
 800690a:	bd38      	pop	{r3, r4, r5, pc}

0800690c <HAL_PCD_EP_SetStall>:
 800690c:	460b      	mov	r3, r1
 800690e:	f001 0207 	and.w	r2, r1, #7
 8006912:	7901      	ldrb	r1, [r0, #4]
 8006914:	4291      	cmp	r1, r2
 8006916:	d32e      	bcc.n	8006976 <HAL_PCD_EP_SetStall+0x6a>
 8006918:	b510      	push	{r4, lr}
 800691a:	4604      	mov	r4, r0
 800691c:	f013 0f80 	tst.w	r3, #128	@ 0x80
 8006920:	d11d      	bne.n	800695e <HAL_PCD_EP_SetStall+0x52>
 8006922:	eb03 0183 	add.w	r1, r3, r3, lsl #2
 8006926:	00c9      	lsls	r1, r1, #3
 8006928:	f501 71a8 	add.w	r1, r1, #336	@ 0x150
 800692c:	4401      	add	r1, r0
 800692e:	eb03 0383 	add.w	r3, r3, r3, lsl #2
 8006932:	eb00 03c3 	add.w	r3, r0, r3, lsl #3
 8006936:	2000      	movs	r0, #0
 8006938:	f883 0151 	strb.w	r0, [r3, #337]	@ 0x151
 800693c:	2301      	movs	r3, #1
 800693e:	708b      	strb	r3, [r1, #2]
 8006940:	700a      	strb	r2, [r1, #0]
 8006942:	f894 3290 	ldrb.w	r3, [r4, #656]	@ 0x290
 8006946:	2b01      	cmp	r3, #1
 8006948:	d017      	beq.n	800697a <HAL_PCD_EP_SetStall+0x6e>
 800694a:	2301      	movs	r3, #1
 800694c:	f884 3290 	strb.w	r3, [r4, #656]	@ 0x290
 8006950:	6820      	ldr	r0, [r4, #0]
 8006952:	f003 fb76 	bl	800a042 <USB_EPSetStall>
 8006956:	2000      	movs	r0, #0
 8006958:	f884 0290 	strb.w	r0, [r4, #656]	@ 0x290
 800695c:	bd10      	pop	{r4, pc}
 800695e:	eb02 0182 	add.w	r1, r2, r2, lsl #2
 8006962:	00c9      	lsls	r1, r1, #3
 8006964:	3110      	adds	r1, #16
 8006966:	4401      	add	r1, r0
 8006968:	eb02 0382 	add.w	r3, r2, r2, lsl #2
 800696c:	eb00 03c3 	add.w	r3, r0, r3, lsl #3
 8006970:	2001      	movs	r0, #1
 8006972:	7458      	strb	r0, [r3, #17]
 8006974:	e7e2      	b.n	800693c <HAL_PCD_EP_SetStall+0x30>
 8006976:	2001      	movs	r0, #1
 8006978:	4770      	bx	lr
 800697a:	2002      	movs	r0, #2
 800697c:	e7ee      	b.n	800695c <HAL_PCD_EP_SetStall+0x50>

0800697e <HAL_PCD_EP_ClrStall>:
 800697e:	460b      	mov	r3, r1
 8006980:	7901      	ldrb	r1, [r0, #4]
 8006982:	f003 020f 	and.w	r2, r3, #15
 8006986:	4291      	cmp	r1, r2
 8006988:	d334      	bcc.n	80069f4 <HAL_PCD_EP_ClrStall+0x76>
 800698a:	b510      	push	{r4, lr}
 800698c:	4604      	mov	r4, r0
 800698e:	f013 0f80 	tst.w	r3, #128	@ 0x80
 8006992:	d121      	bne.n	80069d8 <HAL_PCD_EP_ClrStall+0x5a>
 8006994:	f003 0207 	and.w	r2, r3, #7
 8006998:	eb02 0182 	add.w	r1, r2, r2, lsl #2
 800699c:	00c9      	lsls	r1, r1, #3
 800699e:	f501 71a8 	add.w	r1, r1, #336	@ 0x150
 80069a2:	4401      	add	r1, r0
 80069a4:	eb02 0282 	add.w	r2, r2, r2, lsl #2
 80069a8:	eb00 02c2 	add.w	r2, r0, r2, lsl #3
 80069ac:	2000      	movs	r0, #0
 80069ae:	f882 0151 	strb.w	r0, [r2, #337]	@ 0x151
 80069b2:	2200      	movs	r2, #0
 80069b4:	708a      	strb	r2, [r1, #2]
 80069b6:	f003 0307 	and.w	r3, r3, #7
 80069ba:	700b      	strb	r3, [r1, #0]
 80069bc:	f894 3290 	ldrb.w	r3, [r4, #656]	@ 0x290
 80069c0:	2b01      	cmp	r3, #1
 80069c2:	d019      	beq.n	80069f8 <HAL_PCD_EP_ClrStall+0x7a>
 80069c4:	2301      	movs	r3, #1
 80069c6:	f884 3290 	strb.w	r3, [r4, #656]	@ 0x290
 80069ca:	6820      	ldr	r0, [r4, #0]
 80069cc:	f003 fb5e 	bl	800a08c <USB_EPClearStall>
 80069d0:	2000      	movs	r0, #0
 80069d2:	f884 0290 	strb.w	r0, [r4, #656]	@ 0x290
 80069d6:	bd10      	pop	{r4, pc}
 80069d8:	f003 0207 	and.w	r2, r3, #7
 80069dc:	eb02 0182 	add.w	r1, r2, r2, lsl #2
 80069e0:	00c9      	lsls	r1, r1, #3
 80069e2:	3110      	adds	r1, #16
 80069e4:	4401      	add	r1, r0
 80069e6:	eb02 0282 	add.w	r2, r2, r2, lsl #2
 80069ea:	eb00 02c2 	add.w	r2, r0, r2, lsl #3
 80069ee:	2001      	movs	r0, #1
 80069f0:	7450      	strb	r0, [r2, #17]
 80069f2:	e7de      	b.n	80069b2 <HAL_PCD_EP_ClrStall+0x34>
 80069f4:	2001      	movs	r0, #1
 80069f6:	4770      	bx	lr
 80069f8:	2002      	movs	r0, #2
 80069fa:	e7ec      	b.n	80069d6 <HAL_PCD_EP_ClrStall+0x58>

080069fc <HAL_PCDEx_PMAConfig>:
 80069fc:	f011 0f80 	tst.w	r1, #128	@ 0x80
 8006a00:	d00b      	beq.n	8006a1a <HAL_PCDEx_PMAConfig+0x1e>
 8006a02:	f001 0107 	and.w	r1, r1, #7
 8006a06:	eb01 0181 	add.w	r1, r1, r1, lsl #2
 8006a0a:	00c9      	lsls	r1, r1, #3
 8006a0c:	3110      	adds	r1, #16
 8006a0e:	4408      	add	r0, r1
 8006a10:	b952      	cbnz	r2, 8006a28 <HAL_PCDEx_PMAConfig+0x2c>
 8006a12:	7302      	strb	r2, [r0, #12]
 8006a14:	80c3      	strh	r3, [r0, #6]
 8006a16:	2000      	movs	r0, #0
 8006a18:	4770      	bx	lr
 8006a1a:	eb01 0181 	add.w	r1, r1, r1, lsl #2
 8006a1e:	00c9      	lsls	r1, r1, #3
 8006a20:	f501 71a8 	add.w	r1, r1, #336	@ 0x150
 8006a24:	4408      	add	r0, r1
 8006a26:	e7f3      	b.n	8006a10 <HAL_PCDEx_PMAConfig+0x14>
 8006a28:	2201      	movs	r2, #1
 8006a2a:	7302      	strb	r2, [r0, #12]
 8006a2c:	8103      	strh	r3, [r0, #8]
 8006a2e:	0c1b      	lsrs	r3, r3, #16
 8006a30:	8143      	strh	r3, [r0, #10]
 8006a32:	e7f0      	b.n	8006a16 <HAL_PCDEx_PMAConfig+0x1a>

08006a34 <HAL_PCDEx_ActivateLPM>:
 8006a34:	4603      	mov	r3, r0
 8006a36:	6802      	ldr	r2, [r0, #0]
 8006a38:	2101      	movs	r1, #1
 8006a3a:	f8c0 12d0 	str.w	r1, [r0, #720]	@ 0x2d0
 8006a3e:	2000      	movs	r0, #0
 8006a40:	f883 02c8 	strb.w	r0, [r3, #712]	@ 0x2c8
 8006a44:	f8b2 3054 	ldrh.w	r3, [r2, #84]	@ 0x54
 8006a48:	b29b      	uxth	r3, r3
 8006a4a:	430b      	orrs	r3, r1
 8006a4c:	f8a2 3054 	strh.w	r3, [r2, #84]	@ 0x54
 8006a50:	f8b2 3054 	ldrh.w	r3, [r2, #84]	@ 0x54
 8006a54:	b29b      	uxth	r3, r3
 8006a56:	f043 0302 	orr.w	r3, r3, #2
 8006a5a:	f8a2 3054 	strh.w	r3, [r2, #84]	@ 0x54
 8006a5e:	4770      	bx	lr

08006a60 <HAL_PWR_EnableBkUpAccess>:
 8006a60:	4a02      	ldr	r2, [pc, #8]	@ (8006a6c <HAL_PWR_EnableBkUpAccess+0xc>)
 8006a62:	6813      	ldr	r3, [r2, #0]
 8006a64:	f443 7380 	orr.w	r3, r3, #256	@ 0x100
 8006a68:	6013      	str	r3, [r2, #0]
 8006a6a:	4770      	bx	lr
 8006a6c:	58000400 	.word	0x58000400

08006a70 <HAL_PWREx_GetVoltageRange>:
 8006a70:	4b02      	ldr	r3, [pc, #8]	@ (8006a7c <HAL_PWREx_GetVoltageRange+0xc>)
 8006a72:	6818      	ldr	r0, [r3, #0]
 8006a74:	f400 60c0 	and.w	r0, r0, #1536	@ 0x600
 8006a78:	4770      	bx	lr
 8006a7a:	bf00      	nop
 8006a7c:	58000400 	.word	0x58000400

08006a80 <HAL_PWREx_EnableVddUSB>:
 8006a80:	4a02      	ldr	r2, [pc, #8]	@ (8006a8c <HAL_PWREx_EnableVddUSB+0xc>)
 8006a82:	6853      	ldr	r3, [r2, #4]
 8006a84:	f443 6380 	orr.w	r3, r3, #1024	@ 0x400
 8006a88:	6053      	str	r3, [r2, #4]
 8006a8a:	4770      	bx	lr
 8006a8c:	58000400 	.word	0x58000400

08006a90 <RCC_SetFlashLatency>:
 8006a90:	b530      	push	{r4, r5, lr}
 8006a92:	b08d      	sub	sp, #52	@ 0x34
 8006a94:	4604      	mov	r4, r0
 8006a96:	468e      	mov	lr, r1
 8006a98:	f8df c0b0 	ldr.w	ip, [pc, #176]	@ 8006b4c <RCC_SetFlashLatency+0xbc>
 8006a9c:	e89c 000f 	ldmia.w	ip, {r0, r1, r2, r3}
 8006aa0:	ad0c      	add	r5, sp, #48	@ 0x30
 8006aa2:	e905 000f 	stmdb	r5, {r0, r1, r2, r3}
 8006aa6:	ab05      	add	r3, sp, #20
 8006aa8:	f10c 0210 	add.w	r2, ip, #16
 8006aac:	ca07      	ldmia	r2, {r0, r1, r2}
 8006aae:	e883 0007 	stmia.w	r3, {r0, r1, r2}
 8006ab2:	ad01      	add	r5, sp, #4
 8006ab4:	f10c 0c1c 	add.w	ip, ip, #28
 8006ab8:	e89c 000f 	ldmia.w	ip, {r0, r1, r2, r3}
 8006abc:	e885 000f 	stmia.w	r5, {r0, r1, r2, r3}
 8006ac0:	f5be 7f00 	cmp.w	lr, #512	@ 0x200
 8006ac4:	d007      	beq.n	8006ad6 <RCC_SetFlashLatency+0x46>
 8006ac6:	2300      	movs	r3, #0
 8006ac8:	e014      	b.n	8006af4 <RCC_SetFlashLatency+0x64>
 8006aca:	aa0c      	add	r2, sp, #48	@ 0x30
 8006acc:	eb02 0383 	add.w	r3, r2, r3, lsl #2
 8006ad0:	f853 5c2c 	ldr.w	r5, [r3, #-44]
 8006ad4:	e01e      	b.n	8006b14 <RCC_SetFlashLatency+0x84>
 8006ad6:	2300      	movs	r3, #0
 8006ad8:	2b03      	cmp	r3, #3
 8006ada:	d808      	bhi.n	8006aee <RCC_SetFlashLatency+0x5e>
 8006adc:	aa0c      	add	r2, sp, #48	@ 0x30
 8006ade:	eb02 0283 	add.w	r2, r2, r3, lsl #2
 8006ae2:	f852 2c10 	ldr.w	r2, [r2, #-16]
 8006ae6:	42a2      	cmp	r2, r4
 8006ae8:	d2ef      	bcs.n	8006aca <RCC_SetFlashLatency+0x3a>
 8006aea:	3301      	adds	r3, #1
 8006aec:	e7f4      	b.n	8006ad8 <RCC_SetFlashLatency+0x48>
 8006aee:	2500      	movs	r5, #0
 8006af0:	e010      	b.n	8006b14 <RCC_SetFlashLatency+0x84>
 8006af2:	3301      	adds	r3, #1
 8006af4:	2b02      	cmp	r3, #2
 8006af6:	d80c      	bhi.n	8006b12 <RCC_SetFlashLatency+0x82>
 8006af8:	aa0c      	add	r2, sp, #48	@ 0x30
 8006afa:	eb02 0283 	add.w	r2, r2, r3, lsl #2
 8006afe:	f852 2c1c 	ldr.w	r2, [r2, #-28]
 8006b02:	42a2      	cmp	r2, r4
 8006b04:	d3f5      	bcc.n	8006af2 <RCC_SetFlashLatency+0x62>
 8006b06:	aa0c      	add	r2, sp, #48	@ 0x30
 8006b08:	eb02 0383 	add.w	r3, r2, r3, lsl #2
 8006b0c:	f853 5c2c 	ldr.w	r5, [r3, #-44]
 8006b10:	e000      	b.n	8006b14 <RCC_SetFlashLatency+0x84>
 8006b12:	2500      	movs	r5, #0
 8006b14:	4a0c      	ldr	r2, [pc, #48]	@ (8006b48 <RCC_SetFlashLatency+0xb8>)
 8006b16:	6813      	ldr	r3, [r2, #0]
 8006b18:	f023 0307 	bic.w	r3, r3, #7
 8006b1c:	432b      	orrs	r3, r5
 8006b1e:	6013      	str	r3, [r2, #0]
 8006b20:	f7fe f80a 	bl	8004b38 <HAL_GetTick>
 8006b24:	4604      	mov	r4, r0
 8006b26:	4b08      	ldr	r3, [pc, #32]	@ (8006b48 <RCC_SetFlashLatency+0xb8>)
 8006b28:	681b      	ldr	r3, [r3, #0]
 8006b2a:	f003 0307 	and.w	r3, r3, #7
 8006b2e:	42ab      	cmp	r3, r5
 8006b30:	d006      	beq.n	8006b40 <RCC_SetFlashLatency+0xb0>
 8006b32:	f7fe f801 	bl	8004b38 <HAL_GetTick>
 8006b36:	1b00      	subs	r0, r0, r4
 8006b38:	2802      	cmp	r0, #2
 8006b3a:	d9f4      	bls.n	8006b26 <RCC_SetFlashLatency+0x96>
 8006b3c:	2003      	movs	r0, #3
 8006b3e:	e000      	b.n	8006b42 <RCC_SetFlashLatency+0xb2>
 8006b40:	2000      	movs	r0, #0
 8006b42:	b00d      	add	sp, #52	@ 0x34
 8006b44:	bd30      	pop	{r4, r5, pc}
 8006b46:	bf00      	nop
 8006b48:	58004000 	.word	0x58004000
 8006b4c:	0800d868 	.word	0x0800d868

08006b50 <RCC_SetFlashLatencyFromMSIRange>:
 8006b50:	b510      	push	{r4, lr}
 8006b52:	28b0      	cmp	r0, #176	@ 0xb0
 8006b54:	d918      	bls.n	8006b88 <RCC_SetFlashLatencyFromMSIRange+0x38>
 8006b56:	4b0f      	ldr	r3, [pc, #60]	@ (8006b94 <RCC_SetFlashLatencyFromMSIRange+0x44>)
 8006b58:	6adb      	ldr	r3, [r3, #44]	@ 0x2c
 8006b5a:	f04f 42b0 	mov.w	r2, #1476395008	@ 0x58000000
 8006b5e:	f8d2 2108 	ldr.w	r2, [r2, #264]	@ 0x108
 8006b62:	f002 020f 	and.w	r2, r2, #15
 8006b66:	490c      	ldr	r1, [pc, #48]	@ (8006b98 <RCC_SetFlashLatencyFromMSIRange+0x48>)
 8006b68:	f851 2022 	ldr.w	r2, [r1, r2, lsl #2]
 8006b6c:	fbb3 f3f2 	udiv	r3, r3, r2
 8006b70:	4a0a      	ldr	r2, [pc, #40]	@ (8006b9c <RCC_SetFlashLatencyFromMSIRange+0x4c>)
 8006b72:	fba2 2303 	umull	r2, r3, r2, r3
 8006b76:	0c9b      	lsrs	r3, r3, #18
 8006b78:	461c      	mov	r4, r3
 8006b7a:	f7ff ff79 	bl	8006a70 <HAL_PWREx_GetVoltageRange>
 8006b7e:	4601      	mov	r1, r0
 8006b80:	4620      	mov	r0, r4
 8006b82:	f7ff ff85 	bl	8006a90 <RCC_SetFlashLatency>
 8006b86:	bd10      	pop	{r4, pc}
 8006b88:	f3c0 1003 	ubfx	r0, r0, #4, #4
 8006b8c:	4b01      	ldr	r3, [pc, #4]	@ (8006b94 <RCC_SetFlashLatencyFromMSIRange+0x44>)
 8006b8e:	f853 3020 	ldr.w	r3, [r3, r0, lsl #2]
 8006b92:	e7e2      	b.n	8006b5a <RCC_SetFlashLatencyFromMSIRange+0xa>
 8006b94:	0800daec 	.word	0x0800daec
 8006b98:	0800db4c 	.word	0x0800db4c
 8006b9c:	431bde83 	.word	0x431bde83

08006ba0 <HAL_RCC_GetSysClockFreq>:
 8006ba0:	f04f 43b0 	mov.w	r3, #1476395008	@ 0x58000000
 8006ba4:	689b      	ldr	r3, [r3, #8]
 8006ba6:	f013 030c 	ands.w	r3, r3, #12
 8006baa:	d10d      	bne.n	8006bc8 <HAL_RCC_GetSysClockFreq+0x28>
 8006bac:	f04f 43b0 	mov.w	r3, #1476395008	@ 0x58000000
 8006bb0:	681b      	ldr	r3, [r3, #0]
 8006bb2:	f003 03f0 	and.w	r3, r3, #240	@ 0xf0
 8006bb6:	2bb0      	cmp	r3, #176	@ 0xb0
 8006bb8:	d804      	bhi.n	8006bc4 <HAL_RCC_GetSysClockFreq+0x24>
 8006bba:	091b      	lsrs	r3, r3, #4
 8006bbc:	4a25      	ldr	r2, [pc, #148]	@ (8006c54 <HAL_RCC_GetSysClockFreq+0xb4>)
 8006bbe:	f852 0023 	ldr.w	r0, [r2, r3, lsl #2]
 8006bc2:	4770      	bx	lr
 8006bc4:	23b0      	movs	r3, #176	@ 0xb0
 8006bc6:	e7f8      	b.n	8006bba <HAL_RCC_GetSysClockFreq+0x1a>
 8006bc8:	2b04      	cmp	r3, #4
 8006bca:	d03e      	beq.n	8006c4a <HAL_RCC_GetSysClockFreq+0xaa>
 8006bcc:	2b08      	cmp	r3, #8
 8006bce:	d010      	beq.n	8006bf2 <HAL_RCC_GetSysClockFreq+0x52>
 8006bd0:	f04f 43b0 	mov.w	r3, #1476395008	@ 0x58000000
 8006bd4:	68db      	ldr	r3, [r3, #12]
 8006bd6:	f003 0303 	and.w	r3, r3, #3
 8006bda:	2b02      	cmp	r3, #2
 8006bdc:	d031      	beq.n	8006c42 <HAL_RCC_GetSysClockFreq+0xa2>
 8006bde:	2b03      	cmp	r3, #3
 8006be0:	d10f      	bne.n	8006c02 <HAL_RCC_GetSysClockFreq+0x62>
 8006be2:	f04f 43b0 	mov.w	r3, #1476395008	@ 0x58000000
 8006be6:	681b      	ldr	r3, [r3, #0]
 8006be8:	f413 1f80 	tst.w	r3, #1048576	@ 0x100000
 8006bec:	d12b      	bne.n	8006c46 <HAL_RCC_GetSysClockFreq+0xa6>
 8006bee:	481a      	ldr	r0, [pc, #104]	@ (8006c58 <HAL_RCC_GetSysClockFreq+0xb8>)
 8006bf0:	e012      	b.n	8006c18 <HAL_RCC_GetSysClockFreq+0x78>
 8006bf2:	f04f 43b0 	mov.w	r3, #1476395008	@ 0x58000000
 8006bf6:	681b      	ldr	r3, [r3, #0]
 8006bf8:	f413 1f80 	tst.w	r3, #1048576	@ 0x100000
 8006bfc:	d027      	beq.n	8006c4e <HAL_RCC_GetSysClockFreq+0xae>
 8006bfe:	4817      	ldr	r0, [pc, #92]	@ (8006c5c <HAL_RCC_GetSysClockFreq+0xbc>)
 8006c00:	4770      	bx	lr
 8006c02:	f04f 43b0 	mov.w	r3, #1476395008	@ 0x58000000
 8006c06:	681b      	ldr	r3, [r3, #0]
 8006c08:	f003 03f0 	and.w	r3, r3, #240	@ 0xf0
 8006c0c:	2bb0      	cmp	r3, #176	@ 0xb0
 8006c0e:	d816      	bhi.n	8006c3e <HAL_RCC_GetSysClockFreq+0x9e>
 8006c10:	091b      	lsrs	r3, r3, #4
 8006c12:	4a10      	ldr	r2, [pc, #64]	@ (8006c54 <HAL_RCC_GetSysClockFreq+0xb4>)
 8006c14:	f852 0023 	ldr.w	r0, [r2, r3, lsl #2]
 8006c18:	f04f 42b0 	mov.w	r2, #1476395008	@ 0x58000000
 8006c1c:	68d3      	ldr	r3, [r2, #12]
 8006c1e:	f3c3 2306 	ubfx	r3, r3, #8, #7
 8006c22:	fb03 f000 	mul.w	r0, r3, r0
 8006c26:	68d3      	ldr	r3, [r2, #12]
 8006c28:	f3c3 1302 	ubfx	r3, r3, #4, #3
 8006c2c:	3301      	adds	r3, #1
 8006c2e:	fbb0 f0f3 	udiv	r0, r0, r3
 8006c32:	68d3      	ldr	r3, [r2, #12]
 8006c34:	0f5b      	lsrs	r3, r3, #29
 8006c36:	3301      	adds	r3, #1
 8006c38:	fbb0 f0f3 	udiv	r0, r0, r3
 8006c3c:	4770      	bx	lr
 8006c3e:	23b0      	movs	r3, #176	@ 0xb0
 8006c40:	e7e6      	b.n	8006c10 <HAL_RCC_GetSysClockFreq+0x70>
 8006c42:	4806      	ldr	r0, [pc, #24]	@ (8006c5c <HAL_RCC_GetSysClockFreq+0xbc>)
 8006c44:	e7e8      	b.n	8006c18 <HAL_RCC_GetSysClockFreq+0x78>
 8006c46:	4805      	ldr	r0, [pc, #20]	@ (8006c5c <HAL_RCC_GetSysClockFreq+0xbc>)
 8006c48:	e7e6      	b.n	8006c18 <HAL_RCC_GetSysClockFreq+0x78>
 8006c4a:	4804      	ldr	r0, [pc, #16]	@ (8006c5c <HAL_RCC_GetSysClockFreq+0xbc>)
 8006c4c:	4770      	bx	lr
 8006c4e:	4802      	ldr	r0, [pc, #8]	@ (8006c58 <HAL_RCC_GetSysClockFreq+0xb8>)
 8006c50:	4770      	bx	lr
 8006c52:	bf00      	nop
 8006c54:	0800daec 	.word	0x0800daec
 8006c58:	01e84800 	.word	0x01e84800
 8006c5c:	00f42400 	.word	0x00f42400

08006c60 <HAL_RCC_GetHCLKFreq>:
 8006c60:	b508      	push	{r3, lr}
 8006c62:	f7ff ff9d 	bl	8006ba0 <HAL_RCC_GetSysClockFreq>
 8006c66:	f04f 43b0 	mov.w	r3, #1476395008	@ 0x58000000
 8006c6a:	689b      	ldr	r3, [r3, #8]
 8006c6c:	f3c3 1303 	ubfx	r3, r3, #4, #4
 8006c70:	4a02      	ldr	r2, [pc, #8]	@ (8006c7c <HAL_RCC_GetHCLKFreq+0x1c>)
 8006c72:	f852 3023 	ldr.w	r3, [r2, r3, lsl #2]
 8006c76:	fbb0 f0f3 	udiv	r0, r0, r3
 8006c7a:	bd08      	pop	{r3, pc}
 8006c7c:	0800db4c 	.word	0x0800db4c

08006c80 <HAL_RCC_OscConfig>:
 8006c80:	2800      	cmp	r0, #0
 8006c82:	f000 8375 	beq.w	8007370 <HAL_RCC_OscConfig+0x6f0>
 8006c86:	b538      	push	{r3, r4, r5, lr}
 8006c88:	4604      	mov	r4, r0
 8006c8a:	6803      	ldr	r3, [r0, #0]
 8006c8c:	f013 0f20 	tst.w	r3, #32
 8006c90:	d02d      	beq.n	8006cee <HAL_RCC_OscConfig+0x6e>
 8006c92:	f04f 42b0 	mov.w	r2, #1476395008	@ 0x58000000
 8006c96:	6893      	ldr	r3, [r2, #8]
 8006c98:	68d2      	ldr	r2, [r2, #12]
 8006c9a:	f002 0203 	and.w	r2, r2, #3
 8006c9e:	f013 030c 	ands.w	r3, r3, #12
 8006ca2:	d058      	beq.n	8006d56 <HAL_RCC_OscConfig+0xd6>
 8006ca4:	2b0c      	cmp	r3, #12
 8006ca6:	d054      	beq.n	8006d52 <HAL_RCC_OscConfig+0xd2>
 8006ca8:	69e3      	ldr	r3, [r4, #28]
 8006caa:	2b00      	cmp	r3, #0
 8006cac:	f000 80a0 	beq.w	8006df0 <HAL_RCC_OscConfig+0x170>
 8006cb0:	f04f 42b0 	mov.w	r2, #1476395008	@ 0x58000000
 8006cb4:	6813      	ldr	r3, [r2, #0]
 8006cb6:	f043 0301 	orr.w	r3, r3, #1
 8006cba:	6013      	str	r3, [r2, #0]
 8006cbc:	f7fd ff3c 	bl	8004b38 <HAL_GetTick>
 8006cc0:	4605      	mov	r5, r0
 8006cc2:	f04f 43b0 	mov.w	r3, #1476395008	@ 0x58000000
 8006cc6:	681b      	ldr	r3, [r3, #0]
 8006cc8:	f013 0f02 	tst.w	r3, #2
 8006ccc:	f000 8088 	beq.w	8006de0 <HAL_RCC_OscConfig+0x160>
 8006cd0:	6a63      	ldr	r3, [r4, #36]	@ 0x24
 8006cd2:	f04f 42b0 	mov.w	r2, #1476395008	@ 0x58000000
 8006cd6:	6811      	ldr	r1, [r2, #0]
 8006cd8:	f021 01f0 	bic.w	r1, r1, #240	@ 0xf0
 8006cdc:	430b      	orrs	r3, r1
 8006cde:	6013      	str	r3, [r2, #0]
 8006ce0:	6a21      	ldr	r1, [r4, #32]
 8006ce2:	6853      	ldr	r3, [r2, #4]
 8006ce4:	f423 437f 	bic.w	r3, r3, #65280	@ 0xff00
 8006ce8:	ea43 2301 	orr.w	r3, r3, r1, lsl #8
 8006cec:	6053      	str	r3, [r2, #4]
 8006cee:	6823      	ldr	r3, [r4, #0]
 8006cf0:	f013 0f01 	tst.w	r3, #1
 8006cf4:	f000 809a 	beq.w	8006e2c <HAL_RCC_OscConfig+0x1ac>
 8006cf8:	f04f 42b0 	mov.w	r2, #1476395008	@ 0x58000000
 8006cfc:	6893      	ldr	r3, [r2, #8]
 8006cfe:	f003 030c 	and.w	r3, r3, #12
 8006d02:	68d2      	ldr	r2, [r2, #12]
 8006d04:	f002 0203 	and.w	r2, r2, #3
 8006d08:	2b08      	cmp	r3, #8
 8006d0a:	f000 808b 	beq.w	8006e24 <HAL_RCC_OscConfig+0x1a4>
 8006d0e:	2b0c      	cmp	r3, #12
 8006d10:	f000 8085 	beq.w	8006e1e <HAL_RCC_OscConfig+0x19e>
 8006d14:	6863      	ldr	r3, [r4, #4]
 8006d16:	f5b3 3f80 	cmp.w	r3, #65536	@ 0x10000
 8006d1a:	f000 80b0 	beq.w	8006e7e <HAL_RCC_OscConfig+0x1fe>
 8006d1e:	f04f 42b0 	mov.w	r2, #1476395008	@ 0x58000000
 8006d22:	6813      	ldr	r3, [r2, #0]
 8006d24:	f423 3380 	bic.w	r3, r3, #65536	@ 0x10000
 8006d28:	6013      	str	r3, [r2, #0]
 8006d2a:	6863      	ldr	r3, [r4, #4]
 8006d2c:	2b00      	cmp	r3, #0
 8006d2e:	f000 80ad 	beq.w	8006e8c <HAL_RCC_OscConfig+0x20c>
 8006d32:	f7fd ff01 	bl	8004b38 <HAL_GetTick>
 8006d36:	4605      	mov	r5, r0
 8006d38:	f04f 43b0 	mov.w	r3, #1476395008	@ 0x58000000
 8006d3c:	681b      	ldr	r3, [r3, #0]
 8006d3e:	f413 3f00 	tst.w	r3, #131072	@ 0x20000
 8006d42:	d173      	bne.n	8006e2c <HAL_RCC_OscConfig+0x1ac>
 8006d44:	f7fd fef8 	bl	8004b38 <HAL_GetTick>
 8006d48:	1b40      	subs	r0, r0, r5
 8006d4a:	2864      	cmp	r0, #100	@ 0x64
 8006d4c:	d9f4      	bls.n	8006d38 <HAL_RCC_OscConfig+0xb8>
 8006d4e:	2003      	movs	r0, #3
 8006d50:	e319      	b.n	8007386 <HAL_RCC_OscConfig+0x706>
 8006d52:	2a01      	cmp	r2, #1
 8006d54:	d1a8      	bne.n	8006ca8 <HAL_RCC_OscConfig+0x28>
 8006d56:	69e3      	ldr	r3, [r4, #28]
 8006d58:	2b00      	cmp	r3, #0
 8006d5a:	f000 830b 	beq.w	8007374 <HAL_RCC_OscConfig+0x6f4>
 8006d5e:	6a60      	ldr	r0, [r4, #36]	@ 0x24
 8006d60:	f04f 43b0 	mov.w	r3, #1476395008	@ 0x58000000
 8006d64:	681b      	ldr	r3, [r3, #0]
 8006d66:	f003 03f0 	and.w	r3, r3, #240	@ 0xf0
 8006d6a:	2bb0      	cmp	r3, #176	@ 0xb0
 8006d6c:	d821      	bhi.n	8006db2 <HAL_RCC_OscConfig+0x132>
 8006d6e:	4298      	cmp	r0, r3
 8006d70:	d921      	bls.n	8006db6 <HAL_RCC_OscConfig+0x136>
 8006d72:	f7ff feed 	bl	8006b50 <RCC_SetFlashLatencyFromMSIRange>
 8006d76:	2800      	cmp	r0, #0
 8006d78:	f040 82fe 	bne.w	8007378 <HAL_RCC_OscConfig+0x6f8>
 8006d7c:	6a63      	ldr	r3, [r4, #36]	@ 0x24
 8006d7e:	f04f 42b0 	mov.w	r2, #1476395008	@ 0x58000000
 8006d82:	6811      	ldr	r1, [r2, #0]
 8006d84:	f021 01f0 	bic.w	r1, r1, #240	@ 0xf0
 8006d88:	430b      	orrs	r3, r1
 8006d8a:	6013      	str	r3, [r2, #0]
 8006d8c:	6a21      	ldr	r1, [r4, #32]
 8006d8e:	6853      	ldr	r3, [r2, #4]
 8006d90:	f423 437f 	bic.w	r3, r3, #65280	@ 0xff00
 8006d94:	ea43 2301 	orr.w	r3, r3, r1, lsl #8
 8006d98:	6053      	str	r3, [r2, #4]
 8006d9a:	f7ff ff61 	bl	8006c60 <HAL_RCC_GetHCLKFreq>
 8006d9e:	4bbd      	ldr	r3, [pc, #756]	@ (8007094 <HAL_RCC_OscConfig+0x414>)
 8006da0:	6018      	str	r0, [r3, #0]
 8006da2:	4bbd      	ldr	r3, [pc, #756]	@ (8007098 <HAL_RCC_OscConfig+0x418>)
 8006da4:	6818      	ldr	r0, [r3, #0]
 8006da6:	f7fd fe7b 	bl	8004aa0 <HAL_InitTick>
 8006daa:	2800      	cmp	r0, #0
 8006dac:	d09f      	beq.n	8006cee <HAL_RCC_OscConfig+0x6e>
 8006dae:	2001      	movs	r0, #1
 8006db0:	e2e9      	b.n	8007386 <HAL_RCC_OscConfig+0x706>
 8006db2:	23b0      	movs	r3, #176	@ 0xb0
 8006db4:	e7db      	b.n	8006d6e <HAL_RCC_OscConfig+0xee>
 8006db6:	f04f 42b0 	mov.w	r2, #1476395008	@ 0x58000000
 8006dba:	6813      	ldr	r3, [r2, #0]
 8006dbc:	f023 03f0 	bic.w	r3, r3, #240	@ 0xf0
 8006dc0:	4318      	orrs	r0, r3
 8006dc2:	6010      	str	r0, [r2, #0]
 8006dc4:	6a21      	ldr	r1, [r4, #32]
 8006dc6:	6853      	ldr	r3, [r2, #4]
 8006dc8:	f423 437f 	bic.w	r3, r3, #65280	@ 0xff00
 8006dcc:	ea43 2301 	orr.w	r3, r3, r1, lsl #8
 8006dd0:	6053      	str	r3, [r2, #4]
 8006dd2:	6a60      	ldr	r0, [r4, #36]	@ 0x24
 8006dd4:	f7ff febc 	bl	8006b50 <RCC_SetFlashLatencyFromMSIRange>
 8006dd8:	2800      	cmp	r0, #0
 8006dda:	d0de      	beq.n	8006d9a <HAL_RCC_OscConfig+0x11a>
 8006ddc:	2001      	movs	r0, #1
 8006dde:	e2d2      	b.n	8007386 <HAL_RCC_OscConfig+0x706>
 8006de0:	f7fd feaa 	bl	8004b38 <HAL_GetTick>
 8006de4:	1b40      	subs	r0, r0, r5
 8006de6:	2802      	cmp	r0, #2
 8006de8:	f67f af6b 	bls.w	8006cc2 <HAL_RCC_OscConfig+0x42>
 8006dec:	2003      	movs	r0, #3
 8006dee:	e2ca      	b.n	8007386 <HAL_RCC_OscConfig+0x706>
 8006df0:	f04f 42b0 	mov.w	r2, #1476395008	@ 0x58000000
 8006df4:	6813      	ldr	r3, [r2, #0]
 8006df6:	f023 0301 	bic.w	r3, r3, #1
 8006dfa:	6013      	str	r3, [r2, #0]
 8006dfc:	f7fd fe9c 	bl	8004b38 <HAL_GetTick>
 8006e00:	4605      	mov	r5, r0
 8006e02:	f04f 43b0 	mov.w	r3, #1476395008	@ 0x58000000
 8006e06:	681b      	ldr	r3, [r3, #0]
 8006e08:	f013 0f02 	tst.w	r3, #2
 8006e0c:	f43f af6f 	beq.w	8006cee <HAL_RCC_OscConfig+0x6e>
 8006e10:	f7fd fe92 	bl	8004b38 <HAL_GetTick>
 8006e14:	1b40      	subs	r0, r0, r5
 8006e16:	2802      	cmp	r0, #2
 8006e18:	d9f3      	bls.n	8006e02 <HAL_RCC_OscConfig+0x182>
 8006e1a:	2003      	movs	r0, #3
 8006e1c:	e2b3      	b.n	8007386 <HAL_RCC_OscConfig+0x706>
 8006e1e:	2a03      	cmp	r2, #3
 8006e20:	f47f af78 	bne.w	8006d14 <HAL_RCC_OscConfig+0x94>
 8006e24:	6863      	ldr	r3, [r4, #4]
 8006e26:	2b00      	cmp	r3, #0
 8006e28:	f000 82a8 	beq.w	800737c <HAL_RCC_OscConfig+0x6fc>
 8006e2c:	6823      	ldr	r3, [r4, #0]
 8006e2e:	f013 0f02 	tst.w	r3, #2
 8006e32:	d054      	beq.n	8006ede <HAL_RCC_OscConfig+0x25e>
 8006e34:	f04f 42b0 	mov.w	r2, #1476395008	@ 0x58000000
 8006e38:	6893      	ldr	r3, [r2, #8]
 8006e3a:	f003 030c 	and.w	r3, r3, #12
 8006e3e:	68d2      	ldr	r2, [r2, #12]
 8006e40:	f002 0203 	and.w	r2, r2, #3
 8006e44:	2b04      	cmp	r3, #4
 8006e46:	d033      	beq.n	8006eb0 <HAL_RCC_OscConfig+0x230>
 8006e48:	2b0c      	cmp	r3, #12
 8006e4a:	d02f      	beq.n	8006eac <HAL_RCC_OscConfig+0x22c>
 8006e4c:	68e3      	ldr	r3, [r4, #12]
 8006e4e:	2b00      	cmp	r3, #0
 8006e50:	d074      	beq.n	8006f3c <HAL_RCC_OscConfig+0x2bc>
 8006e52:	f04f 42b0 	mov.w	r2, #1476395008	@ 0x58000000
 8006e56:	6813      	ldr	r3, [r2, #0]
 8006e58:	f443 7380 	orr.w	r3, r3, #256	@ 0x100
 8006e5c:	6013      	str	r3, [r2, #0]
 8006e5e:	f7fd fe6b 	bl	8004b38 <HAL_GetTick>
 8006e62:	4605      	mov	r5, r0
 8006e64:	f04f 43b0 	mov.w	r3, #1476395008	@ 0x58000000
 8006e68:	681b      	ldr	r3, [r3, #0]
 8006e6a:	f413 6f80 	tst.w	r3, #1024	@ 0x400
 8006e6e:	d12d      	bne.n	8006ecc <HAL_RCC_OscConfig+0x24c>
 8006e70:	f7fd fe62 	bl	8004b38 <HAL_GetTick>
 8006e74:	1b40      	subs	r0, r0, r5
 8006e76:	2802      	cmp	r0, #2
 8006e78:	d9f4      	bls.n	8006e64 <HAL_RCC_OscConfig+0x1e4>
 8006e7a:	2003      	movs	r0, #3
 8006e7c:	e283      	b.n	8007386 <HAL_RCC_OscConfig+0x706>
 8006e7e:	f04f 42b0 	mov.w	r2, #1476395008	@ 0x58000000
 8006e82:	6813      	ldr	r3, [r2, #0]
 8006e84:	f443 3380 	orr.w	r3, r3, #65536	@ 0x10000
 8006e88:	6013      	str	r3, [r2, #0]
 8006e8a:	e74e      	b.n	8006d2a <HAL_RCC_OscConfig+0xaa>
 8006e8c:	f7fd fe54 	bl	8004b38 <HAL_GetTick>
 8006e90:	4605      	mov	r5, r0
 8006e92:	f04f 43b0 	mov.w	r3, #1476395008	@ 0x58000000
 8006e96:	681b      	ldr	r3, [r3, #0]
 8006e98:	f413 3f00 	tst.w	r3, #131072	@ 0x20000
 8006e9c:	d0c6      	beq.n	8006e2c <HAL_RCC_OscConfig+0x1ac>
 8006e9e:	f7fd fe4b 	bl	8004b38 <HAL_GetTick>
 8006ea2:	1b40      	subs	r0, r0, r5
 8006ea4:	2864      	cmp	r0, #100	@ 0x64
 8006ea6:	d9f4      	bls.n	8006e92 <HAL_RCC_OscConfig+0x212>
 8006ea8:	2003      	movs	r0, #3
 8006eaa:	e26c      	b.n	8007386 <HAL_RCC_OscConfig+0x706>
 8006eac:	2a02      	cmp	r2, #2
 8006eae:	d1cd      	bne.n	8006e4c <HAL_RCC_OscConfig+0x1cc>
 8006eb0:	68e3      	ldr	r3, [r4, #12]
 8006eb2:	2b00      	cmp	r3, #0
 8006eb4:	f000 8264 	beq.w	8007380 <HAL_RCC_OscConfig+0x700>
 8006eb8:	6921      	ldr	r1, [r4, #16]
 8006eba:	f04f 42b0 	mov.w	r2, #1476395008	@ 0x58000000
 8006ebe:	6853      	ldr	r3, [r2, #4]
 8006ec0:	f023 43fe 	bic.w	r3, r3, #2130706432	@ 0x7f000000
 8006ec4:	ea43 6301 	orr.w	r3, r3, r1, lsl #24
 8006ec8:	6053      	str	r3, [r2, #4]
 8006eca:	e008      	b.n	8006ede <HAL_RCC_OscConfig+0x25e>
 8006ecc:	6921      	ldr	r1, [r4, #16]
 8006ece:	f04f 42b0 	mov.w	r2, #1476395008	@ 0x58000000
 8006ed2:	6853      	ldr	r3, [r2, #4]
 8006ed4:	f023 43fe 	bic.w	r3, r3, #2130706432	@ 0x7f000000
 8006ed8:	ea43 6301 	orr.w	r3, r3, r1, lsl #24
 8006edc:	6053      	str	r3, [r2, #4]
 8006ede:	6823      	ldr	r3, [r4, #0]
 8006ee0:	f013 0f08 	tst.w	r3, #8
 8006ee4:	d103      	bne.n	8006eee <HAL_RCC_OscConfig+0x26e>
 8006ee6:	f013 0f10 	tst.w	r3, #16
 8006eea:	f000 80de 	beq.w	80070aa <HAL_RCC_OscConfig+0x42a>
 8006eee:	6962      	ldr	r2, [r4, #20]
 8006ef0:	2a00      	cmp	r2, #0
 8006ef2:	f000 80a3 	beq.w	800703c <HAL_RCC_OscConfig+0x3bc>
 8006ef6:	f013 0f10 	tst.w	r3, #16
 8006efa:	d070      	beq.n	8006fde <HAL_RCC_OscConfig+0x35e>
 8006efc:	f04f 43b0 	mov.w	r3, #1476395008	@ 0x58000000
 8006f00:	f8d3 3094 	ldr.w	r3, [r3, #148]	@ 0x94
 8006f04:	f013 0f02 	tst.w	r3, #2
 8006f08:	d12e      	bne.n	8006f68 <HAL_RCC_OscConfig+0x2e8>
 8006f0a:	f04f 42b0 	mov.w	r2, #1476395008	@ 0x58000000
 8006f0e:	f8d2 3094 	ldr.w	r3, [r2, #148]	@ 0x94
 8006f12:	f043 0301 	orr.w	r3, r3, #1
 8006f16:	f8c2 3094 	str.w	r3, [r2, #148]	@ 0x94
 8006f1a:	f7fd fe0d 	bl	8004b38 <HAL_GetTick>
 8006f1e:	4605      	mov	r5, r0
 8006f20:	f04f 43b0 	mov.w	r3, #1476395008	@ 0x58000000
 8006f24:	f8d3 3094 	ldr.w	r3, [r3, #148]	@ 0x94
 8006f28:	f013 0f02 	tst.w	r3, #2
 8006f2c:	d11c      	bne.n	8006f68 <HAL_RCC_OscConfig+0x2e8>
 8006f2e:	f7fd fe03 	bl	8004b38 <HAL_GetTick>
 8006f32:	1b40      	subs	r0, r0, r5
 8006f34:	2802      	cmp	r0, #2
 8006f36:	d9f3      	bls.n	8006f20 <HAL_RCC_OscConfig+0x2a0>
 8006f38:	2003      	movs	r0, #3
 8006f3a:	e224      	b.n	8007386 <HAL_RCC_OscConfig+0x706>
 8006f3c:	f04f 42b0 	mov.w	r2, #1476395008	@ 0x58000000
 8006f40:	6813      	ldr	r3, [r2, #0]
 8006f42:	f423 7380 	bic.w	r3, r3, #256	@ 0x100
 8006f46:	6013      	str	r3, [r2, #0]
 8006f48:	f7fd fdf6 	bl	8004b38 <HAL_GetTick>
 8006f4c:	4605      	mov	r5, r0
 8006f4e:	f04f 43b0 	mov.w	r3, #1476395008	@ 0x58000000
 8006f52:	681b      	ldr	r3, [r3, #0]
 8006f54:	f413 6f80 	tst.w	r3, #1024	@ 0x400
 8006f58:	d0c1      	beq.n	8006ede <HAL_RCC_OscConfig+0x25e>
 8006f5a:	f7fd fded 	bl	8004b38 <HAL_GetTick>
 8006f5e:	1b40      	subs	r0, r0, r5
 8006f60:	2802      	cmp	r0, #2
 8006f62:	d9f4      	bls.n	8006f4e <HAL_RCC_OscConfig+0x2ce>
 8006f64:	2003      	movs	r0, #3
 8006f66:	e20e      	b.n	8007386 <HAL_RCC_OscConfig+0x706>
 8006f68:	f04f 42b0 	mov.w	r2, #1476395008	@ 0x58000000
 8006f6c:	f8d2 3094 	ldr.w	r3, [r2, #148]	@ 0x94
 8006f70:	f043 0304 	orr.w	r3, r3, #4
 8006f74:	f8c2 3094 	str.w	r3, [r2, #148]	@ 0x94
 8006f78:	f7fd fdde 	bl	8004b38 <HAL_GetTick>
 8006f7c:	4605      	mov	r5, r0
 8006f7e:	f04f 43b0 	mov.w	r3, #1476395008	@ 0x58000000
 8006f82:	f8d3 3094 	ldr.w	r3, [r3, #148]	@ 0x94
 8006f86:	f013 0f08 	tst.w	r3, #8
 8006f8a:	d106      	bne.n	8006f9a <HAL_RCC_OscConfig+0x31a>
 8006f8c:	f7fd fdd4 	bl	8004b38 <HAL_GetTick>
 8006f90:	1b40      	subs	r0, r0, r5
 8006f92:	2803      	cmp	r0, #3
 8006f94:	d9f3      	bls.n	8006f7e <HAL_RCC_OscConfig+0x2fe>
 8006f96:	2003      	movs	r0, #3
 8006f98:	e1f5      	b.n	8007386 <HAL_RCC_OscConfig+0x706>
 8006f9a:	69a1      	ldr	r1, [r4, #24]
 8006f9c:	f04f 42b0 	mov.w	r2, #1476395008	@ 0x58000000
 8006fa0:	f8d2 3094 	ldr.w	r3, [r2, #148]	@ 0x94
 8006fa4:	f423 6370 	bic.w	r3, r3, #3840	@ 0xf00
 8006fa8:	ea43 2301 	orr.w	r3, r3, r1, lsl #8
 8006fac:	f8c2 3094 	str.w	r3, [r2, #148]	@ 0x94
 8006fb0:	f8d2 3094 	ldr.w	r3, [r2, #148]	@ 0x94
 8006fb4:	f023 0301 	bic.w	r3, r3, #1
 8006fb8:	f8c2 3094 	str.w	r3, [r2, #148]	@ 0x94
 8006fbc:	f7fd fdbc 	bl	8004b38 <HAL_GetTick>
 8006fc0:	4605      	mov	r5, r0
 8006fc2:	f04f 43b0 	mov.w	r3, #1476395008	@ 0x58000000
 8006fc6:	f8d3 3094 	ldr.w	r3, [r3, #148]	@ 0x94
 8006fca:	f013 0f02 	tst.w	r3, #2
 8006fce:	d06c      	beq.n	80070aa <HAL_RCC_OscConfig+0x42a>
 8006fd0:	f7fd fdb2 	bl	8004b38 <HAL_GetTick>
 8006fd4:	1b40      	subs	r0, r0, r5
 8006fd6:	2802      	cmp	r0, #2
 8006fd8:	d9f3      	bls.n	8006fc2 <HAL_RCC_OscConfig+0x342>
 8006fda:	2003      	movs	r0, #3
 8006fdc:	e1d3      	b.n	8007386 <HAL_RCC_OscConfig+0x706>
 8006fde:	f04f 42b0 	mov.w	r2, #1476395008	@ 0x58000000
 8006fe2:	f8d2 3094 	ldr.w	r3, [r2, #148]	@ 0x94
 8006fe6:	f043 0301 	orr.w	r3, r3, #1
 8006fea:	f8c2 3094 	str.w	r3, [r2, #148]	@ 0x94
 8006fee:	f7fd fda3 	bl	8004b38 <HAL_GetTick>
 8006ff2:	4605      	mov	r5, r0
 8006ff4:	f04f 43b0 	mov.w	r3, #1476395008	@ 0x58000000
 8006ff8:	f8d3 3094 	ldr.w	r3, [r3, #148]	@ 0x94
 8006ffc:	f013 0f02 	tst.w	r3, #2
 8007000:	d106      	bne.n	8007010 <HAL_RCC_OscConfig+0x390>
 8007002:	f7fd fd99 	bl	8004b38 <HAL_GetTick>
 8007006:	1b40      	subs	r0, r0, r5
 8007008:	2802      	cmp	r0, #2
 800700a:	d9f3      	bls.n	8006ff4 <HAL_RCC_OscConfig+0x374>
 800700c:	2003      	movs	r0, #3
 800700e:	e1ba      	b.n	8007386 <HAL_RCC_OscConfig+0x706>
 8007010:	f04f 42b0 	mov.w	r2, #1476395008	@ 0x58000000
 8007014:	f8d2 3094 	ldr.w	r3, [r2, #148]	@ 0x94
 8007018:	f023 0304 	bic.w	r3, r3, #4
 800701c:	f8c2 3094 	str.w	r3, [r2, #148]	@ 0x94
 8007020:	f04f 43b0 	mov.w	r3, #1476395008	@ 0x58000000
 8007024:	f8d3 3094 	ldr.w	r3, [r3, #148]	@ 0x94
 8007028:	f013 0f08 	tst.w	r3, #8
 800702c:	d03d      	beq.n	80070aa <HAL_RCC_OscConfig+0x42a>
 800702e:	f7fd fd83 	bl	8004b38 <HAL_GetTick>
 8007032:	1b40      	subs	r0, r0, r5
 8007034:	2803      	cmp	r0, #3
 8007036:	d9f3      	bls.n	8007020 <HAL_RCC_OscConfig+0x3a0>
 8007038:	2003      	movs	r0, #3
 800703a:	e1a4      	b.n	8007386 <HAL_RCC_OscConfig+0x706>
 800703c:	f04f 42b0 	mov.w	r2, #1476395008	@ 0x58000000
 8007040:	f8d2 3094 	ldr.w	r3, [r2, #148]	@ 0x94
 8007044:	f023 0304 	bic.w	r3, r3, #4
 8007048:	f8c2 3094 	str.w	r3, [r2, #148]	@ 0x94
 800704c:	f7fd fd74 	bl	8004b38 <HAL_GetTick>
 8007050:	4605      	mov	r5, r0
 8007052:	f04f 43b0 	mov.w	r3, #1476395008	@ 0x58000000
 8007056:	f8d3 3094 	ldr.w	r3, [r3, #148]	@ 0x94
 800705a:	f013 0f08 	tst.w	r3, #8
 800705e:	d11d      	bne.n	800709c <HAL_RCC_OscConfig+0x41c>
 8007060:	f04f 42b0 	mov.w	r2, #1476395008	@ 0x58000000
 8007064:	f8d2 3094 	ldr.w	r3, [r2, #148]	@ 0x94
 8007068:	f023 0301 	bic.w	r3, r3, #1
 800706c:	f8c2 3094 	str.w	r3, [r2, #148]	@ 0x94
 8007070:	f7fd fd62 	bl	8004b38 <HAL_GetTick>
 8007074:	4605      	mov	r5, r0
 8007076:	f04f 43b0 	mov.w	r3, #1476395008	@ 0x58000000
 800707a:	f8d3 3094 	ldr.w	r3, [r3, #148]	@ 0x94
 800707e:	f013 0f02 	tst.w	r3, #2
 8007082:	d012      	beq.n	80070aa <HAL_RCC_OscConfig+0x42a>
 8007084:	f7fd fd58 	bl	8004b38 <HAL_GetTick>
 8007088:	1b40      	subs	r0, r0, r5
 800708a:	2802      	cmp	r0, #2
 800708c:	d9f3      	bls.n	8007076 <HAL_RCC_OscConfig+0x3f6>
 800708e:	2003      	movs	r0, #3
 8007090:	e179      	b.n	8007386 <HAL_RCC_OscConfig+0x706>
 8007092:	bf00      	nop
 8007094:	20000080 	.word	0x20000080
 8007098:	2000007c 	.word	0x2000007c
 800709c:	f7fd fd4c 	bl	8004b38 <HAL_GetTick>
 80070a0:	1b40      	subs	r0, r0, r5
 80070a2:	2803      	cmp	r0, #3
 80070a4:	d9d5      	bls.n	8007052 <HAL_RCC_OscConfig+0x3d2>
 80070a6:	2003      	movs	r0, #3
 80070a8:	e16d      	b.n	8007386 <HAL_RCC_OscConfig+0x706>
 80070aa:	6823      	ldr	r3, [r4, #0]
 80070ac:	f013 0f04 	tst.w	r3, #4
 80070b0:	d068      	beq.n	8007184 <HAL_RCC_OscConfig+0x504>
 80070b2:	4bb6      	ldr	r3, [pc, #728]	@ (800738c <HAL_RCC_OscConfig+0x70c>)
 80070b4:	681b      	ldr	r3, [r3, #0]
 80070b6:	f413 7f80 	tst.w	r3, #256	@ 0x100
 80070ba:	d027      	beq.n	800710c <HAL_RCC_OscConfig+0x48c>
 80070bc:	68a3      	ldr	r3, [r4, #8]
 80070be:	2b01      	cmp	r3, #1
 80070c0:	d035      	beq.n	800712e <HAL_RCC_OscConfig+0x4ae>
 80070c2:	2b05      	cmp	r3, #5
 80070c4:	d03c      	beq.n	8007140 <HAL_RCC_OscConfig+0x4c0>
 80070c6:	f04f 43b0 	mov.w	r3, #1476395008	@ 0x58000000
 80070ca:	f8d3 2090 	ldr.w	r2, [r3, #144]	@ 0x90
 80070ce:	f022 0201 	bic.w	r2, r2, #1
 80070d2:	f8c3 2090 	str.w	r2, [r3, #144]	@ 0x90
 80070d6:	f8d3 2090 	ldr.w	r2, [r3, #144]	@ 0x90
 80070da:	f022 0204 	bic.w	r2, r2, #4
 80070de:	f8c3 2090 	str.w	r2, [r3, #144]	@ 0x90
 80070e2:	68a3      	ldr	r3, [r4, #8]
 80070e4:	b3db      	cbz	r3, 800715e <HAL_RCC_OscConfig+0x4de>
 80070e6:	f7fd fd27 	bl	8004b38 <HAL_GetTick>
 80070ea:	4605      	mov	r5, r0
 80070ec:	f04f 43b0 	mov.w	r3, #1476395008	@ 0x58000000
 80070f0:	f8d3 3090 	ldr.w	r3, [r3, #144]	@ 0x90
 80070f4:	f013 0f02 	tst.w	r3, #2
 80070f8:	d144      	bne.n	8007184 <HAL_RCC_OscConfig+0x504>
 80070fa:	f7fd fd1d 	bl	8004b38 <HAL_GetTick>
 80070fe:	1b40      	subs	r0, r0, r5
 8007100:	f241 3388 	movw	r3, #5000	@ 0x1388
 8007104:	4298      	cmp	r0, r3
 8007106:	d9f1      	bls.n	80070ec <HAL_RCC_OscConfig+0x46c>
 8007108:	2003      	movs	r0, #3
 800710a:	e13c      	b.n	8007386 <HAL_RCC_OscConfig+0x706>
 800710c:	f7ff fca8 	bl	8006a60 <HAL_PWR_EnableBkUpAccess>
 8007110:	f7fd fd12 	bl	8004b38 <HAL_GetTick>
 8007114:	4605      	mov	r5, r0
 8007116:	4b9d      	ldr	r3, [pc, #628]	@ (800738c <HAL_RCC_OscConfig+0x70c>)
 8007118:	681b      	ldr	r3, [r3, #0]
 800711a:	f413 7f80 	tst.w	r3, #256	@ 0x100
 800711e:	d1cd      	bne.n	80070bc <HAL_RCC_OscConfig+0x43c>
 8007120:	f7fd fd0a 	bl	8004b38 <HAL_GetTick>
 8007124:	1b40      	subs	r0, r0, r5
 8007126:	2802      	cmp	r0, #2
 8007128:	d9f5      	bls.n	8007116 <HAL_RCC_OscConfig+0x496>
 800712a:	2003      	movs	r0, #3
 800712c:	e12b      	b.n	8007386 <HAL_RCC_OscConfig+0x706>
 800712e:	f04f 42b0 	mov.w	r2, #1476395008	@ 0x58000000
 8007132:	f8d2 3090 	ldr.w	r3, [r2, #144]	@ 0x90
 8007136:	f043 0301 	orr.w	r3, r3, #1
 800713a:	f8c2 3090 	str.w	r3, [r2, #144]	@ 0x90
 800713e:	e7d0      	b.n	80070e2 <HAL_RCC_OscConfig+0x462>
 8007140:	f04f 43b0 	mov.w	r3, #1476395008	@ 0x58000000
 8007144:	f8d3 2090 	ldr.w	r2, [r3, #144]	@ 0x90
 8007148:	f042 0204 	orr.w	r2, r2, #4
 800714c:	f8c3 2090 	str.w	r2, [r3, #144]	@ 0x90
 8007150:	f8d3 2090 	ldr.w	r2, [r3, #144]	@ 0x90
 8007154:	f042 0201 	orr.w	r2, r2, #1
 8007158:	f8c3 2090 	str.w	r2, [r3, #144]	@ 0x90
 800715c:	e7c1      	b.n	80070e2 <HAL_RCC_OscConfig+0x462>
 800715e:	f7fd fceb 	bl	8004b38 <HAL_GetTick>
 8007162:	4605      	mov	r5, r0
 8007164:	f04f 43b0 	mov.w	r3, #1476395008	@ 0x58000000
 8007168:	f8d3 3090 	ldr.w	r3, [r3, #144]	@ 0x90
 800716c:	f013 0f02 	tst.w	r3, #2
 8007170:	d008      	beq.n	8007184 <HAL_RCC_OscConfig+0x504>
 8007172:	f7fd fce1 	bl	8004b38 <HAL_GetTick>
 8007176:	1b40      	subs	r0, r0, r5
 8007178:	f241 3388 	movw	r3, #5000	@ 0x1388
 800717c:	4298      	cmp	r0, r3
 800717e:	d9f1      	bls.n	8007164 <HAL_RCC_OscConfig+0x4e4>
 8007180:	2003      	movs	r0, #3
 8007182:	e100      	b.n	8007386 <HAL_RCC_OscConfig+0x706>
 8007184:	6823      	ldr	r3, [r4, #0]
 8007186:	f013 0f40 	tst.w	r3, #64	@ 0x40
 800718a:	d033      	beq.n	80071f4 <HAL_RCC_OscConfig+0x574>
 800718c:	6aa3      	ldr	r3, [r4, #40]	@ 0x28
 800718e:	b1c3      	cbz	r3, 80071c2 <HAL_RCC_OscConfig+0x542>
 8007190:	f04f 42b0 	mov.w	r2, #1476395008	@ 0x58000000
 8007194:	f8d2 3098 	ldr.w	r3, [r2, #152]	@ 0x98
 8007198:	f043 0301 	orr.w	r3, r3, #1
 800719c:	f8c2 3098 	str.w	r3, [r2, #152]	@ 0x98
 80071a0:	f7fd fcca 	bl	8004b38 <HAL_GetTick>
 80071a4:	4605      	mov	r5, r0
 80071a6:	f04f 43b0 	mov.w	r3, #1476395008	@ 0x58000000
 80071aa:	f8d3 3098 	ldr.w	r3, [r3, #152]	@ 0x98
 80071ae:	f013 0f02 	tst.w	r3, #2
 80071b2:	d11f      	bne.n	80071f4 <HAL_RCC_OscConfig+0x574>
 80071b4:	f7fd fcc0 	bl	8004b38 <HAL_GetTick>
 80071b8:	1b40      	subs	r0, r0, r5
 80071ba:	2802      	cmp	r0, #2
 80071bc:	d9f3      	bls.n	80071a6 <HAL_RCC_OscConfig+0x526>
 80071be:	2003      	movs	r0, #3
 80071c0:	e0e1      	b.n	8007386 <HAL_RCC_OscConfig+0x706>
 80071c2:	f04f 42b0 	mov.w	r2, #1476395008	@ 0x58000000
 80071c6:	f8d2 3098 	ldr.w	r3, [r2, #152]	@ 0x98
 80071ca:	f023 0301 	bic.w	r3, r3, #1
 80071ce:	f8c2 3098 	str.w	r3, [r2, #152]	@ 0x98
 80071d2:	f7fd fcb1 	bl	8004b38 <HAL_GetTick>
 80071d6:	4605      	mov	r5, r0
 80071d8:	f04f 43b0 	mov.w	r3, #1476395008	@ 0x58000000
 80071dc:	f8d3 3098 	ldr.w	r3, [r3, #152]	@ 0x98
 80071e0:	f013 0f02 	tst.w	r3, #2
 80071e4:	d006      	beq.n	80071f4 <HAL_RCC_OscConfig+0x574>
 80071e6:	f7fd fca7 	bl	8004b38 <HAL_GetTick>
 80071ea:	1b40      	subs	r0, r0, r5
 80071ec:	2802      	cmp	r0, #2
 80071ee:	d9f3      	bls.n	80071d8 <HAL_RCC_OscConfig+0x558>
 80071f0:	2003      	movs	r0, #3
 80071f2:	e0c8      	b.n	8007386 <HAL_RCC_OscConfig+0x706>
 80071f4:	6ae3      	ldr	r3, [r4, #44]	@ 0x2c
 80071f6:	2b00      	cmp	r3, #0
 80071f8:	f000 80c4 	beq.w	8007384 <HAL_RCC_OscConfig+0x704>
 80071fc:	f04f 42b0 	mov.w	r2, #1476395008	@ 0x58000000
 8007200:	6891      	ldr	r1, [r2, #8]
 8007202:	f001 010c 	and.w	r1, r1, #12
 8007206:	68d2      	ldr	r2, [r2, #12]
 8007208:	2b02      	cmp	r3, #2
 800720a:	d019      	beq.n	8007240 <HAL_RCC_OscConfig+0x5c0>
 800720c:	290c      	cmp	r1, #12
 800720e:	f000 80c3 	beq.w	8007398 <HAL_RCC_OscConfig+0x718>
 8007212:	f04f 42b0 	mov.w	r2, #1476395008	@ 0x58000000
 8007216:	6813      	ldr	r3, [r2, #0]
 8007218:	f023 7380 	bic.w	r3, r3, #16777216	@ 0x1000000
 800721c:	6013      	str	r3, [r2, #0]
 800721e:	f7fd fc8b 	bl	8004b38 <HAL_GetTick>
 8007222:	4604      	mov	r4, r0
 8007224:	f04f 43b0 	mov.w	r3, #1476395008	@ 0x58000000
 8007228:	681b      	ldr	r3, [r3, #0]
 800722a:	f013 7f00 	tst.w	r3, #33554432	@ 0x2000000
 800722e:	f000 8097 	beq.w	8007360 <HAL_RCC_OscConfig+0x6e0>
 8007232:	f7fd fc81 	bl	8004b38 <HAL_GetTick>
 8007236:	1b00      	subs	r0, r0, r4
 8007238:	2802      	cmp	r0, #2
 800723a:	d9f3      	bls.n	8007224 <HAL_RCC_OscConfig+0x5a4>
 800723c:	2003      	movs	r0, #3
 800723e:	e0a2      	b.n	8007386 <HAL_RCC_OscConfig+0x706>
 8007240:	f002 0303 	and.w	r3, r2, #3
 8007244:	6b20      	ldr	r0, [r4, #48]	@ 0x30
 8007246:	4283      	cmp	r3, r0
 8007248:	d00a      	beq.n	8007260 <HAL_RCC_OscConfig+0x5e0>
 800724a:	290c      	cmp	r1, #12
 800724c:	f000 809c 	beq.w	8007388 <HAL_RCC_OscConfig+0x708>
 8007250:	f04f 43b0 	mov.w	r3, #1476395008	@ 0x58000000
 8007254:	681b      	ldr	r3, [r3, #0]
 8007256:	f013 6f80 	tst.w	r3, #67108864	@ 0x4000000
 800725a:	d022      	beq.n	80072a2 <HAL_RCC_OscConfig+0x622>
 800725c:	2001      	movs	r0, #1
 800725e:	e092      	b.n	8007386 <HAL_RCC_OscConfig+0x706>
 8007260:	f002 0370 	and.w	r3, r2, #112	@ 0x70
 8007264:	6b60      	ldr	r0, [r4, #52]	@ 0x34
 8007266:	4283      	cmp	r3, r0
 8007268:	d1ef      	bne.n	800724a <HAL_RCC_OscConfig+0x5ca>
 800726a:	f3c2 2306 	ubfx	r3, r2, #8, #7
 800726e:	6ba0      	ldr	r0, [r4, #56]	@ 0x38
 8007270:	4283      	cmp	r3, r0
 8007272:	d1ea      	bne.n	800724a <HAL_RCC_OscConfig+0x5ca>
 8007274:	f402 1378 	and.w	r3, r2, #4063232	@ 0x3e0000
 8007278:	6be0      	ldr	r0, [r4, #60]	@ 0x3c
 800727a:	4283      	cmp	r3, r0
 800727c:	d1e5      	bne.n	800724a <HAL_RCC_OscConfig+0x5ca>
 800727e:	f002 6360 	and.w	r3, r2, #234881024	@ 0xe000000
 8007282:	6c20      	ldr	r0, [r4, #64]	@ 0x40
 8007284:	4283      	cmp	r3, r0
 8007286:	d1e0      	bne.n	800724a <HAL_RCC_OscConfig+0x5ca>
 8007288:	f002 4260 	and.w	r2, r2, #3758096384	@ 0xe0000000
 800728c:	6c63      	ldr	r3, [r4, #68]	@ 0x44
 800728e:	429a      	cmp	r2, r3
 8007290:	d1db      	bne.n	800724a <HAL_RCC_OscConfig+0x5ca>
 8007292:	f04f 43b0 	mov.w	r3, #1476395008	@ 0x58000000
 8007296:	681b      	ldr	r3, [r3, #0]
 8007298:	f013 7f00 	tst.w	r3, #33554432	@ 0x2000000
 800729c:	d044      	beq.n	8007328 <HAL_RCC_OscConfig+0x6a8>
 800729e:	2000      	movs	r0, #0
 80072a0:	e071      	b.n	8007386 <HAL_RCC_OscConfig+0x706>
 80072a2:	f04f 42b0 	mov.w	r2, #1476395008	@ 0x58000000
 80072a6:	6813      	ldr	r3, [r2, #0]
 80072a8:	f023 7380 	bic.w	r3, r3, #16777216	@ 0x1000000
 80072ac:	6013      	str	r3, [r2, #0]
 80072ae:	f7fd fc43 	bl	8004b38 <HAL_GetTick>
 80072b2:	4605      	mov	r5, r0
 80072b4:	f04f 43b0 	mov.w	r3, #1476395008	@ 0x58000000
 80072b8:	681b      	ldr	r3, [r3, #0]
 80072ba:	f013 7f00 	tst.w	r3, #33554432	@ 0x2000000
 80072be:	d006      	beq.n	80072ce <HAL_RCC_OscConfig+0x64e>
 80072c0:	f7fd fc3a 	bl	8004b38 <HAL_GetTick>
 80072c4:	1b40      	subs	r0, r0, r5
 80072c6:	2802      	cmp	r0, #2
 80072c8:	d9f4      	bls.n	80072b4 <HAL_RCC_OscConfig+0x634>
 80072ca:	2003      	movs	r0, #3
 80072cc:	e05b      	b.n	8007386 <HAL_RCC_OscConfig+0x706>
 80072ce:	f04f 42b0 	mov.w	r2, #1476395008	@ 0x58000000
 80072d2:	68d3      	ldr	r3, [r2, #12]
 80072d4:	492e      	ldr	r1, [pc, #184]	@ (8007390 <HAL_RCC_OscConfig+0x710>)
 80072d6:	4019      	ands	r1, r3
 80072d8:	6b23      	ldr	r3, [r4, #48]	@ 0x30
 80072da:	6b60      	ldr	r0, [r4, #52]	@ 0x34
 80072dc:	4303      	orrs	r3, r0
 80072de:	6ba0      	ldr	r0, [r4, #56]	@ 0x38
 80072e0:	ea43 2300 	orr.w	r3, r3, r0, lsl #8
 80072e4:	6be0      	ldr	r0, [r4, #60]	@ 0x3c
 80072e6:	4303      	orrs	r3, r0
 80072e8:	6c20      	ldr	r0, [r4, #64]	@ 0x40
 80072ea:	4303      	orrs	r3, r0
 80072ec:	6c60      	ldr	r0, [r4, #68]	@ 0x44
 80072ee:	4303      	orrs	r3, r0
 80072f0:	4319      	orrs	r1, r3
 80072f2:	60d1      	str	r1, [r2, #12]
 80072f4:	6813      	ldr	r3, [r2, #0]
 80072f6:	f043 7380 	orr.w	r3, r3, #16777216	@ 0x1000000
 80072fa:	6013      	str	r3, [r2, #0]
 80072fc:	68d3      	ldr	r3, [r2, #12]
 80072fe:	f043 5380 	orr.w	r3, r3, #268435456	@ 0x10000000
 8007302:	60d3      	str	r3, [r2, #12]
 8007304:	f7fd fc18 	bl	8004b38 <HAL_GetTick>
 8007308:	4604      	mov	r4, r0
 800730a:	f04f 43b0 	mov.w	r3, #1476395008	@ 0x58000000
 800730e:	681b      	ldr	r3, [r3, #0]
 8007310:	f013 7f00 	tst.w	r3, #33554432	@ 0x2000000
 8007314:	d106      	bne.n	8007324 <HAL_RCC_OscConfig+0x6a4>
 8007316:	f7fd fc0f 	bl	8004b38 <HAL_GetTick>
 800731a:	1b00      	subs	r0, r0, r4
 800731c:	2802      	cmp	r0, #2
 800731e:	d9f4      	bls.n	800730a <HAL_RCC_OscConfig+0x68a>
 8007320:	2003      	movs	r0, #3
 8007322:	e030      	b.n	8007386 <HAL_RCC_OscConfig+0x706>
 8007324:	2000      	movs	r0, #0
 8007326:	e02e      	b.n	8007386 <HAL_RCC_OscConfig+0x706>
 8007328:	f04f 43b0 	mov.w	r3, #1476395008	@ 0x58000000
 800732c:	681a      	ldr	r2, [r3, #0]
 800732e:	f042 7280 	orr.w	r2, r2, #16777216	@ 0x1000000
 8007332:	601a      	str	r2, [r3, #0]
 8007334:	68da      	ldr	r2, [r3, #12]
 8007336:	f042 5280 	orr.w	r2, r2, #268435456	@ 0x10000000
 800733a:	60da      	str	r2, [r3, #12]
 800733c:	f7fd fbfc 	bl	8004b38 <HAL_GetTick>
 8007340:	4604      	mov	r4, r0
 8007342:	f04f 43b0 	mov.w	r3, #1476395008	@ 0x58000000
 8007346:	681b      	ldr	r3, [r3, #0]
 8007348:	f013 7f00 	tst.w	r3, #33554432	@ 0x2000000
 800734c:	d106      	bne.n	800735c <HAL_RCC_OscConfig+0x6dc>
 800734e:	f7fd fbf3 	bl	8004b38 <HAL_GetTick>
 8007352:	1b03      	subs	r3, r0, r4
 8007354:	2b02      	cmp	r3, #2
 8007356:	d9f4      	bls.n	8007342 <HAL_RCC_OscConfig+0x6c2>
 8007358:	2003      	movs	r0, #3
 800735a:	e014      	b.n	8007386 <HAL_RCC_OscConfig+0x706>
 800735c:	2000      	movs	r0, #0
 800735e:	e012      	b.n	8007386 <HAL_RCC_OscConfig+0x706>
 8007360:	f04f 42b0 	mov.w	r2, #1476395008	@ 0x58000000
 8007364:	68d1      	ldr	r1, [r2, #12]
 8007366:	4b0b      	ldr	r3, [pc, #44]	@ (8007394 <HAL_RCC_OscConfig+0x714>)
 8007368:	400b      	ands	r3, r1
 800736a:	60d3      	str	r3, [r2, #12]
 800736c:	2000      	movs	r0, #0
 800736e:	e00a      	b.n	8007386 <HAL_RCC_OscConfig+0x706>
 8007370:	2001      	movs	r0, #1
 8007372:	4770      	bx	lr
 8007374:	2001      	movs	r0, #1
 8007376:	e006      	b.n	8007386 <HAL_RCC_OscConfig+0x706>
 8007378:	2001      	movs	r0, #1
 800737a:	e004      	b.n	8007386 <HAL_RCC_OscConfig+0x706>
 800737c:	2001      	movs	r0, #1
 800737e:	e002      	b.n	8007386 <HAL_RCC_OscConfig+0x706>
 8007380:	2001      	movs	r0, #1
 8007382:	e000      	b.n	8007386 <HAL_RCC_OscConfig+0x706>
 8007384:	4618      	mov	r0, r3
 8007386:	bd38      	pop	{r3, r4, r5, pc}
 8007388:	2001      	movs	r0, #1
 800738a:	e7fc      	b.n	8007386 <HAL_RCC_OscConfig+0x706>
 800738c:	58000400 	.word	0x58000400
 8007390:	11c1808c 	.word	0x11c1808c
 8007394:	eefefffc 	.word	0xeefefffc
 8007398:	2001      	movs	r0, #1
 800739a:	e7f4      	b.n	8007386 <HAL_RCC_OscConfig+0x706>

0800739c <HAL_RCC_ClockConfig>:
 800739c:	2800      	cmp	r0, #0
 800739e:	f000 8127 	beq.w	80075f0 <HAL_RCC_ClockConfig+0x254>
 80073a2:	b570      	push	{r4, r5, r6, lr}
 80073a4:	460c      	mov	r4, r1
 80073a6:	4605      	mov	r5, r0
 80073a8:	4b93      	ldr	r3, [pc, #588]	@ (80075f8 <HAL_RCC_ClockConfig+0x25c>)
 80073aa:	681b      	ldr	r3, [r3, #0]
 80073ac:	f003 0307 	and.w	r3, r3, #7
 80073b0:	428b      	cmp	r3, r1
 80073b2:	d32d      	bcc.n	8007410 <HAL_RCC_ClockConfig+0x74>
 80073b4:	682b      	ldr	r3, [r5, #0]
 80073b6:	f013 0f02 	tst.w	r3, #2
 80073ba:	d13f      	bne.n	800743c <HAL_RCC_ClockConfig+0xa0>
 80073bc:	682b      	ldr	r3, [r5, #0]
 80073be:	f013 0f20 	tst.w	r3, #32
 80073c2:	d153      	bne.n	800746c <HAL_RCC_ClockConfig+0xd0>
 80073c4:	682b      	ldr	r3, [r5, #0]
 80073c6:	f013 0f40 	tst.w	r3, #64	@ 0x40
 80073ca:	d16a      	bne.n	80074a2 <HAL_RCC_ClockConfig+0x106>
 80073cc:	682b      	ldr	r3, [r5, #0]
 80073ce:	f013 0f04 	tst.w	r3, #4
 80073d2:	f040 8083 	bne.w	80074dc <HAL_RCC_ClockConfig+0x140>
 80073d6:	682b      	ldr	r3, [r5, #0]
 80073d8:	f013 0f08 	tst.w	r3, #8
 80073dc:	f040 8097 	bne.w	800750e <HAL_RCC_ClockConfig+0x172>
 80073e0:	682b      	ldr	r3, [r5, #0]
 80073e2:	f013 0f01 	tst.w	r3, #1
 80073e6:	f000 80de 	beq.w	80075a6 <HAL_RCC_ClockConfig+0x20a>
 80073ea:	686b      	ldr	r3, [r5, #4]
 80073ec:	2b02      	cmp	r3, #2
 80073ee:	f000 80a8 	beq.w	8007542 <HAL_RCC_ClockConfig+0x1a6>
 80073f2:	2b03      	cmp	r3, #3
 80073f4:	f000 80ad 	beq.w	8007552 <HAL_RCC_ClockConfig+0x1b6>
 80073f8:	2b00      	cmp	r3, #0
 80073fa:	f040 80b2 	bne.w	8007562 <HAL_RCC_ClockConfig+0x1c6>
 80073fe:	f04f 42b0 	mov.w	r2, #1476395008	@ 0x58000000
 8007402:	6812      	ldr	r2, [r2, #0]
 8007404:	f012 0f02 	tst.w	r2, #2
 8007408:	f040 80b1 	bne.w	800756e <HAL_RCC_ClockConfig+0x1d2>
 800740c:	2001      	movs	r0, #1
 800740e:	e0ee      	b.n	80075ee <HAL_RCC_ClockConfig+0x252>
 8007410:	4a79      	ldr	r2, [pc, #484]	@ (80075f8 <HAL_RCC_ClockConfig+0x25c>)
 8007412:	6813      	ldr	r3, [r2, #0]
 8007414:	f023 0307 	bic.w	r3, r3, #7
 8007418:	430b      	orrs	r3, r1
 800741a:	6013      	str	r3, [r2, #0]
 800741c:	f7fd fb8c 	bl	8004b38 <HAL_GetTick>
 8007420:	4606      	mov	r6, r0
 8007422:	4b75      	ldr	r3, [pc, #468]	@ (80075f8 <HAL_RCC_ClockConfig+0x25c>)
 8007424:	681b      	ldr	r3, [r3, #0]
 8007426:	f003 0307 	and.w	r3, r3, #7
 800742a:	42a3      	cmp	r3, r4
 800742c:	d0c2      	beq.n	80073b4 <HAL_RCC_ClockConfig+0x18>
 800742e:	f7fd fb83 	bl	8004b38 <HAL_GetTick>
 8007432:	1b80      	subs	r0, r0, r6
 8007434:	2802      	cmp	r0, #2
 8007436:	d9f4      	bls.n	8007422 <HAL_RCC_ClockConfig+0x86>
 8007438:	2003      	movs	r0, #3
 800743a:	e0d8      	b.n	80075ee <HAL_RCC_ClockConfig+0x252>
 800743c:	68ab      	ldr	r3, [r5, #8]
 800743e:	f04f 41b0 	mov.w	r1, #1476395008	@ 0x58000000
 8007442:	688a      	ldr	r2, [r1, #8]
 8007444:	f022 02f0 	bic.w	r2, r2, #240	@ 0xf0
 8007448:	4313      	orrs	r3, r2
 800744a:	608b      	str	r3, [r1, #8]
 800744c:	f7fd fb74 	bl	8004b38 <HAL_GetTick>
 8007450:	4606      	mov	r6, r0
 8007452:	f04f 43b0 	mov.w	r3, #1476395008	@ 0x58000000
 8007456:	689b      	ldr	r3, [r3, #8]
 8007458:	f413 3f80 	tst.w	r3, #65536	@ 0x10000
 800745c:	d1ae      	bne.n	80073bc <HAL_RCC_ClockConfig+0x20>
 800745e:	f7fd fb6b 	bl	8004b38 <HAL_GetTick>
 8007462:	1b80      	subs	r0, r0, r6
 8007464:	2802      	cmp	r0, #2
 8007466:	d9f4      	bls.n	8007452 <HAL_RCC_ClockConfig+0xb6>
 8007468:	2003      	movs	r0, #3
 800746a:	e0c0      	b.n	80075ee <HAL_RCC_ClockConfig+0x252>
 800746c:	696b      	ldr	r3, [r5, #20]
 800746e:	f04f 41b0 	mov.w	r1, #1476395008	@ 0x58000000
 8007472:	f8d1 2108 	ldr.w	r2, [r1, #264]	@ 0x108
 8007476:	f022 02f0 	bic.w	r2, r2, #240	@ 0xf0
 800747a:	4313      	orrs	r3, r2
 800747c:	f8c1 3108 	str.w	r3, [r1, #264]	@ 0x108
 8007480:	f7fd fb5a 	bl	8004b38 <HAL_GetTick>
 8007484:	4606      	mov	r6, r0
 8007486:	f04f 43b0 	mov.w	r3, #1476395008	@ 0x58000000
 800748a:	f8d3 3108 	ldr.w	r3, [r3, #264]	@ 0x108
 800748e:	f413 3f00 	tst.w	r3, #131072	@ 0x20000
 8007492:	d197      	bne.n	80073c4 <HAL_RCC_ClockConfig+0x28>
 8007494:	f7fd fb50 	bl	8004b38 <HAL_GetTick>
 8007498:	1b80      	subs	r0, r0, r6
 800749a:	2802      	cmp	r0, #2
 800749c:	d9f3      	bls.n	8007486 <HAL_RCC_ClockConfig+0xea>
 800749e:	2003      	movs	r0, #3
 80074a0:	e0a5      	b.n	80075ee <HAL_RCC_ClockConfig+0x252>
 80074a2:	69a9      	ldr	r1, [r5, #24]
 80074a4:	f04f 42b0 	mov.w	r2, #1476395008	@ 0x58000000
 80074a8:	f8d2 3108 	ldr.w	r3, [r2, #264]	@ 0x108
 80074ac:	f023 030f 	bic.w	r3, r3, #15
 80074b0:	ea43 1311 	orr.w	r3, r3, r1, lsr #4
 80074b4:	f8c2 3108 	str.w	r3, [r2, #264]	@ 0x108
 80074b8:	f7fd fb3e 	bl	8004b38 <HAL_GetTick>
 80074bc:	4606      	mov	r6, r0
 80074be:	f04f 43b0 	mov.w	r3, #1476395008	@ 0x58000000
 80074c2:	f8d3 3108 	ldr.w	r3, [r3, #264]	@ 0x108
 80074c6:	f413 3f80 	tst.w	r3, #65536	@ 0x10000
 80074ca:	f47f af7f 	bne.w	80073cc <HAL_RCC_ClockConfig+0x30>
 80074ce:	f7fd fb33 	bl	8004b38 <HAL_GetTick>
 80074d2:	1b80      	subs	r0, r0, r6
 80074d4:	2802      	cmp	r0, #2
 80074d6:	d9f2      	bls.n	80074be <HAL_RCC_ClockConfig+0x122>
 80074d8:	2003      	movs	r0, #3
 80074da:	e088      	b.n	80075ee <HAL_RCC_ClockConfig+0x252>
 80074dc:	68eb      	ldr	r3, [r5, #12]
 80074de:	f04f 41b0 	mov.w	r1, #1476395008	@ 0x58000000
 80074e2:	688a      	ldr	r2, [r1, #8]
 80074e4:	f422 62e0 	bic.w	r2, r2, #1792	@ 0x700
 80074e8:	4313      	orrs	r3, r2
 80074ea:	608b      	str	r3, [r1, #8]
 80074ec:	f7fd fb24 	bl	8004b38 <HAL_GetTick>
 80074f0:	4606      	mov	r6, r0
 80074f2:	f04f 43b0 	mov.w	r3, #1476395008	@ 0x58000000
 80074f6:	689b      	ldr	r3, [r3, #8]
 80074f8:	f413 3f00 	tst.w	r3, #131072	@ 0x20000
 80074fc:	f47f af6b 	bne.w	80073d6 <HAL_RCC_ClockConfig+0x3a>
 8007500:	f7fd fb1a 	bl	8004b38 <HAL_GetTick>
 8007504:	1b80      	subs	r0, r0, r6
 8007506:	2802      	cmp	r0, #2
 8007508:	d9f3      	bls.n	80074f2 <HAL_RCC_ClockConfig+0x156>
 800750a:	2003      	movs	r0, #3
 800750c:	e06f      	b.n	80075ee <HAL_RCC_ClockConfig+0x252>
 800750e:	6929      	ldr	r1, [r5, #16]
 8007510:	f04f 42b0 	mov.w	r2, #1476395008	@ 0x58000000
 8007514:	6893      	ldr	r3, [r2, #8]
 8007516:	f423 5360 	bic.w	r3, r3, #14336	@ 0x3800
 800751a:	ea43 03c1 	orr.w	r3, r3, r1, lsl #3
 800751e:	6093      	str	r3, [r2, #8]
 8007520:	f7fd fb0a 	bl	8004b38 <HAL_GetTick>
 8007524:	4606      	mov	r6, r0
 8007526:	f04f 43b0 	mov.w	r3, #1476395008	@ 0x58000000
 800752a:	689b      	ldr	r3, [r3, #8]
 800752c:	f413 2f80 	tst.w	r3, #262144	@ 0x40000
 8007530:	f47f af56 	bne.w	80073e0 <HAL_RCC_ClockConfig+0x44>
 8007534:	f7fd fb00 	bl	8004b38 <HAL_GetTick>
 8007538:	1b80      	subs	r0, r0, r6
 800753a:	2802      	cmp	r0, #2
 800753c:	d9f3      	bls.n	8007526 <HAL_RCC_ClockConfig+0x18a>
 800753e:	2003      	movs	r0, #3
 8007540:	e055      	b.n	80075ee <HAL_RCC_ClockConfig+0x252>
 8007542:	f04f 42b0 	mov.w	r2, #1476395008	@ 0x58000000
 8007546:	6812      	ldr	r2, [r2, #0]
 8007548:	f412 3f00 	tst.w	r2, #131072	@ 0x20000
 800754c:	d10f      	bne.n	800756e <HAL_RCC_ClockConfig+0x1d2>
 800754e:	2001      	movs	r0, #1
 8007550:	e04d      	b.n	80075ee <HAL_RCC_ClockConfig+0x252>
 8007552:	f04f 42b0 	mov.w	r2, #1476395008	@ 0x58000000
 8007556:	6812      	ldr	r2, [r2, #0]
 8007558:	f012 7f00 	tst.w	r2, #33554432	@ 0x2000000
 800755c:	d107      	bne.n	800756e <HAL_RCC_ClockConfig+0x1d2>
 800755e:	2001      	movs	r0, #1
 8007560:	e045      	b.n	80075ee <HAL_RCC_ClockConfig+0x252>
 8007562:	f04f 42b0 	mov.w	r2, #1476395008	@ 0x58000000
 8007566:	6812      	ldr	r2, [r2, #0]
 8007568:	f412 6f80 	tst.w	r2, #1024	@ 0x400
 800756c:	d042      	beq.n	80075f4 <HAL_RCC_ClockConfig+0x258>
 800756e:	f04f 41b0 	mov.w	r1, #1476395008	@ 0x58000000
 8007572:	688a      	ldr	r2, [r1, #8]
 8007574:	f022 0203 	bic.w	r2, r2, #3
 8007578:	4313      	orrs	r3, r2
 800757a:	608b      	str	r3, [r1, #8]
 800757c:	f7fd fadc 	bl	8004b38 <HAL_GetTick>
 8007580:	4606      	mov	r6, r0
 8007582:	f04f 43b0 	mov.w	r3, #1476395008	@ 0x58000000
 8007586:	689b      	ldr	r3, [r3, #8]
 8007588:	f003 030c 	and.w	r3, r3, #12
 800758c:	686a      	ldr	r2, [r5, #4]
 800758e:	ebb3 0f82 	cmp.w	r3, r2, lsl #2
 8007592:	d008      	beq.n	80075a6 <HAL_RCC_ClockConfig+0x20a>
 8007594:	f7fd fad0 	bl	8004b38 <HAL_GetTick>
 8007598:	1b80      	subs	r0, r0, r6
 800759a:	f241 3388 	movw	r3, #5000	@ 0x1388
 800759e:	4298      	cmp	r0, r3
 80075a0:	d9ef      	bls.n	8007582 <HAL_RCC_ClockConfig+0x1e6>
 80075a2:	2003      	movs	r0, #3
 80075a4:	e023      	b.n	80075ee <HAL_RCC_ClockConfig+0x252>
 80075a6:	4b14      	ldr	r3, [pc, #80]	@ (80075f8 <HAL_RCC_ClockConfig+0x25c>)
 80075a8:	681b      	ldr	r3, [r3, #0]
 80075aa:	f003 0307 	and.w	r3, r3, #7
 80075ae:	42a3      	cmp	r3, r4
 80075b0:	d915      	bls.n	80075de <HAL_RCC_ClockConfig+0x242>
 80075b2:	4a11      	ldr	r2, [pc, #68]	@ (80075f8 <HAL_RCC_ClockConfig+0x25c>)
 80075b4:	6813      	ldr	r3, [r2, #0]
 80075b6:	f023 0307 	bic.w	r3, r3, #7
 80075ba:	4323      	orrs	r3, r4
 80075bc:	6013      	str	r3, [r2, #0]
 80075be:	f7fd fabb 	bl	8004b38 <HAL_GetTick>
 80075c2:	4605      	mov	r5, r0
 80075c4:	4b0c      	ldr	r3, [pc, #48]	@ (80075f8 <HAL_RCC_ClockConfig+0x25c>)
 80075c6:	681b      	ldr	r3, [r3, #0]
 80075c8:	f003 0307 	and.w	r3, r3, #7
 80075cc:	42a3      	cmp	r3, r4
 80075ce:	d006      	beq.n	80075de <HAL_RCC_ClockConfig+0x242>
 80075d0:	f7fd fab2 	bl	8004b38 <HAL_GetTick>
 80075d4:	1b40      	subs	r0, r0, r5
 80075d6:	2802      	cmp	r0, #2
 80075d8:	d9f4      	bls.n	80075c4 <HAL_RCC_ClockConfig+0x228>
 80075da:	2003      	movs	r0, #3
 80075dc:	e007      	b.n	80075ee <HAL_RCC_ClockConfig+0x252>
 80075de:	f7ff fb3f 	bl	8006c60 <HAL_RCC_GetHCLKFreq>
 80075e2:	4b06      	ldr	r3, [pc, #24]	@ (80075fc <HAL_RCC_ClockConfig+0x260>)
 80075e4:	6018      	str	r0, [r3, #0]
 80075e6:	f7fd faad 	bl	8004b44 <HAL_GetTickPrio>
 80075ea:	f7fd fa59 	bl	8004aa0 <HAL_InitTick>
 80075ee:	bd70      	pop	{r4, r5, r6, pc}
 80075f0:	2001      	movs	r0, #1
 80075f2:	4770      	bx	lr
 80075f4:	2001      	movs	r0, #1
 80075f6:	e7fa      	b.n	80075ee <HAL_RCC_ClockConfig+0x252>
 80075f8:	58004000 	.word	0x58004000
 80075fc:	20000080 	.word	0x20000080

08007600 <HAL_RCC_GetPCLK1Freq>:
 8007600:	b508      	push	{r3, lr}
 8007602:	f7ff fb2d 	bl	8006c60 <HAL_RCC_GetHCLKFreq>
 8007606:	f04f 43b0 	mov.w	r3, #1476395008	@ 0x58000000
 800760a:	689b      	ldr	r3, [r3, #8]
 800760c:	f3c3 2302 	ubfx	r3, r3, #8, #3
 8007610:	4a03      	ldr	r2, [pc, #12]	@ (8007620 <HAL_RCC_GetPCLK1Freq+0x20>)
 8007612:	f852 3023 	ldr.w	r3, [r2, r3, lsl #2]
 8007616:	f003 031f 	and.w	r3, r3, #31
 800761a:	40d8      	lsrs	r0, r3
 800761c:	bd08      	pop	{r3, pc}
 800761e:	bf00      	nop
 8007620:	0800db2c 	.word	0x0800db2c

08007624 <HAL_RCC_GetPCLK2Freq>:
 8007624:	b508      	push	{r3, lr}
 8007626:	f7ff fb1b 	bl	8006c60 <HAL_RCC_GetHCLKFreq>
 800762a:	f04f 43b0 	mov.w	r3, #1476395008	@ 0x58000000
 800762e:	689b      	ldr	r3, [r3, #8]
 8007630:	f3c3 23c2 	ubfx	r3, r3, #11, #3
 8007634:	4a03      	ldr	r2, [pc, #12]	@ (8007644 <HAL_RCC_GetPCLK2Freq+0x20>)
 8007636:	f852 3023 	ldr.w	r3, [r2, r3, lsl #2]
 800763a:	f003 031f 	and.w	r3, r3, #31
 800763e:	40d8      	lsrs	r0, r3
 8007640:	bd08      	pop	{r3, pc}
 8007642:	bf00      	nop
 8007644:	0800db2c 	.word	0x0800db2c

08007648 <LL_RCC_SetI2CClockSource>:
 8007648:	f04f 41b0 	mov.w	r1, #1476395008	@ 0x58000000
 800764c:	f8d1 3088 	ldr.w	r3, [r1, #136]	@ 0x88
 8007650:	0902      	lsrs	r2, r0, #4
 8007652:	f402 227f 	and.w	r2, r2, #1044480	@ 0xff000
 8007656:	ea23 0302 	bic.w	r3, r3, r2
 800765a:	0100      	lsls	r0, r0, #4
 800765c:	f400 207f 	and.w	r0, r0, #1044480	@ 0xff000
 8007660:	4303      	orrs	r3, r0
 8007662:	f8c1 3088 	str.w	r3, [r1, #136]	@ 0x88
 8007666:	4770      	bx	lr

08007668 <RCCEx_PLLSAI1_ConfigNP>:
 8007668:	b570      	push	{r4, r5, r6, lr}
 800766a:	4605      	mov	r5, r0
 800766c:	f04f 42b0 	mov.w	r2, #1476395008	@ 0x58000000
 8007670:	6813      	ldr	r3, [r2, #0]
 8007672:	f023 6380 	bic.w	r3, r3, #67108864	@ 0x4000000
 8007676:	6013      	str	r3, [r2, #0]
 8007678:	f7fd fa5e 	bl	8004b38 <HAL_GetTick>
 800767c:	4604      	mov	r4, r0
 800767e:	f04f 43b0 	mov.w	r3, #1476395008	@ 0x58000000
 8007682:	681b      	ldr	r3, [r3, #0]
 8007684:	f013 6f00 	tst.w	r3, #134217728	@ 0x8000000
 8007688:	d006      	beq.n	8007698 <RCCEx_PLLSAI1_ConfigNP+0x30>
 800768a:	f7fd fa55 	bl	8004b38 <HAL_GetTick>
 800768e:	1b00      	subs	r0, r0, r4
 8007690:	2802      	cmp	r0, #2
 8007692:	d9f4      	bls.n	800767e <RCCEx_PLLSAI1_ConfigNP+0x16>
 8007694:	2403      	movs	r4, #3
 8007696:	e000      	b.n	800769a <RCCEx_PLLSAI1_ConfigNP+0x32>
 8007698:	2400      	movs	r4, #0
 800769a:	b10c      	cbz	r4, 80076a0 <RCCEx_PLLSAI1_ConfigNP+0x38>
 800769c:	4620      	mov	r0, r4
 800769e:	bd70      	pop	{r4, r5, r6, pc}
 80076a0:	f04f 43b0 	mov.w	r3, #1476395008	@ 0x58000000
 80076a4:	691a      	ldr	r2, [r3, #16]
 80076a6:	f422 42fe 	bic.w	r2, r2, #32512	@ 0x7f00
 80076aa:	6829      	ldr	r1, [r5, #0]
 80076ac:	ea42 2201 	orr.w	r2, r2, r1, lsl #8
 80076b0:	611a      	str	r2, [r3, #16]
 80076b2:	691a      	ldr	r2, [r3, #16]
 80076b4:	f422 1278 	bic.w	r2, r2, #4063232	@ 0x3e0000
 80076b8:	6869      	ldr	r1, [r5, #4]
 80076ba:	430a      	orrs	r2, r1
 80076bc:	611a      	str	r2, [r3, #16]
 80076be:	681a      	ldr	r2, [r3, #0]
 80076c0:	f042 6280 	orr.w	r2, r2, #67108864	@ 0x4000000
 80076c4:	601a      	str	r2, [r3, #0]
 80076c6:	f7fd fa37 	bl	8004b38 <HAL_GetTick>
 80076ca:	4606      	mov	r6, r0
 80076cc:	f04f 43b0 	mov.w	r3, #1476395008	@ 0x58000000
 80076d0:	681b      	ldr	r3, [r3, #0]
 80076d2:	f013 6f00 	tst.w	r3, #134217728	@ 0x8000000
 80076d6:	d105      	bne.n	80076e4 <RCCEx_PLLSAI1_ConfigNP+0x7c>
 80076d8:	f7fd fa2e 	bl	8004b38 <HAL_GetTick>
 80076dc:	1b80      	subs	r0, r0, r6
 80076de:	2802      	cmp	r0, #2
 80076e0:	d9f4      	bls.n	80076cc <RCCEx_PLLSAI1_ConfigNP+0x64>
 80076e2:	2403      	movs	r4, #3
 80076e4:	2c00      	cmp	r4, #0
 80076e6:	d1d9      	bne.n	800769c <RCCEx_PLLSAI1_ConfigNP+0x34>
 80076e8:	f04f 42b0 	mov.w	r2, #1476395008	@ 0x58000000
 80076ec:	6913      	ldr	r3, [r2, #16]
 80076ee:	6929      	ldr	r1, [r5, #16]
 80076f0:	430b      	orrs	r3, r1
 80076f2:	6113      	str	r3, [r2, #16]
 80076f4:	e7d2      	b.n	800769c <RCCEx_PLLSAI1_ConfigNP+0x34>

080076f6 <RCCEx_PLLSAI1_ConfigNQ>:
 80076f6:	b570      	push	{r4, r5, r6, lr}
 80076f8:	4605      	mov	r5, r0
 80076fa:	f04f 42b0 	mov.w	r2, #1476395008	@ 0x58000000
 80076fe:	6813      	ldr	r3, [r2, #0]
 8007700:	f023 6380 	bic.w	r3, r3, #67108864	@ 0x4000000
 8007704:	6013      	str	r3, [r2, #0]
 8007706:	f7fd fa17 	bl	8004b38 <HAL_GetTick>
 800770a:	4604      	mov	r4, r0
 800770c:	f04f 43b0 	mov.w	r3, #1476395008	@ 0x58000000
 8007710:	681b      	ldr	r3, [r3, #0]
 8007712:	f013 6f00 	tst.w	r3, #134217728	@ 0x8000000
 8007716:	d006      	beq.n	8007726 <RCCEx_PLLSAI1_ConfigNQ+0x30>
 8007718:	f7fd fa0e 	bl	8004b38 <HAL_GetTick>
 800771c:	1b00      	subs	r0, r0, r4
 800771e:	2802      	cmp	r0, #2
 8007720:	d9f4      	bls.n	800770c <RCCEx_PLLSAI1_ConfigNQ+0x16>
 8007722:	2403      	movs	r4, #3
 8007724:	e000      	b.n	8007728 <RCCEx_PLLSAI1_ConfigNQ+0x32>
 8007726:	2400      	movs	r4, #0
 8007728:	b10c      	cbz	r4, 800772e <RCCEx_PLLSAI1_ConfigNQ+0x38>
 800772a:	4620      	mov	r0, r4
 800772c:	bd70      	pop	{r4, r5, r6, pc}
 800772e:	f04f 43b0 	mov.w	r3, #1476395008	@ 0x58000000
 8007732:	691a      	ldr	r2, [r3, #16]
 8007734:	f422 42fe 	bic.w	r2, r2, #32512	@ 0x7f00
 8007738:	6829      	ldr	r1, [r5, #0]
 800773a:	ea42 2201 	orr.w	r2, r2, r1, lsl #8
 800773e:	611a      	str	r2, [r3, #16]
 8007740:	691a      	ldr	r2, [r3, #16]
 8007742:	f022 6260 	bic.w	r2, r2, #234881024	@ 0xe000000
 8007746:	68a9      	ldr	r1, [r5, #8]
 8007748:	430a      	orrs	r2, r1
 800774a:	611a      	str	r2, [r3, #16]
 800774c:	681a      	ldr	r2, [r3, #0]
 800774e:	f042 6280 	orr.w	r2, r2, #67108864	@ 0x4000000
 8007752:	601a      	str	r2, [r3, #0]
 8007754:	f7fd f9f0 	bl	8004b38 <HAL_GetTick>
 8007758:	4606      	mov	r6, r0
 800775a:	f04f 43b0 	mov.w	r3, #1476395008	@ 0x58000000
 800775e:	681b      	ldr	r3, [r3, #0]
 8007760:	f013 6f00 	tst.w	r3, #134217728	@ 0x8000000
 8007764:	d105      	bne.n	8007772 <RCCEx_PLLSAI1_ConfigNQ+0x7c>
 8007766:	f7fd f9e7 	bl	8004b38 <HAL_GetTick>
 800776a:	1b80      	subs	r0, r0, r6
 800776c:	2802      	cmp	r0, #2
 800776e:	d9f4      	bls.n	800775a <RCCEx_PLLSAI1_ConfigNQ+0x64>
 8007770:	2403      	movs	r4, #3
 8007772:	2c00      	cmp	r4, #0
 8007774:	d1d9      	bne.n	800772a <RCCEx_PLLSAI1_ConfigNQ+0x34>
 8007776:	f04f 42b0 	mov.w	r2, #1476395008	@ 0x58000000
 800777a:	6913      	ldr	r3, [r2, #16]
 800777c:	6929      	ldr	r1, [r5, #16]
 800777e:	430b      	orrs	r3, r1
 8007780:	6113      	str	r3, [r2, #16]
 8007782:	e7d2      	b.n	800772a <RCCEx_PLLSAI1_ConfigNQ+0x34>

08007784 <RCCEx_PLLSAI1_ConfigNR>:
 8007784:	b570      	push	{r4, r5, r6, lr}
 8007786:	4605      	mov	r5, r0
 8007788:	f04f 42b0 	mov.w	r2, #1476395008	@ 0x58000000
 800778c:	6813      	ldr	r3, [r2, #0]
 800778e:	f023 6380 	bic.w	r3, r3, #67108864	@ 0x4000000
 8007792:	6013      	str	r3, [r2, #0]
 8007794:	f7fd f9d0 	bl	8004b38 <HAL_GetTick>
 8007798:	4604      	mov	r4, r0
 800779a:	f04f 43b0 	mov.w	r3, #1476395008	@ 0x58000000
 800779e:	681b      	ldr	r3, [r3, #0]
 80077a0:	f013 6f00 	tst.w	r3, #134217728	@ 0x8000000
 80077a4:	d006      	beq.n	80077b4 <RCCEx_PLLSAI1_ConfigNR+0x30>
 80077a6:	f7fd f9c7 	bl	8004b38 <HAL_GetTick>
 80077aa:	1b00      	subs	r0, r0, r4
 80077ac:	2802      	cmp	r0, #2
 80077ae:	d9f4      	bls.n	800779a <RCCEx_PLLSAI1_ConfigNR+0x16>
 80077b0:	2403      	movs	r4, #3
 80077b2:	e000      	b.n	80077b6 <RCCEx_PLLSAI1_ConfigNR+0x32>
 80077b4:	2400      	movs	r4, #0
 80077b6:	b10c      	cbz	r4, 80077bc <RCCEx_PLLSAI1_ConfigNR+0x38>
 80077b8:	4620      	mov	r0, r4
 80077ba:	bd70      	pop	{r4, r5, r6, pc}
 80077bc:	f04f 43b0 	mov.w	r3, #1476395008	@ 0x58000000
 80077c0:	691a      	ldr	r2, [r3, #16]
 80077c2:	f422 42fe 	bic.w	r2, r2, #32512	@ 0x7f00
 80077c6:	6829      	ldr	r1, [r5, #0]
 80077c8:	ea42 2201 	orr.w	r2, r2, r1, lsl #8
 80077cc:	611a      	str	r2, [r3, #16]
 80077ce:	691a      	ldr	r2, [r3, #16]
 80077d0:	f022 4260 	bic.w	r2, r2, #3758096384	@ 0xe0000000
 80077d4:	68e9      	ldr	r1, [r5, #12]
 80077d6:	430a      	orrs	r2, r1
 80077d8:	611a      	str	r2, [r3, #16]
 80077da:	681a      	ldr	r2, [r3, #0]
 80077dc:	f042 6280 	orr.w	r2, r2, #67108864	@ 0x4000000
 80077e0:	601a      	str	r2, [r3, #0]
 80077e2:	f7fd f9a9 	bl	8004b38 <HAL_GetTick>
 80077e6:	4606      	mov	r6, r0
 80077e8:	f04f 43b0 	mov.w	r3, #1476395008	@ 0x58000000
 80077ec:	681b      	ldr	r3, [r3, #0]
 80077ee:	f013 6f00 	tst.w	r3, #134217728	@ 0x8000000
 80077f2:	d105      	bne.n	8007800 <RCCEx_PLLSAI1_ConfigNR+0x7c>
 80077f4:	f7fd f9a0 	bl	8004b38 <HAL_GetTick>
 80077f8:	1b80      	subs	r0, r0, r6
 80077fa:	2802      	cmp	r0, #2
 80077fc:	d9f4      	bls.n	80077e8 <RCCEx_PLLSAI1_ConfigNR+0x64>
 80077fe:	2403      	movs	r4, #3
 8007800:	2c00      	cmp	r4, #0
 8007802:	d1d9      	bne.n	80077b8 <RCCEx_PLLSAI1_ConfigNR+0x34>
 8007804:	f04f 42b0 	mov.w	r2, #1476395008	@ 0x58000000
 8007808:	6913      	ldr	r3, [r2, #16]
 800780a:	6929      	ldr	r1, [r5, #16]
 800780c:	430b      	orrs	r3, r1
 800780e:	6113      	str	r3, [r2, #16]
 8007810:	e7d2      	b.n	80077b8 <RCCEx_PLLSAI1_ConfigNR+0x34>

08007812 <HAL_RCCEx_PeriphCLKConfig>:
 8007812:	b570      	push	{r4, r5, r6, lr}
 8007814:	4604      	mov	r4, r0
 8007816:	6803      	ldr	r3, [r0, #0]
 8007818:	f013 0f40 	tst.w	r3, #64	@ 0x40
 800781c:	d035      	beq.n	800788a <HAL_RCCEx_PeriphCLKConfig+0x78>
 800781e:	6b03      	ldr	r3, [r0, #48]	@ 0x30
 8007820:	f5b3 0f80 	cmp.w	r3, #4194304	@ 0x400000
 8007824:	d016      	beq.n	8007854 <HAL_RCCEx_PeriphCLKConfig+0x42>
 8007826:	d80b      	bhi.n	8007840 <HAL_RCCEx_PeriphCLKConfig+0x2e>
 8007828:	b933      	cbnz	r3, 8007838 <HAL_RCCEx_PeriphCLKConfig+0x26>
 800782a:	3004      	adds	r0, #4
 800782c:	f7ff ff1c 	bl	8007668 <RCCEx_PLLSAI1_ConfigNP>
 8007830:	4606      	mov	r6, r0
 8007832:	b1b8      	cbz	r0, 8007864 <HAL_RCCEx_PeriphCLKConfig+0x52>
 8007834:	4605      	mov	r5, r0
 8007836:	e02b      	b.n	8007890 <HAL_RCCEx_PeriphCLKConfig+0x7e>
 8007838:	2301      	movs	r3, #1
 800783a:	461d      	mov	r5, r3
 800783c:	461e      	mov	r6, r3
 800783e:	e027      	b.n	8007890 <HAL_RCCEx_PeriphCLKConfig+0x7e>
 8007840:	f5b3 0f00 	cmp.w	r3, #8388608	@ 0x800000
 8007844:	d01b      	beq.n	800787e <HAL_RCCEx_PeriphCLKConfig+0x6c>
 8007846:	f5b3 0f40 	cmp.w	r3, #12582912	@ 0xc00000
 800784a:	d01b      	beq.n	8007884 <HAL_RCCEx_PeriphCLKConfig+0x72>
 800784c:	2301      	movs	r3, #1
 800784e:	461d      	mov	r5, r3
 8007850:	461e      	mov	r6, r3
 8007852:	e01d      	b.n	8007890 <HAL_RCCEx_PeriphCLKConfig+0x7e>
 8007854:	f04f 42b0 	mov.w	r2, #1476395008	@ 0x58000000
 8007858:	68d3      	ldr	r3, [r2, #12]
 800785a:	f443 3380 	orr.w	r3, r3, #65536	@ 0x10000
 800785e:	60d3      	str	r3, [r2, #12]
 8007860:	2300      	movs	r3, #0
 8007862:	461e      	mov	r6, r3
 8007864:	6b23      	ldr	r3, [r4, #48]	@ 0x30
 8007866:	f04f 41b0 	mov.w	r1, #1476395008	@ 0x58000000
 800786a:	f8d1 2088 	ldr.w	r2, [r1, #136]	@ 0x88
 800786e:	f422 0240 	bic.w	r2, r2, #12582912	@ 0xc00000
 8007872:	4313      	orrs	r3, r2
 8007874:	f8c1 3088 	str.w	r3, [r1, #136]	@ 0x88
 8007878:	2300      	movs	r3, #0
 800787a:	461d      	mov	r5, r3
 800787c:	e008      	b.n	8007890 <HAL_RCCEx_PeriphCLKConfig+0x7e>
 800787e:	2300      	movs	r3, #0
 8007880:	461e      	mov	r6, r3
 8007882:	e7ef      	b.n	8007864 <HAL_RCCEx_PeriphCLKConfig+0x52>
 8007884:	2300      	movs	r3, #0
 8007886:	461e      	mov	r6, r3
 8007888:	e7ec      	b.n	8007864 <HAL_RCCEx_PeriphCLKConfig+0x52>
 800788a:	2300      	movs	r3, #0
 800788c:	461d      	mov	r5, r3
 800788e:	461e      	mov	r6, r3
 8007890:	6823      	ldr	r3, [r4, #0]
 8007892:	f413 6f00 	tst.w	r3, #2048	@ 0x800
 8007896:	d00b      	beq.n	80078b0 <HAL_RCCEx_PeriphCLKConfig+0x9e>
 8007898:	f04f 43b0 	mov.w	r3, #1476395008	@ 0x58000000
 800789c:	f8d3 3090 	ldr.w	r3, [r3, #144]	@ 0x90
 80078a0:	f403 7340 	and.w	r3, r3, #768	@ 0x300
 80078a4:	461d      	mov	r5, r3
 80078a6:	6c23      	ldr	r3, [r4, #64]	@ 0x40
 80078a8:	42ab      	cmp	r3, r5
 80078aa:	f040 80b7 	bne.w	8007a1c <HAL_RCCEx_PeriphCLKConfig+0x20a>
 80078ae:	4635      	mov	r5, r6
 80078b0:	6823      	ldr	r3, [r4, #0]
 80078b2:	f013 0f01 	tst.w	r3, #1
 80078b6:	d009      	beq.n	80078cc <HAL_RCCEx_PeriphCLKConfig+0xba>
 80078b8:	69a3      	ldr	r3, [r4, #24]
 80078ba:	f04f 41b0 	mov.w	r1, #1476395008	@ 0x58000000
 80078be:	f8d1 2088 	ldr.w	r2, [r1, #136]	@ 0x88
 80078c2:	f022 0203 	bic.w	r2, r2, #3
 80078c6:	4313      	orrs	r3, r2
 80078c8:	f8c1 3088 	str.w	r3, [r1, #136]	@ 0x88
 80078cc:	6823      	ldr	r3, [r4, #0]
 80078ce:	f013 0f02 	tst.w	r3, #2
 80078d2:	d009      	beq.n	80078e8 <HAL_RCCEx_PeriphCLKConfig+0xd6>
 80078d4:	69e3      	ldr	r3, [r4, #28]
 80078d6:	f04f 41b0 	mov.w	r1, #1476395008	@ 0x58000000
 80078da:	f8d1 2088 	ldr.w	r2, [r1, #136]	@ 0x88
 80078de:	f422 6240 	bic.w	r2, r2, #3072	@ 0xc00
 80078e2:	4313      	orrs	r3, r2
 80078e4:	f8c1 3088 	str.w	r3, [r1, #136]	@ 0x88
 80078e8:	6823      	ldr	r3, [r4, #0]
 80078ea:	f013 0f10 	tst.w	r3, #16
 80078ee:	d00c      	beq.n	800790a <HAL_RCCEx_PeriphCLKConfig+0xf8>
 80078f0:	6aa1      	ldr	r1, [r4, #40]	@ 0x28
 80078f2:	f04f 42b0 	mov.w	r2, #1476395008	@ 0x58000000
 80078f6:	f8d2 3088 	ldr.w	r3, [r2, #136]	@ 0x88
 80078fa:	0c08      	lsrs	r0, r1, #16
 80078fc:	0400      	lsls	r0, r0, #16
 80078fe:	ea23 0300 	bic.w	r3, r3, r0
 8007902:	ea43 4301 	orr.w	r3, r3, r1, lsl #16
 8007906:	f8c2 3088 	str.w	r3, [r2, #136]	@ 0x88
 800790a:	6823      	ldr	r3, [r4, #0]
 800790c:	f013 0f20 	tst.w	r3, #32
 8007910:	d00c      	beq.n	800792c <HAL_RCCEx_PeriphCLKConfig+0x11a>
 8007912:	6ae1      	ldr	r1, [r4, #44]	@ 0x2c
 8007914:	f04f 42b0 	mov.w	r2, #1476395008	@ 0x58000000
 8007918:	f8d2 3088 	ldr.w	r3, [r2, #136]	@ 0x88
 800791c:	0c08      	lsrs	r0, r1, #16
 800791e:	0400      	lsls	r0, r0, #16
 8007920:	ea23 0300 	bic.w	r3, r3, r0
 8007924:	ea43 4301 	orr.w	r3, r3, r1, lsl #16
 8007928:	f8c2 3088 	str.w	r3, [r2, #136]	@ 0x88
 800792c:	6823      	ldr	r3, [r4, #0]
 800792e:	f013 0f04 	tst.w	r3, #4
 8007932:	f040 80b5 	bne.w	8007aa0 <HAL_RCCEx_PeriphCLKConfig+0x28e>
 8007936:	6823      	ldr	r3, [r4, #0]
 8007938:	f013 0f08 	tst.w	r3, #8
 800793c:	f040 80b4 	bne.w	8007aa8 <HAL_RCCEx_PeriphCLKConfig+0x296>
 8007940:	6823      	ldr	r3, [r4, #0]
 8007942:	f413 7f80 	tst.w	r3, #256	@ 0x100
 8007946:	d013      	beq.n	8007970 <HAL_RCCEx_PeriphCLKConfig+0x15e>
 8007948:	6b63      	ldr	r3, [r4, #52]	@ 0x34
 800794a:	f04f 41b0 	mov.w	r1, #1476395008	@ 0x58000000
 800794e:	f8d1 2088 	ldr.w	r2, [r1, #136]	@ 0x88
 8007952:	f022 6240 	bic.w	r2, r2, #201326592	@ 0xc000000
 8007956:	4313      	orrs	r3, r2
 8007958:	f8c1 3088 	str.w	r3, [r1, #136]	@ 0x88
 800795c:	6b63      	ldr	r3, [r4, #52]	@ 0x34
 800795e:	f1b3 6f00 	cmp.w	r3, #134217728	@ 0x8000000
 8007962:	f000 80a5 	beq.w	8007ab0 <HAL_RCCEx_PeriphCLKConfig+0x29e>
 8007966:	6b63      	ldr	r3, [r4, #52]	@ 0x34
 8007968:	f1b3 6f80 	cmp.w	r3, #67108864	@ 0x4000000
 800796c:	f000 80a5 	beq.w	8007aba <HAL_RCCEx_PeriphCLKConfig+0x2a8>
 8007970:	6823      	ldr	r3, [r4, #0]
 8007972:	f413 7f00 	tst.w	r3, #512	@ 0x200
 8007976:	d017      	beq.n	80079a8 <HAL_RCCEx_PeriphCLKConfig+0x196>
 8007978:	6ba3      	ldr	r3, [r4, #56]	@ 0x38
 800797a:	f1b3 4f80 	cmp.w	r3, #1073741824	@ 0x40000000
 800797e:	d005      	beq.n	800798c <HAL_RCCEx_PeriphCLKConfig+0x17a>
 8007980:	f1b3 4f00 	cmp.w	r3, #2147483648	@ 0x80000000
 8007984:	d002      	beq.n	800798c <HAL_RCCEx_PeriphCLKConfig+0x17a>
 8007986:	2b00      	cmp	r3, #0
 8007988:	f040 809f 	bne.w	8007aca <HAL_RCCEx_PeriphCLKConfig+0x2b8>
 800798c:	f04f 41b0 	mov.w	r1, #1476395008	@ 0x58000000
 8007990:	f8d1 2088 	ldr.w	r2, [r1, #136]	@ 0x88
 8007994:	f022 4240 	bic.w	r2, r2, #3221225472	@ 0xc0000000
 8007998:	4313      	orrs	r3, r2
 800799a:	f8c1 3088 	str.w	r3, [r1, #136]	@ 0x88
 800799e:	6ba3      	ldr	r3, [r4, #56]	@ 0x38
 80079a0:	f1b3 5fc0 	cmp.w	r3, #402653184	@ 0x18000000
 80079a4:	f000 80a3 	beq.w	8007aee <HAL_RCCEx_PeriphCLKConfig+0x2dc>
 80079a8:	6823      	ldr	r3, [r4, #0]
 80079aa:	f413 6f80 	tst.w	r3, #1024	@ 0x400
 80079ae:	d013      	beq.n	80079d8 <HAL_RCCEx_PeriphCLKConfig+0x1c6>
 80079b0:	6be3      	ldr	r3, [r4, #60]	@ 0x3c
 80079b2:	f04f 41b0 	mov.w	r1, #1476395008	@ 0x58000000
 80079b6:	f8d1 2088 	ldr.w	r2, [r1, #136]	@ 0x88
 80079ba:	f022 5240 	bic.w	r2, r2, #805306368	@ 0x30000000
 80079be:	4313      	orrs	r3, r2
 80079c0:	f8c1 3088 	str.w	r3, [r1, #136]	@ 0x88
 80079c4:	6be3      	ldr	r3, [r4, #60]	@ 0x3c
 80079c6:	f1b3 5f00 	cmp.w	r3, #536870912	@ 0x20000000
 80079ca:	f000 8097 	beq.w	8007afc <HAL_RCCEx_PeriphCLKConfig+0x2ea>
 80079ce:	6be3      	ldr	r3, [r4, #60]	@ 0x3c
 80079d0:	f1b3 5f80 	cmp.w	r3, #268435456	@ 0x10000000
 80079d4:	f000 8097 	beq.w	8007b06 <HAL_RCCEx_PeriphCLKConfig+0x2f4>
 80079d8:	6823      	ldr	r3, [r4, #0]
 80079da:	f413 5f80 	tst.w	r3, #4096	@ 0x1000
 80079de:	d009      	beq.n	80079f4 <HAL_RCCEx_PeriphCLKConfig+0x1e2>
 80079e0:	6c63      	ldr	r3, [r4, #68]	@ 0x44
 80079e2:	f04f 41b0 	mov.w	r1, #1476395008	@ 0x58000000
 80079e6:	f8d1 2094 	ldr.w	r2, [r1, #148]	@ 0x94
 80079ea:	f422 4240 	bic.w	r2, r2, #49152	@ 0xc000
 80079ee:	4313      	orrs	r3, r2
 80079f0:	f8c1 3094 	str.w	r3, [r1, #148]	@ 0x94
 80079f4:	6823      	ldr	r3, [r4, #0]
 80079f6:	f413 5f00 	tst.w	r3, #8192	@ 0x2000
 80079fa:	d00d      	beq.n	8007a18 <HAL_RCCEx_PeriphCLKConfig+0x206>
 80079fc:	6ce2      	ldr	r2, [r4, #76]	@ 0x4c
 80079fe:	f04f 43b0 	mov.w	r3, #1476395008	@ 0x58000000
 8007a02:	6a59      	ldr	r1, [r3, #36]	@ 0x24
 8007a04:	f021 0130 	bic.w	r1, r1, #48	@ 0x30
 8007a08:	430a      	orrs	r2, r1
 8007a0a:	625a      	str	r2, [r3, #36]	@ 0x24
 8007a0c:	6ca2      	ldr	r2, [r4, #72]	@ 0x48
 8007a0e:	6a59      	ldr	r1, [r3, #36]	@ 0x24
 8007a10:	f021 0103 	bic.w	r1, r1, #3
 8007a14:	430a      	orrs	r2, r1
 8007a16:	625a      	str	r2, [r3, #36]	@ 0x24
 8007a18:	4628      	mov	r0, r5
 8007a1a:	bd70      	pop	{r4, r5, r6, pc}
 8007a1c:	f7ff f820 	bl	8006a60 <HAL_PWR_EnableBkUpAccess>
 8007a20:	b95d      	cbnz	r5, 8007a3a <HAL_RCCEx_PeriphCLKConfig+0x228>
 8007a22:	6c23      	ldr	r3, [r4, #64]	@ 0x40
 8007a24:	f04f 41b0 	mov.w	r1, #1476395008	@ 0x58000000
 8007a28:	f8d1 2090 	ldr.w	r2, [r1, #144]	@ 0x90
 8007a2c:	f422 7240 	bic.w	r2, r2, #768	@ 0x300
 8007a30:	4313      	orrs	r3, r2
 8007a32:	f8c1 3090 	str.w	r3, [r1, #144]	@ 0x90
 8007a36:	4635      	mov	r5, r6
 8007a38:	e73a      	b.n	80078b0 <HAL_RCCEx_PeriphCLKConfig+0x9e>
 8007a3a:	f04f 43b0 	mov.w	r3, #1476395008	@ 0x58000000
 8007a3e:	f8d3 2090 	ldr.w	r2, [r3, #144]	@ 0x90
 8007a42:	f8d3 1090 	ldr.w	r1, [r3, #144]	@ 0x90
 8007a46:	f441 3180 	orr.w	r1, r1, #65536	@ 0x10000
 8007a4a:	f8c3 1090 	str.w	r1, [r3, #144]	@ 0x90
 8007a4e:	f8d3 1090 	ldr.w	r1, [r3, #144]	@ 0x90
 8007a52:	f421 3180 	bic.w	r1, r1, #65536	@ 0x10000
 8007a56:	f8c3 1090 	str.w	r1, [r3, #144]	@ 0x90
 8007a5a:	f422 7240 	bic.w	r2, r2, #768	@ 0x300
 8007a5e:	6c21      	ldr	r1, [r4, #64]	@ 0x40
 8007a60:	430a      	orrs	r2, r1
 8007a62:	f8c3 2090 	str.w	r2, [r3, #144]	@ 0x90
 8007a66:	f8d3 3090 	ldr.w	r3, [r3, #144]	@ 0x90
 8007a6a:	f013 0f01 	tst.w	r3, #1
 8007a6e:	d013      	beq.n	8007a98 <HAL_RCCEx_PeriphCLKConfig+0x286>
 8007a70:	f7fd f862 	bl	8004b38 <HAL_GetTick>
 8007a74:	4605      	mov	r5, r0
 8007a76:	f04f 43b0 	mov.w	r3, #1476395008	@ 0x58000000
 8007a7a:	f8d3 3090 	ldr.w	r3, [r3, #144]	@ 0x90
 8007a7e:	f013 0f02 	tst.w	r3, #2
 8007a82:	d10b      	bne.n	8007a9c <HAL_RCCEx_PeriphCLKConfig+0x28a>
 8007a84:	f7fd f858 	bl	8004b38 <HAL_GetTick>
 8007a88:	1b40      	subs	r0, r0, r5
 8007a8a:	f241 3388 	movw	r3, #5000	@ 0x1388
 8007a8e:	4298      	cmp	r0, r3
 8007a90:	d9f1      	bls.n	8007a76 <HAL_RCCEx_PeriphCLKConfig+0x264>
 8007a92:	2303      	movs	r3, #3
 8007a94:	461d      	mov	r5, r3
 8007a96:	e70b      	b.n	80078b0 <HAL_RCCEx_PeriphCLKConfig+0x9e>
 8007a98:	4635      	mov	r5, r6
 8007a9a:	e709      	b.n	80078b0 <HAL_RCCEx_PeriphCLKConfig+0x9e>
 8007a9c:	4635      	mov	r5, r6
 8007a9e:	e707      	b.n	80078b0 <HAL_RCCEx_PeriphCLKConfig+0x9e>
 8007aa0:	6a20      	ldr	r0, [r4, #32]
 8007aa2:	f7ff fdd1 	bl	8007648 <LL_RCC_SetI2CClockSource>
 8007aa6:	e746      	b.n	8007936 <HAL_RCCEx_PeriphCLKConfig+0x124>
 8007aa8:	6a60      	ldr	r0, [r4, #36]	@ 0x24
 8007aaa:	f7ff fdcd 	bl	8007648 <LL_RCC_SetI2CClockSource>
 8007aae:	e747      	b.n	8007940 <HAL_RCCEx_PeriphCLKConfig+0x12e>
 8007ab0:	68cb      	ldr	r3, [r1, #12]
 8007ab2:	f043 7380 	orr.w	r3, r3, #16777216	@ 0x1000000
 8007ab6:	60cb      	str	r3, [r1, #12]
 8007ab8:	e755      	b.n	8007966 <HAL_RCCEx_PeriphCLKConfig+0x154>
 8007aba:	1d20      	adds	r0, r4, #4
 8007abc:	f7ff fe1b 	bl	80076f6 <RCCEx_PLLSAI1_ConfigNQ>
 8007ac0:	2800      	cmp	r0, #0
 8007ac2:	f43f af55 	beq.w	8007970 <HAL_RCCEx_PeriphCLKConfig+0x15e>
 8007ac6:	4605      	mov	r5, r0
 8007ac8:	e752      	b.n	8007970 <HAL_RCCEx_PeriphCLKConfig+0x15e>
 8007aca:	f023 5380 	bic.w	r3, r3, #268435456	@ 0x10000000
 8007ace:	f04f 42b0 	mov.w	r2, #1476395008	@ 0x58000000
 8007ad2:	f8d2 1088 	ldr.w	r1, [r2, #136]	@ 0x88
 8007ad6:	f021 4140 	bic.w	r1, r1, #3221225472	@ 0xc0000000
 8007ada:	f8c2 1088 	str.w	r1, [r2, #136]	@ 0x88
 8007ade:	f8d2 1088 	ldr.w	r1, [r2, #136]	@ 0x88
 8007ae2:	f021 6140 	bic.w	r1, r1, #201326592	@ 0xc000000
 8007ae6:	430b      	orrs	r3, r1
 8007ae8:	f8c2 3088 	str.w	r3, [r2, #136]	@ 0x88
 8007aec:	e757      	b.n	800799e <HAL_RCCEx_PeriphCLKConfig+0x18c>
 8007aee:	f04f 42b0 	mov.w	r2, #1476395008	@ 0x58000000
 8007af2:	68d3      	ldr	r3, [r2, #12]
 8007af4:	f043 7380 	orr.w	r3, r3, #16777216	@ 0x1000000
 8007af8:	60d3      	str	r3, [r2, #12]
 8007afa:	e755      	b.n	80079a8 <HAL_RCCEx_PeriphCLKConfig+0x196>
 8007afc:	68cb      	ldr	r3, [r1, #12]
 8007afe:	f443 3380 	orr.w	r3, r3, #65536	@ 0x10000
 8007b02:	60cb      	str	r3, [r1, #12]
 8007b04:	e763      	b.n	80079ce <HAL_RCCEx_PeriphCLKConfig+0x1bc>
 8007b06:	1d20      	adds	r0, r4, #4
 8007b08:	f7ff fe3c 	bl	8007784 <RCCEx_PLLSAI1_ConfigNR>
 8007b0c:	2800      	cmp	r0, #0
 8007b0e:	f43f af63 	beq.w	80079d8 <HAL_RCCEx_PeriphCLKConfig+0x1c6>
 8007b12:	4605      	mov	r5, r0
 8007b14:	e760      	b.n	80079d8 <HAL_RCCEx_PeriphCLKConfig+0x1c6>

08007b16 <HAL_RCCEx_EnableMSIPLLMode>:
 8007b16:	f04f 42b0 	mov.w	r2, #1476395008	@ 0x58000000
 8007b1a:	6813      	ldr	r3, [r2, #0]
 8007b1c:	f043 0304 	orr.w	r3, r3, #4
 8007b20:	6013      	str	r3, [r2, #0]
 8007b22:	4770      	bx	lr

08007b24 <HAL_RTC_WaitForSynchro>:
 8007b24:	b538      	push	{r3, r4, r5, lr}
 8007b26:	4604      	mov	r4, r0
 8007b28:	6803      	ldr	r3, [r0, #0]
 8007b2a:	4a0a      	ldr	r2, [pc, #40]	@ (8007b54 <HAL_RTC_WaitForSynchro+0x30>)
 8007b2c:	60da      	str	r2, [r3, #12]
 8007b2e:	f7fd f803 	bl	8004b38 <HAL_GetTick>
 8007b32:	4605      	mov	r5, r0
 8007b34:	6823      	ldr	r3, [r4, #0]
 8007b36:	68db      	ldr	r3, [r3, #12]
 8007b38:	f013 0f20 	tst.w	r3, #32
 8007b3c:	d107      	bne.n	8007b4e <HAL_RTC_WaitForSynchro+0x2a>
 8007b3e:	f7fc fffb 	bl	8004b38 <HAL_GetTick>
 8007b42:	1b40      	subs	r0, r0, r5
 8007b44:	f5b0 7f7a 	cmp.w	r0, #1000	@ 0x3e8
 8007b48:	d9f4      	bls.n	8007b34 <HAL_RTC_WaitForSynchro+0x10>
 8007b4a:	2003      	movs	r0, #3
 8007b4c:	e000      	b.n	8007b50 <HAL_RTC_WaitForSynchro+0x2c>
 8007b4e:	2000      	movs	r0, #0
 8007b50:	bd38      	pop	{r3, r4, r5, pc}
 8007b52:	bf00      	nop
 8007b54:	0001ff5f 	.word	0x0001ff5f

08007b58 <RTC_EnterInitMode>:
 8007b58:	b570      	push	{r4, r5, r6, lr}
 8007b5a:	6803      	ldr	r3, [r0, #0]
 8007b5c:	68da      	ldr	r2, [r3, #12]
 8007b5e:	f012 0f40 	tst.w	r2, #64	@ 0x40
 8007b62:	d002      	beq.n	8007b6a <RTC_EnterInitMode+0x12>
 8007b64:	2500      	movs	r5, #0
 8007b66:	4628      	mov	r0, r5
 8007b68:	bd70      	pop	{r4, r5, r6, pc}
 8007b6a:	4604      	mov	r4, r0
 8007b6c:	68da      	ldr	r2, [r3, #12]
 8007b6e:	f042 0280 	orr.w	r2, r2, #128	@ 0x80
 8007b72:	60da      	str	r2, [r3, #12]
 8007b74:	f7fc ffe0 	bl	8004b38 <HAL_GetTick>
 8007b78:	4606      	mov	r6, r0
 8007b7a:	2500      	movs	r5, #0
 8007b7c:	6823      	ldr	r3, [r4, #0]
 8007b7e:	68db      	ldr	r3, [r3, #12]
 8007b80:	f013 0f40 	tst.w	r3, #64	@ 0x40
 8007b84:	d1ef      	bne.n	8007b66 <RTC_EnterInitMode+0xe>
 8007b86:	2d00      	cmp	r5, #0
 8007b88:	d1ed      	bne.n	8007b66 <RTC_EnterInitMode+0xe>
 8007b8a:	f7fc ffd5 	bl	8004b38 <HAL_GetTick>
 8007b8e:	1b83      	subs	r3, r0, r6
 8007b90:	f5b3 7f7a 	cmp.w	r3, #1000	@ 0x3e8
 8007b94:	d9f2      	bls.n	8007b7c <RTC_EnterInitMode+0x24>
 8007b96:	2304      	movs	r3, #4
 8007b98:	f884 3021 	strb.w	r3, [r4, #33]	@ 0x21
 8007b9c:	2501      	movs	r5, #1
 8007b9e:	e7ed      	b.n	8007b7c <RTC_EnterInitMode+0x24>

08007ba0 <RTC_ExitInitMode>:
 8007ba0:	6802      	ldr	r2, [r0, #0]
 8007ba2:	68d3      	ldr	r3, [r2, #12]
 8007ba4:	f023 0380 	bic.w	r3, r3, #128	@ 0x80
 8007ba8:	60d3      	str	r3, [r2, #12]
 8007baa:	6803      	ldr	r3, [r0, #0]
 8007bac:	689b      	ldr	r3, [r3, #8]
 8007bae:	f013 0f20 	tst.w	r3, #32
 8007bb2:	d001      	beq.n	8007bb8 <RTC_ExitInitMode+0x18>
 8007bb4:	2000      	movs	r0, #0
 8007bb6:	4770      	bx	lr
 8007bb8:	b510      	push	{r4, lr}
 8007bba:	4604      	mov	r4, r0
 8007bbc:	f7ff ffb2 	bl	8007b24 <HAL_RTC_WaitForSynchro>
 8007bc0:	b118      	cbz	r0, 8007bca <RTC_ExitInitMode+0x2a>
 8007bc2:	2304      	movs	r3, #4
 8007bc4:	f884 3021 	strb.w	r3, [r4, #33]	@ 0x21
 8007bc8:	2001      	movs	r0, #1
 8007bca:	bd10      	pop	{r4, pc}

08007bcc <HAL_RTC_Init>:
 8007bcc:	2800      	cmp	r0, #0
 8007bce:	d050      	beq.n	8007c72 <HAL_RTC_Init+0xa6>
 8007bd0:	b538      	push	{r3, r4, r5, lr}
 8007bd2:	4604      	mov	r4, r0
 8007bd4:	f890 3021 	ldrb.w	r3, [r0, #33]	@ 0x21
 8007bd8:	b163      	cbz	r3, 8007bf4 <HAL_RTC_Init+0x28>
 8007bda:	2302      	movs	r3, #2
 8007bdc:	f884 3021 	strb.w	r3, [r4, #33]	@ 0x21
 8007be0:	6823      	ldr	r3, [r4, #0]
 8007be2:	68da      	ldr	r2, [r3, #12]
 8007be4:	f012 0f10 	tst.w	r2, #16
 8007be8:	d009      	beq.n	8007bfe <HAL_RTC_Init+0x32>
 8007bea:	2000      	movs	r0, #0
 8007bec:	2301      	movs	r3, #1
 8007bee:	f884 3021 	strb.w	r3, [r4, #33]	@ 0x21
 8007bf2:	bd38      	pop	{r3, r4, r5, pc}
 8007bf4:	f880 3020 	strb.w	r3, [r0, #32]
 8007bf8:	f7fc fc86 	bl	8004508 <HAL_RTC_MspInit>
 8007bfc:	e7ed      	b.n	8007bda <HAL_RTC_Init+0xe>
 8007bfe:	22ca      	movs	r2, #202	@ 0xca
 8007c00:	625a      	str	r2, [r3, #36]	@ 0x24
 8007c02:	6823      	ldr	r3, [r4, #0]
 8007c04:	2253      	movs	r2, #83	@ 0x53
 8007c06:	625a      	str	r2, [r3, #36]	@ 0x24
 8007c08:	4620      	mov	r0, r4
 8007c0a:	f7ff ffa5 	bl	8007b58 <RTC_EnterInitMode>
 8007c0e:	b128      	cbz	r0, 8007c1c <HAL_RTC_Init+0x50>
 8007c10:	6823      	ldr	r3, [r4, #0]
 8007c12:	22ff      	movs	r2, #255	@ 0xff
 8007c14:	625a      	str	r2, [r3, #36]	@ 0x24
 8007c16:	2800      	cmp	r0, #0
 8007c18:	d1eb      	bne.n	8007bf2 <HAL_RTC_Init+0x26>
 8007c1a:	e7e7      	b.n	8007bec <HAL_RTC_Init+0x20>
 8007c1c:	6822      	ldr	r2, [r4, #0]
 8007c1e:	6893      	ldr	r3, [r2, #8]
 8007c20:	f423 03e0 	bic.w	r3, r3, #7340032	@ 0x700000
 8007c24:	f023 0340 	bic.w	r3, r3, #64	@ 0x40
 8007c28:	6093      	str	r3, [r2, #8]
 8007c2a:	6821      	ldr	r1, [r4, #0]
 8007c2c:	688a      	ldr	r2, [r1, #8]
 8007c2e:	6863      	ldr	r3, [r4, #4]
 8007c30:	6920      	ldr	r0, [r4, #16]
 8007c32:	4303      	orrs	r3, r0
 8007c34:	69a0      	ldr	r0, [r4, #24]
 8007c36:	4303      	orrs	r3, r0
 8007c38:	4313      	orrs	r3, r2
 8007c3a:	608b      	str	r3, [r1, #8]
 8007c3c:	6823      	ldr	r3, [r4, #0]
 8007c3e:	68e2      	ldr	r2, [r4, #12]
 8007c40:	611a      	str	r2, [r3, #16]
 8007c42:	6822      	ldr	r2, [r4, #0]
 8007c44:	6913      	ldr	r3, [r2, #16]
 8007c46:	68a1      	ldr	r1, [r4, #8]
 8007c48:	ea43 4301 	orr.w	r3, r3, r1, lsl #16
 8007c4c:	6113      	str	r3, [r2, #16]
 8007c4e:	4620      	mov	r0, r4
 8007c50:	f7ff ffa6 	bl	8007ba0 <RTC_ExitInitMode>
 8007c54:	2800      	cmp	r0, #0
 8007c56:	d1db      	bne.n	8007c10 <HAL_RTC_Init+0x44>
 8007c58:	6822      	ldr	r2, [r4, #0]
 8007c5a:	6cd3      	ldr	r3, [r2, #76]	@ 0x4c
 8007c5c:	f023 0303 	bic.w	r3, r3, #3
 8007c60:	64d3      	str	r3, [r2, #76]	@ 0x4c
 8007c62:	6821      	ldr	r1, [r4, #0]
 8007c64:	6ccb      	ldr	r3, [r1, #76]	@ 0x4c
 8007c66:	69e2      	ldr	r2, [r4, #28]
 8007c68:	6965      	ldr	r5, [r4, #20]
 8007c6a:	432a      	orrs	r2, r5
 8007c6c:	4313      	orrs	r3, r2
 8007c6e:	64cb      	str	r3, [r1, #76]	@ 0x4c
 8007c70:	e7ce      	b.n	8007c10 <HAL_RTC_Init+0x44>
 8007c72:	2001      	movs	r0, #1
 8007c74:	4770      	bx	lr
	...

08007c78 <HAL_RTCEx_SetWakeUpTimer_IT>:
 8007c78:	b500      	push	{lr}
 8007c7a:	b083      	sub	sp, #12
 8007c7c:	4684      	mov	ip, r0
 8007c7e:	4b46      	ldr	r3, [pc, #280]	@ (8007d98 <HAL_RTCEx_SetWakeUpTimer_IT+0x120>)
 8007c80:	6818      	ldr	r0, [r3, #0]
 8007c82:	4b46      	ldr	r3, [pc, #280]	@ (8007d9c <HAL_RTCEx_SetWakeUpTimer_IT+0x124>)
 8007c84:	fba3 3000 	umull	r3, r0, r3, r0
 8007c88:	0ac0      	lsrs	r0, r0, #11
 8007c8a:	f44f 737a 	mov.w	r3, #1000	@ 0x3e8
 8007c8e:	fb03 f000 	mul.w	r0, r3, r0
 8007c92:	9001      	str	r0, [sp, #4]
 8007c94:	f89c 3020 	ldrb.w	r3, [ip, #32]
 8007c98:	2b01      	cmp	r3, #1
 8007c9a:	d07a      	beq.n	8007d92 <HAL_RTCEx_SetWakeUpTimer_IT+0x11a>
 8007c9c:	4696      	mov	lr, r2
 8007c9e:	2301      	movs	r3, #1
 8007ca0:	f88c 3020 	strb.w	r3, [ip, #32]
 8007ca4:	2302      	movs	r3, #2
 8007ca6:	f88c 3021 	strb.w	r3, [ip, #33]	@ 0x21
 8007caa:	f8dc 3000 	ldr.w	r3, [ip]
 8007cae:	22ca      	movs	r2, #202	@ 0xca
 8007cb0:	625a      	str	r2, [r3, #36]	@ 0x24
 8007cb2:	f8dc 3000 	ldr.w	r3, [ip]
 8007cb6:	2253      	movs	r2, #83	@ 0x53
 8007cb8:	625a      	str	r2, [r3, #36]	@ 0x24
 8007cba:	f8dc 2000 	ldr.w	r2, [ip]
 8007cbe:	6893      	ldr	r3, [r2, #8]
 8007cc0:	f413 6f80 	tst.w	r3, #1024	@ 0x400
 8007cc4:	d009      	beq.n	8007cda <HAL_RTCEx_SetWakeUpTimer_IT+0x62>
 8007cc6:	9b01      	ldr	r3, [sp, #4]
 8007cc8:	3b01      	subs	r3, #1
 8007cca:	9301      	str	r3, [sp, #4]
 8007ccc:	9b01      	ldr	r3, [sp, #4]
 8007cce:	2b00      	cmp	r3, #0
 8007cd0:	d04a      	beq.n	8007d68 <HAL_RTCEx_SetWakeUpTimer_IT+0xf0>
 8007cd2:	68d3      	ldr	r3, [r2, #12]
 8007cd4:	f013 0f04 	tst.w	r3, #4
 8007cd8:	d1f5      	bne.n	8007cc6 <HAL_RTCEx_SetWakeUpTimer_IT+0x4e>
 8007cda:	6893      	ldr	r3, [r2, #8]
 8007cdc:	f423 6380 	bic.w	r3, r3, #1024	@ 0x400
 8007ce0:	6093      	str	r3, [r2, #8]
 8007ce2:	f8dc 2000 	ldr.w	r2, [ip]
 8007ce6:	68d3      	ldr	r3, [r2, #12]
 8007ce8:	b2db      	uxtb	r3, r3
 8007cea:	f463 6390 	orn	r3, r3, #1152	@ 0x480
 8007cee:	60d3      	str	r3, [r2, #12]
 8007cf0:	9001      	str	r0, [sp, #4]
 8007cf2:	9b01      	ldr	r3, [sp, #4]
 8007cf4:	3b01      	subs	r3, #1
 8007cf6:	9301      	str	r3, [sp, #4]
 8007cf8:	9b01      	ldr	r3, [sp, #4]
 8007cfa:	2b00      	cmp	r3, #0
 8007cfc:	d03d      	beq.n	8007d7a <HAL_RTCEx_SetWakeUpTimer_IT+0x102>
 8007cfe:	f8dc 3000 	ldr.w	r3, [ip]
 8007d02:	68d8      	ldr	r0, [r3, #12]
 8007d04:	f010 0f04 	tst.w	r0, #4
 8007d08:	d0f3      	beq.n	8007cf2 <HAL_RTCEx_SetWakeUpTimer_IT+0x7a>
 8007d0a:	689a      	ldr	r2, [r3, #8]
 8007d0c:	f022 0207 	bic.w	r2, r2, #7
 8007d10:	609a      	str	r2, [r3, #8]
 8007d12:	f8dc 2000 	ldr.w	r2, [ip]
 8007d16:	6893      	ldr	r3, [r2, #8]
 8007d18:	ea43 030e 	orr.w	r3, r3, lr
 8007d1c:	6093      	str	r3, [r2, #8]
 8007d1e:	f8dc 3000 	ldr.w	r3, [ip]
 8007d22:	6159      	str	r1, [r3, #20]
 8007d24:	4b1e      	ldr	r3, [pc, #120]	@ (8007da0 <HAL_RTCEx_SetWakeUpTimer_IT+0x128>)
 8007d26:	f8d3 2080 	ldr.w	r2, [r3, #128]	@ 0x80
 8007d2a:	f442 2200 	orr.w	r2, r2, #524288	@ 0x80000
 8007d2e:	f8c3 2080 	str.w	r2, [r3, #128]	@ 0x80
 8007d32:	681a      	ldr	r2, [r3, #0]
 8007d34:	f442 2200 	orr.w	r2, r2, #524288	@ 0x80000
 8007d38:	601a      	str	r2, [r3, #0]
 8007d3a:	f8dc 2000 	ldr.w	r2, [ip]
 8007d3e:	6893      	ldr	r3, [r2, #8]
 8007d40:	f443 4380 	orr.w	r3, r3, #16384	@ 0x4000
 8007d44:	6093      	str	r3, [r2, #8]
 8007d46:	f8dc 2000 	ldr.w	r2, [ip]
 8007d4a:	6893      	ldr	r3, [r2, #8]
 8007d4c:	f443 6380 	orr.w	r3, r3, #1024	@ 0x400
 8007d50:	6093      	str	r3, [r2, #8]
 8007d52:	f8dc 3000 	ldr.w	r3, [ip]
 8007d56:	22ff      	movs	r2, #255	@ 0xff
 8007d58:	625a      	str	r2, [r3, #36]	@ 0x24
 8007d5a:	2301      	movs	r3, #1
 8007d5c:	f88c 3021 	strb.w	r3, [ip, #33]	@ 0x21
 8007d60:	2000      	movs	r0, #0
 8007d62:	f88c 0020 	strb.w	r0, [ip, #32]
 8007d66:	e012      	b.n	8007d8e <HAL_RTCEx_SetWakeUpTimer_IT+0x116>
 8007d68:	23ff      	movs	r3, #255	@ 0xff
 8007d6a:	6253      	str	r3, [r2, #36]	@ 0x24
 8007d6c:	2003      	movs	r0, #3
 8007d6e:	f88c 0021 	strb.w	r0, [ip, #33]	@ 0x21
 8007d72:	2300      	movs	r3, #0
 8007d74:	f88c 3020 	strb.w	r3, [ip, #32]
 8007d78:	e009      	b.n	8007d8e <HAL_RTCEx_SetWakeUpTimer_IT+0x116>
 8007d7a:	f8dc 3000 	ldr.w	r3, [ip]
 8007d7e:	22ff      	movs	r2, #255	@ 0xff
 8007d80:	625a      	str	r2, [r3, #36]	@ 0x24
 8007d82:	2003      	movs	r0, #3
 8007d84:	f88c 0021 	strb.w	r0, [ip, #33]	@ 0x21
 8007d88:	2300      	movs	r3, #0
 8007d8a:	f88c 3020 	strb.w	r3, [ip, #32]
 8007d8e:	b003      	add	sp, #12
 8007d90:	bd00      	pop	{pc}
 8007d92:	2002      	movs	r0, #2
 8007d94:	e7fb      	b.n	8007d8e <HAL_RTCEx_SetWakeUpTimer_IT+0x116>
 8007d96:	bf00      	nop
 8007d98:	20000080 	.word	0x20000080
 8007d9c:	10624dd3 	.word	0x10624dd3
 8007da0:	58000800 	.word	0x58000800

08007da4 <TIM_OC1_SetConfig>:
 8007da4:	b510      	push	{r4, lr}
 8007da6:	6a02      	ldr	r2, [r0, #32]
 8007da8:	6a03      	ldr	r3, [r0, #32]
 8007daa:	f023 0301 	bic.w	r3, r3, #1
 8007dae:	6203      	str	r3, [r0, #32]
 8007db0:	f8d0 c004 	ldr.w	ip, [r0, #4]
 8007db4:	6983      	ldr	r3, [r0, #24]
 8007db6:	f423 3380 	bic.w	r3, r3, #65536	@ 0x10000
 8007dba:	f023 0373 	bic.w	r3, r3, #115	@ 0x73
 8007dbe:	680c      	ldr	r4, [r1, #0]
 8007dc0:	ea44 0e03 	orr.w	lr, r4, r3
 8007dc4:	f022 0202 	bic.w	r2, r2, #2
 8007dc8:	688b      	ldr	r3, [r1, #8]
 8007dca:	4313      	orrs	r3, r2
 8007dcc:	4a15      	ldr	r2, [pc, #84]	@ (8007e24 <TIM_OC1_SetConfig+0x80>)
 8007dce:	4290      	cmp	r0, r2
 8007dd0:	d007      	beq.n	8007de2 <TIM_OC1_SetConfig+0x3e>
 8007dd2:	f502 52e0 	add.w	r2, r2, #7168	@ 0x1c00
 8007dd6:	4290      	cmp	r0, r2
 8007dd8:	d003      	beq.n	8007de2 <TIM_OC1_SetConfig+0x3e>
 8007dda:	f5a2 6280 	sub.w	r2, r2, #1024	@ 0x400
 8007dde:	4290      	cmp	r0, r2
 8007de0:	d105      	bne.n	8007dee <TIM_OC1_SetConfig+0x4a>
 8007de2:	f023 0308 	bic.w	r3, r3, #8
 8007de6:	68ca      	ldr	r2, [r1, #12]
 8007de8:	431a      	orrs	r2, r3
 8007dea:	f022 0304 	bic.w	r3, r2, #4
 8007dee:	4a0d      	ldr	r2, [pc, #52]	@ (8007e24 <TIM_OC1_SetConfig+0x80>)
 8007df0:	4290      	cmp	r0, r2
 8007df2:	d007      	beq.n	8007e04 <TIM_OC1_SetConfig+0x60>
 8007df4:	f502 52c0 	add.w	r2, r2, #6144	@ 0x1800
 8007df8:	4290      	cmp	r0, r2
 8007dfa:	d003      	beq.n	8007e04 <TIM_OC1_SetConfig+0x60>
 8007dfc:	f502 6280 	add.w	r2, r2, #1024	@ 0x400
 8007e00:	4290      	cmp	r0, r2
 8007e02:	d107      	bne.n	8007e14 <TIM_OC1_SetConfig+0x70>
 8007e04:	f42c 7c40 	bic.w	ip, ip, #768	@ 0x300
 8007e08:	694a      	ldr	r2, [r1, #20]
 8007e0a:	ea42 020c 	orr.w	r2, r2, ip
 8007e0e:	698c      	ldr	r4, [r1, #24]
 8007e10:	ea44 0c02 	orr.w	ip, r4, r2
 8007e14:	f8c0 c004 	str.w	ip, [r0, #4]
 8007e18:	f8c0 e018 	str.w	lr, [r0, #24]
 8007e1c:	684a      	ldr	r2, [r1, #4]
 8007e1e:	6342      	str	r2, [r0, #52]	@ 0x34
 8007e20:	6203      	str	r3, [r0, #32]
 8007e22:	bd10      	pop	{r4, pc}
 8007e24:	40012c00 	.word	0x40012c00

08007e28 <TIM_OC3_SetConfig>:
 8007e28:	b510      	push	{r4, lr}
 8007e2a:	6a03      	ldr	r3, [r0, #32]
 8007e2c:	6a02      	ldr	r2, [r0, #32]
 8007e2e:	f422 7280 	bic.w	r2, r2, #256	@ 0x100
 8007e32:	6202      	str	r2, [r0, #32]
 8007e34:	f8d0 c004 	ldr.w	ip, [r0, #4]
 8007e38:	69c2      	ldr	r2, [r0, #28]
 8007e3a:	f422 3280 	bic.w	r2, r2, #65536	@ 0x10000
 8007e3e:	f022 0273 	bic.w	r2, r2, #115	@ 0x73
 8007e42:	680c      	ldr	r4, [r1, #0]
 8007e44:	ea44 0e02 	orr.w	lr, r4, r2
 8007e48:	f423 7300 	bic.w	r3, r3, #512	@ 0x200
 8007e4c:	688a      	ldr	r2, [r1, #8]
 8007e4e:	ea43 2302 	orr.w	r3, r3, r2, lsl #8
 8007e52:	4a13      	ldr	r2, [pc, #76]	@ (8007ea0 <TIM_OC3_SetConfig+0x78>)
 8007e54:	4290      	cmp	r0, r2
 8007e56:	d01a      	beq.n	8007e8e <TIM_OC3_SetConfig+0x66>
 8007e58:	4a11      	ldr	r2, [pc, #68]	@ (8007ea0 <TIM_OC3_SetConfig+0x78>)
 8007e5a:	4290      	cmp	r0, r2
 8007e5c:	d007      	beq.n	8007e6e <TIM_OC3_SetConfig+0x46>
 8007e5e:	f502 52c0 	add.w	r2, r2, #6144	@ 0x1800
 8007e62:	4290      	cmp	r0, r2
 8007e64:	d003      	beq.n	8007e6e <TIM_OC3_SetConfig+0x46>
 8007e66:	f502 6280 	add.w	r2, r2, #1024	@ 0x400
 8007e6a:	4290      	cmp	r0, r2
 8007e6c:	d107      	bne.n	8007e7e <TIM_OC3_SetConfig+0x56>
 8007e6e:	f42c 5c40 	bic.w	ip, ip, #12288	@ 0x3000
 8007e72:	694a      	ldr	r2, [r1, #20]
 8007e74:	ea4c 1c02 	orr.w	ip, ip, r2, lsl #4
 8007e78:	698a      	ldr	r2, [r1, #24]
 8007e7a:	ea4c 1c02 	orr.w	ip, ip, r2, lsl #4
 8007e7e:	f8c0 c004 	str.w	ip, [r0, #4]
 8007e82:	f8c0 e01c 	str.w	lr, [r0, #28]
 8007e86:	684a      	ldr	r2, [r1, #4]
 8007e88:	63c2      	str	r2, [r0, #60]	@ 0x3c
 8007e8a:	6203      	str	r3, [r0, #32]
 8007e8c:	bd10      	pop	{r4, pc}
 8007e8e:	f423 6300 	bic.w	r3, r3, #2048	@ 0x800
 8007e92:	68ca      	ldr	r2, [r1, #12]
 8007e94:	ea43 2302 	orr.w	r3, r3, r2, lsl #8
 8007e98:	f423 6380 	bic.w	r3, r3, #1024	@ 0x400
 8007e9c:	e7dc      	b.n	8007e58 <TIM_OC3_SetConfig+0x30>
 8007e9e:	bf00      	nop
 8007ea0:	40012c00 	.word	0x40012c00

08007ea4 <TIM_OC4_SetConfig>:
 8007ea4:	b510      	push	{r4, lr}
 8007ea6:	6a02      	ldr	r2, [r0, #32]
 8007ea8:	6a03      	ldr	r3, [r0, #32]
 8007eaa:	f423 5380 	bic.w	r3, r3, #4096	@ 0x1000
 8007eae:	6203      	str	r3, [r0, #32]
 8007eb0:	f8d0 c004 	ldr.w	ip, [r0, #4]
 8007eb4:	69c3      	ldr	r3, [r0, #28]
 8007eb6:	f023 7380 	bic.w	r3, r3, #16777216	@ 0x1000000
 8007eba:	f423 43e6 	bic.w	r3, r3, #29440	@ 0x7300
 8007ebe:	680c      	ldr	r4, [r1, #0]
 8007ec0:	ea43 2304 	orr.w	r3, r3, r4, lsl #8
 8007ec4:	f422 5200 	bic.w	r2, r2, #8192	@ 0x2000
 8007ec8:	688c      	ldr	r4, [r1, #8]
 8007eca:	ea42 3204 	orr.w	r2, r2, r4, lsl #12
 8007ece:	f8df e030 	ldr.w	lr, [pc, #48]	@ 8007f00 <TIM_OC4_SetConfig+0x5c>
 8007ed2:	4570      	cmp	r0, lr
 8007ed4:	d007      	beq.n	8007ee6 <TIM_OC4_SetConfig+0x42>
 8007ed6:	f50e 5ec0 	add.w	lr, lr, #6144	@ 0x1800
 8007eda:	4570      	cmp	r0, lr
 8007edc:	d003      	beq.n	8007ee6 <TIM_OC4_SetConfig+0x42>
 8007ede:	f50e 6e80 	add.w	lr, lr, #1024	@ 0x400
 8007ee2:	4570      	cmp	r0, lr
 8007ee4:	d104      	bne.n	8007ef0 <TIM_OC4_SetConfig+0x4c>
 8007ee6:	f42c 4c80 	bic.w	ip, ip, #16384	@ 0x4000
 8007eea:	694c      	ldr	r4, [r1, #20]
 8007eec:	ea4c 1c84 	orr.w	ip, ip, r4, lsl #6
 8007ef0:	f8c0 c004 	str.w	ip, [r0, #4]
 8007ef4:	61c3      	str	r3, [r0, #28]
 8007ef6:	684b      	ldr	r3, [r1, #4]
 8007ef8:	6403      	str	r3, [r0, #64]	@ 0x40
 8007efa:	6202      	str	r2, [r0, #32]
 8007efc:	bd10      	pop	{r4, pc}
 8007efe:	bf00      	nop
 8007f00:	40012c00 	.word	0x40012c00

08007f04 <TIM_OC5_SetConfig>:
 8007f04:	b510      	push	{r4, lr}
 8007f06:	6a03      	ldr	r3, [r0, #32]
 8007f08:	6a02      	ldr	r2, [r0, #32]
 8007f0a:	f422 3280 	bic.w	r2, r2, #65536	@ 0x10000
 8007f0e:	6202      	str	r2, [r0, #32]
 8007f10:	f8d0 c004 	ldr.w	ip, [r0, #4]
 8007f14:	6d42      	ldr	r2, [r0, #84]	@ 0x54
 8007f16:	f422 3280 	bic.w	r2, r2, #65536	@ 0x10000
 8007f1a:	f022 0270 	bic.w	r2, r2, #112	@ 0x70
 8007f1e:	680c      	ldr	r4, [r1, #0]
 8007f20:	4322      	orrs	r2, r4
 8007f22:	f423 3300 	bic.w	r3, r3, #131072	@ 0x20000
 8007f26:	688c      	ldr	r4, [r1, #8]
 8007f28:	ea43 4304 	orr.w	r3, r3, r4, lsl #16
 8007f2c:	f8df e02c 	ldr.w	lr, [pc, #44]	@ 8007f5c <TIM_OC5_SetConfig+0x58>
 8007f30:	4570      	cmp	r0, lr
 8007f32:	d007      	beq.n	8007f44 <TIM_OC5_SetConfig+0x40>
 8007f34:	f50e 5ec0 	add.w	lr, lr, #6144	@ 0x1800
 8007f38:	4570      	cmp	r0, lr
 8007f3a:	d003      	beq.n	8007f44 <TIM_OC5_SetConfig+0x40>
 8007f3c:	f50e 6e80 	add.w	lr, lr, #1024	@ 0x400
 8007f40:	4570      	cmp	r0, lr
 8007f42:	d104      	bne.n	8007f4e <TIM_OC5_SetConfig+0x4a>
 8007f44:	f42c 3c80 	bic.w	ip, ip, #65536	@ 0x10000
 8007f48:	694c      	ldr	r4, [r1, #20]
 8007f4a:	ea4c 2c04 	orr.w	ip, ip, r4, lsl #8
 8007f4e:	f8c0 c004 	str.w	ip, [r0, #4]
 8007f52:	6542      	str	r2, [r0, #84]	@ 0x54
 8007f54:	684a      	ldr	r2, [r1, #4]
 8007f56:	6582      	str	r2, [r0, #88]	@ 0x58
 8007f58:	6203      	str	r3, [r0, #32]
 8007f5a:	bd10      	pop	{r4, pc}
 8007f5c:	40012c00 	.word	0x40012c00

08007f60 <TIM_OC6_SetConfig>:
 8007f60:	b510      	push	{r4, lr}
 8007f62:	6a02      	ldr	r2, [r0, #32]
 8007f64:	6a03      	ldr	r3, [r0, #32]
 8007f66:	f423 1380 	bic.w	r3, r3, #1048576	@ 0x100000
 8007f6a:	6203      	str	r3, [r0, #32]
 8007f6c:	f8d0 c004 	ldr.w	ip, [r0, #4]
 8007f70:	6d43      	ldr	r3, [r0, #84]	@ 0x54
 8007f72:	f023 7380 	bic.w	r3, r3, #16777216	@ 0x1000000
 8007f76:	f423 43e0 	bic.w	r3, r3, #28672	@ 0x7000
 8007f7a:	680c      	ldr	r4, [r1, #0]
 8007f7c:	ea43 2304 	orr.w	r3, r3, r4, lsl #8
 8007f80:	f422 1200 	bic.w	r2, r2, #2097152	@ 0x200000
 8007f84:	688c      	ldr	r4, [r1, #8]
 8007f86:	ea42 5204 	orr.w	r2, r2, r4, lsl #20
 8007f8a:	f8df e030 	ldr.w	lr, [pc, #48]	@ 8007fbc <TIM_OC6_SetConfig+0x5c>
 8007f8e:	4570      	cmp	r0, lr
 8007f90:	d007      	beq.n	8007fa2 <TIM_OC6_SetConfig+0x42>
 8007f92:	f50e 5ec0 	add.w	lr, lr, #6144	@ 0x1800
 8007f96:	4570      	cmp	r0, lr
 8007f98:	d003      	beq.n	8007fa2 <TIM_OC6_SetConfig+0x42>
 8007f9a:	f50e 6e80 	add.w	lr, lr, #1024	@ 0x400
 8007f9e:	4570      	cmp	r0, lr
 8007fa0:	d104      	bne.n	8007fac <TIM_OC6_SetConfig+0x4c>
 8007fa2:	f42c 2c80 	bic.w	ip, ip, #262144	@ 0x40000
 8007fa6:	694c      	ldr	r4, [r1, #20]
 8007fa8:	ea4c 2c84 	orr.w	ip, ip, r4, lsl #10
 8007fac:	f8c0 c004 	str.w	ip, [r0, #4]
 8007fb0:	6543      	str	r3, [r0, #84]	@ 0x54
 8007fb2:	684b      	ldr	r3, [r1, #4]
 8007fb4:	65c3      	str	r3, [r0, #92]	@ 0x5c
 8007fb6:	6202      	str	r2, [r0, #32]
 8007fb8:	bd10      	pop	{r4, pc}
 8007fba:	bf00      	nop
 8007fbc:	40012c00 	.word	0x40012c00

08007fc0 <TIM_TI1_ConfigInputStage>:
 8007fc0:	6a03      	ldr	r3, [r0, #32]
 8007fc2:	f8d0 c020 	ldr.w	ip, [r0, #32]
 8007fc6:	f02c 0c01 	bic.w	ip, ip, #1
 8007fca:	f8c0 c020 	str.w	ip, [r0, #32]
 8007fce:	f8d0 c018 	ldr.w	ip, [r0, #24]
 8007fd2:	f02c 0cf0 	bic.w	ip, ip, #240	@ 0xf0
 8007fd6:	ea4c 1202 	orr.w	r2, ip, r2, lsl #4
 8007fda:	f023 030a 	bic.w	r3, r3, #10
 8007fde:	430b      	orrs	r3, r1
 8007fe0:	6182      	str	r2, [r0, #24]
 8007fe2:	6203      	str	r3, [r0, #32]
 8007fe4:	4770      	bx	lr

08007fe6 <TIM_TI2_ConfigInputStage>:
 8007fe6:	6a03      	ldr	r3, [r0, #32]
 8007fe8:	f8d0 c020 	ldr.w	ip, [r0, #32]
 8007fec:	f02c 0c10 	bic.w	ip, ip, #16
 8007ff0:	f8c0 c020 	str.w	ip, [r0, #32]
 8007ff4:	f8d0 c018 	ldr.w	ip, [r0, #24]
 8007ff8:	f42c 4c70 	bic.w	ip, ip, #61440	@ 0xf000
 8007ffc:	ea4c 3202 	orr.w	r2, ip, r2, lsl #12
 8008000:	f023 03a0 	bic.w	r3, r3, #160	@ 0xa0
 8008004:	ea43 1301 	orr.w	r3, r3, r1, lsl #4
 8008008:	6182      	str	r2, [r0, #24]
 800800a:	6203      	str	r3, [r0, #32]
 800800c:	4770      	bx	lr

0800800e <TIM_ITRx_SetConfig>:
 800800e:	6883      	ldr	r3, [r0, #8]
 8008010:	f423 1340 	bic.w	r3, r3, #3145728	@ 0x300000
 8008014:	f023 0370 	bic.w	r3, r3, #112	@ 0x70
 8008018:	430b      	orrs	r3, r1
 800801a:	f043 0307 	orr.w	r3, r3, #7
 800801e:	6083      	str	r3, [r0, #8]
 8008020:	4770      	bx	lr

08008022 <HAL_TIM_PWM_MspInit>:
 8008022:	4770      	bx	lr

08008024 <HAL_TIM_OnePulse_MspInit>:
 8008024:	4770      	bx	lr

08008026 <HAL_TIM_PeriodElapsedCallback>:
 8008026:	4770      	bx	lr

08008028 <HAL_TIM_OC_DelayElapsedCallback>:
 8008028:	4770      	bx	lr

0800802a <HAL_TIM_IC_CaptureCallback>:
 800802a:	4770      	bx	lr

0800802c <HAL_TIM_PWM_PulseFinishedCallback>:
 800802c:	4770      	bx	lr

0800802e <HAL_TIM_TriggerCallback>:
 800802e:	4770      	bx	lr

08008030 <HAL_TIM_IRQHandler>:
 8008030:	b570      	push	{r4, r5, r6, lr}
 8008032:	4604      	mov	r4, r0
 8008034:	6803      	ldr	r3, [r0, #0]
 8008036:	68de      	ldr	r6, [r3, #12]
 8008038:	691d      	ldr	r5, [r3, #16]
 800803a:	f015 0f02 	tst.w	r5, #2
 800803e:	d010      	beq.n	8008062 <HAL_TIM_IRQHandler+0x32>
 8008040:	f016 0f02 	tst.w	r6, #2
 8008044:	d00d      	beq.n	8008062 <HAL_TIM_IRQHandler+0x32>
 8008046:	f06f 0202 	mvn.w	r2, #2
 800804a:	611a      	str	r2, [r3, #16]
 800804c:	2301      	movs	r3, #1
 800804e:	7703      	strb	r3, [r0, #28]
 8008050:	6803      	ldr	r3, [r0, #0]
 8008052:	699b      	ldr	r3, [r3, #24]
 8008054:	f013 0f03 	tst.w	r3, #3
 8008058:	d067      	beq.n	800812a <HAL_TIM_IRQHandler+0xfa>
 800805a:	f7ff ffe6 	bl	800802a <HAL_TIM_IC_CaptureCallback>
 800805e:	2300      	movs	r3, #0
 8008060:	7723      	strb	r3, [r4, #28]
 8008062:	f015 0f04 	tst.w	r5, #4
 8008066:	d012      	beq.n	800808e <HAL_TIM_IRQHandler+0x5e>
 8008068:	f016 0f04 	tst.w	r6, #4
 800806c:	d00f      	beq.n	800808e <HAL_TIM_IRQHandler+0x5e>
 800806e:	6823      	ldr	r3, [r4, #0]
 8008070:	f06f 0204 	mvn.w	r2, #4
 8008074:	611a      	str	r2, [r3, #16]
 8008076:	2302      	movs	r3, #2
 8008078:	7723      	strb	r3, [r4, #28]
 800807a:	6823      	ldr	r3, [r4, #0]
 800807c:	699b      	ldr	r3, [r3, #24]
 800807e:	f413 7f40 	tst.w	r3, #768	@ 0x300
 8008082:	d058      	beq.n	8008136 <HAL_TIM_IRQHandler+0x106>
 8008084:	4620      	mov	r0, r4
 8008086:	f7ff ffd0 	bl	800802a <HAL_TIM_IC_CaptureCallback>
 800808a:	2300      	movs	r3, #0
 800808c:	7723      	strb	r3, [r4, #28]
 800808e:	f015 0f08 	tst.w	r5, #8
 8008092:	d012      	beq.n	80080ba <HAL_TIM_IRQHandler+0x8a>
 8008094:	f016 0f08 	tst.w	r6, #8
 8008098:	d00f      	beq.n	80080ba <HAL_TIM_IRQHandler+0x8a>
 800809a:	6823      	ldr	r3, [r4, #0]
 800809c:	f06f 0208 	mvn.w	r2, #8
 80080a0:	611a      	str	r2, [r3, #16]
 80080a2:	2304      	movs	r3, #4
 80080a4:	7723      	strb	r3, [r4, #28]
 80080a6:	6823      	ldr	r3, [r4, #0]
 80080a8:	69db      	ldr	r3, [r3, #28]
 80080aa:	f013 0f03 	tst.w	r3, #3
 80080ae:	d049      	beq.n	8008144 <HAL_TIM_IRQHandler+0x114>
 80080b0:	4620      	mov	r0, r4
 80080b2:	f7ff ffba 	bl	800802a <HAL_TIM_IC_CaptureCallback>
 80080b6:	2300      	movs	r3, #0
 80080b8:	7723      	strb	r3, [r4, #28]
 80080ba:	f015 0f10 	tst.w	r5, #16
 80080be:	d012      	beq.n	80080e6 <HAL_TIM_IRQHandler+0xb6>
 80080c0:	f016 0f10 	tst.w	r6, #16
 80080c4:	d00f      	beq.n	80080e6 <HAL_TIM_IRQHandler+0xb6>
 80080c6:	6823      	ldr	r3, [r4, #0]
 80080c8:	f06f 0210 	mvn.w	r2, #16
 80080cc:	611a      	str	r2, [r3, #16]
 80080ce:	2308      	movs	r3, #8
 80080d0:	7723      	strb	r3, [r4, #28]
 80080d2:	6823      	ldr	r3, [r4, #0]
 80080d4:	69db      	ldr	r3, [r3, #28]
 80080d6:	f413 7f40 	tst.w	r3, #768	@ 0x300
 80080da:	d03a      	beq.n	8008152 <HAL_TIM_IRQHandler+0x122>
 80080dc:	4620      	mov	r0, r4
 80080de:	f7ff ffa4 	bl	800802a <HAL_TIM_IC_CaptureCallback>
 80080e2:	2300      	movs	r3, #0
 80080e4:	7723      	strb	r3, [r4, #28]
 80080e6:	f015 0f01 	tst.w	r5, #1
 80080ea:	d002      	beq.n	80080f2 <HAL_TIM_IRQHandler+0xc2>
 80080ec:	f016 0f01 	tst.w	r6, #1
 80080f0:	d136      	bne.n	8008160 <HAL_TIM_IRQHandler+0x130>
 80080f2:	f015 0f80 	tst.w	r5, #128	@ 0x80
 80080f6:	d102      	bne.n	80080fe <HAL_TIM_IRQHandler+0xce>
 80080f8:	f415 5f00 	tst.w	r5, #8192	@ 0x2000
 80080fc:	d002      	beq.n	8008104 <HAL_TIM_IRQHandler+0xd4>
 80080fe:	f016 0f80 	tst.w	r6, #128	@ 0x80
 8008102:	d135      	bne.n	8008170 <HAL_TIM_IRQHandler+0x140>
 8008104:	f415 7f80 	tst.w	r5, #256	@ 0x100
 8008108:	d002      	beq.n	8008110 <HAL_TIM_IRQHandler+0xe0>
 800810a:	f016 0f80 	tst.w	r6, #128	@ 0x80
 800810e:	d137      	bne.n	8008180 <HAL_TIM_IRQHandler+0x150>
 8008110:	f015 0f40 	tst.w	r5, #64	@ 0x40
 8008114:	d002      	beq.n	800811c <HAL_TIM_IRQHandler+0xec>
 8008116:	f016 0f40 	tst.w	r6, #64	@ 0x40
 800811a:	d139      	bne.n	8008190 <HAL_TIM_IRQHandler+0x160>
 800811c:	f015 0f20 	tst.w	r5, #32
 8008120:	d002      	beq.n	8008128 <HAL_TIM_IRQHandler+0xf8>
 8008122:	f016 0f20 	tst.w	r6, #32
 8008126:	d13b      	bne.n	80081a0 <HAL_TIM_IRQHandler+0x170>
 8008128:	bd70      	pop	{r4, r5, r6, pc}
 800812a:	f7ff ff7d 	bl	8008028 <HAL_TIM_OC_DelayElapsedCallback>
 800812e:	4620      	mov	r0, r4
 8008130:	f7ff ff7c 	bl	800802c <HAL_TIM_PWM_PulseFinishedCallback>
 8008134:	e793      	b.n	800805e <HAL_TIM_IRQHandler+0x2e>
 8008136:	4620      	mov	r0, r4
 8008138:	f7ff ff76 	bl	8008028 <HAL_TIM_OC_DelayElapsedCallback>
 800813c:	4620      	mov	r0, r4
 800813e:	f7ff ff75 	bl	800802c <HAL_TIM_PWM_PulseFinishedCallback>
 8008142:	e7a2      	b.n	800808a <HAL_TIM_IRQHandler+0x5a>
 8008144:	4620      	mov	r0, r4
 8008146:	f7ff ff6f 	bl	8008028 <HAL_TIM_OC_DelayElapsedCallback>
 800814a:	4620      	mov	r0, r4
 800814c:	f7ff ff6e 	bl	800802c <HAL_TIM_PWM_PulseFinishedCallback>
 8008150:	e7b1      	b.n	80080b6 <HAL_TIM_IRQHandler+0x86>
 8008152:	4620      	mov	r0, r4
 8008154:	f7ff ff68 	bl	8008028 <HAL_TIM_OC_DelayElapsedCallback>
 8008158:	4620      	mov	r0, r4
 800815a:	f7ff ff67 	bl	800802c <HAL_TIM_PWM_PulseFinishedCallback>
 800815e:	e7c0      	b.n	80080e2 <HAL_TIM_IRQHandler+0xb2>
 8008160:	6823      	ldr	r3, [r4, #0]
 8008162:	f06f 0201 	mvn.w	r2, #1
 8008166:	611a      	str	r2, [r3, #16]
 8008168:	4620      	mov	r0, r4
 800816a:	f7ff ff5c 	bl	8008026 <HAL_TIM_PeriodElapsedCallback>
 800816e:	e7c0      	b.n	80080f2 <HAL_TIM_IRQHandler+0xc2>
 8008170:	6823      	ldr	r3, [r4, #0]
 8008172:	f46f 5202 	mvn.w	r2, #8320	@ 0x2080
 8008176:	611a      	str	r2, [r3, #16]
 8008178:	4620      	mov	r0, r4
 800817a:	f000 fbe4 	bl	8008946 <HAL_TIMEx_BreakCallback>
 800817e:	e7c1      	b.n	8008104 <HAL_TIM_IRQHandler+0xd4>
 8008180:	6823      	ldr	r3, [r4, #0]
 8008182:	f46f 7280 	mvn.w	r2, #256	@ 0x100
 8008186:	611a      	str	r2, [r3, #16]
 8008188:	4620      	mov	r0, r4
 800818a:	f000 fbdd 	bl	8008948 <HAL_TIMEx_Break2Callback>
 800818e:	e7bf      	b.n	8008110 <HAL_TIM_IRQHandler+0xe0>
 8008190:	6823      	ldr	r3, [r4, #0]
 8008192:	f06f 0240 	mvn.w	r2, #64	@ 0x40
 8008196:	611a      	str	r2, [r3, #16]
 8008198:	4620      	mov	r0, r4
 800819a:	f7ff ff48 	bl	800802e <HAL_TIM_TriggerCallback>
 800819e:	e7bd      	b.n	800811c <HAL_TIM_IRQHandler+0xec>
 80081a0:	6823      	ldr	r3, [r4, #0]
 80081a2:	f06f 0220 	mvn.w	r2, #32
 80081a6:	611a      	str	r2, [r3, #16]
 80081a8:	4620      	mov	r0, r4
 80081aa:	f000 fbcb 	bl	8008944 <HAL_TIMEx_CommutCallback>
 80081ae:	e7bb      	b.n	8008128 <HAL_TIM_IRQHandler+0xf8>

080081b0 <TIM_Base_SetConfig>:
 80081b0:	6803      	ldr	r3, [r0, #0]
 80081b2:	4a1c      	ldr	r2, [pc, #112]	@ (8008224 <TIM_Base_SetConfig+0x74>)
 80081b4:	4290      	cmp	r0, r2
 80081b6:	d002      	beq.n	80081be <TIM_Base_SetConfig+0xe>
 80081b8:	f1b0 4f80 	cmp.w	r0, #1073741824	@ 0x40000000
 80081bc:	d103      	bne.n	80081c6 <TIM_Base_SetConfig+0x16>
 80081be:	f023 0370 	bic.w	r3, r3, #112	@ 0x70
 80081c2:	684a      	ldr	r2, [r1, #4]
 80081c4:	4313      	orrs	r3, r2
 80081c6:	4a17      	ldr	r2, [pc, #92]	@ (8008224 <TIM_Base_SetConfig+0x74>)
 80081c8:	4290      	cmp	r0, r2
 80081ca:	d00a      	beq.n	80081e2 <TIM_Base_SetConfig+0x32>
 80081cc:	f1b0 4f80 	cmp.w	r0, #1073741824	@ 0x40000000
 80081d0:	d007      	beq.n	80081e2 <TIM_Base_SetConfig+0x32>
 80081d2:	f502 52c0 	add.w	r2, r2, #6144	@ 0x1800
 80081d6:	4290      	cmp	r0, r2
 80081d8:	d003      	beq.n	80081e2 <TIM_Base_SetConfig+0x32>
 80081da:	f502 6280 	add.w	r2, r2, #1024	@ 0x400
 80081de:	4290      	cmp	r0, r2
 80081e0:	d103      	bne.n	80081ea <TIM_Base_SetConfig+0x3a>
 80081e2:	f423 7340 	bic.w	r3, r3, #768	@ 0x300
 80081e6:	68ca      	ldr	r2, [r1, #12]
 80081e8:	4313      	orrs	r3, r2
 80081ea:	f023 0380 	bic.w	r3, r3, #128	@ 0x80
 80081ee:	694a      	ldr	r2, [r1, #20]
 80081f0:	4313      	orrs	r3, r2
 80081f2:	688a      	ldr	r2, [r1, #8]
 80081f4:	62c2      	str	r2, [r0, #44]	@ 0x2c
 80081f6:	680a      	ldr	r2, [r1, #0]
 80081f8:	6282      	str	r2, [r0, #40]	@ 0x28
 80081fa:	4a0a      	ldr	r2, [pc, #40]	@ (8008224 <TIM_Base_SetConfig+0x74>)
 80081fc:	4290      	cmp	r0, r2
 80081fe:	d007      	beq.n	8008210 <TIM_Base_SetConfig+0x60>
 8008200:	f502 52c0 	add.w	r2, r2, #6144	@ 0x1800
 8008204:	4290      	cmp	r0, r2
 8008206:	d003      	beq.n	8008210 <TIM_Base_SetConfig+0x60>
 8008208:	f502 6280 	add.w	r2, r2, #1024	@ 0x400
 800820c:	4290      	cmp	r0, r2
 800820e:	d101      	bne.n	8008214 <TIM_Base_SetConfig+0x64>
 8008210:	690a      	ldr	r2, [r1, #16]
 8008212:	6302      	str	r2, [r0, #48]	@ 0x30
 8008214:	6802      	ldr	r2, [r0, #0]
 8008216:	f042 0204 	orr.w	r2, r2, #4
 800821a:	6002      	str	r2, [r0, #0]
 800821c:	2201      	movs	r2, #1
 800821e:	6142      	str	r2, [r0, #20]
 8008220:	6003      	str	r3, [r0, #0]
 8008222:	4770      	bx	lr
 8008224:	40012c00 	.word	0x40012c00

08008228 <HAL_TIM_Base_Init>:
 8008228:	b360      	cbz	r0, 8008284 <HAL_TIM_Base_Init+0x5c>
 800822a:	b510      	push	{r4, lr}
 800822c:	4604      	mov	r4, r0
 800822e:	f890 303d 	ldrb.w	r3, [r0, #61]	@ 0x3d
 8008232:	b313      	cbz	r3, 800827a <HAL_TIM_Base_Init+0x52>
 8008234:	2302      	movs	r3, #2
 8008236:	f884 303d 	strb.w	r3, [r4, #61]	@ 0x3d
 800823a:	4621      	mov	r1, r4
 800823c:	f851 0b04 	ldr.w	r0, [r1], #4
 8008240:	f7ff ffb6 	bl	80081b0 <TIM_Base_SetConfig>
 8008244:	2301      	movs	r3, #1
 8008246:	f884 3048 	strb.w	r3, [r4, #72]	@ 0x48
 800824a:	f884 303e 	strb.w	r3, [r4, #62]	@ 0x3e
 800824e:	f884 303f 	strb.w	r3, [r4, #63]	@ 0x3f
 8008252:	f884 3040 	strb.w	r3, [r4, #64]	@ 0x40
 8008256:	f884 3041 	strb.w	r3, [r4, #65]	@ 0x41
 800825a:	f884 3042 	strb.w	r3, [r4, #66]	@ 0x42
 800825e:	f884 3043 	strb.w	r3, [r4, #67]	@ 0x43
 8008262:	f884 3044 	strb.w	r3, [r4, #68]	@ 0x44
 8008266:	f884 3045 	strb.w	r3, [r4, #69]	@ 0x45
 800826a:	f884 3046 	strb.w	r3, [r4, #70]	@ 0x46
 800826e:	f884 3047 	strb.w	r3, [r4, #71]	@ 0x47
 8008272:	f884 303d 	strb.w	r3, [r4, #61]	@ 0x3d
 8008276:	2000      	movs	r0, #0
 8008278:	bd10      	pop	{r4, pc}
 800827a:	f880 303c 	strb.w	r3, [r0, #60]	@ 0x3c
 800827e:	f002 fb67 	bl	800a950 <HAL_TIM_Base_MspInit>
 8008282:	e7d7      	b.n	8008234 <HAL_TIM_Base_Init+0xc>
 8008284:	2001      	movs	r0, #1
 8008286:	4770      	bx	lr

08008288 <HAL_TIM_PWM_Init>:
 8008288:	b360      	cbz	r0, 80082e4 <HAL_TIM_PWM_Init+0x5c>
 800828a:	b510      	push	{r4, lr}
 800828c:	4604      	mov	r4, r0
 800828e:	f890 303d 	ldrb.w	r3, [r0, #61]	@ 0x3d
 8008292:	b313      	cbz	r3, 80082da <HAL_TIM_PWM_Init+0x52>
 8008294:	2302      	movs	r3, #2
 8008296:	f884 303d 	strb.w	r3, [r4, #61]	@ 0x3d
 800829a:	4621      	mov	r1, r4
 800829c:	f851 0b04 	ldr.w	r0, [r1], #4
 80082a0:	f7ff ff86 	bl	80081b0 <TIM_Base_SetConfig>
 80082a4:	2301      	movs	r3, #1
 80082a6:	f884 3048 	strb.w	r3, [r4, #72]	@ 0x48
 80082aa:	f884 303e 	strb.w	r3, [r4, #62]	@ 0x3e
 80082ae:	f884 303f 	strb.w	r3, [r4, #63]	@ 0x3f
 80082b2:	f884 3040 	strb.w	r3, [r4, #64]	@ 0x40
 80082b6:	f884 3041 	strb.w	r3, [r4, #65]	@ 0x41
 80082ba:	f884 3042 	strb.w	r3, [r4, #66]	@ 0x42
 80082be:	f884 3043 	strb.w	r3, [r4, #67]	@ 0x43
 80082c2:	f884 3044 	strb.w	r3, [r4, #68]	@ 0x44
 80082c6:	f884 3045 	strb.w	r3, [r4, #69]	@ 0x45
 80082ca:	f884 3046 	strb.w	r3, [r4, #70]	@ 0x46
 80082ce:	f884 3047 	strb.w	r3, [r4, #71]	@ 0x47
 80082d2:	f884 303d 	strb.w	r3, [r4, #61]	@ 0x3d
 80082d6:	2000      	movs	r0, #0
 80082d8:	bd10      	pop	{r4, pc}
 80082da:	f880 303c 	strb.w	r3, [r0, #60]	@ 0x3c
 80082de:	f7ff fea0 	bl	8008022 <HAL_TIM_PWM_MspInit>
 80082e2:	e7d7      	b.n	8008294 <HAL_TIM_PWM_Init+0xc>
 80082e4:	2001      	movs	r0, #1
 80082e6:	4770      	bx	lr

080082e8 <HAL_TIM_OnePulse_Init>:
 80082e8:	b350      	cbz	r0, 8008340 <HAL_TIM_OnePulse_Init+0x58>
 80082ea:	b538      	push	{r3, r4, r5, lr}
 80082ec:	460d      	mov	r5, r1
 80082ee:	4604      	mov	r4, r0
 80082f0:	f890 303d 	ldrb.w	r3, [r0, #61]	@ 0x3d
 80082f4:	b1fb      	cbz	r3, 8008336 <HAL_TIM_OnePulse_Init+0x4e>
 80082f6:	2302      	movs	r3, #2
 80082f8:	f884 303d 	strb.w	r3, [r4, #61]	@ 0x3d
 80082fc:	4621      	mov	r1, r4
 80082fe:	f851 0b04 	ldr.w	r0, [r1], #4
 8008302:	f7ff ff55 	bl	80081b0 <TIM_Base_SetConfig>
 8008306:	6822      	ldr	r2, [r4, #0]
 8008308:	6813      	ldr	r3, [r2, #0]
 800830a:	f023 0308 	bic.w	r3, r3, #8
 800830e:	6013      	str	r3, [r2, #0]
 8008310:	6822      	ldr	r2, [r4, #0]
 8008312:	6813      	ldr	r3, [r2, #0]
 8008314:	432b      	orrs	r3, r5
 8008316:	6013      	str	r3, [r2, #0]
 8008318:	2301      	movs	r3, #1
 800831a:	f884 3048 	strb.w	r3, [r4, #72]	@ 0x48
 800831e:	f884 303e 	strb.w	r3, [r4, #62]	@ 0x3e
 8008322:	f884 303f 	strb.w	r3, [r4, #63]	@ 0x3f
 8008326:	f884 3044 	strb.w	r3, [r4, #68]	@ 0x44
 800832a:	f884 3045 	strb.w	r3, [r4, #69]	@ 0x45
 800832e:	f884 303d 	strb.w	r3, [r4, #61]	@ 0x3d
 8008332:	2000      	movs	r0, #0
 8008334:	bd38      	pop	{r3, r4, r5, pc}
 8008336:	f880 303c 	strb.w	r3, [r0, #60]	@ 0x3c
 800833a:	f7ff fe73 	bl	8008024 <HAL_TIM_OnePulse_MspInit>
 800833e:	e7da      	b.n	80082f6 <HAL_TIM_OnePulse_Init+0xe>
 8008340:	2001      	movs	r0, #1
 8008342:	4770      	bx	lr

08008344 <TIM_OC2_SetConfig>:
 8008344:	b510      	push	{r4, lr}
 8008346:	6a03      	ldr	r3, [r0, #32]
 8008348:	6a02      	ldr	r2, [r0, #32]
 800834a:	f022 0210 	bic.w	r2, r2, #16
 800834e:	6202      	str	r2, [r0, #32]
 8008350:	f8d0 c004 	ldr.w	ip, [r0, #4]
 8008354:	6982      	ldr	r2, [r0, #24]
 8008356:	f022 7280 	bic.w	r2, r2, #16777216	@ 0x1000000
 800835a:	f422 42e6 	bic.w	r2, r2, #29440	@ 0x7300
 800835e:	680c      	ldr	r4, [r1, #0]
 8008360:	ea42 2204 	orr.w	r2, r2, r4, lsl #8
 8008364:	f023 0320 	bic.w	r3, r3, #32
 8008368:	688c      	ldr	r4, [r1, #8]
 800836a:	ea43 1304 	orr.w	r3, r3, r4, lsl #4
 800836e:	f8df e04c 	ldr.w	lr, [pc, #76]	@ 80083bc <TIM_OC2_SetConfig+0x78>
 8008372:	4570      	cmp	r0, lr
 8008374:	d01a      	beq.n	80083ac <TIM_OC2_SetConfig+0x68>
 8008376:	f8df e044 	ldr.w	lr, [pc, #68]	@ 80083bc <TIM_OC2_SetConfig+0x78>
 800837a:	4570      	cmp	r0, lr
 800837c:	d007      	beq.n	800838e <TIM_OC2_SetConfig+0x4a>
 800837e:	f50e 5ec0 	add.w	lr, lr, #6144	@ 0x1800
 8008382:	4570      	cmp	r0, lr
 8008384:	d003      	beq.n	800838e <TIM_OC2_SetConfig+0x4a>
 8008386:	f50e 6e80 	add.w	lr, lr, #1024	@ 0x400
 800838a:	4570      	cmp	r0, lr
 800838c:	d107      	bne.n	800839e <TIM_OC2_SetConfig+0x5a>
 800838e:	f42c 6c40 	bic.w	ip, ip, #3072	@ 0xc00
 8008392:	694c      	ldr	r4, [r1, #20]
 8008394:	ea4c 0c84 	orr.w	ip, ip, r4, lsl #2
 8008398:	698c      	ldr	r4, [r1, #24]
 800839a:	ea4c 0c84 	orr.w	ip, ip, r4, lsl #2
 800839e:	f8c0 c004 	str.w	ip, [r0, #4]
 80083a2:	6182      	str	r2, [r0, #24]
 80083a4:	684a      	ldr	r2, [r1, #4]
 80083a6:	6382      	str	r2, [r0, #56]	@ 0x38
 80083a8:	6203      	str	r3, [r0, #32]
 80083aa:	bd10      	pop	{r4, pc}
 80083ac:	f023 0380 	bic.w	r3, r3, #128	@ 0x80
 80083b0:	68cc      	ldr	r4, [r1, #12]
 80083b2:	ea43 1304 	orr.w	r3, r3, r4, lsl #4
 80083b6:	f023 0340 	bic.w	r3, r3, #64	@ 0x40
 80083ba:	e7dc      	b.n	8008376 <TIM_OC2_SetConfig+0x32>
 80083bc:	40012c00 	.word	0x40012c00

080083c0 <HAL_TIM_PWM_ConfigChannel>:
 80083c0:	b538      	push	{r3, r4, r5, lr}
 80083c2:	f890 303c 	ldrb.w	r3, [r0, #60]	@ 0x3c
 80083c6:	2b01      	cmp	r3, #1
 80083c8:	f000 8098 	beq.w	80084fc <HAL_TIM_PWM_ConfigChannel+0x13c>
 80083cc:	4604      	mov	r4, r0
 80083ce:	2301      	movs	r3, #1
 80083d0:	f880 303c 	strb.w	r3, [r0, #60]	@ 0x3c
 80083d4:	2a0c      	cmp	r2, #12
 80083d6:	d066      	beq.n	80084a6 <HAL_TIM_PWM_ConfigChannel+0xe6>
 80083d8:	d81e      	bhi.n	8008418 <HAL_TIM_PWM_ConfigChannel+0x58>
 80083da:	2a04      	cmp	r2, #4
 80083dc:	d038      	beq.n	8008450 <HAL_TIM_PWM_ConfigChannel+0x90>
 80083de:	2a08      	cmp	r2, #8
 80083e0:	d04c      	beq.n	800847c <HAL_TIM_PWM_ConfigChannel+0xbc>
 80083e2:	b9ba      	cbnz	r2, 8008414 <HAL_TIM_PWM_ConfigChannel+0x54>
 80083e4:	460d      	mov	r5, r1
 80083e6:	6800      	ldr	r0, [r0, #0]
 80083e8:	f7ff fcdc 	bl	8007da4 <TIM_OC1_SetConfig>
 80083ec:	6822      	ldr	r2, [r4, #0]
 80083ee:	6993      	ldr	r3, [r2, #24]
 80083f0:	f043 0308 	orr.w	r3, r3, #8
 80083f4:	6193      	str	r3, [r2, #24]
 80083f6:	6822      	ldr	r2, [r4, #0]
 80083f8:	6993      	ldr	r3, [r2, #24]
 80083fa:	f023 0304 	bic.w	r3, r3, #4
 80083fe:	6193      	str	r3, [r2, #24]
 8008400:	6822      	ldr	r2, [r4, #0]
 8008402:	6993      	ldr	r3, [r2, #24]
 8008404:	6929      	ldr	r1, [r5, #16]
 8008406:	430b      	orrs	r3, r1
 8008408:	6193      	str	r3, [r2, #24]
 800840a:	2000      	movs	r0, #0
 800840c:	2300      	movs	r3, #0
 800840e:	f884 303c 	strb.w	r3, [r4, #60]	@ 0x3c
 8008412:	bd38      	pop	{r3, r4, r5, pc}
 8008414:	4618      	mov	r0, r3
 8008416:	e7f9      	b.n	800840c <HAL_TIM_PWM_ConfigChannel+0x4c>
 8008418:	2a10      	cmp	r2, #16
 800841a:	d05a      	beq.n	80084d2 <HAL_TIM_PWM_ConfigChannel+0x112>
 800841c:	2a14      	cmp	r2, #20
 800841e:	d115      	bne.n	800844c <HAL_TIM_PWM_ConfigChannel+0x8c>
 8008420:	460d      	mov	r5, r1
 8008422:	6800      	ldr	r0, [r0, #0]
 8008424:	f7ff fd9c 	bl	8007f60 <TIM_OC6_SetConfig>
 8008428:	6822      	ldr	r2, [r4, #0]
 800842a:	6d53      	ldr	r3, [r2, #84]	@ 0x54
 800842c:	f443 6300 	orr.w	r3, r3, #2048	@ 0x800
 8008430:	6553      	str	r3, [r2, #84]	@ 0x54
 8008432:	6822      	ldr	r2, [r4, #0]
 8008434:	6d53      	ldr	r3, [r2, #84]	@ 0x54
 8008436:	f423 6380 	bic.w	r3, r3, #1024	@ 0x400
 800843a:	6553      	str	r3, [r2, #84]	@ 0x54
 800843c:	6822      	ldr	r2, [r4, #0]
 800843e:	6d53      	ldr	r3, [r2, #84]	@ 0x54
 8008440:	6929      	ldr	r1, [r5, #16]
 8008442:	ea43 2301 	orr.w	r3, r3, r1, lsl #8
 8008446:	6553      	str	r3, [r2, #84]	@ 0x54
 8008448:	2000      	movs	r0, #0
 800844a:	e7df      	b.n	800840c <HAL_TIM_PWM_ConfigChannel+0x4c>
 800844c:	2001      	movs	r0, #1
 800844e:	e7dd      	b.n	800840c <HAL_TIM_PWM_ConfigChannel+0x4c>
 8008450:	460d      	mov	r5, r1
 8008452:	6800      	ldr	r0, [r0, #0]
 8008454:	f7ff ff76 	bl	8008344 <TIM_OC2_SetConfig>
 8008458:	6822      	ldr	r2, [r4, #0]
 800845a:	6993      	ldr	r3, [r2, #24]
 800845c:	f443 6300 	orr.w	r3, r3, #2048	@ 0x800
 8008460:	6193      	str	r3, [r2, #24]
 8008462:	6822      	ldr	r2, [r4, #0]
 8008464:	6993      	ldr	r3, [r2, #24]
 8008466:	f423 6380 	bic.w	r3, r3, #1024	@ 0x400
 800846a:	6193      	str	r3, [r2, #24]
 800846c:	6822      	ldr	r2, [r4, #0]
 800846e:	6993      	ldr	r3, [r2, #24]
 8008470:	6929      	ldr	r1, [r5, #16]
 8008472:	ea43 2301 	orr.w	r3, r3, r1, lsl #8
 8008476:	6193      	str	r3, [r2, #24]
 8008478:	2000      	movs	r0, #0
 800847a:	e7c7      	b.n	800840c <HAL_TIM_PWM_ConfigChannel+0x4c>
 800847c:	460d      	mov	r5, r1
 800847e:	6800      	ldr	r0, [r0, #0]
 8008480:	f7ff fcd2 	bl	8007e28 <TIM_OC3_SetConfig>
 8008484:	6822      	ldr	r2, [r4, #0]
 8008486:	69d3      	ldr	r3, [r2, #28]
 8008488:	f043 0308 	orr.w	r3, r3, #8
 800848c:	61d3      	str	r3, [r2, #28]
 800848e:	6822      	ldr	r2, [r4, #0]
 8008490:	69d3      	ldr	r3, [r2, #28]
 8008492:	f023 0304 	bic.w	r3, r3, #4
 8008496:	61d3      	str	r3, [r2, #28]
 8008498:	6822      	ldr	r2, [r4, #0]
 800849a:	69d3      	ldr	r3, [r2, #28]
 800849c:	6929      	ldr	r1, [r5, #16]
 800849e:	430b      	orrs	r3, r1
 80084a0:	61d3      	str	r3, [r2, #28]
 80084a2:	2000      	movs	r0, #0
 80084a4:	e7b2      	b.n	800840c <HAL_TIM_PWM_ConfigChannel+0x4c>
 80084a6:	460d      	mov	r5, r1
 80084a8:	6800      	ldr	r0, [r0, #0]
 80084aa:	f7ff fcfb 	bl	8007ea4 <TIM_OC4_SetConfig>
 80084ae:	6822      	ldr	r2, [r4, #0]
 80084b0:	69d3      	ldr	r3, [r2, #28]
 80084b2:	f443 6300 	orr.w	r3, r3, #2048	@ 0x800
 80084b6:	61d3      	str	r3, [r2, #28]
 80084b8:	6822      	ldr	r2, [r4, #0]
 80084ba:	69d3      	ldr	r3, [r2, #28]
 80084bc:	f423 6380 	bic.w	r3, r3, #1024	@ 0x400
 80084c0:	61d3      	str	r3, [r2, #28]
 80084c2:	6822      	ldr	r2, [r4, #0]
 80084c4:	69d3      	ldr	r3, [r2, #28]
 80084c6:	6929      	ldr	r1, [r5, #16]
 80084c8:	ea43 2301 	orr.w	r3, r3, r1, lsl #8
 80084cc:	61d3      	str	r3, [r2, #28]
 80084ce:	2000      	movs	r0, #0
 80084d0:	e79c      	b.n	800840c <HAL_TIM_PWM_ConfigChannel+0x4c>
 80084d2:	460d      	mov	r5, r1
 80084d4:	6800      	ldr	r0, [r0, #0]
 80084d6:	f7ff fd15 	bl	8007f04 <TIM_OC5_SetConfig>
 80084da:	6822      	ldr	r2, [r4, #0]
 80084dc:	6d53      	ldr	r3, [r2, #84]	@ 0x54
 80084de:	f043 0308 	orr.w	r3, r3, #8
 80084e2:	6553      	str	r3, [r2, #84]	@ 0x54
 80084e4:	6822      	ldr	r2, [r4, #0]
 80084e6:	6d53      	ldr	r3, [r2, #84]	@ 0x54
 80084e8:	f023 0304 	bic.w	r3, r3, #4
 80084ec:	6553      	str	r3, [r2, #84]	@ 0x54
 80084ee:	6822      	ldr	r2, [r4, #0]
 80084f0:	6d53      	ldr	r3, [r2, #84]	@ 0x54
 80084f2:	6929      	ldr	r1, [r5, #16]
 80084f4:	430b      	orrs	r3, r1
 80084f6:	6553      	str	r3, [r2, #84]	@ 0x54
 80084f8:	2000      	movs	r0, #0
 80084fa:	e787      	b.n	800840c <HAL_TIM_PWM_ConfigChannel+0x4c>
 80084fc:	2002      	movs	r0, #2
 80084fe:	e788      	b.n	8008412 <HAL_TIM_PWM_ConfigChannel+0x52>

08008500 <TIM_ETR_SetConfig>:
 8008500:	f8d0 c008 	ldr.w	ip, [r0, #8]
 8008504:	f42c 4c7f 	bic.w	ip, ip, #65280	@ 0xff00
 8008508:	ea42 2203 	orr.w	r2, r2, r3, lsl #8
 800850c:	430a      	orrs	r2, r1
 800850e:	ea42 020c 	orr.w	r2, r2, ip
 8008512:	6082      	str	r2, [r0, #8]
 8008514:	4770      	bx	lr
	...

08008518 <HAL_TIM_ConfigClockSource>:
 8008518:	f890 303c 	ldrb.w	r3, [r0, #60]	@ 0x3c
 800851c:	2b01      	cmp	r3, #1
 800851e:	d076      	beq.n	800860e <HAL_TIM_ConfigClockSource+0xf6>
 8008520:	b510      	push	{r4, lr}
 8008522:	4604      	mov	r4, r0
 8008524:	2301      	movs	r3, #1
 8008526:	f880 303c 	strb.w	r3, [r0, #60]	@ 0x3c
 800852a:	2302      	movs	r3, #2
 800852c:	f880 303d 	strb.w	r3, [r0, #61]	@ 0x3d
 8008530:	6802      	ldr	r2, [r0, #0]
 8008532:	6890      	ldr	r0, [r2, #8]
 8008534:	4b37      	ldr	r3, [pc, #220]	@ (8008614 <HAL_TIM_ConfigClockSource+0xfc>)
 8008536:	4003      	ands	r3, r0
 8008538:	6093      	str	r3, [r2, #8]
 800853a:	680b      	ldr	r3, [r1, #0]
 800853c:	2b60      	cmp	r3, #96	@ 0x60
 800853e:	d04c      	beq.n	80085da <HAL_TIM_ConfigClockSource+0xc2>
 8008540:	d823      	bhi.n	800858a <HAL_TIM_ConfigClockSource+0x72>
 8008542:	2b40      	cmp	r3, #64	@ 0x40
 8008544:	d054      	beq.n	80085f0 <HAL_TIM_ConfigClockSource+0xd8>
 8008546:	d811      	bhi.n	800856c <HAL_TIM_ConfigClockSource+0x54>
 8008548:	2b20      	cmp	r3, #32
 800854a:	d003      	beq.n	8008554 <HAL_TIM_ConfigClockSource+0x3c>
 800854c:	d80a      	bhi.n	8008564 <HAL_TIM_ConfigClockSource+0x4c>
 800854e:	b10b      	cbz	r3, 8008554 <HAL_TIM_ConfigClockSource+0x3c>
 8008550:	2b10      	cmp	r3, #16
 8008552:	d105      	bne.n	8008560 <HAL_TIM_ConfigClockSource+0x48>
 8008554:	4619      	mov	r1, r3
 8008556:	6820      	ldr	r0, [r4, #0]
 8008558:	f7ff fd59 	bl	800800e <TIM_ITRx_SetConfig>
 800855c:	2000      	movs	r0, #0
 800855e:	e028      	b.n	80085b2 <HAL_TIM_ConfigClockSource+0x9a>
 8008560:	2001      	movs	r0, #1
 8008562:	e026      	b.n	80085b2 <HAL_TIM_ConfigClockSource+0x9a>
 8008564:	2b30      	cmp	r3, #48	@ 0x30
 8008566:	d0f5      	beq.n	8008554 <HAL_TIM_ConfigClockSource+0x3c>
 8008568:	2001      	movs	r0, #1
 800856a:	e022      	b.n	80085b2 <HAL_TIM_ConfigClockSource+0x9a>
 800856c:	2b50      	cmp	r3, #80	@ 0x50
 800856e:	d10a      	bne.n	8008586 <HAL_TIM_ConfigClockSource+0x6e>
 8008570:	68ca      	ldr	r2, [r1, #12]
 8008572:	6849      	ldr	r1, [r1, #4]
 8008574:	6820      	ldr	r0, [r4, #0]
 8008576:	f7ff fd23 	bl	8007fc0 <TIM_TI1_ConfigInputStage>
 800857a:	2150      	movs	r1, #80	@ 0x50
 800857c:	6820      	ldr	r0, [r4, #0]
 800857e:	f7ff fd46 	bl	800800e <TIM_ITRx_SetConfig>
 8008582:	2000      	movs	r0, #0
 8008584:	e015      	b.n	80085b2 <HAL_TIM_ConfigClockSource+0x9a>
 8008586:	2001      	movs	r0, #1
 8008588:	e013      	b.n	80085b2 <HAL_TIM_ConfigClockSource+0x9a>
 800858a:	f5b3 5f80 	cmp.w	r3, #4096	@ 0x1000
 800858e:	d03a      	beq.n	8008606 <HAL_TIM_ConfigClockSource+0xee>
 8008590:	f5b3 5f00 	cmp.w	r3, #8192	@ 0x2000
 8008594:	d014      	beq.n	80085c0 <HAL_TIM_ConfigClockSource+0xa8>
 8008596:	2b70      	cmp	r3, #112	@ 0x70
 8008598:	d137      	bne.n	800860a <HAL_TIM_ConfigClockSource+0xf2>
 800859a:	68cb      	ldr	r3, [r1, #12]
 800859c:	684a      	ldr	r2, [r1, #4]
 800859e:	6889      	ldr	r1, [r1, #8]
 80085a0:	6820      	ldr	r0, [r4, #0]
 80085a2:	f7ff ffad 	bl	8008500 <TIM_ETR_SetConfig>
 80085a6:	6822      	ldr	r2, [r4, #0]
 80085a8:	6893      	ldr	r3, [r2, #8]
 80085aa:	f043 0377 	orr.w	r3, r3, #119	@ 0x77
 80085ae:	6093      	str	r3, [r2, #8]
 80085b0:	2000      	movs	r0, #0
 80085b2:	2301      	movs	r3, #1
 80085b4:	f884 303d 	strb.w	r3, [r4, #61]	@ 0x3d
 80085b8:	2300      	movs	r3, #0
 80085ba:	f884 303c 	strb.w	r3, [r4, #60]	@ 0x3c
 80085be:	bd10      	pop	{r4, pc}
 80085c0:	68cb      	ldr	r3, [r1, #12]
 80085c2:	684a      	ldr	r2, [r1, #4]
 80085c4:	6889      	ldr	r1, [r1, #8]
 80085c6:	6820      	ldr	r0, [r4, #0]
 80085c8:	f7ff ff9a 	bl	8008500 <TIM_ETR_SetConfig>
 80085cc:	6822      	ldr	r2, [r4, #0]
 80085ce:	6893      	ldr	r3, [r2, #8]
 80085d0:	f443 4380 	orr.w	r3, r3, #16384	@ 0x4000
 80085d4:	6093      	str	r3, [r2, #8]
 80085d6:	2000      	movs	r0, #0
 80085d8:	e7eb      	b.n	80085b2 <HAL_TIM_ConfigClockSource+0x9a>
 80085da:	68ca      	ldr	r2, [r1, #12]
 80085dc:	6849      	ldr	r1, [r1, #4]
 80085de:	6820      	ldr	r0, [r4, #0]
 80085e0:	f7ff fd01 	bl	8007fe6 <TIM_TI2_ConfigInputStage>
 80085e4:	2160      	movs	r1, #96	@ 0x60
 80085e6:	6820      	ldr	r0, [r4, #0]
 80085e8:	f7ff fd11 	bl	800800e <TIM_ITRx_SetConfig>
 80085ec:	2000      	movs	r0, #0
 80085ee:	e7e0      	b.n	80085b2 <HAL_TIM_ConfigClockSource+0x9a>
 80085f0:	68ca      	ldr	r2, [r1, #12]
 80085f2:	6849      	ldr	r1, [r1, #4]
 80085f4:	6820      	ldr	r0, [r4, #0]
 80085f6:	f7ff fce3 	bl	8007fc0 <TIM_TI1_ConfigInputStage>
 80085fa:	2140      	movs	r1, #64	@ 0x40
 80085fc:	6820      	ldr	r0, [r4, #0]
 80085fe:	f7ff fd06 	bl	800800e <TIM_ITRx_SetConfig>
 8008602:	2000      	movs	r0, #0
 8008604:	e7d5      	b.n	80085b2 <HAL_TIM_ConfigClockSource+0x9a>
 8008606:	2000      	movs	r0, #0
 8008608:	e7d3      	b.n	80085b2 <HAL_TIM_ConfigClockSource+0x9a>
 800860a:	2001      	movs	r0, #1
 800860c:	e7d1      	b.n	80085b2 <HAL_TIM_ConfigClockSource+0x9a>
 800860e:	2002      	movs	r0, #2
 8008610:	4770      	bx	lr
 8008612:	bf00      	nop
 8008614:	ffce0088 	.word	0xffce0088

08008618 <TIM_CCxChannelCmd>:
 8008618:	f001 011f 	and.w	r1, r1, #31
 800861c:	f04f 0c01 	mov.w	ip, #1
 8008620:	fa0c fc01 	lsl.w	ip, ip, r1
 8008624:	6a03      	ldr	r3, [r0, #32]
 8008626:	ea23 030c 	bic.w	r3, r3, ip
 800862a:	6203      	str	r3, [r0, #32]
 800862c:	6a03      	ldr	r3, [r0, #32]
 800862e:	408a      	lsls	r2, r1
 8008630:	4313      	orrs	r3, r2
 8008632:	6203      	str	r3, [r0, #32]
 8008634:	4770      	bx	lr
	...

08008638 <HAL_TIM_PWM_Start>:
 8008638:	b510      	push	{r4, lr}
 800863a:	4604      	mov	r4, r0
 800863c:	460b      	mov	r3, r1
 800863e:	bb69      	cbnz	r1, 800869c <HAL_TIM_PWM_Start+0x64>
 8008640:	f890 203e 	ldrb.w	r2, [r0, #62]	@ 0x3e
 8008644:	3a01      	subs	r2, #1
 8008646:	bf18      	it	ne
 8008648:	2201      	movne	r2, #1
 800864a:	2a00      	cmp	r2, #0
 800864c:	d176      	bne.n	800873c <HAL_TIM_PWM_Start+0x104>
 800864e:	2b00      	cmp	r3, #0
 8008650:	d14a      	bne.n	80086e8 <HAL_TIM_PWM_Start+0xb0>
 8008652:	2202      	movs	r2, #2
 8008654:	f884 203e 	strb.w	r2, [r4, #62]	@ 0x3e
 8008658:	2201      	movs	r2, #1
 800865a:	4619      	mov	r1, r3
 800865c:	6820      	ldr	r0, [r4, #0]
 800865e:	f7ff ffdb 	bl	8008618 <TIM_CCxChannelCmd>
 8008662:	6823      	ldr	r3, [r4, #0]
 8008664:	4a38      	ldr	r2, [pc, #224]	@ (8008748 <HAL_TIM_PWM_Start+0x110>)
 8008666:	4293      	cmp	r3, r2
 8008668:	d007      	beq.n	800867a <HAL_TIM_PWM_Start+0x42>
 800866a:	f502 52c0 	add.w	r2, r2, #6144	@ 0x1800
 800866e:	4293      	cmp	r3, r2
 8008670:	d003      	beq.n	800867a <HAL_TIM_PWM_Start+0x42>
 8008672:	f502 6280 	add.w	r2, r2, #1024	@ 0x400
 8008676:	4293      	cmp	r3, r2
 8008678:	d103      	bne.n	8008682 <HAL_TIM_PWM_Start+0x4a>
 800867a:	6c5a      	ldr	r2, [r3, #68]	@ 0x44
 800867c:	f442 4200 	orr.w	r2, r2, #32768	@ 0x8000
 8008680:	645a      	str	r2, [r3, #68]	@ 0x44
 8008682:	6823      	ldr	r3, [r4, #0]
 8008684:	4a30      	ldr	r2, [pc, #192]	@ (8008748 <HAL_TIM_PWM_Start+0x110>)
 8008686:	4293      	cmp	r3, r2
 8008688:	d04a      	beq.n	8008720 <HAL_TIM_PWM_Start+0xe8>
 800868a:	f1b3 4f80 	cmp.w	r3, #1073741824	@ 0x40000000
 800868e:	d047      	beq.n	8008720 <HAL_TIM_PWM_Start+0xe8>
 8008690:	681a      	ldr	r2, [r3, #0]
 8008692:	f042 0201 	orr.w	r2, r2, #1
 8008696:	601a      	str	r2, [r3, #0]
 8008698:	2000      	movs	r0, #0
 800869a:	e050      	b.n	800873e <HAL_TIM_PWM_Start+0x106>
 800869c:	2904      	cmp	r1, #4
 800869e:	d00b      	beq.n	80086b8 <HAL_TIM_PWM_Start+0x80>
 80086a0:	2908      	cmp	r1, #8
 80086a2:	d00f      	beq.n	80086c4 <HAL_TIM_PWM_Start+0x8c>
 80086a4:	290c      	cmp	r1, #12
 80086a6:	d013      	beq.n	80086d0 <HAL_TIM_PWM_Start+0x98>
 80086a8:	2910      	cmp	r1, #16
 80086aa:	d017      	beq.n	80086dc <HAL_TIM_PWM_Start+0xa4>
 80086ac:	f890 2043 	ldrb.w	r2, [r0, #67]	@ 0x43
 80086b0:	3a01      	subs	r2, #1
 80086b2:	bf18      	it	ne
 80086b4:	2201      	movne	r2, #1
 80086b6:	e7c8      	b.n	800864a <HAL_TIM_PWM_Start+0x12>
 80086b8:	f890 203f 	ldrb.w	r2, [r0, #63]	@ 0x3f
 80086bc:	3a01      	subs	r2, #1
 80086be:	bf18      	it	ne
 80086c0:	2201      	movne	r2, #1
 80086c2:	e7c2      	b.n	800864a <HAL_TIM_PWM_Start+0x12>
 80086c4:	f890 2040 	ldrb.w	r2, [r0, #64]	@ 0x40
 80086c8:	3a01      	subs	r2, #1
 80086ca:	bf18      	it	ne
 80086cc:	2201      	movne	r2, #1
 80086ce:	e7bc      	b.n	800864a <HAL_TIM_PWM_Start+0x12>
 80086d0:	f890 2041 	ldrb.w	r2, [r0, #65]	@ 0x41
 80086d4:	3a01      	subs	r2, #1
 80086d6:	bf18      	it	ne
 80086d8:	2201      	movne	r2, #1
 80086da:	e7b6      	b.n	800864a <HAL_TIM_PWM_Start+0x12>
 80086dc:	f890 2042 	ldrb.w	r2, [r0, #66]	@ 0x42
 80086e0:	3a01      	subs	r2, #1
 80086e2:	bf18      	it	ne
 80086e4:	2201      	movne	r2, #1
 80086e6:	e7b0      	b.n	800864a <HAL_TIM_PWM_Start+0x12>
 80086e8:	2b04      	cmp	r3, #4
 80086ea:	d009      	beq.n	8008700 <HAL_TIM_PWM_Start+0xc8>
 80086ec:	2b08      	cmp	r3, #8
 80086ee:	d00b      	beq.n	8008708 <HAL_TIM_PWM_Start+0xd0>
 80086f0:	2b0c      	cmp	r3, #12
 80086f2:	d00d      	beq.n	8008710 <HAL_TIM_PWM_Start+0xd8>
 80086f4:	2b10      	cmp	r3, #16
 80086f6:	d00f      	beq.n	8008718 <HAL_TIM_PWM_Start+0xe0>
 80086f8:	2202      	movs	r2, #2
 80086fa:	f884 2043 	strb.w	r2, [r4, #67]	@ 0x43
 80086fe:	e7ab      	b.n	8008658 <HAL_TIM_PWM_Start+0x20>
 8008700:	2202      	movs	r2, #2
 8008702:	f884 203f 	strb.w	r2, [r4, #63]	@ 0x3f
 8008706:	e7a7      	b.n	8008658 <HAL_TIM_PWM_Start+0x20>
 8008708:	2202      	movs	r2, #2
 800870a:	f884 2040 	strb.w	r2, [r4, #64]	@ 0x40
 800870e:	e7a3      	b.n	8008658 <HAL_TIM_PWM_Start+0x20>
 8008710:	2202      	movs	r2, #2
 8008712:	f884 2041 	strb.w	r2, [r4, #65]	@ 0x41
 8008716:	e79f      	b.n	8008658 <HAL_TIM_PWM_Start+0x20>
 8008718:	2202      	movs	r2, #2
 800871a:	f884 2042 	strb.w	r2, [r4, #66]	@ 0x42
 800871e:	e79b      	b.n	8008658 <HAL_TIM_PWM_Start+0x20>
 8008720:	6899      	ldr	r1, [r3, #8]
 8008722:	4a0a      	ldr	r2, [pc, #40]	@ (800874c <HAL_TIM_PWM_Start+0x114>)
 8008724:	400a      	ands	r2, r1
 8008726:	2a06      	cmp	r2, #6
 8008728:	d00a      	beq.n	8008740 <HAL_TIM_PWM_Start+0x108>
 800872a:	f5b2 3f80 	cmp.w	r2, #65536	@ 0x10000
 800872e:	d009      	beq.n	8008744 <HAL_TIM_PWM_Start+0x10c>
 8008730:	681a      	ldr	r2, [r3, #0]
 8008732:	f042 0201 	orr.w	r2, r2, #1
 8008736:	601a      	str	r2, [r3, #0]
 8008738:	2000      	movs	r0, #0
 800873a:	e000      	b.n	800873e <HAL_TIM_PWM_Start+0x106>
 800873c:	2001      	movs	r0, #1
 800873e:	bd10      	pop	{r4, pc}
 8008740:	2000      	movs	r0, #0
 8008742:	e7fc      	b.n	800873e <HAL_TIM_PWM_Start+0x106>
 8008744:	2000      	movs	r0, #0
 8008746:	e7fa      	b.n	800873e <HAL_TIM_PWM_Start+0x106>
 8008748:	40012c00 	.word	0x40012c00
 800874c:	00010007 	.word	0x00010007

08008750 <TIM_CCxNChannelCmd>:
 8008750:	f001 010f 	and.w	r1, r1, #15
 8008754:	f04f 0c04 	mov.w	ip, #4
 8008758:	fa0c fc01 	lsl.w	ip, ip, r1
 800875c:	6a03      	ldr	r3, [r0, #32]
 800875e:	ea23 030c 	bic.w	r3, r3, ip
 8008762:	6203      	str	r3, [r0, #32]
 8008764:	6a03      	ldr	r3, [r0, #32]
 8008766:	408a      	lsls	r2, r1
 8008768:	4313      	orrs	r3, r2
 800876a:	6203      	str	r3, [r0, #32]
 800876c:	4770      	bx	lr
	...

08008770 <HAL_TIMEx_PWMN_Start>:
 8008770:	b510      	push	{r4, lr}
 8008772:	4604      	mov	r4, r0
 8008774:	4608      	mov	r0, r1
 8008776:	bb09      	cbnz	r1, 80087bc <HAL_TIMEx_PWMN_Start+0x4c>
 8008778:	f894 3044 	ldrb.w	r3, [r4, #68]	@ 0x44
 800877c:	3b01      	subs	r3, #1
 800877e:	bf18      	it	ne
 8008780:	2301      	movne	r3, #1
 8008782:	2b00      	cmp	r3, #0
 8008784:	d14e      	bne.n	8008824 <HAL_TIMEx_PWMN_Start+0xb4>
 8008786:	bb78      	cbnz	r0, 80087e8 <HAL_TIMEx_PWMN_Start+0x78>
 8008788:	2302      	movs	r3, #2
 800878a:	f884 3044 	strb.w	r3, [r4, #68]	@ 0x44
 800878e:	2204      	movs	r2, #4
 8008790:	4601      	mov	r1, r0
 8008792:	6820      	ldr	r0, [r4, #0]
 8008794:	f7ff ffdc 	bl	8008750 <TIM_CCxNChannelCmd>
 8008798:	6822      	ldr	r2, [r4, #0]
 800879a:	6c53      	ldr	r3, [r2, #68]	@ 0x44
 800879c:	f443 4300 	orr.w	r3, r3, #32768	@ 0x8000
 80087a0:	6453      	str	r3, [r2, #68]	@ 0x44
 80087a2:	6823      	ldr	r3, [r4, #0]
 80087a4:	4a22      	ldr	r2, [pc, #136]	@ (8008830 <HAL_TIMEx_PWMN_Start+0xc0>)
 80087a6:	4293      	cmp	r3, r2
 80087a8:	d02e      	beq.n	8008808 <HAL_TIMEx_PWMN_Start+0x98>
 80087aa:	f1b3 4f80 	cmp.w	r3, #1073741824	@ 0x40000000
 80087ae:	d02b      	beq.n	8008808 <HAL_TIMEx_PWMN_Start+0x98>
 80087b0:	681a      	ldr	r2, [r3, #0]
 80087b2:	f042 0201 	orr.w	r2, r2, #1
 80087b6:	601a      	str	r2, [r3, #0]
 80087b8:	2000      	movs	r0, #0
 80087ba:	e034      	b.n	8008826 <HAL_TIMEx_PWMN_Start+0xb6>
 80087bc:	2904      	cmp	r1, #4
 80087be:	d007      	beq.n	80087d0 <HAL_TIMEx_PWMN_Start+0x60>
 80087c0:	2908      	cmp	r1, #8
 80087c2:	d00b      	beq.n	80087dc <HAL_TIMEx_PWMN_Start+0x6c>
 80087c4:	f894 3047 	ldrb.w	r3, [r4, #71]	@ 0x47
 80087c8:	3b01      	subs	r3, #1
 80087ca:	bf18      	it	ne
 80087cc:	2301      	movne	r3, #1
 80087ce:	e7d8      	b.n	8008782 <HAL_TIMEx_PWMN_Start+0x12>
 80087d0:	f894 3045 	ldrb.w	r3, [r4, #69]	@ 0x45
 80087d4:	3b01      	subs	r3, #1
 80087d6:	bf18      	it	ne
 80087d8:	2301      	movne	r3, #1
 80087da:	e7d2      	b.n	8008782 <HAL_TIMEx_PWMN_Start+0x12>
 80087dc:	f894 3046 	ldrb.w	r3, [r4, #70]	@ 0x46
 80087e0:	3b01      	subs	r3, #1
 80087e2:	bf18      	it	ne
 80087e4:	2301      	movne	r3, #1
 80087e6:	e7cc      	b.n	8008782 <HAL_TIMEx_PWMN_Start+0x12>
 80087e8:	2804      	cmp	r0, #4
 80087ea:	d005      	beq.n	80087f8 <HAL_TIMEx_PWMN_Start+0x88>
 80087ec:	2808      	cmp	r0, #8
 80087ee:	d007      	beq.n	8008800 <HAL_TIMEx_PWMN_Start+0x90>
 80087f0:	2302      	movs	r3, #2
 80087f2:	f884 3047 	strb.w	r3, [r4, #71]	@ 0x47
 80087f6:	e7ca      	b.n	800878e <HAL_TIMEx_PWMN_Start+0x1e>
 80087f8:	2302      	movs	r3, #2
 80087fa:	f884 3045 	strb.w	r3, [r4, #69]	@ 0x45
 80087fe:	e7c6      	b.n	800878e <HAL_TIMEx_PWMN_Start+0x1e>
 8008800:	2302      	movs	r3, #2
 8008802:	f884 3046 	strb.w	r3, [r4, #70]	@ 0x46
 8008806:	e7c2      	b.n	800878e <HAL_TIMEx_PWMN_Start+0x1e>
 8008808:	6899      	ldr	r1, [r3, #8]
 800880a:	4a0a      	ldr	r2, [pc, #40]	@ (8008834 <HAL_TIMEx_PWMN_Start+0xc4>)
 800880c:	400a      	ands	r2, r1
 800880e:	2a06      	cmp	r2, #6
 8008810:	d00a      	beq.n	8008828 <HAL_TIMEx_PWMN_Start+0xb8>
 8008812:	f5b2 3f80 	cmp.w	r2, #65536	@ 0x10000
 8008816:	d009      	beq.n	800882c <HAL_TIMEx_PWMN_Start+0xbc>
 8008818:	681a      	ldr	r2, [r3, #0]
 800881a:	f042 0201 	orr.w	r2, r2, #1
 800881e:	601a      	str	r2, [r3, #0]
 8008820:	2000      	movs	r0, #0
 8008822:	e000      	b.n	8008826 <HAL_TIMEx_PWMN_Start+0xb6>
 8008824:	2001      	movs	r0, #1
 8008826:	bd10      	pop	{r4, pc}
 8008828:	2000      	movs	r0, #0
 800882a:	e7fc      	b.n	8008826 <HAL_TIMEx_PWMN_Start+0xb6>
 800882c:	2000      	movs	r0, #0
 800882e:	e7fa      	b.n	8008826 <HAL_TIMEx_PWMN_Start+0xb6>
 8008830:	40012c00 	.word	0x40012c00
 8008834:	00010007 	.word	0x00010007

08008838 <HAL_TIMEx_MasterConfigSynchronization>:
 8008838:	f890 203c 	ldrb.w	r2, [r0, #60]	@ 0x3c
 800883c:	2a01      	cmp	r2, #1
 800883e:	d02d      	beq.n	800889c <HAL_TIMEx_MasterConfigSynchronization+0x64>
 8008840:	b510      	push	{r4, lr}
 8008842:	4603      	mov	r3, r0
 8008844:	2201      	movs	r2, #1
 8008846:	f880 203c 	strb.w	r2, [r0, #60]	@ 0x3c
 800884a:	2202      	movs	r2, #2
 800884c:	f880 203d 	strb.w	r2, [r0, #61]	@ 0x3d
 8008850:	6800      	ldr	r0, [r0, #0]
 8008852:	6842      	ldr	r2, [r0, #4]
 8008854:	f8d0 c008 	ldr.w	ip, [r0, #8]
 8008858:	f8df e044 	ldr.w	lr, [pc, #68]	@ 80088a0 <HAL_TIMEx_MasterConfigSynchronization+0x68>
 800885c:	4570      	cmp	r0, lr
 800885e:	d018      	beq.n	8008892 <HAL_TIMEx_MasterConfigSynchronization+0x5a>
 8008860:	f022 0270 	bic.w	r2, r2, #112	@ 0x70
 8008864:	680c      	ldr	r4, [r1, #0]
 8008866:	4322      	orrs	r2, r4
 8008868:	6042      	str	r2, [r0, #4]
 800886a:	681a      	ldr	r2, [r3, #0]
 800886c:	480c      	ldr	r0, [pc, #48]	@ (80088a0 <HAL_TIMEx_MasterConfigSynchronization+0x68>)
 800886e:	4282      	cmp	r2, r0
 8008870:	d002      	beq.n	8008878 <HAL_TIMEx_MasterConfigSynchronization+0x40>
 8008872:	f1b2 4f80 	cmp.w	r2, #1073741824	@ 0x40000000
 8008876:	d105      	bne.n	8008884 <HAL_TIMEx_MasterConfigSynchronization+0x4c>
 8008878:	f02c 0c80 	bic.w	ip, ip, #128	@ 0x80
 800887c:	6889      	ldr	r1, [r1, #8]
 800887e:	ea41 010c 	orr.w	r1, r1, ip
 8008882:	6091      	str	r1, [r2, #8]
 8008884:	2201      	movs	r2, #1
 8008886:	f883 203d 	strb.w	r2, [r3, #61]	@ 0x3d
 800888a:	2000      	movs	r0, #0
 800888c:	f883 003c 	strb.w	r0, [r3, #60]	@ 0x3c
 8008890:	bd10      	pop	{r4, pc}
 8008892:	f422 0270 	bic.w	r2, r2, #15728640	@ 0xf00000
 8008896:	684c      	ldr	r4, [r1, #4]
 8008898:	4322      	orrs	r2, r4
 800889a:	e7e1      	b.n	8008860 <HAL_TIMEx_MasterConfigSynchronization+0x28>
 800889c:	2002      	movs	r0, #2
 800889e:	4770      	bx	lr
 80088a0:	40012c00 	.word	0x40012c00

080088a4 <HAL_TIMEx_ConfigBreakDeadTime>:
 80088a4:	f890 303c 	ldrb.w	r3, [r0, #60]	@ 0x3c
 80088a8:	2b01      	cmp	r3, #1
 80088aa:	d047      	beq.n	800893c <HAL_TIMEx_ConfigBreakDeadTime+0x98>
 80088ac:	4602      	mov	r2, r0
 80088ae:	2301      	movs	r3, #1
 80088b0:	f880 303c 	strb.w	r3, [r0, #60]	@ 0x3c
 80088b4:	68cb      	ldr	r3, [r1, #12]
 80088b6:	f423 7340 	bic.w	r3, r3, #768	@ 0x300
 80088ba:	6888      	ldr	r0, [r1, #8]
 80088bc:	4303      	orrs	r3, r0
 80088be:	f423 6380 	bic.w	r3, r3, #1024	@ 0x400
 80088c2:	6848      	ldr	r0, [r1, #4]
 80088c4:	4303      	orrs	r3, r0
 80088c6:	f423 6300 	bic.w	r3, r3, #2048	@ 0x800
 80088ca:	6808      	ldr	r0, [r1, #0]
 80088cc:	4303      	orrs	r3, r0
 80088ce:	f423 5380 	bic.w	r3, r3, #4096	@ 0x1000
 80088d2:	6908      	ldr	r0, [r1, #16]
 80088d4:	4303      	orrs	r3, r0
 80088d6:	f423 5300 	bic.w	r3, r3, #8192	@ 0x2000
 80088da:	6948      	ldr	r0, [r1, #20]
 80088dc:	4303      	orrs	r3, r0
 80088de:	f423 4380 	bic.w	r3, r3, #16384	@ 0x4000
 80088e2:	6b08      	ldr	r0, [r1, #48]	@ 0x30
 80088e4:	4303      	orrs	r3, r0
 80088e6:	f423 2370 	bic.w	r3, r3, #983040	@ 0xf0000
 80088ea:	6988      	ldr	r0, [r1, #24]
 80088ec:	ea43 4300 	orr.w	r3, r3, r0, lsl #16
 80088f0:	f023 5380 	bic.w	r3, r3, #268435456	@ 0x10000000
 80088f4:	69c8      	ldr	r0, [r1, #28]
 80088f6:	4303      	orrs	r3, r0
 80088f8:	6810      	ldr	r0, [r2, #0]
 80088fa:	f8df c044 	ldr.w	ip, [pc, #68]	@ 8008940 <HAL_TIMEx_ConfigBreakDeadTime+0x9c>
 80088fe:	4560      	cmp	r0, ip
 8008900:	d004      	beq.n	800890c <HAL_TIMEx_ConfigBreakDeadTime+0x68>
 8008902:	6443      	str	r3, [r0, #68]	@ 0x44
 8008904:	2000      	movs	r0, #0
 8008906:	f882 003c 	strb.w	r0, [r2, #60]	@ 0x3c
 800890a:	4770      	bx	lr
 800890c:	b410      	push	{r4}
 800890e:	f423 0370 	bic.w	r3, r3, #15728640	@ 0xf00000
 8008912:	6a8c      	ldr	r4, [r1, #40]	@ 0x28
 8008914:	ea43 5304 	orr.w	r3, r3, r4, lsl #20
 8008918:	f023 7380 	bic.w	r3, r3, #16777216	@ 0x1000000
 800891c:	6a0c      	ldr	r4, [r1, #32]
 800891e:	4323      	orrs	r3, r4
 8008920:	f023 7300 	bic.w	r3, r3, #33554432	@ 0x2000000
 8008924:	6a4c      	ldr	r4, [r1, #36]	@ 0x24
 8008926:	4323      	orrs	r3, r4
 8008928:	f023 5300 	bic.w	r3, r3, #536870912	@ 0x20000000
 800892c:	6ac9      	ldr	r1, [r1, #44]	@ 0x2c
 800892e:	430b      	orrs	r3, r1
 8008930:	6443      	str	r3, [r0, #68]	@ 0x44
 8008932:	2000      	movs	r0, #0
 8008934:	f882 003c 	strb.w	r0, [r2, #60]	@ 0x3c
 8008938:	bc10      	pop	{r4}
 800893a:	4770      	bx	lr
 800893c:	2002      	movs	r0, #2
 800893e:	4770      	bx	lr
 8008940:	40012c00 	.word	0x40012c00

08008944 <HAL_TIMEx_CommutCallback>:
 8008944:	4770      	bx	lr

08008946 <HAL_TIMEx_BreakCallback>:
 8008946:	4770      	bx	lr

08008948 <HAL_TIMEx_Break2Callback>:
 8008948:	4770      	bx	lr

0800894a <HAL_UART_TxCpltCallback>:
 800894a:	4770      	bx	lr

0800894c <HAL_UART_TxHalfCpltCallback>:
 800894c:	4770      	bx	lr

0800894e <HAL_UART_RxHalfCpltCallback>:
 800894e:	4770      	bx	lr

08008950 <HAL_UART_ErrorCallback>:
 8008950:	4770      	bx	lr

08008952 <HAL_UART_AbortCpltCallback>:
 8008952:	4770      	bx	lr

08008954 <HAL_UART_AbortTransmitCpltCallback>:
 8008954:	4770      	bx	lr

08008956 <HAL_UART_AbortReceiveCpltCallback>:
 8008956:	4770      	bx	lr

08008958 <HAL_UARTEx_RxEventCallback>:
 8008958:	4770      	bx	lr

0800895a <UART_EndRxTransfer>:
 800895a:	6802      	ldr	r2, [r0, #0]
 800895c:	e852 3f00 	ldrex	r3, [r2]
 8008960:	f423 7390 	bic.w	r3, r3, #288	@ 0x120
 8008964:	e842 3100 	strex	r1, r3, [r2]
 8008968:	2900      	cmp	r1, #0
 800896a:	d1f6      	bne.n	800895a <UART_EndRxTransfer>
 800896c:	6802      	ldr	r2, [r0, #0]
 800896e:	f102 0308 	add.w	r3, r2, #8
 8008972:	e853 3f00 	ldrex	r3, [r3]
 8008976:	f023 5380 	bic.w	r3, r3, #268435456	@ 0x10000000
 800897a:	f023 0301 	bic.w	r3, r3, #1
 800897e:	3208      	adds	r2, #8
 8008980:	e842 3100 	strex	r1, r3, [r2]
 8008984:	2900      	cmp	r1, #0
 8008986:	d1f1      	bne.n	800896c <UART_EndRxTransfer+0x12>
 8008988:	6ec3      	ldr	r3, [r0, #108]	@ 0x6c
 800898a:	2b01      	cmp	r3, #1
 800898c:	d006      	beq.n	800899c <UART_EndRxTransfer+0x42>
 800898e:	2320      	movs	r3, #32
 8008990:	f8c0 308c 	str.w	r3, [r0, #140]	@ 0x8c
 8008994:	2300      	movs	r3, #0
 8008996:	66c3      	str	r3, [r0, #108]	@ 0x6c
 8008998:	6743      	str	r3, [r0, #116]	@ 0x74
 800899a:	4770      	bx	lr
 800899c:	6802      	ldr	r2, [r0, #0]
 800899e:	e852 3f00 	ldrex	r3, [r2]
 80089a2:	f023 0310 	bic.w	r3, r3, #16
 80089a6:	e842 3100 	strex	r1, r3, [r2]
 80089aa:	2900      	cmp	r1, #0
 80089ac:	d1f6      	bne.n	800899c <UART_EndRxTransfer+0x42>
 80089ae:	e7ee      	b.n	800898e <UART_EndRxTransfer+0x34>

080089b0 <UART_RxISR_8BIT>:
 80089b0:	b508      	push	{r3, lr}
 80089b2:	f8b0 3060 	ldrh.w	r3, [r0, #96]	@ 0x60
 80089b6:	f8d0 208c 	ldr.w	r2, [r0, #140]	@ 0x8c
 80089ba:	2a22      	cmp	r2, #34	@ 0x22
 80089bc:	d005      	beq.n	80089ca <UART_RxISR_8BIT+0x1a>
 80089be:	6802      	ldr	r2, [r0, #0]
 80089c0:	6993      	ldr	r3, [r2, #24]
 80089c2:	f043 0308 	orr.w	r3, r3, #8
 80089c6:	6193      	str	r3, [r2, #24]
 80089c8:	bd08      	pop	{r3, pc}
 80089ca:	6802      	ldr	r2, [r0, #0]
 80089cc:	6a51      	ldr	r1, [r2, #36]	@ 0x24
 80089ce:	b2db      	uxtb	r3, r3
 80089d0:	6d82      	ldr	r2, [r0, #88]	@ 0x58
 80089d2:	400b      	ands	r3, r1
 80089d4:	7013      	strb	r3, [r2, #0]
 80089d6:	6d83      	ldr	r3, [r0, #88]	@ 0x58
 80089d8:	3301      	adds	r3, #1
 80089da:	6583      	str	r3, [r0, #88]	@ 0x58
 80089dc:	f8b0 305e 	ldrh.w	r3, [r0, #94]	@ 0x5e
 80089e0:	b29b      	uxth	r3, r3
 80089e2:	3b01      	subs	r3, #1
 80089e4:	b29b      	uxth	r3, r3
 80089e6:	f8a0 305e 	strh.w	r3, [r0, #94]	@ 0x5e
 80089ea:	f8b0 305e 	ldrh.w	r3, [r0, #94]	@ 0x5e
 80089ee:	b29b      	uxth	r3, r3
 80089f0:	2b00      	cmp	r3, #0
 80089f2:	d1e9      	bne.n	80089c8 <UART_RxISR_8BIT+0x18>
 80089f4:	6802      	ldr	r2, [r0, #0]
 80089f6:	e852 3f00 	ldrex	r3, [r2]
 80089fa:	f423 7390 	bic.w	r3, r3, #288	@ 0x120
 80089fe:	e842 3100 	strex	r1, r3, [r2]
 8008a02:	2900      	cmp	r1, #0
 8008a04:	d1f6      	bne.n	80089f4 <UART_RxISR_8BIT+0x44>
 8008a06:	6802      	ldr	r2, [r0, #0]
 8008a08:	f102 0308 	add.w	r3, r2, #8
 8008a0c:	e853 3f00 	ldrex	r3, [r3]
 8008a10:	f023 0301 	bic.w	r3, r3, #1
 8008a14:	3208      	adds	r2, #8
 8008a16:	e842 3100 	strex	r1, r3, [r2]
 8008a1a:	2900      	cmp	r1, #0
 8008a1c:	d1f3      	bne.n	8008a06 <UART_RxISR_8BIT+0x56>
 8008a1e:	2320      	movs	r3, #32
 8008a20:	f8c0 308c 	str.w	r3, [r0, #140]	@ 0x8c
 8008a24:	6741      	str	r1, [r0, #116]	@ 0x74
 8008a26:	6701      	str	r1, [r0, #112]	@ 0x70
 8008a28:	6803      	ldr	r3, [r0, #0]
 8008a2a:	4a17      	ldr	r2, [pc, #92]	@ (8008a88 <UART_RxISR_8BIT+0xd8>)
 8008a2c:	4293      	cmp	r3, r2
 8008a2e:	d00c      	beq.n	8008a4a <UART_RxISR_8BIT+0x9a>
 8008a30:	685b      	ldr	r3, [r3, #4]
 8008a32:	f413 0f00 	tst.w	r3, #8388608	@ 0x800000
 8008a36:	d008      	beq.n	8008a4a <UART_RxISR_8BIT+0x9a>
 8008a38:	6802      	ldr	r2, [r0, #0]
 8008a3a:	e852 3f00 	ldrex	r3, [r2]
 8008a3e:	f023 6380 	bic.w	r3, r3, #67108864	@ 0x4000000
 8008a42:	e842 3100 	strex	r1, r3, [r2]
 8008a46:	2900      	cmp	r1, #0
 8008a48:	d1f6      	bne.n	8008a38 <UART_RxISR_8BIT+0x88>
 8008a4a:	6ec3      	ldr	r3, [r0, #108]	@ 0x6c
 8008a4c:	2b01      	cmp	r3, #1
 8008a4e:	d003      	beq.n	8008a58 <UART_RxISR_8BIT+0xa8>
 8008a50:	f8d0 30a0 	ldr.w	r3, [r0, #160]	@ 0xa0
 8008a54:	4798      	blx	r3
 8008a56:	e7b7      	b.n	80089c8 <UART_RxISR_8BIT+0x18>
 8008a58:	2300      	movs	r3, #0
 8008a5a:	66c3      	str	r3, [r0, #108]	@ 0x6c
 8008a5c:	6802      	ldr	r2, [r0, #0]
 8008a5e:	e852 3f00 	ldrex	r3, [r2]
 8008a62:	f023 0310 	bic.w	r3, r3, #16
 8008a66:	e842 3100 	strex	r1, r3, [r2]
 8008a6a:	2900      	cmp	r1, #0
 8008a6c:	d1f6      	bne.n	8008a5c <UART_RxISR_8BIT+0xac>
 8008a6e:	6803      	ldr	r3, [r0, #0]
 8008a70:	69da      	ldr	r2, [r3, #28]
 8008a72:	f012 0f10 	tst.w	r2, #16
 8008a76:	d001      	beq.n	8008a7c <UART_RxISR_8BIT+0xcc>
 8008a78:	2210      	movs	r2, #16
 8008a7a:	621a      	str	r2, [r3, #32]
 8008a7c:	f8d0 30c0 	ldr.w	r3, [r0, #192]	@ 0xc0
 8008a80:	f8b0 105c 	ldrh.w	r1, [r0, #92]	@ 0x5c
 8008a84:	4798      	blx	r3
 8008a86:	e79f      	b.n	80089c8 <UART_RxISR_8BIT+0x18>
 8008a88:	40008000 	.word	0x40008000

08008a8c <UART_RxISR_16BIT>:
 8008a8c:	b508      	push	{r3, lr}
 8008a8e:	f8b0 2060 	ldrh.w	r2, [r0, #96]	@ 0x60
 8008a92:	f8d0 308c 	ldr.w	r3, [r0, #140]	@ 0x8c
 8008a96:	2b22      	cmp	r3, #34	@ 0x22
 8008a98:	d005      	beq.n	8008aa6 <UART_RxISR_16BIT+0x1a>
 8008a9a:	6802      	ldr	r2, [r0, #0]
 8008a9c:	6993      	ldr	r3, [r2, #24]
 8008a9e:	f043 0308 	orr.w	r3, r3, #8
 8008aa2:	6193      	str	r3, [r2, #24]
 8008aa4:	bd08      	pop	{r3, pc}
 8008aa6:	6803      	ldr	r3, [r0, #0]
 8008aa8:	6a5b      	ldr	r3, [r3, #36]	@ 0x24
 8008aaa:	6d81      	ldr	r1, [r0, #88]	@ 0x58
 8008aac:	4013      	ands	r3, r2
 8008aae:	800b      	strh	r3, [r1, #0]
 8008ab0:	6d83      	ldr	r3, [r0, #88]	@ 0x58
 8008ab2:	3302      	adds	r3, #2
 8008ab4:	6583      	str	r3, [r0, #88]	@ 0x58
 8008ab6:	f8b0 305e 	ldrh.w	r3, [r0, #94]	@ 0x5e
 8008aba:	b29b      	uxth	r3, r3
 8008abc:	3b01      	subs	r3, #1
 8008abe:	b29b      	uxth	r3, r3
 8008ac0:	f8a0 305e 	strh.w	r3, [r0, #94]	@ 0x5e
 8008ac4:	f8b0 305e 	ldrh.w	r3, [r0, #94]	@ 0x5e
 8008ac8:	b29b      	uxth	r3, r3
 8008aca:	2b00      	cmp	r3, #0
 8008acc:	d1ea      	bne.n	8008aa4 <UART_RxISR_16BIT+0x18>
 8008ace:	6802      	ldr	r2, [r0, #0]
 8008ad0:	e852 3f00 	ldrex	r3, [r2]
 8008ad4:	f423 7390 	bic.w	r3, r3, #288	@ 0x120
 8008ad8:	e842 3100 	strex	r1, r3, [r2]
 8008adc:	2900      	cmp	r1, #0
 8008ade:	d1f6      	bne.n	8008ace <UART_RxISR_16BIT+0x42>
 8008ae0:	6802      	ldr	r2, [r0, #0]
 8008ae2:	f102 0308 	add.w	r3, r2, #8
 8008ae6:	e853 3f00 	ldrex	r3, [r3]
 8008aea:	f023 0301 	bic.w	r3, r3, #1
 8008aee:	3208      	adds	r2, #8
 8008af0:	e842 3100 	strex	r1, r3, [r2]
 8008af4:	2900      	cmp	r1, #0
 8008af6:	d1f3      	bne.n	8008ae0 <UART_RxISR_16BIT+0x54>
 8008af8:	2320      	movs	r3, #32
 8008afa:	f8c0 308c 	str.w	r3, [r0, #140]	@ 0x8c
 8008afe:	6741      	str	r1, [r0, #116]	@ 0x74
 8008b00:	6701      	str	r1, [r0, #112]	@ 0x70
 8008b02:	6803      	ldr	r3, [r0, #0]
 8008b04:	4a17      	ldr	r2, [pc, #92]	@ (8008b64 <UART_RxISR_16BIT+0xd8>)
 8008b06:	4293      	cmp	r3, r2
 8008b08:	d00c      	beq.n	8008b24 <UART_RxISR_16BIT+0x98>
 8008b0a:	685b      	ldr	r3, [r3, #4]
 8008b0c:	f413 0f00 	tst.w	r3, #8388608	@ 0x800000
 8008b10:	d008      	beq.n	8008b24 <UART_RxISR_16BIT+0x98>
 8008b12:	6802      	ldr	r2, [r0, #0]
 8008b14:	e852 3f00 	ldrex	r3, [r2]
 8008b18:	f023 6380 	bic.w	r3, r3, #67108864	@ 0x4000000
 8008b1c:	e842 3100 	strex	r1, r3, [r2]
 8008b20:	2900      	cmp	r1, #0
 8008b22:	d1f6      	bne.n	8008b12 <UART_RxISR_16BIT+0x86>
 8008b24:	6ec3      	ldr	r3, [r0, #108]	@ 0x6c
 8008b26:	2b01      	cmp	r3, #1
 8008b28:	d003      	beq.n	8008b32 <UART_RxISR_16BIT+0xa6>
 8008b2a:	f8d0 30a0 	ldr.w	r3, [r0, #160]	@ 0xa0
 8008b2e:	4798      	blx	r3
 8008b30:	e7b8      	b.n	8008aa4 <UART_RxISR_16BIT+0x18>
 8008b32:	2300      	movs	r3, #0
 8008b34:	66c3      	str	r3, [r0, #108]	@ 0x6c
 8008b36:	6802      	ldr	r2, [r0, #0]
 8008b38:	e852 3f00 	ldrex	r3, [r2]
 8008b3c:	f023 0310 	bic.w	r3, r3, #16
 8008b40:	e842 3100 	strex	r1, r3, [r2]
 8008b44:	2900      	cmp	r1, #0
 8008b46:	d1f6      	bne.n	8008b36 <UART_RxISR_16BIT+0xaa>
 8008b48:	6803      	ldr	r3, [r0, #0]
 8008b4a:	69da      	ldr	r2, [r3, #28]
 8008b4c:	f012 0f10 	tst.w	r2, #16
 8008b50:	d001      	beq.n	8008b56 <UART_RxISR_16BIT+0xca>
 8008b52:	2210      	movs	r2, #16
 8008b54:	621a      	str	r2, [r3, #32]
 8008b56:	f8d0 30c0 	ldr.w	r3, [r0, #192]	@ 0xc0
 8008b5a:	f8b0 105c 	ldrh.w	r1, [r0, #92]	@ 0x5c
 8008b5e:	4798      	blx	r3
 8008b60:	e7a0      	b.n	8008aa4 <UART_RxISR_16BIT+0x18>
 8008b62:	bf00      	nop
 8008b64:	40008000 	.word	0x40008000

08008b68 <UART_RxISR_8BIT_FIFOEN>:
 8008b68:	e92d 43f8 	stmdb	sp!, {r3, r4, r5, r6, r7, r8, r9, lr}
 8008b6c:	f8b0 3060 	ldrh.w	r3, [r0, #96]	@ 0x60
 8008b70:	4698      	mov	r8, r3
 8008b72:	6803      	ldr	r3, [r0, #0]
 8008b74:	69df      	ldr	r7, [r3, #28]
 8008b76:	681a      	ldr	r2, [r3, #0]
 8008b78:	4691      	mov	r9, r2
 8008b7a:	689e      	ldr	r6, [r3, #8]
 8008b7c:	f8d0 208c 	ldr.w	r2, [r0, #140]	@ 0x8c
 8008b80:	2a22      	cmp	r2, #34	@ 0x22
 8008b82:	d005      	beq.n	8008b90 <UART_RxISR_8BIT_FIFOEN+0x28>
 8008b84:	699a      	ldr	r2, [r3, #24]
 8008b86:	f042 0208 	orr.w	r2, r2, #8
 8008b8a:	619a      	str	r2, [r3, #24]
 8008b8c:	e8bd 83f8 	ldmia.w	sp!, {r3, r4, r5, r6, r7, r8, r9, pc}
 8008b90:	4604      	mov	r4, r0
 8008b92:	f8b0 5068 	ldrh.w	r5, [r0, #104]	@ 0x68
 8008b96:	e00e      	b.n	8008bb6 <UART_RxISR_8BIT_FIFOEN+0x4e>
 8008b98:	f8d4 3090 	ldr.w	r3, [r4, #144]	@ 0x90
 8008b9c:	b133      	cbz	r3, 8008bac <UART_RxISR_8BIT_FIFOEN+0x44>
 8008b9e:	f8d4 30a4 	ldr.w	r3, [r4, #164]	@ 0xa4
 8008ba2:	4620      	mov	r0, r4
 8008ba4:	4798      	blx	r3
 8008ba6:	2300      	movs	r3, #0
 8008ba8:	f8c4 3090 	str.w	r3, [r4, #144]	@ 0x90
 8008bac:	f8b4 305e 	ldrh.w	r3, [r4, #94]	@ 0x5e
 8008bb0:	b29b      	uxth	r3, r3
 8008bb2:	2b00      	cmp	r3, #0
 8008bb4:	d046      	beq.n	8008c44 <UART_RxISR_8BIT_FIFOEN+0xdc>
 8008bb6:	2d00      	cmp	r5, #0
 8008bb8:	d078      	beq.n	8008cac <UART_RxISR_8BIT_FIFOEN+0x144>
 8008bba:	f017 0f20 	tst.w	r7, #32
 8008bbe:	d075      	beq.n	8008cac <UART_RxISR_8BIT_FIFOEN+0x144>
 8008bc0:	6823      	ldr	r3, [r4, #0]
 8008bc2:	6a59      	ldr	r1, [r3, #36]	@ 0x24
 8008bc4:	fa5f f388 	uxtb.w	r3, r8
 8008bc8:	6da2      	ldr	r2, [r4, #88]	@ 0x58
 8008bca:	400b      	ands	r3, r1
 8008bcc:	7013      	strb	r3, [r2, #0]
 8008bce:	6da3      	ldr	r3, [r4, #88]	@ 0x58
 8008bd0:	3301      	adds	r3, #1
 8008bd2:	65a3      	str	r3, [r4, #88]	@ 0x58
 8008bd4:	f8b4 305e 	ldrh.w	r3, [r4, #94]	@ 0x5e
 8008bd8:	b29b      	uxth	r3, r3
 8008bda:	3b01      	subs	r3, #1
 8008bdc:	b29b      	uxth	r3, r3
 8008bde:	f8a4 305e 	strh.w	r3, [r4, #94]	@ 0x5e
 8008be2:	6823      	ldr	r3, [r4, #0]
 8008be4:	69df      	ldr	r7, [r3, #28]
 8008be6:	f017 0f07 	tst.w	r7, #7
 8008bea:	d0df      	beq.n	8008bac <UART_RxISR_8BIT_FIFOEN+0x44>
 8008bec:	f017 0f01 	tst.w	r7, #1
 8008bf0:	d009      	beq.n	8008c06 <UART_RxISR_8BIT_FIFOEN+0x9e>
 8008bf2:	f419 7f80 	tst.w	r9, #256	@ 0x100
 8008bf6:	d006      	beq.n	8008c06 <UART_RxISR_8BIT_FIFOEN+0x9e>
 8008bf8:	2201      	movs	r2, #1
 8008bfa:	621a      	str	r2, [r3, #32]
 8008bfc:	f8d4 3090 	ldr.w	r3, [r4, #144]	@ 0x90
 8008c00:	4313      	orrs	r3, r2
 8008c02:	f8c4 3090 	str.w	r3, [r4, #144]	@ 0x90
 8008c06:	f017 0f02 	tst.w	r7, #2
 8008c0a:	d00b      	beq.n	8008c24 <UART_RxISR_8BIT_FIFOEN+0xbc>
 8008c0c:	f016 0f01 	tst.w	r6, #1
 8008c10:	d008      	beq.n	8008c24 <UART_RxISR_8BIT_FIFOEN+0xbc>
 8008c12:	6823      	ldr	r3, [r4, #0]
 8008c14:	2202      	movs	r2, #2
 8008c16:	621a      	str	r2, [r3, #32]
 8008c18:	f8d4 3090 	ldr.w	r3, [r4, #144]	@ 0x90
 8008c1c:	f043 0304 	orr.w	r3, r3, #4
 8008c20:	f8c4 3090 	str.w	r3, [r4, #144]	@ 0x90
 8008c24:	f017 0f04 	tst.w	r7, #4
 8008c28:	d0b6      	beq.n	8008b98 <UART_RxISR_8BIT_FIFOEN+0x30>
 8008c2a:	f016 0f01 	tst.w	r6, #1
 8008c2e:	d0b3      	beq.n	8008b98 <UART_RxISR_8BIT_FIFOEN+0x30>
 8008c30:	6823      	ldr	r3, [r4, #0]
 8008c32:	2204      	movs	r2, #4
 8008c34:	621a      	str	r2, [r3, #32]
 8008c36:	f8d4 3090 	ldr.w	r3, [r4, #144]	@ 0x90
 8008c3a:	f043 0302 	orr.w	r3, r3, #2
 8008c3e:	f8c4 3090 	str.w	r3, [r4, #144]	@ 0x90
 8008c42:	e7a9      	b.n	8008b98 <UART_RxISR_8BIT_FIFOEN+0x30>
 8008c44:	6822      	ldr	r2, [r4, #0]
 8008c46:	e852 3f00 	ldrex	r3, [r2]
 8008c4a:	f423 7380 	bic.w	r3, r3, #256	@ 0x100
 8008c4e:	e842 3100 	strex	r1, r3, [r2]
 8008c52:	2900      	cmp	r1, #0
 8008c54:	d1f6      	bne.n	8008c44 <UART_RxISR_8BIT_FIFOEN+0xdc>
 8008c56:	6822      	ldr	r2, [r4, #0]
 8008c58:	f102 0308 	add.w	r3, r2, #8
 8008c5c:	e853 3f00 	ldrex	r3, [r3]
 8008c60:	f023 5380 	bic.w	r3, r3, #268435456	@ 0x10000000
 8008c64:	f023 0301 	bic.w	r3, r3, #1
 8008c68:	3208      	adds	r2, #8
 8008c6a:	e842 3100 	strex	r1, r3, [r2]
 8008c6e:	2900      	cmp	r1, #0
 8008c70:	d1f1      	bne.n	8008c56 <UART_RxISR_8BIT_FIFOEN+0xee>
 8008c72:	2320      	movs	r3, #32
 8008c74:	f8c4 308c 	str.w	r3, [r4, #140]	@ 0x8c
 8008c78:	6761      	str	r1, [r4, #116]	@ 0x74
 8008c7a:	6721      	str	r1, [r4, #112]	@ 0x70
 8008c7c:	6823      	ldr	r3, [r4, #0]
 8008c7e:	4a29      	ldr	r2, [pc, #164]	@ (8008d24 <UART_RxISR_8BIT_FIFOEN+0x1bc>)
 8008c80:	4293      	cmp	r3, r2
 8008c82:	d00c      	beq.n	8008c9e <UART_RxISR_8BIT_FIFOEN+0x136>
 8008c84:	685b      	ldr	r3, [r3, #4]
 8008c86:	f413 0f00 	tst.w	r3, #8388608	@ 0x800000
 8008c8a:	d008      	beq.n	8008c9e <UART_RxISR_8BIT_FIFOEN+0x136>
 8008c8c:	6822      	ldr	r2, [r4, #0]
 8008c8e:	e852 3f00 	ldrex	r3, [r2]
 8008c92:	f023 6380 	bic.w	r3, r3, #67108864	@ 0x4000000
 8008c96:	e842 3100 	strex	r1, r3, [r2]
 8008c9a:	2900      	cmp	r1, #0
 8008c9c:	d1f6      	bne.n	8008c8c <UART_RxISR_8BIT_FIFOEN+0x124>
 8008c9e:	6ee3      	ldr	r3, [r4, #108]	@ 0x6c
 8008ca0:	2b01      	cmp	r3, #1
 8008ca2:	d026      	beq.n	8008cf2 <UART_RxISR_8BIT_FIFOEN+0x18a>
 8008ca4:	f8d4 30a0 	ldr.w	r3, [r4, #160]	@ 0xa0
 8008ca8:	4620      	mov	r0, r4
 8008caa:	4798      	blx	r3
 8008cac:	f8b4 305e 	ldrh.w	r3, [r4, #94]	@ 0x5e
 8008cb0:	b29b      	uxth	r3, r3
 8008cb2:	2b00      	cmp	r3, #0
 8008cb4:	f43f af6a 	beq.w	8008b8c <UART_RxISR_8BIT_FIFOEN+0x24>
 8008cb8:	f8b4 2068 	ldrh.w	r2, [r4, #104]	@ 0x68
 8008cbc:	429a      	cmp	r2, r3
 8008cbe:	f67f af65 	bls.w	8008b8c <UART_RxISR_8BIT_FIFOEN+0x24>
 8008cc2:	6822      	ldr	r2, [r4, #0]
 8008cc4:	f102 0308 	add.w	r3, r2, #8
 8008cc8:	e853 3f00 	ldrex	r3, [r3]
 8008ccc:	f023 5380 	bic.w	r3, r3, #268435456	@ 0x10000000
 8008cd0:	3208      	adds	r2, #8
 8008cd2:	e842 3100 	strex	r1, r3, [r2]
 8008cd6:	2900      	cmp	r1, #0
 8008cd8:	d1f3      	bne.n	8008cc2 <UART_RxISR_8BIT_FIFOEN+0x15a>
 8008cda:	4b13      	ldr	r3, [pc, #76]	@ (8008d28 <UART_RxISR_8BIT_FIFOEN+0x1c0>)
 8008cdc:	6763      	str	r3, [r4, #116]	@ 0x74
 8008cde:	6822      	ldr	r2, [r4, #0]
 8008ce0:	e852 3f00 	ldrex	r3, [r2]
 8008ce4:	f043 0320 	orr.w	r3, r3, #32
 8008ce8:	e842 3100 	strex	r1, r3, [r2]
 8008cec:	2900      	cmp	r1, #0
 8008cee:	d1f6      	bne.n	8008cde <UART_RxISR_8BIT_FIFOEN+0x176>
 8008cf0:	e74c      	b.n	8008b8c <UART_RxISR_8BIT_FIFOEN+0x24>
 8008cf2:	2300      	movs	r3, #0
 8008cf4:	66e3      	str	r3, [r4, #108]	@ 0x6c
 8008cf6:	6822      	ldr	r2, [r4, #0]
 8008cf8:	e852 3f00 	ldrex	r3, [r2]
 8008cfc:	f023 0310 	bic.w	r3, r3, #16
 8008d00:	e842 3100 	strex	r1, r3, [r2]
 8008d04:	2900      	cmp	r1, #0
 8008d06:	d1f6      	bne.n	8008cf6 <UART_RxISR_8BIT_FIFOEN+0x18e>
 8008d08:	6823      	ldr	r3, [r4, #0]
 8008d0a:	69da      	ldr	r2, [r3, #28]
 8008d0c:	f012 0f10 	tst.w	r2, #16
 8008d10:	d001      	beq.n	8008d16 <UART_RxISR_8BIT_FIFOEN+0x1ae>
 8008d12:	2210      	movs	r2, #16
 8008d14:	621a      	str	r2, [r3, #32]
 8008d16:	f8d4 30c0 	ldr.w	r3, [r4, #192]	@ 0xc0
 8008d1a:	f8b4 105c 	ldrh.w	r1, [r4, #92]	@ 0x5c
 8008d1e:	4620      	mov	r0, r4
 8008d20:	4798      	blx	r3
 8008d22:	e7c3      	b.n	8008cac <UART_RxISR_8BIT_FIFOEN+0x144>
 8008d24:	40008000 	.word	0x40008000
 8008d28:	080089b1 	.word	0x080089b1

08008d2c <UART_RxISR_16BIT_FIFOEN>:
 8008d2c:	e92d 43f8 	stmdb	sp!, {r3, r4, r5, r6, r7, r8, r9, lr}
 8008d30:	f8b0 5060 	ldrh.w	r5, [r0, #96]	@ 0x60
 8008d34:	6803      	ldr	r3, [r0, #0]
 8008d36:	f8d3 801c 	ldr.w	r8, [r3, #28]
 8008d3a:	681a      	ldr	r2, [r3, #0]
 8008d3c:	4691      	mov	r9, r2
 8008d3e:	689f      	ldr	r7, [r3, #8]
 8008d40:	f8d0 208c 	ldr.w	r2, [r0, #140]	@ 0x8c
 8008d44:	2a22      	cmp	r2, #34	@ 0x22
 8008d46:	d005      	beq.n	8008d54 <UART_RxISR_16BIT_FIFOEN+0x28>
 8008d48:	699a      	ldr	r2, [r3, #24]
 8008d4a:	f042 0208 	orr.w	r2, r2, #8
 8008d4e:	619a      	str	r2, [r3, #24]
 8008d50:	e8bd 83f8 	ldmia.w	sp!, {r3, r4, r5, r6, r7, r8, r9, pc}
 8008d54:	4604      	mov	r4, r0
 8008d56:	f8b0 6068 	ldrh.w	r6, [r0, #104]	@ 0x68
 8008d5a:	e00e      	b.n	8008d7a <UART_RxISR_16BIT_FIFOEN+0x4e>
 8008d5c:	f8d4 3090 	ldr.w	r3, [r4, #144]	@ 0x90
 8008d60:	b133      	cbz	r3, 8008d70 <UART_RxISR_16BIT_FIFOEN+0x44>
 8008d62:	f8d4 30a4 	ldr.w	r3, [r4, #164]	@ 0xa4
 8008d66:	4620      	mov	r0, r4
 8008d68:	4798      	blx	r3
 8008d6a:	2300      	movs	r3, #0
 8008d6c:	f8c4 3090 	str.w	r3, [r4, #144]	@ 0x90
 8008d70:	f8b4 305e 	ldrh.w	r3, [r4, #94]	@ 0x5e
 8008d74:	b29b      	uxth	r3, r3
 8008d76:	2b00      	cmp	r3, #0
 8008d78:	d045      	beq.n	8008e06 <UART_RxISR_16BIT_FIFOEN+0xda>
 8008d7a:	2e00      	cmp	r6, #0
 8008d7c:	d077      	beq.n	8008e6e <UART_RxISR_16BIT_FIFOEN+0x142>
 8008d7e:	f018 0f20 	tst.w	r8, #32
 8008d82:	d074      	beq.n	8008e6e <UART_RxISR_16BIT_FIFOEN+0x142>
 8008d84:	6823      	ldr	r3, [r4, #0]
 8008d86:	6a5b      	ldr	r3, [r3, #36]	@ 0x24
 8008d88:	6da2      	ldr	r2, [r4, #88]	@ 0x58
 8008d8a:	402b      	ands	r3, r5
 8008d8c:	8013      	strh	r3, [r2, #0]
 8008d8e:	6da3      	ldr	r3, [r4, #88]	@ 0x58
 8008d90:	3302      	adds	r3, #2
 8008d92:	65a3      	str	r3, [r4, #88]	@ 0x58
 8008d94:	f8b4 305e 	ldrh.w	r3, [r4, #94]	@ 0x5e
 8008d98:	b29b      	uxth	r3, r3
 8008d9a:	3b01      	subs	r3, #1
 8008d9c:	b29b      	uxth	r3, r3
 8008d9e:	f8a4 305e 	strh.w	r3, [r4, #94]	@ 0x5e
 8008da2:	6823      	ldr	r3, [r4, #0]
 8008da4:	f8d3 801c 	ldr.w	r8, [r3, #28]
 8008da8:	f018 0f07 	tst.w	r8, #7
 8008dac:	d0e0      	beq.n	8008d70 <UART_RxISR_16BIT_FIFOEN+0x44>
 8008dae:	f018 0f01 	tst.w	r8, #1
 8008db2:	d009      	beq.n	8008dc8 <UART_RxISR_16BIT_FIFOEN+0x9c>
 8008db4:	f419 7f80 	tst.w	r9, #256	@ 0x100
 8008db8:	d006      	beq.n	8008dc8 <UART_RxISR_16BIT_FIFOEN+0x9c>
 8008dba:	2201      	movs	r2, #1
 8008dbc:	621a      	str	r2, [r3, #32]
 8008dbe:	f8d4 3090 	ldr.w	r3, [r4, #144]	@ 0x90
 8008dc2:	4313      	orrs	r3, r2
 8008dc4:	f8c4 3090 	str.w	r3, [r4, #144]	@ 0x90
 8008dc8:	f018 0f02 	tst.w	r8, #2
 8008dcc:	d00b      	beq.n	8008de6 <UART_RxISR_16BIT_FIFOEN+0xba>
 8008dce:	f017 0f01 	tst.w	r7, #1
 8008dd2:	d008      	beq.n	8008de6 <UART_RxISR_16BIT_FIFOEN+0xba>
 8008dd4:	6823      	ldr	r3, [r4, #0]
 8008dd6:	2202      	movs	r2, #2
 8008dd8:	621a      	str	r2, [r3, #32]
 8008dda:	f8d4 3090 	ldr.w	r3, [r4, #144]	@ 0x90
 8008dde:	f043 0304 	orr.w	r3, r3, #4
 8008de2:	f8c4 3090 	str.w	r3, [r4, #144]	@ 0x90
 8008de6:	f018 0f04 	tst.w	r8, #4
 8008dea:	d0b7      	beq.n	8008d5c <UART_RxISR_16BIT_FIFOEN+0x30>
 8008dec:	f017 0f01 	tst.w	r7, #1
 8008df0:	d0b4      	beq.n	8008d5c <UART_RxISR_16BIT_FIFOEN+0x30>
 8008df2:	6823      	ldr	r3, [r4, #0]
 8008df4:	2204      	movs	r2, #4
 8008df6:	621a      	str	r2, [r3, #32]
 8008df8:	f8d4 3090 	ldr.w	r3, [r4, #144]	@ 0x90
 8008dfc:	f043 0302 	orr.w	r3, r3, #2
 8008e00:	f8c4 3090 	str.w	r3, [r4, #144]	@ 0x90
 8008e04:	e7aa      	b.n	8008d5c <UART_RxISR_16BIT_FIFOEN+0x30>
 8008e06:	6822      	ldr	r2, [r4, #0]
 8008e08:	e852 3f00 	ldrex	r3, [r2]
 8008e0c:	f423 7380 	bic.w	r3, r3, #256	@ 0x100
 8008e10:	e842 3100 	strex	r1, r3, [r2]
 8008e14:	2900      	cmp	r1, #0
 8008e16:	d1f6      	bne.n	8008e06 <UART_RxISR_16BIT_FIFOEN+0xda>
 8008e18:	6822      	ldr	r2, [r4, #0]
 8008e1a:	f102 0308 	add.w	r3, r2, #8
 8008e1e:	e853 3f00 	ldrex	r3, [r3]
 8008e22:	f023 5380 	bic.w	r3, r3, #268435456	@ 0x10000000
 8008e26:	f023 0301 	bic.w	r3, r3, #1
 8008e2a:	3208      	adds	r2, #8
 8008e2c:	e842 3100 	strex	r1, r3, [r2]
 8008e30:	2900      	cmp	r1, #0
 8008e32:	d1f1      	bne.n	8008e18 <UART_RxISR_16BIT_FIFOEN+0xec>
 8008e34:	2320      	movs	r3, #32
 8008e36:	f8c4 308c 	str.w	r3, [r4, #140]	@ 0x8c
 8008e3a:	6761      	str	r1, [r4, #116]	@ 0x74
 8008e3c:	6721      	str	r1, [r4, #112]	@ 0x70
 8008e3e:	6823      	ldr	r3, [r4, #0]
 8008e40:	4a29      	ldr	r2, [pc, #164]	@ (8008ee8 <UART_RxISR_16BIT_FIFOEN+0x1bc>)
 8008e42:	4293      	cmp	r3, r2
 8008e44:	d00c      	beq.n	8008e60 <UART_RxISR_16BIT_FIFOEN+0x134>
 8008e46:	685b      	ldr	r3, [r3, #4]
 8008e48:	f413 0f00 	tst.w	r3, #8388608	@ 0x800000
 8008e4c:	d008      	beq.n	8008e60 <UART_RxISR_16BIT_FIFOEN+0x134>
 8008e4e:	6822      	ldr	r2, [r4, #0]
 8008e50:	e852 3f00 	ldrex	r3, [r2]
 8008e54:	f023 6380 	bic.w	r3, r3, #67108864	@ 0x4000000
 8008e58:	e842 3100 	strex	r1, r3, [r2]
 8008e5c:	2900      	cmp	r1, #0
 8008e5e:	d1f6      	bne.n	8008e4e <UART_RxISR_16BIT_FIFOEN+0x122>
 8008e60:	6ee3      	ldr	r3, [r4, #108]	@ 0x6c
 8008e62:	2b01      	cmp	r3, #1
 8008e64:	d026      	beq.n	8008eb4 <UART_RxISR_16BIT_FIFOEN+0x188>
 8008e66:	f8d4 30a0 	ldr.w	r3, [r4, #160]	@ 0xa0
 8008e6a:	4620      	mov	r0, r4
 8008e6c:	4798      	blx	r3
 8008e6e:	f8b4 305e 	ldrh.w	r3, [r4, #94]	@ 0x5e
 8008e72:	b29b      	uxth	r3, r3
 8008e74:	2b00      	cmp	r3, #0
 8008e76:	f43f af6b 	beq.w	8008d50 <UART_RxISR_16BIT_FIFOEN+0x24>
 8008e7a:	f8b4 2068 	ldrh.w	r2, [r4, #104]	@ 0x68
 8008e7e:	429a      	cmp	r2, r3
 8008e80:	f67f af66 	bls.w	8008d50 <UART_RxISR_16BIT_FIFOEN+0x24>
 8008e84:	6822      	ldr	r2, [r4, #0]
 8008e86:	f102 0308 	add.w	r3, r2, #8
 8008e8a:	e853 3f00 	ldrex	r3, [r3]
 8008e8e:	f023 5380 	bic.w	r3, r3, #268435456	@ 0x10000000
 8008e92:	3208      	adds	r2, #8
 8008e94:	e842 3100 	strex	r1, r3, [r2]
 8008e98:	2900      	cmp	r1, #0
 8008e9a:	d1f3      	bne.n	8008e84 <UART_RxISR_16BIT_FIFOEN+0x158>
 8008e9c:	4b13      	ldr	r3, [pc, #76]	@ (8008eec <UART_RxISR_16BIT_FIFOEN+0x1c0>)
 8008e9e:	6763      	str	r3, [r4, #116]	@ 0x74
 8008ea0:	6822      	ldr	r2, [r4, #0]
 8008ea2:	e852 3f00 	ldrex	r3, [r2]
 8008ea6:	f043 0320 	orr.w	r3, r3, #32
 8008eaa:	e842 3100 	strex	r1, r3, [r2]
 8008eae:	2900      	cmp	r1, #0
 8008eb0:	d1f6      	bne.n	8008ea0 <UART_RxISR_16BIT_FIFOEN+0x174>
 8008eb2:	e74d      	b.n	8008d50 <UART_RxISR_16BIT_FIFOEN+0x24>
 8008eb4:	2300      	movs	r3, #0
 8008eb6:	66e3      	str	r3, [r4, #108]	@ 0x6c
 8008eb8:	6822      	ldr	r2, [r4, #0]
 8008eba:	e852 3f00 	ldrex	r3, [r2]
 8008ebe:	f023 0310 	bic.w	r3, r3, #16
 8008ec2:	e842 3100 	strex	r1, r3, [r2]
 8008ec6:	2900      	cmp	r1, #0
 8008ec8:	d1f6      	bne.n	8008eb8 <UART_RxISR_16BIT_FIFOEN+0x18c>
 8008eca:	6823      	ldr	r3, [r4, #0]
 8008ecc:	69da      	ldr	r2, [r3, #28]
 8008ece:	f012 0f10 	tst.w	r2, #16
 8008ed2:	d001      	beq.n	8008ed8 <UART_RxISR_16BIT_FIFOEN+0x1ac>
 8008ed4:	2210      	movs	r2, #16
 8008ed6:	621a      	str	r2, [r3, #32]
 8008ed8:	f8d4 30c0 	ldr.w	r3, [r4, #192]	@ 0xc0
 8008edc:	f8b4 105c 	ldrh.w	r1, [r4, #92]	@ 0x5c
 8008ee0:	4620      	mov	r0, r4
 8008ee2:	4798      	blx	r3
 8008ee4:	e7c3      	b.n	8008e6e <UART_RxISR_16BIT_FIFOEN+0x142>
 8008ee6:	bf00      	nop
 8008ee8:	40008000 	.word	0x40008000
 8008eec:	08008a8d 	.word	0x08008a8d

08008ef0 <UART_InitCallbacksToDefault>:
 8008ef0:	4b12      	ldr	r3, [pc, #72]	@ (8008f3c <UART_InitCallbacksToDefault+0x4c>)
 8008ef2:	f8c0 3094 	str.w	r3, [r0, #148]	@ 0x94
 8008ef6:	4b12      	ldr	r3, [pc, #72]	@ (8008f40 <UART_InitCallbacksToDefault+0x50>)
 8008ef8:	f8c0 3098 	str.w	r3, [r0, #152]	@ 0x98
 8008efc:	4b11      	ldr	r3, [pc, #68]	@ (8008f44 <UART_InitCallbacksToDefault+0x54>)
 8008efe:	f8c0 309c 	str.w	r3, [r0, #156]	@ 0x9c
 8008f02:	4b11      	ldr	r3, [pc, #68]	@ (8008f48 <UART_InitCallbacksToDefault+0x58>)
 8008f04:	f8c0 30a0 	str.w	r3, [r0, #160]	@ 0xa0
 8008f08:	4b10      	ldr	r3, [pc, #64]	@ (8008f4c <UART_InitCallbacksToDefault+0x5c>)
 8008f0a:	f8c0 30a4 	str.w	r3, [r0, #164]	@ 0xa4
 8008f0e:	4b10      	ldr	r3, [pc, #64]	@ (8008f50 <UART_InitCallbacksToDefault+0x60>)
 8008f10:	f8c0 30a8 	str.w	r3, [r0, #168]	@ 0xa8
 8008f14:	4b0f      	ldr	r3, [pc, #60]	@ (8008f54 <UART_InitCallbacksToDefault+0x64>)
 8008f16:	f8c0 30ac 	str.w	r3, [r0, #172]	@ 0xac
 8008f1a:	4b0f      	ldr	r3, [pc, #60]	@ (8008f58 <UART_InitCallbacksToDefault+0x68>)
 8008f1c:	f8c0 30b0 	str.w	r3, [r0, #176]	@ 0xb0
 8008f20:	4b0e      	ldr	r3, [pc, #56]	@ (8008f5c <UART_InitCallbacksToDefault+0x6c>)
 8008f22:	f8c0 30b4 	str.w	r3, [r0, #180]	@ 0xb4
 8008f26:	4b0e      	ldr	r3, [pc, #56]	@ (8008f60 <UART_InitCallbacksToDefault+0x70>)
 8008f28:	f8c0 30b8 	str.w	r3, [r0, #184]	@ 0xb8
 8008f2c:	4b0d      	ldr	r3, [pc, #52]	@ (8008f64 <UART_InitCallbacksToDefault+0x74>)
 8008f2e:	f8c0 30bc 	str.w	r3, [r0, #188]	@ 0xbc
 8008f32:	4b0d      	ldr	r3, [pc, #52]	@ (8008f68 <UART_InitCallbacksToDefault+0x78>)
 8008f34:	f8c0 30c0 	str.w	r3, [r0, #192]	@ 0xc0
 8008f38:	4770      	bx	lr
 8008f3a:	bf00      	nop
 8008f3c:	0800894d 	.word	0x0800894d
 8008f40:	0800894b 	.word	0x0800894b
 8008f44:	0800894f 	.word	0x0800894f
 8008f48:	08009881 	.word	0x08009881
 8008f4c:	08008951 	.word	0x08008951
 8008f50:	08008953 	.word	0x08008953
 8008f54:	08008955 	.word	0x08008955
 8008f58:	08008957 	.word	0x08008957
 8008f5c:	08009739 	.word	0x08009739
 8008f60:	0800973b 	.word	0x0800973b
 8008f64:	0800973d 	.word	0x0800973d
 8008f68:	08008959 	.word	0x08008959

08008f6c <UART_SetConfig>:
 8008f6c:	b538      	push	{r3, r4, r5, lr}
 8008f6e:	4604      	mov	r4, r0
 8008f70:	6883      	ldr	r3, [r0, #8]
 8008f72:	6902      	ldr	r2, [r0, #16]
 8008f74:	4313      	orrs	r3, r2
 8008f76:	6942      	ldr	r2, [r0, #20]
 8008f78:	4313      	orrs	r3, r2
 8008f7a:	69c2      	ldr	r2, [r0, #28]
 8008f7c:	4313      	orrs	r3, r2
 8008f7e:	6801      	ldr	r1, [r0, #0]
 8008f80:	6808      	ldr	r0, [r1, #0]
 8008f82:	4a8e      	ldr	r2, [pc, #568]	@ (80091bc <UART_SetConfig+0x250>)
 8008f84:	4002      	ands	r2, r0
 8008f86:	431a      	orrs	r2, r3
 8008f88:	600a      	str	r2, [r1, #0]
 8008f8a:	6822      	ldr	r2, [r4, #0]
 8008f8c:	6853      	ldr	r3, [r2, #4]
 8008f8e:	f423 5340 	bic.w	r3, r3, #12288	@ 0x3000
 8008f92:	68e1      	ldr	r1, [r4, #12]
 8008f94:	430b      	orrs	r3, r1
 8008f96:	6053      	str	r3, [r2, #4]
 8008f98:	69a1      	ldr	r1, [r4, #24]
 8008f9a:	6822      	ldr	r2, [r4, #0]
 8008f9c:	4b88      	ldr	r3, [pc, #544]	@ (80091c0 <UART_SetConfig+0x254>)
 8008f9e:	429a      	cmp	r2, r3
 8008fa0:	d001      	beq.n	8008fa6 <UART_SetConfig+0x3a>
 8008fa2:	6a23      	ldr	r3, [r4, #32]
 8008fa4:	4319      	orrs	r1, r3
 8008fa6:	6893      	ldr	r3, [r2, #8]
 8008fa8:	f023 436e 	bic.w	r3, r3, #3992977408	@ 0xee000000
 8008fac:	f423 6330 	bic.w	r3, r3, #2816	@ 0xb00
 8008fb0:	430b      	orrs	r3, r1
 8008fb2:	6093      	str	r3, [r2, #8]
 8008fb4:	6822      	ldr	r2, [r4, #0]
 8008fb6:	6ad3      	ldr	r3, [r2, #44]	@ 0x2c
 8008fb8:	f023 030f 	bic.w	r3, r3, #15
 8008fbc:	6a61      	ldr	r1, [r4, #36]	@ 0x24
 8008fbe:	430b      	orrs	r3, r1
 8008fc0:	62d3      	str	r3, [r2, #44]	@ 0x2c
 8008fc2:	6822      	ldr	r2, [r4, #0]
 8008fc4:	4b7f      	ldr	r3, [pc, #508]	@ (80091c4 <UART_SetConfig+0x258>)
 8008fc6:	429a      	cmp	r2, r3
 8008fc8:	d018      	beq.n	8008ffc <UART_SetConfig+0x90>
 8008fca:	4b7d      	ldr	r3, [pc, #500]	@ (80091c0 <UART_SetConfig+0x254>)
 8008fcc:	429a      	cmp	r2, r3
 8008fce:	d027      	beq.n	8009020 <UART_SetConfig+0xb4>
 8008fd0:	2310      	movs	r3, #16
 8008fd2:	497b      	ldr	r1, [pc, #492]	@ (80091c0 <UART_SetConfig+0x254>)
 8008fd4:	428a      	cmp	r2, r1
 8008fd6:	d047      	beq.n	8009068 <UART_SetConfig+0xfc>
 8008fd8:	69e0      	ldr	r0, [r4, #28]
 8008fda:	f5b0 4f00 	cmp.w	r0, #32768	@ 0x8000
 8008fde:	f000 8084 	beq.w	80090ea <UART_SetConfig+0x17e>
 8008fe2:	2b04      	cmp	r3, #4
 8008fe4:	f000 80d5 	beq.w	8009192 <UART_SetConfig+0x226>
 8008fe8:	f200 80b3 	bhi.w	8009152 <UART_SetConfig+0x1e6>
 8008fec:	2b01      	cmp	r3, #1
 8008fee:	f000 80b7 	beq.w	8009160 <UART_SetConfig+0x1f4>
 8008ff2:	2b02      	cmp	r3, #2
 8008ff4:	f040 80ab 	bne.w	800914e <UART_SetConfig+0x1e2>
 8008ff8:	4873      	ldr	r0, [pc, #460]	@ (80091c8 <UART_SetConfig+0x25c>)
 8008ffa:	e0b4      	b.n	8009166 <UART_SetConfig+0x1fa>
 8008ffc:	f04f 43b0 	mov.w	r3, #1476395008	@ 0x58000000
 8009000:	f8d3 3088 	ldr.w	r3, [r3, #136]	@ 0x88
 8009004:	f003 0303 	and.w	r3, r3, #3
 8009008:	2b02      	cmp	r3, #2
 800900a:	d01f      	beq.n	800904c <UART_SetConfig+0xe0>
 800900c:	d804      	bhi.n	8009018 <UART_SetConfig+0xac>
 800900e:	b1fb      	cbz	r3, 8009050 <UART_SetConfig+0xe4>
 8009010:	2b01      	cmp	r3, #1
 8009012:	d11f      	bne.n	8009054 <UART_SetConfig+0xe8>
 8009014:	2304      	movs	r3, #4
 8009016:	e7dc      	b.n	8008fd2 <UART_SetConfig+0x66>
 8009018:	2b03      	cmp	r3, #3
 800901a:	d11d      	bne.n	8009058 <UART_SetConfig+0xec>
 800901c:	2308      	movs	r3, #8
 800901e:	e7d8      	b.n	8008fd2 <UART_SetConfig+0x66>
 8009020:	f04f 43b0 	mov.w	r3, #1476395008	@ 0x58000000
 8009024:	f8d3 3088 	ldr.w	r3, [r3, #136]	@ 0x88
 8009028:	f403 6340 	and.w	r3, r3, #3072	@ 0xc00
 800902c:	f5b3 6f00 	cmp.w	r3, #2048	@ 0x800
 8009030:	d014      	beq.n	800905c <UART_SetConfig+0xf0>
 8009032:	d806      	bhi.n	8009042 <UART_SetConfig+0xd6>
 8009034:	2b00      	cmp	r3, #0
 8009036:	d0cc      	beq.n	8008fd2 <UART_SetConfig+0x66>
 8009038:	f5b3 6f80 	cmp.w	r3, #1024	@ 0x400
 800903c:	d110      	bne.n	8009060 <UART_SetConfig+0xf4>
 800903e:	2304      	movs	r3, #4
 8009040:	e7c7      	b.n	8008fd2 <UART_SetConfig+0x66>
 8009042:	f5b3 6f40 	cmp.w	r3, #3072	@ 0xc00
 8009046:	d10d      	bne.n	8009064 <UART_SetConfig+0xf8>
 8009048:	2308      	movs	r3, #8
 800904a:	e7c2      	b.n	8008fd2 <UART_SetConfig+0x66>
 800904c:	2302      	movs	r3, #2
 800904e:	e7c0      	b.n	8008fd2 <UART_SetConfig+0x66>
 8009050:	2301      	movs	r3, #1
 8009052:	e7be      	b.n	8008fd2 <UART_SetConfig+0x66>
 8009054:	2310      	movs	r3, #16
 8009056:	e7bc      	b.n	8008fd2 <UART_SetConfig+0x66>
 8009058:	2310      	movs	r3, #16
 800905a:	e7ba      	b.n	8008fd2 <UART_SetConfig+0x66>
 800905c:	2302      	movs	r3, #2
 800905e:	e7b8      	b.n	8008fd2 <UART_SetConfig+0x66>
 8009060:	2310      	movs	r3, #16
 8009062:	e7b6      	b.n	8008fd2 <UART_SetConfig+0x66>
 8009064:	2310      	movs	r3, #16
 8009066:	e7b4      	b.n	8008fd2 <UART_SetConfig+0x66>
 8009068:	2b04      	cmp	r3, #4
 800906a:	d03b      	beq.n	80090e4 <UART_SetConfig+0x178>
 800906c:	d806      	bhi.n	800907c <UART_SetConfig+0x110>
 800906e:	b163      	cbz	r3, 800908a <UART_SetConfig+0x11e>
 8009070:	2b02      	cmp	r3, #2
 8009072:	d101      	bne.n	8009078 <UART_SetConfig+0x10c>
 8009074:	4854      	ldr	r0, [pc, #336]	@ (80091c8 <UART_SetConfig+0x25c>)
 8009076:	e00d      	b.n	8009094 <UART_SetConfig+0x128>
 8009078:	2001      	movs	r0, #1
 800907a:	e096      	b.n	80091aa <UART_SetConfig+0x23e>
 800907c:	2b08      	cmp	r3, #8
 800907e:	d102      	bne.n	8009086 <UART_SetConfig+0x11a>
 8009080:	f44f 4000 	mov.w	r0, #32768	@ 0x8000
 8009084:	e006      	b.n	8009094 <UART_SetConfig+0x128>
 8009086:	2001      	movs	r0, #1
 8009088:	e08f      	b.n	80091aa <UART_SetConfig+0x23e>
 800908a:	f7fe fab9 	bl	8007600 <HAL_RCC_GetPCLK1Freq>
 800908e:	2800      	cmp	r0, #0
 8009090:	f000 808b 	beq.w	80091aa <UART_SetConfig+0x23e>
 8009094:	6a62      	ldr	r2, [r4, #36]	@ 0x24
 8009096:	4b4d      	ldr	r3, [pc, #308]	@ (80091cc <UART_SetConfig+0x260>)
 8009098:	f833 2012 	ldrh.w	r2, [r3, r2, lsl #1]
 800909c:	fbb0 f3f2 	udiv	r3, r0, r2
 80090a0:	6865      	ldr	r5, [r4, #4]
 80090a2:	eb05 0145 	add.w	r1, r5, r5, lsl #1
 80090a6:	4299      	cmp	r1, r3
 80090a8:	d876      	bhi.n	8009198 <UART_SetConfig+0x22c>
 80090aa:	ebb3 3f05 	cmp.w	r3, r5, lsl #12
 80090ae:	d875      	bhi.n	800919c <UART_SetConfig+0x230>
 80090b0:	2300      	movs	r3, #0
 80090b2:	4619      	mov	r1, r3
 80090b4:	f7f7 fd6a 	bl	8000b8c <__aeabi_uldivmod>
 80090b8:	0209      	lsls	r1, r1, #8
 80090ba:	ea41 6110 	orr.w	r1, r1, r0, lsr #24
 80090be:	0200      	lsls	r0, r0, #8
 80090c0:	462a      	mov	r2, r5
 80090c2:	086b      	lsrs	r3, r5, #1
 80090c4:	18c0      	adds	r0, r0, r3
 80090c6:	f04f 0300 	mov.w	r3, #0
 80090ca:	f141 0100 	adc.w	r1, r1, #0
 80090ce:	f7f7 fd5d 	bl	8000b8c <__aeabi_uldivmod>
 80090d2:	f5a0 7240 	sub.w	r2, r0, #768	@ 0x300
 80090d6:	4b3e      	ldr	r3, [pc, #248]	@ (80091d0 <UART_SetConfig+0x264>)
 80090d8:	429a      	cmp	r2, r3
 80090da:	d861      	bhi.n	80091a0 <UART_SetConfig+0x234>
 80090dc:	6823      	ldr	r3, [r4, #0]
 80090de:	60d8      	str	r0, [r3, #12]
 80090e0:	2000      	movs	r0, #0
 80090e2:	e062      	b.n	80091aa <UART_SetConfig+0x23e>
 80090e4:	f7fd fd5c 	bl	8006ba0 <HAL_RCC_GetSysClockFreq>
 80090e8:	e7d1      	b.n	800908e <UART_SetConfig+0x122>
 80090ea:	2b04      	cmp	r3, #4
 80090ec:	d02c      	beq.n	8009148 <UART_SetConfig+0x1dc>
 80090ee:	d807      	bhi.n	8009100 <UART_SetConfig+0x194>
 80090f0:	2b01      	cmp	r3, #1
 80090f2:	d009      	beq.n	8009108 <UART_SetConfig+0x19c>
 80090f4:	2b02      	cmp	r3, #2
 80090f6:	d101      	bne.n	80090fc <UART_SetConfig+0x190>
 80090f8:	4833      	ldr	r0, [pc, #204]	@ (80091c8 <UART_SetConfig+0x25c>)
 80090fa:	e009      	b.n	8009110 <UART_SetConfig+0x1a4>
 80090fc:	2001      	movs	r0, #1
 80090fe:	e054      	b.n	80091aa <UART_SetConfig+0x23e>
 8009100:	2b08      	cmp	r3, #8
 8009102:	d005      	beq.n	8009110 <UART_SetConfig+0x1a4>
 8009104:	2001      	movs	r0, #1
 8009106:	e050      	b.n	80091aa <UART_SetConfig+0x23e>
 8009108:	f7fe fa8c 	bl	8007624 <HAL_RCC_GetPCLK2Freq>
 800910c:	2800      	cmp	r0, #0
 800910e:	d04c      	beq.n	80091aa <UART_SetConfig+0x23e>
 8009110:	6a62      	ldr	r2, [r4, #36]	@ 0x24
 8009112:	4b2e      	ldr	r3, [pc, #184]	@ (80091cc <UART_SetConfig+0x260>)
 8009114:	f833 3012 	ldrh.w	r3, [r3, r2, lsl #1]
 8009118:	fbb0 f0f3 	udiv	r0, r0, r3
 800911c:	6862      	ldr	r2, [r4, #4]
 800911e:	0853      	lsrs	r3, r2, #1
 8009120:	eb03 0340 	add.w	r3, r3, r0, lsl #1
 8009124:	fbb3 f3f2 	udiv	r3, r3, r2
 8009128:	f1a3 0110 	sub.w	r1, r3, #16
 800912c:	f64f 72ef 	movw	r2, #65519	@ 0xffef
 8009130:	4291      	cmp	r1, r2
 8009132:	d837      	bhi.n	80091a4 <UART_SetConfig+0x238>
 8009134:	b29a      	uxth	r2, r3
 8009136:	f022 020f 	bic.w	r2, r2, #15
 800913a:	f3c3 0342 	ubfx	r3, r3, #1, #3
 800913e:	4313      	orrs	r3, r2
 8009140:	6822      	ldr	r2, [r4, #0]
 8009142:	60d3      	str	r3, [r2, #12]
 8009144:	2000      	movs	r0, #0
 8009146:	e030      	b.n	80091aa <UART_SetConfig+0x23e>
 8009148:	f7fd fd2a 	bl	8006ba0 <HAL_RCC_GetSysClockFreq>
 800914c:	e7de      	b.n	800910c <UART_SetConfig+0x1a0>
 800914e:	2001      	movs	r0, #1
 8009150:	e02b      	b.n	80091aa <UART_SetConfig+0x23e>
 8009152:	2b08      	cmp	r3, #8
 8009154:	d102      	bne.n	800915c <UART_SetConfig+0x1f0>
 8009156:	f44f 4000 	mov.w	r0, #32768	@ 0x8000
 800915a:	e004      	b.n	8009166 <UART_SetConfig+0x1fa>
 800915c:	2001      	movs	r0, #1
 800915e:	e024      	b.n	80091aa <UART_SetConfig+0x23e>
 8009160:	f7fe fa60 	bl	8007624 <HAL_RCC_GetPCLK2Freq>
 8009164:	b308      	cbz	r0, 80091aa <UART_SetConfig+0x23e>
 8009166:	6a62      	ldr	r2, [r4, #36]	@ 0x24
 8009168:	4b18      	ldr	r3, [pc, #96]	@ (80091cc <UART_SetConfig+0x260>)
 800916a:	f833 3012 	ldrh.w	r3, [r3, r2, lsl #1]
 800916e:	fbb0 f0f3 	udiv	r0, r0, r3
 8009172:	6863      	ldr	r3, [r4, #4]
 8009174:	eb00 0053 	add.w	r0, r0, r3, lsr #1
 8009178:	fbb0 f0f3 	udiv	r0, r0, r3
 800917c:	f1a0 0210 	sub.w	r2, r0, #16
 8009180:	f64f 73ef 	movw	r3, #65519	@ 0xffef
 8009184:	429a      	cmp	r2, r3
 8009186:	d80f      	bhi.n	80091a8 <UART_SetConfig+0x23c>
 8009188:	6823      	ldr	r3, [r4, #0]
 800918a:	b280      	uxth	r0, r0
 800918c:	60d8      	str	r0, [r3, #12]
 800918e:	2000      	movs	r0, #0
 8009190:	e00b      	b.n	80091aa <UART_SetConfig+0x23e>
 8009192:	f7fd fd05 	bl	8006ba0 <HAL_RCC_GetSysClockFreq>
 8009196:	e7e5      	b.n	8009164 <UART_SetConfig+0x1f8>
 8009198:	2001      	movs	r0, #1
 800919a:	e006      	b.n	80091aa <UART_SetConfig+0x23e>
 800919c:	2001      	movs	r0, #1
 800919e:	e004      	b.n	80091aa <UART_SetConfig+0x23e>
 80091a0:	2001      	movs	r0, #1
 80091a2:	e002      	b.n	80091aa <UART_SetConfig+0x23e>
 80091a4:	2001      	movs	r0, #1
 80091a6:	e000      	b.n	80091aa <UART_SetConfig+0x23e>
 80091a8:	2001      	movs	r0, #1
 80091aa:	2301      	movs	r3, #1
 80091ac:	f8a4 306a 	strh.w	r3, [r4, #106]	@ 0x6a
 80091b0:	f8a4 3068 	strh.w	r3, [r4, #104]	@ 0x68
 80091b4:	2300      	movs	r3, #0
 80091b6:	6763      	str	r3, [r4, #116]	@ 0x74
 80091b8:	67a3      	str	r3, [r4, #120]	@ 0x78
 80091ba:	bd38      	pop	{r3, r4, r5, pc}
 80091bc:	cfff69f3 	.word	0xcfff69f3
 80091c0:	40008000 	.word	0x40008000
 80091c4:	40013800 	.word	0x40013800
 80091c8:	00f42400 	.word	0x00f42400
 80091cc:	0800dac4 	.word	0x0800dac4
 80091d0:	000ffcff 	.word	0x000ffcff

080091d4 <UART_AdvFeatureConfig>:
 80091d4:	6a83      	ldr	r3, [r0, #40]	@ 0x28
 80091d6:	f013 0f08 	tst.w	r3, #8
 80091da:	d006      	beq.n	80091ea <UART_AdvFeatureConfig+0x16>
 80091dc:	6802      	ldr	r2, [r0, #0]
 80091de:	6853      	ldr	r3, [r2, #4]
 80091e0:	f423 4300 	bic.w	r3, r3, #32768	@ 0x8000
 80091e4:	6b81      	ldr	r1, [r0, #56]	@ 0x38
 80091e6:	430b      	orrs	r3, r1
 80091e8:	6053      	str	r3, [r2, #4]
 80091ea:	6a83      	ldr	r3, [r0, #40]	@ 0x28
 80091ec:	f013 0f01 	tst.w	r3, #1
 80091f0:	d006      	beq.n	8009200 <UART_AdvFeatureConfig+0x2c>
 80091f2:	6802      	ldr	r2, [r0, #0]
 80091f4:	6853      	ldr	r3, [r2, #4]
 80091f6:	f423 3300 	bic.w	r3, r3, #131072	@ 0x20000
 80091fa:	6ac1      	ldr	r1, [r0, #44]	@ 0x2c
 80091fc:	430b      	orrs	r3, r1
 80091fe:	6053      	str	r3, [r2, #4]
 8009200:	6a83      	ldr	r3, [r0, #40]	@ 0x28
 8009202:	f013 0f02 	tst.w	r3, #2
 8009206:	d006      	beq.n	8009216 <UART_AdvFeatureConfig+0x42>
 8009208:	6802      	ldr	r2, [r0, #0]
 800920a:	6853      	ldr	r3, [r2, #4]
 800920c:	f423 3380 	bic.w	r3, r3, #65536	@ 0x10000
 8009210:	6b01      	ldr	r1, [r0, #48]	@ 0x30
 8009212:	430b      	orrs	r3, r1
 8009214:	6053      	str	r3, [r2, #4]
 8009216:	6a83      	ldr	r3, [r0, #40]	@ 0x28
 8009218:	f013 0f04 	tst.w	r3, #4
 800921c:	d006      	beq.n	800922c <UART_AdvFeatureConfig+0x58>
 800921e:	6802      	ldr	r2, [r0, #0]
 8009220:	6853      	ldr	r3, [r2, #4]
 8009222:	f423 2380 	bic.w	r3, r3, #262144	@ 0x40000
 8009226:	6b41      	ldr	r1, [r0, #52]	@ 0x34
 8009228:	430b      	orrs	r3, r1
 800922a:	6053      	str	r3, [r2, #4]
 800922c:	6a83      	ldr	r3, [r0, #40]	@ 0x28
 800922e:	f013 0f10 	tst.w	r3, #16
 8009232:	d006      	beq.n	8009242 <UART_AdvFeatureConfig+0x6e>
 8009234:	6802      	ldr	r2, [r0, #0]
 8009236:	6893      	ldr	r3, [r2, #8]
 8009238:	f423 5380 	bic.w	r3, r3, #4096	@ 0x1000
 800923c:	6bc1      	ldr	r1, [r0, #60]	@ 0x3c
 800923e:	430b      	orrs	r3, r1
 8009240:	6093      	str	r3, [r2, #8]
 8009242:	6a83      	ldr	r3, [r0, #40]	@ 0x28
 8009244:	f013 0f20 	tst.w	r3, #32
 8009248:	d006      	beq.n	8009258 <UART_AdvFeatureConfig+0x84>
 800924a:	6802      	ldr	r2, [r0, #0]
 800924c:	6893      	ldr	r3, [r2, #8]
 800924e:	f423 5300 	bic.w	r3, r3, #8192	@ 0x2000
 8009252:	6c01      	ldr	r1, [r0, #64]	@ 0x40
 8009254:	430b      	orrs	r3, r1
 8009256:	6093      	str	r3, [r2, #8]
 8009258:	6a83      	ldr	r3, [r0, #40]	@ 0x28
 800925a:	f013 0f40 	tst.w	r3, #64	@ 0x40
 800925e:	d00a      	beq.n	8009276 <UART_AdvFeatureConfig+0xa2>
 8009260:	6802      	ldr	r2, [r0, #0]
 8009262:	6853      	ldr	r3, [r2, #4]
 8009264:	f423 1380 	bic.w	r3, r3, #1048576	@ 0x100000
 8009268:	6c41      	ldr	r1, [r0, #68]	@ 0x44
 800926a:	430b      	orrs	r3, r1
 800926c:	6053      	str	r3, [r2, #4]
 800926e:	6c43      	ldr	r3, [r0, #68]	@ 0x44
 8009270:	f5b3 1f80 	cmp.w	r3, #1048576	@ 0x100000
 8009274:	d00b      	beq.n	800928e <UART_AdvFeatureConfig+0xba>
 8009276:	6a83      	ldr	r3, [r0, #40]	@ 0x28
 8009278:	f013 0f80 	tst.w	r3, #128	@ 0x80
 800927c:	d006      	beq.n	800928c <UART_AdvFeatureConfig+0xb8>
 800927e:	6802      	ldr	r2, [r0, #0]
 8009280:	6853      	ldr	r3, [r2, #4]
 8009282:	f423 2300 	bic.w	r3, r3, #524288	@ 0x80000
 8009286:	6cc1      	ldr	r1, [r0, #76]	@ 0x4c
 8009288:	430b      	orrs	r3, r1
 800928a:	6053      	str	r3, [r2, #4]
 800928c:	4770      	bx	lr
 800928e:	6802      	ldr	r2, [r0, #0]
 8009290:	6853      	ldr	r3, [r2, #4]
 8009292:	f423 03c0 	bic.w	r3, r3, #6291456	@ 0x600000
 8009296:	6c81      	ldr	r1, [r0, #72]	@ 0x48
 8009298:	430b      	orrs	r3, r1
 800929a:	6053      	str	r3, [r2, #4]
 800929c:	e7eb      	b.n	8009276 <UART_AdvFeatureConfig+0xa2>

0800929e <UART_WaitOnFlagUntilTimeout>:
 800929e:	e92d 41f0 	stmdb	sp!, {r4, r5, r6, r7, r8, lr}
 80092a2:	4604      	mov	r4, r0
 80092a4:	460d      	mov	r5, r1
 80092a6:	4616      	mov	r6, r2
 80092a8:	4698      	mov	r8, r3
 80092aa:	9f06      	ldr	r7, [sp, #24]
 80092ac:	6823      	ldr	r3, [r4, #0]
 80092ae:	69db      	ldr	r3, [r3, #28]
 80092b0:	ea35 0303 	bics.w	r3, r5, r3
 80092b4:	bf0c      	ite	eq
 80092b6:	f04f 0c01 	moveq.w	ip, #1
 80092ba:	f04f 0c00 	movne.w	ip, #0
 80092be:	45b4      	cmp	ip, r6
 80092c0:	d134      	bne.n	800932c <UART_WaitOnFlagUntilTimeout+0x8e>
 80092c2:	f1b7 3fff 	cmp.w	r7, #4294967295
 80092c6:	d0f1      	beq.n	80092ac <UART_WaitOnFlagUntilTimeout+0xe>
 80092c8:	f7fb fc36 	bl	8004b38 <HAL_GetTick>
 80092cc:	4643      	mov	r3, r8
 80092ce:	1ac0      	subs	r0, r0, r3
 80092d0:	42b8      	cmp	r0, r7
 80092d2:	d82e      	bhi.n	8009332 <UART_WaitOnFlagUntilTimeout+0x94>
 80092d4:	b37f      	cbz	r7, 8009336 <UART_WaitOnFlagUntilTimeout+0x98>
 80092d6:	6823      	ldr	r3, [r4, #0]
 80092d8:	681a      	ldr	r2, [r3, #0]
 80092da:	f012 0f04 	tst.w	r2, #4
 80092de:	d0e5      	beq.n	80092ac <UART_WaitOnFlagUntilTimeout+0xe>
 80092e0:	2d80      	cmp	r5, #128	@ 0x80
 80092e2:	d0e3      	beq.n	80092ac <UART_WaitOnFlagUntilTimeout+0xe>
 80092e4:	2d40      	cmp	r5, #64	@ 0x40
 80092e6:	d0e1      	beq.n	80092ac <UART_WaitOnFlagUntilTimeout+0xe>
 80092e8:	69da      	ldr	r2, [r3, #28]
 80092ea:	f012 0f08 	tst.w	r2, #8
 80092ee:	d111      	bne.n	8009314 <UART_WaitOnFlagUntilTimeout+0x76>
 80092f0:	69da      	ldr	r2, [r3, #28]
 80092f2:	f412 6f00 	tst.w	r2, #2048	@ 0x800
 80092f6:	d0d9      	beq.n	80092ac <UART_WaitOnFlagUntilTimeout+0xe>
 80092f8:	f44f 6200 	mov.w	r2, #2048	@ 0x800
 80092fc:	621a      	str	r2, [r3, #32]
 80092fe:	4620      	mov	r0, r4
 8009300:	f7ff fb2b 	bl	800895a <UART_EndRxTransfer>
 8009304:	2320      	movs	r3, #32
 8009306:	f8c4 3090 	str.w	r3, [r4, #144]	@ 0x90
 800930a:	2300      	movs	r3, #0
 800930c:	f884 3084 	strb.w	r3, [r4, #132]	@ 0x84
 8009310:	2003      	movs	r0, #3
 8009312:	e00c      	b.n	800932e <UART_WaitOnFlagUntilTimeout+0x90>
 8009314:	2508      	movs	r5, #8
 8009316:	621d      	str	r5, [r3, #32]
 8009318:	4620      	mov	r0, r4
 800931a:	f7ff fb1e 	bl	800895a <UART_EndRxTransfer>
 800931e:	f8c4 5090 	str.w	r5, [r4, #144]	@ 0x90
 8009322:	2300      	movs	r3, #0
 8009324:	f884 3084 	strb.w	r3, [r4, #132]	@ 0x84
 8009328:	2001      	movs	r0, #1
 800932a:	e000      	b.n	800932e <UART_WaitOnFlagUntilTimeout+0x90>
 800932c:	2000      	movs	r0, #0
 800932e:	e8bd 81f0 	ldmia.w	sp!, {r4, r5, r6, r7, r8, pc}
 8009332:	2003      	movs	r0, #3
 8009334:	e7fb      	b.n	800932e <UART_WaitOnFlagUntilTimeout+0x90>
 8009336:	2003      	movs	r0, #3
 8009338:	e7f9      	b.n	800932e <UART_WaitOnFlagUntilTimeout+0x90>

0800933a <HAL_UART_Transmit>:
 800933a:	e92d 41f0 	stmdb	sp!, {r4, r5, r6, r7, r8, lr}
 800933e:	b084      	sub	sp, #16
 8009340:	461e      	mov	r6, r3
 8009342:	f8d0 3088 	ldr.w	r3, [r0, #136]	@ 0x88
 8009346:	2b20      	cmp	r3, #32
 8009348:	d15d      	bne.n	8009406 <HAL_UART_Transmit+0xcc>
 800934a:	4604      	mov	r4, r0
 800934c:	460d      	mov	r5, r1
 800934e:	2900      	cmp	r1, #0
 8009350:	d05d      	beq.n	800940e <HAL_UART_Transmit+0xd4>
 8009352:	9203      	str	r2, [sp, #12]
 8009354:	b90a      	cbnz	r2, 800935a <HAL_UART_Transmit+0x20>
 8009356:	2001      	movs	r0, #1
 8009358:	e056      	b.n	8009408 <HAL_UART_Transmit+0xce>
 800935a:	2300      	movs	r3, #0
 800935c:	f8c0 3090 	str.w	r3, [r0, #144]	@ 0x90
 8009360:	2321      	movs	r3, #33	@ 0x21
 8009362:	f8c0 3088 	str.w	r3, [r0, #136]	@ 0x88
 8009366:	f7fb fbe7 	bl	8004b38 <HAL_GetTick>
 800936a:	4607      	mov	r7, r0
 800936c:	9b03      	ldr	r3, [sp, #12]
 800936e:	f8a4 3054 	strh.w	r3, [r4, #84]	@ 0x54
 8009372:	f8a4 3056 	strh.w	r3, [r4, #86]	@ 0x56
 8009376:	68a3      	ldr	r3, [r4, #8]
 8009378:	f5b3 5f80 	cmp.w	r3, #4096	@ 0x1000
 800937c:	d002      	beq.n	8009384 <HAL_UART_Transmit+0x4a>
 800937e:	2300      	movs	r3, #0
 8009380:	4698      	mov	r8, r3
 8009382:	e018      	b.n	80093b6 <HAL_UART_Transmit+0x7c>
 8009384:	6923      	ldr	r3, [r4, #16]
 8009386:	b353      	cbz	r3, 80093de <HAL_UART_Transmit+0xa4>
 8009388:	2300      	movs	r3, #0
 800938a:	4698      	mov	r8, r3
 800938c:	e013      	b.n	80093b6 <HAL_UART_Transmit+0x7c>
 800938e:	2320      	movs	r3, #32
 8009390:	f8c4 3088 	str.w	r3, [r4, #136]	@ 0x88
 8009394:	2003      	movs	r0, #3
 8009396:	e037      	b.n	8009408 <HAL_UART_Transmit+0xce>
 8009398:	4642      	mov	r2, r8
 800939a:	f832 3b02 	ldrh.w	r3, [r2], #2
 800939e:	4690      	mov	r8, r2
 80093a0:	6822      	ldr	r2, [r4, #0]
 80093a2:	f3c3 0308 	ubfx	r3, r3, #0, #9
 80093a6:	6293      	str	r3, [r2, #40]	@ 0x28
 80093a8:	f8b4 2056 	ldrh.w	r2, [r4, #86]	@ 0x56
 80093ac:	b292      	uxth	r2, r2
 80093ae:	3a01      	subs	r2, #1
 80093b0:	b292      	uxth	r2, r2
 80093b2:	f8a4 2056 	strh.w	r2, [r4, #86]	@ 0x56
 80093b6:	f8b4 3056 	ldrh.w	r3, [r4, #86]	@ 0x56
 80093ba:	b29b      	uxth	r3, r3
 80093bc:	b193      	cbz	r3, 80093e4 <HAL_UART_Transmit+0xaa>
 80093be:	9600      	str	r6, [sp, #0]
 80093c0:	463b      	mov	r3, r7
 80093c2:	2200      	movs	r2, #0
 80093c4:	2180      	movs	r1, #128	@ 0x80
 80093c6:	4620      	mov	r0, r4
 80093c8:	f7ff ff69 	bl	800929e <UART_WaitOnFlagUntilTimeout>
 80093cc:	2800      	cmp	r0, #0
 80093ce:	d1de      	bne.n	800938e <HAL_UART_Transmit+0x54>
 80093d0:	2d00      	cmp	r5, #0
 80093d2:	d0e1      	beq.n	8009398 <HAL_UART_Transmit+0x5e>
 80093d4:	f815 2b01 	ldrb.w	r2, [r5], #1
 80093d8:	6823      	ldr	r3, [r4, #0]
 80093da:	629a      	str	r2, [r3, #40]	@ 0x28
 80093dc:	e7e4      	b.n	80093a8 <HAL_UART_Transmit+0x6e>
 80093de:	46a8      	mov	r8, r5
 80093e0:	461d      	mov	r5, r3
 80093e2:	e7e8      	b.n	80093b6 <HAL_UART_Transmit+0x7c>
 80093e4:	9600      	str	r6, [sp, #0]
 80093e6:	463b      	mov	r3, r7
 80093e8:	2200      	movs	r2, #0
 80093ea:	2140      	movs	r1, #64	@ 0x40
 80093ec:	4620      	mov	r0, r4
 80093ee:	f7ff ff56 	bl	800929e <UART_WaitOnFlagUntilTimeout>
 80093f2:	b918      	cbnz	r0, 80093fc <HAL_UART_Transmit+0xc2>
 80093f4:	2320      	movs	r3, #32
 80093f6:	f8c4 3088 	str.w	r3, [r4, #136]	@ 0x88
 80093fa:	e005      	b.n	8009408 <HAL_UART_Transmit+0xce>
 80093fc:	2320      	movs	r3, #32
 80093fe:	f8c4 3088 	str.w	r3, [r4, #136]	@ 0x88
 8009402:	2003      	movs	r0, #3
 8009404:	e000      	b.n	8009408 <HAL_UART_Transmit+0xce>
 8009406:	2002      	movs	r0, #2
 8009408:	b004      	add	sp, #16
 800940a:	e8bd 81f0 	ldmia.w	sp!, {r4, r5, r6, r7, r8, pc}
 800940e:	2001      	movs	r0, #1
 8009410:	e7fa      	b.n	8009408 <HAL_UART_Transmit+0xce>

08009412 <UART_CheckIdleState>:
 8009412:	b530      	push	{r4, r5, lr}
 8009414:	b083      	sub	sp, #12
 8009416:	4604      	mov	r4, r0
 8009418:	2300      	movs	r3, #0
 800941a:	f8c0 3090 	str.w	r3, [r0, #144]	@ 0x90
 800941e:	f7fb fb8b 	bl	8004b38 <HAL_GetTick>
 8009422:	4605      	mov	r5, r0
 8009424:	6822      	ldr	r2, [r4, #0]
 8009426:	6812      	ldr	r2, [r2, #0]
 8009428:	f012 0f08 	tst.w	r2, #8
 800942c:	d110      	bne.n	8009450 <UART_CheckIdleState+0x3e>
 800942e:	6823      	ldr	r3, [r4, #0]
 8009430:	681b      	ldr	r3, [r3, #0]
 8009432:	f013 0f04 	tst.w	r3, #4
 8009436:	d127      	bne.n	8009488 <UART_CheckIdleState+0x76>
 8009438:	2320      	movs	r3, #32
 800943a:	f8c4 3088 	str.w	r3, [r4, #136]	@ 0x88
 800943e:	f8c4 308c 	str.w	r3, [r4, #140]	@ 0x8c
 8009442:	2000      	movs	r0, #0
 8009444:	66e0      	str	r0, [r4, #108]	@ 0x6c
 8009446:	6720      	str	r0, [r4, #112]	@ 0x70
 8009448:	f884 0084 	strb.w	r0, [r4, #132]	@ 0x84
 800944c:	b003      	add	sp, #12
 800944e:	bd30      	pop	{r4, r5, pc}
 8009450:	f06f 437e 	mvn.w	r3, #4261412864	@ 0xfe000000
 8009454:	9300      	str	r3, [sp, #0]
 8009456:	4603      	mov	r3, r0
 8009458:	2200      	movs	r2, #0
 800945a:	f44f 1100 	mov.w	r1, #2097152	@ 0x200000
 800945e:	4620      	mov	r0, r4
 8009460:	f7ff ff1d 	bl	800929e <UART_WaitOnFlagUntilTimeout>
 8009464:	2800      	cmp	r0, #0
 8009466:	d0e2      	beq.n	800942e <UART_CheckIdleState+0x1c>
 8009468:	6822      	ldr	r2, [r4, #0]
 800946a:	e852 3f00 	ldrex	r3, [r2]
 800946e:	f023 0380 	bic.w	r3, r3, #128	@ 0x80
 8009472:	e842 3100 	strex	r1, r3, [r2]
 8009476:	2900      	cmp	r1, #0
 8009478:	d1f6      	bne.n	8009468 <UART_CheckIdleState+0x56>
 800947a:	2320      	movs	r3, #32
 800947c:	f8c4 3088 	str.w	r3, [r4, #136]	@ 0x88
 8009480:	f884 1084 	strb.w	r1, [r4, #132]	@ 0x84
 8009484:	2003      	movs	r0, #3
 8009486:	e7e1      	b.n	800944c <UART_CheckIdleState+0x3a>
 8009488:	f06f 437e 	mvn.w	r3, #4261412864	@ 0xfe000000
 800948c:	9300      	str	r3, [sp, #0]
 800948e:	462b      	mov	r3, r5
 8009490:	2200      	movs	r2, #0
 8009492:	f44f 0180 	mov.w	r1, #4194304	@ 0x400000
 8009496:	4620      	mov	r0, r4
 8009498:	f7ff ff01 	bl	800929e <UART_WaitOnFlagUntilTimeout>
 800949c:	2800      	cmp	r0, #0
 800949e:	d0cb      	beq.n	8009438 <UART_CheckIdleState+0x26>
 80094a0:	6822      	ldr	r2, [r4, #0]
 80094a2:	e852 3f00 	ldrex	r3, [r2]
 80094a6:	f423 7390 	bic.w	r3, r3, #288	@ 0x120
 80094aa:	e842 3100 	strex	r1, r3, [r2]
 80094ae:	2900      	cmp	r1, #0
 80094b0:	d1f6      	bne.n	80094a0 <UART_CheckIdleState+0x8e>
 80094b2:	6822      	ldr	r2, [r4, #0]
 80094b4:	f102 0308 	add.w	r3, r2, #8
 80094b8:	e853 3f00 	ldrex	r3, [r3]
 80094bc:	f023 0301 	bic.w	r3, r3, #1
 80094c0:	3208      	adds	r2, #8
 80094c2:	e842 3100 	strex	r1, r3, [r2]
 80094c6:	2900      	cmp	r1, #0
 80094c8:	d1f3      	bne.n	80094b2 <UART_CheckIdleState+0xa0>
 80094ca:	2320      	movs	r3, #32
 80094cc:	f8c4 308c 	str.w	r3, [r4, #140]	@ 0x8c
 80094d0:	f884 1084 	strb.w	r1, [r4, #132]	@ 0x84
 80094d4:	2003      	movs	r0, #3
 80094d6:	e7b9      	b.n	800944c <UART_CheckIdleState+0x3a>

080094d8 <HAL_UART_Init>:
 80094d8:	2800      	cmp	r0, #0
 80094da:	d03a      	beq.n	8009552 <HAL_UART_Init+0x7a>
 80094dc:	b510      	push	{r4, lr}
 80094de:	4604      	mov	r4, r0
 80094e0:	f8d0 3088 	ldr.w	r3, [r0, #136]	@ 0x88
 80094e4:	b30b      	cbz	r3, 800952a <HAL_UART_Init+0x52>
 80094e6:	2324      	movs	r3, #36	@ 0x24
 80094e8:	f8c4 3088 	str.w	r3, [r4, #136]	@ 0x88
 80094ec:	6822      	ldr	r2, [r4, #0]
 80094ee:	6813      	ldr	r3, [r2, #0]
 80094f0:	f023 0301 	bic.w	r3, r3, #1
 80094f4:	6013      	str	r3, [r2, #0]
 80094f6:	6aa3      	ldr	r3, [r4, #40]	@ 0x28
 80094f8:	bb3b      	cbnz	r3, 800954a <HAL_UART_Init+0x72>
 80094fa:	4620      	mov	r0, r4
 80094fc:	f7ff fd36 	bl	8008f6c <UART_SetConfig>
 8009500:	2801      	cmp	r0, #1
 8009502:	d011      	beq.n	8009528 <HAL_UART_Init+0x50>
 8009504:	6822      	ldr	r2, [r4, #0]
 8009506:	6853      	ldr	r3, [r2, #4]
 8009508:	f423 4390 	bic.w	r3, r3, #18432	@ 0x4800
 800950c:	6053      	str	r3, [r2, #4]
 800950e:	6822      	ldr	r2, [r4, #0]
 8009510:	6893      	ldr	r3, [r2, #8]
 8009512:	f023 032a 	bic.w	r3, r3, #42	@ 0x2a
 8009516:	6093      	str	r3, [r2, #8]
 8009518:	6822      	ldr	r2, [r4, #0]
 800951a:	6813      	ldr	r3, [r2, #0]
 800951c:	f043 0301 	orr.w	r3, r3, #1
 8009520:	6013      	str	r3, [r2, #0]
 8009522:	4620      	mov	r0, r4
 8009524:	f7ff ff75 	bl	8009412 <UART_CheckIdleState>
 8009528:	bd10      	pop	{r4, pc}
 800952a:	f880 3084 	strb.w	r3, [r0, #132]	@ 0x84
 800952e:	f7ff fcdf 	bl	8008ef0 <UART_InitCallbacksToDefault>
 8009532:	f8d4 30c4 	ldr.w	r3, [r4, #196]	@ 0xc4
 8009536:	b123      	cbz	r3, 8009542 <HAL_UART_Init+0x6a>
 8009538:	f8d4 30c4 	ldr.w	r3, [r4, #196]	@ 0xc4
 800953c:	4620      	mov	r0, r4
 800953e:	4798      	blx	r3
 8009540:	e7d1      	b.n	80094e6 <HAL_UART_Init+0xe>
 8009542:	4b05      	ldr	r3, [pc, #20]	@ (8009558 <HAL_UART_Init+0x80>)
 8009544:	f8c4 30c4 	str.w	r3, [r4, #196]	@ 0xc4
 8009548:	e7f6      	b.n	8009538 <HAL_UART_Init+0x60>
 800954a:	4620      	mov	r0, r4
 800954c:	f7ff fe42 	bl	80091d4 <UART_AdvFeatureConfig>
 8009550:	e7d3      	b.n	80094fa <HAL_UART_Init+0x22>
 8009552:	2001      	movs	r0, #1
 8009554:	4770      	bx	lr
 8009556:	bf00      	nop
 8009558:	0800af39 	.word	0x0800af39

0800955c <UART_Start_Receive_IT>:
 800955c:	4694      	mov	ip, r2
 800955e:	6581      	str	r1, [r0, #88]	@ 0x58
 8009560:	f8a0 205c 	strh.w	r2, [r0, #92]	@ 0x5c
 8009564:	f8a0 205e 	strh.w	r2, [r0, #94]	@ 0x5e
 8009568:	2300      	movs	r3, #0
 800956a:	6743      	str	r3, [r0, #116]	@ 0x74
 800956c:	6883      	ldr	r3, [r0, #8]
 800956e:	f5b3 5f80 	cmp.w	r3, #4096	@ 0x1000
 8009572:	d006      	beq.n	8009582 <UART_Start_Receive_IT+0x26>
 8009574:	b9a3      	cbnz	r3, 80095a0 <UART_Start_Receive_IT+0x44>
 8009576:	6903      	ldr	r3, [r0, #16]
 8009578:	b973      	cbnz	r3, 8009598 <UART_Start_Receive_IT+0x3c>
 800957a:	23ff      	movs	r3, #255	@ 0xff
 800957c:	f8a0 3060 	strh.w	r3, [r0, #96]	@ 0x60
 8009580:	e014      	b.n	80095ac <UART_Start_Receive_IT+0x50>
 8009582:	6903      	ldr	r3, [r0, #16]
 8009584:	b923      	cbnz	r3, 8009590 <UART_Start_Receive_IT+0x34>
 8009586:	f240 13ff 	movw	r3, #511	@ 0x1ff
 800958a:	f8a0 3060 	strh.w	r3, [r0, #96]	@ 0x60
 800958e:	e00d      	b.n	80095ac <UART_Start_Receive_IT+0x50>
 8009590:	23ff      	movs	r3, #255	@ 0xff
 8009592:	f8a0 3060 	strh.w	r3, [r0, #96]	@ 0x60
 8009596:	e009      	b.n	80095ac <UART_Start_Receive_IT+0x50>
 8009598:	237f      	movs	r3, #127	@ 0x7f
 800959a:	f8a0 3060 	strh.w	r3, [r0, #96]	@ 0x60
 800959e:	e005      	b.n	80095ac <UART_Start_Receive_IT+0x50>
 80095a0:	f1b3 5f80 	cmp.w	r3, #268435456	@ 0x10000000
 80095a4:	d02c      	beq.n	8009600 <UART_Start_Receive_IT+0xa4>
 80095a6:	2300      	movs	r3, #0
 80095a8:	f8a0 3060 	strh.w	r3, [r0, #96]	@ 0x60
 80095ac:	2300      	movs	r3, #0
 80095ae:	f8c0 3090 	str.w	r3, [r0, #144]	@ 0x90
 80095b2:	2322      	movs	r3, #34	@ 0x22
 80095b4:	f8c0 308c 	str.w	r3, [r0, #140]	@ 0x8c
 80095b8:	6801      	ldr	r1, [r0, #0]
 80095ba:	f101 0308 	add.w	r3, r1, #8
 80095be:	e853 3f00 	ldrex	r3, [r3]
 80095c2:	f043 0301 	orr.w	r3, r3, #1
 80095c6:	3108      	adds	r1, #8
 80095c8:	e841 3200 	strex	r2, r3, [r1]
 80095cc:	2a00      	cmp	r2, #0
 80095ce:	d1f3      	bne.n	80095b8 <UART_Start_Receive_IT+0x5c>
 80095d0:	6e43      	ldr	r3, [r0, #100]	@ 0x64
 80095d2:	f1b3 5f00 	cmp.w	r3, #536870912	@ 0x20000000
 80095d6:	d01d      	beq.n	8009614 <UART_Start_Receive_IT+0xb8>
 80095d8:	6883      	ldr	r3, [r0, #8]
 80095da:	f5b3 5f80 	cmp.w	r3, #4096	@ 0x1000
 80095de:	d041      	beq.n	8009664 <UART_Start_Receive_IT+0x108>
 80095e0:	4b28      	ldr	r3, [pc, #160]	@ (8009684 <UART_Start_Receive_IT+0x128>)
 80095e2:	6743      	str	r3, [r0, #116]	@ 0x74
 80095e4:	6903      	ldr	r3, [r0, #16]
 80095e6:	2b00      	cmp	r3, #0
 80095e8:	d042      	beq.n	8009670 <UART_Start_Receive_IT+0x114>
 80095ea:	6802      	ldr	r2, [r0, #0]
 80095ec:	e852 3f00 	ldrex	r3, [r2]
 80095f0:	f443 7390 	orr.w	r3, r3, #288	@ 0x120
 80095f4:	e842 3100 	strex	r1, r3, [r2]
 80095f8:	2900      	cmp	r1, #0
 80095fa:	d1f6      	bne.n	80095ea <UART_Start_Receive_IT+0x8e>
 80095fc:	2000      	movs	r0, #0
 80095fe:	4770      	bx	lr
 8009600:	6903      	ldr	r3, [r0, #16]
 8009602:	b91b      	cbnz	r3, 800960c <UART_Start_Receive_IT+0xb0>
 8009604:	237f      	movs	r3, #127	@ 0x7f
 8009606:	f8a0 3060 	strh.w	r3, [r0, #96]	@ 0x60
 800960a:	e7cf      	b.n	80095ac <UART_Start_Receive_IT+0x50>
 800960c:	233f      	movs	r3, #63	@ 0x3f
 800960e:	f8a0 3060 	strh.w	r3, [r0, #96]	@ 0x60
 8009612:	e7cb      	b.n	80095ac <UART_Start_Receive_IT+0x50>
 8009614:	f8b0 3068 	ldrh.w	r3, [r0, #104]	@ 0x68
 8009618:	4563      	cmp	r3, ip
 800961a:	d8dd      	bhi.n	80095d8 <UART_Start_Receive_IT+0x7c>
 800961c:	6883      	ldr	r3, [r0, #8]
 800961e:	f5b3 5f80 	cmp.w	r3, #4096	@ 0x1000
 8009622:	d019      	beq.n	8009658 <UART_Start_Receive_IT+0xfc>
 8009624:	4b18      	ldr	r3, [pc, #96]	@ (8009688 <UART_Start_Receive_IT+0x12c>)
 8009626:	6743      	str	r3, [r0, #116]	@ 0x74
 8009628:	6903      	ldr	r3, [r0, #16]
 800962a:	b143      	cbz	r3, 800963e <UART_Start_Receive_IT+0xe2>
 800962c:	6802      	ldr	r2, [r0, #0]
 800962e:	e852 3f00 	ldrex	r3, [r2]
 8009632:	f443 7380 	orr.w	r3, r3, #256	@ 0x100
 8009636:	e842 3100 	strex	r1, r3, [r2]
 800963a:	2900      	cmp	r1, #0
 800963c:	d1f6      	bne.n	800962c <UART_Start_Receive_IT+0xd0>
 800963e:	6802      	ldr	r2, [r0, #0]
 8009640:	f102 0308 	add.w	r3, r2, #8
 8009644:	e853 3f00 	ldrex	r3, [r3]
 8009648:	f043 5380 	orr.w	r3, r3, #268435456	@ 0x10000000
 800964c:	3208      	adds	r2, #8
 800964e:	e842 3100 	strex	r1, r3, [r2]
 8009652:	2900      	cmp	r1, #0
 8009654:	d1f3      	bne.n	800963e <UART_Start_Receive_IT+0xe2>
 8009656:	e7d1      	b.n	80095fc <UART_Start_Receive_IT+0xa0>
 8009658:	6903      	ldr	r3, [r0, #16]
 800965a:	2b00      	cmp	r3, #0
 800965c:	d1e2      	bne.n	8009624 <UART_Start_Receive_IT+0xc8>
 800965e:	4b0b      	ldr	r3, [pc, #44]	@ (800968c <UART_Start_Receive_IT+0x130>)
 8009660:	6743      	str	r3, [r0, #116]	@ 0x74
 8009662:	e7e1      	b.n	8009628 <UART_Start_Receive_IT+0xcc>
 8009664:	6903      	ldr	r3, [r0, #16]
 8009666:	2b00      	cmp	r3, #0
 8009668:	d1ba      	bne.n	80095e0 <UART_Start_Receive_IT+0x84>
 800966a:	4b09      	ldr	r3, [pc, #36]	@ (8009690 <UART_Start_Receive_IT+0x134>)
 800966c:	6743      	str	r3, [r0, #116]	@ 0x74
 800966e:	e7b9      	b.n	80095e4 <UART_Start_Receive_IT+0x88>
 8009670:	6802      	ldr	r2, [r0, #0]
 8009672:	e852 3f00 	ldrex	r3, [r2]
 8009676:	f043 0320 	orr.w	r3, r3, #32
 800967a:	e842 3100 	strex	r1, r3, [r2]
 800967e:	2900      	cmp	r1, #0
 8009680:	d1f6      	bne.n	8009670 <UART_Start_Receive_IT+0x114>
 8009682:	e7bb      	b.n	80095fc <UART_Start_Receive_IT+0xa0>
 8009684:	080089b1 	.word	0x080089b1
 8009688:	08008b69 	.word	0x08008b69
 800968c:	08008d2d 	.word	0x08008d2d
 8009690:	08008a8d 	.word	0x08008a8d

08009694 <HAL_UART_Receive_IT>:
 8009694:	b508      	push	{r3, lr}
 8009696:	f8d0 308c 	ldr.w	r3, [r0, #140]	@ 0x8c
 800969a:	2b20      	cmp	r3, #32
 800969c:	d11a      	bne.n	80096d4 <HAL_UART_Receive_IT+0x40>
 800969e:	b1d9      	cbz	r1, 80096d8 <HAL_UART_Receive_IT+0x44>
 80096a0:	b1e2      	cbz	r2, 80096dc <HAL_UART_Receive_IT+0x48>
 80096a2:	2300      	movs	r3, #0
 80096a4:	66c3      	str	r3, [r0, #108]	@ 0x6c
 80096a6:	6803      	ldr	r3, [r0, #0]
 80096a8:	f8df c034 	ldr.w	ip, [pc, #52]	@ 80096e0 <HAL_UART_Receive_IT+0x4c>
 80096ac:	4563      	cmp	r3, ip
 80096ae:	d00e      	beq.n	80096ce <HAL_UART_Receive_IT+0x3a>
 80096b0:	685b      	ldr	r3, [r3, #4]
 80096b2:	f413 0f00 	tst.w	r3, #8388608	@ 0x800000
 80096b6:	d00a      	beq.n	80096ce <HAL_UART_Receive_IT+0x3a>
 80096b8:	f8d0 c000 	ldr.w	ip, [r0]
 80096bc:	e85c 3f00 	ldrex	r3, [ip]
 80096c0:	f043 6380 	orr.w	r3, r3, #67108864	@ 0x4000000
 80096c4:	e84c 3e00 	strex	lr, r3, [ip]
 80096c8:	f1be 0f00 	cmp.w	lr, #0
 80096cc:	d1f4      	bne.n	80096b8 <HAL_UART_Receive_IT+0x24>
 80096ce:	f7ff ff45 	bl	800955c <UART_Start_Receive_IT>
 80096d2:	e000      	b.n	80096d6 <HAL_UART_Receive_IT+0x42>
 80096d4:	2002      	movs	r0, #2
 80096d6:	bd08      	pop	{r3, pc}
 80096d8:	2001      	movs	r0, #1
 80096da:	e7fc      	b.n	80096d6 <HAL_UART_Receive_IT+0x42>
 80096dc:	2001      	movs	r0, #1
 80096de:	e7fa      	b.n	80096d6 <HAL_UART_Receive_IT+0x42>
 80096e0:	40008000 	.word	0x40008000

080096e4 <UARTEx_SetNbDataToProcess>:
 80096e4:	6e43      	ldr	r3, [r0, #100]	@ 0x64
 80096e6:	b92b      	cbnz	r3, 80096f4 <UARTEx_SetNbDataToProcess+0x10>
 80096e8:	2301      	movs	r3, #1
 80096ea:	f8a0 306a 	strh.w	r3, [r0, #106]	@ 0x6a
 80096ee:	f8a0 3068 	strh.w	r3, [r0, #104]	@ 0x68
 80096f2:	4770      	bx	lr
 80096f4:	b500      	push	{lr}
 80096f6:	6803      	ldr	r3, [r0, #0]
 80096f8:	689a      	ldr	r2, [r3, #8]
 80096fa:	f3c2 6242 	ubfx	r2, r2, #25, #3
 80096fe:	6899      	ldr	r1, [r3, #8]
 8009700:	0f49      	lsrs	r1, r1, #29
 8009702:	f8df e02c 	ldr.w	lr, [pc, #44]	@ 8009730 <UARTEx_SetNbDataToProcess+0x4c>
 8009706:	f81e 3001 	ldrb.w	r3, [lr, r1]
 800970a:	00db      	lsls	r3, r3, #3
 800970c:	f8df c024 	ldr.w	ip, [pc, #36]	@ 8009734 <UARTEx_SetNbDataToProcess+0x50>
 8009710:	f81c 1001 	ldrb.w	r1, [ip, r1]
 8009714:	fb93 f3f1 	sdiv	r3, r3, r1
 8009718:	f8a0 306a 	strh.w	r3, [r0, #106]	@ 0x6a
 800971c:	f81e 3002 	ldrb.w	r3, [lr, r2]
 8009720:	00db      	lsls	r3, r3, #3
 8009722:	f81c 2002 	ldrb.w	r2, [ip, r2]
 8009726:	fb93 f3f2 	sdiv	r3, r3, r2
 800972a:	f8a0 3068 	strh.w	r3, [r0, #104]	@ 0x68
 800972e:	bd00      	pop	{pc}
 8009730:	0800dae4 	.word	0x0800dae4
 8009734:	0800dadc 	.word	0x0800dadc

08009738 <HAL_UARTEx_WakeupCallback>:
 8009738:	4770      	bx	lr

0800973a <HAL_UARTEx_RxFifoFullCallback>:
 800973a:	4770      	bx	lr

0800973c <HAL_UARTEx_TxFifoEmptyCallback>:
 800973c:	4770      	bx	lr

0800973e <HAL_UARTEx_DisableFifoMode>:
 800973e:	f890 3084 	ldrb.w	r3, [r0, #132]	@ 0x84
 8009742:	2b01      	cmp	r3, #1
 8009744:	d018      	beq.n	8009778 <HAL_UARTEx_DisableFifoMode+0x3a>
 8009746:	2301      	movs	r3, #1
 8009748:	f880 3084 	strb.w	r3, [r0, #132]	@ 0x84
 800974c:	2324      	movs	r3, #36	@ 0x24
 800974e:	f8c0 3088 	str.w	r3, [r0, #136]	@ 0x88
 8009752:	6803      	ldr	r3, [r0, #0]
 8009754:	681a      	ldr	r2, [r3, #0]
 8009756:	6819      	ldr	r1, [r3, #0]
 8009758:	f021 0101 	bic.w	r1, r1, #1
 800975c:	6019      	str	r1, [r3, #0]
 800975e:	f022 5200 	bic.w	r2, r2, #536870912	@ 0x20000000
 8009762:	2300      	movs	r3, #0
 8009764:	6643      	str	r3, [r0, #100]	@ 0x64
 8009766:	6801      	ldr	r1, [r0, #0]
 8009768:	600a      	str	r2, [r1, #0]
 800976a:	2220      	movs	r2, #32
 800976c:	f8c0 2088 	str.w	r2, [r0, #136]	@ 0x88
 8009770:	f880 3084 	strb.w	r3, [r0, #132]	@ 0x84
 8009774:	4618      	mov	r0, r3
 8009776:	4770      	bx	lr
 8009778:	2002      	movs	r0, #2
 800977a:	4770      	bx	lr

0800977c <HAL_UARTEx_SetTxFifoThreshold>:
 800977c:	b538      	push	{r3, r4, r5, lr}
 800977e:	f890 3084 	ldrb.w	r3, [r0, #132]	@ 0x84
 8009782:	2b01      	cmp	r3, #1
 8009784:	d01d      	beq.n	80097c2 <HAL_UARTEx_SetTxFifoThreshold+0x46>
 8009786:	4604      	mov	r4, r0
 8009788:	2301      	movs	r3, #1
 800978a:	f880 3084 	strb.w	r3, [r0, #132]	@ 0x84
 800978e:	2324      	movs	r3, #36	@ 0x24
 8009790:	f8c0 3088 	str.w	r3, [r0, #136]	@ 0x88
 8009794:	6803      	ldr	r3, [r0, #0]
 8009796:	681d      	ldr	r5, [r3, #0]
 8009798:	681a      	ldr	r2, [r3, #0]
 800979a:	f022 0201 	bic.w	r2, r2, #1
 800979e:	601a      	str	r2, [r3, #0]
 80097a0:	6802      	ldr	r2, [r0, #0]
 80097a2:	6893      	ldr	r3, [r2, #8]
 80097a4:	f023 4360 	bic.w	r3, r3, #3758096384	@ 0xe0000000
 80097a8:	4319      	orrs	r1, r3
 80097aa:	6091      	str	r1, [r2, #8]
 80097ac:	f7ff ff9a 	bl	80096e4 <UARTEx_SetNbDataToProcess>
 80097b0:	6823      	ldr	r3, [r4, #0]
 80097b2:	601d      	str	r5, [r3, #0]
 80097b4:	2320      	movs	r3, #32
 80097b6:	f8c4 3088 	str.w	r3, [r4, #136]	@ 0x88
 80097ba:	2000      	movs	r0, #0
 80097bc:	f884 0084 	strb.w	r0, [r4, #132]	@ 0x84
 80097c0:	bd38      	pop	{r3, r4, r5, pc}
 80097c2:	2002      	movs	r0, #2
 80097c4:	e7fc      	b.n	80097c0 <HAL_UARTEx_SetTxFifoThreshold+0x44>

080097c6 <HAL_UARTEx_SetRxFifoThreshold>:
 80097c6:	b538      	push	{r3, r4, r5, lr}
 80097c8:	f890 3084 	ldrb.w	r3, [r0, #132]	@ 0x84
 80097cc:	2b01      	cmp	r3, #1
 80097ce:	d01d      	beq.n	800980c <HAL_UARTEx_SetRxFifoThreshold+0x46>
 80097d0:	4604      	mov	r4, r0
 80097d2:	2301      	movs	r3, #1
 80097d4:	f880 3084 	strb.w	r3, [r0, #132]	@ 0x84
 80097d8:	2324      	movs	r3, #36	@ 0x24
 80097da:	f8c0 3088 	str.w	r3, [r0, #136]	@ 0x88
 80097de:	6803      	ldr	r3, [r0, #0]
 80097e0:	681d      	ldr	r5, [r3, #0]
 80097e2:	681a      	ldr	r2, [r3, #0]
 80097e4:	f022 0201 	bic.w	r2, r2, #1
 80097e8:	601a      	str	r2, [r3, #0]
 80097ea:	6802      	ldr	r2, [r0, #0]
 80097ec:	6893      	ldr	r3, [r2, #8]
 80097ee:	f023 6360 	bic.w	r3, r3, #234881024	@ 0xe000000
 80097f2:	4319      	orrs	r1, r3
 80097f4:	6091      	str	r1, [r2, #8]
 80097f6:	f7ff ff75 	bl	80096e4 <UARTEx_SetNbDataToProcess>
 80097fa:	6823      	ldr	r3, [r4, #0]
 80097fc:	601d      	str	r5, [r3, #0]
 80097fe:	2320      	movs	r3, #32
 8009800:	f8c4 3088 	str.w	r3, [r4, #136]	@ 0x88
 8009804:	2000      	movs	r0, #0
 8009806:	f884 0084 	strb.w	r0, [r4, #132]	@ 0x84
 800980a:	bd38      	pop	{r3, r4, r5, pc}
 800980c:	2002      	movs	r0, #2
 800980e:	e7fc      	b.n	800980a <HAL_UARTEx_SetRxFifoThreshold+0x44>

08009810 <NMI_Handler>:
 8009810:	e7fe      	b.n	8009810 <NMI_Handler>

08009812 <HardFault_Handler>:
 8009812:	e7fe      	b.n	8009812 <HardFault_Handler>

08009814 <MemManage_Handler>:
 8009814:	e7fe      	b.n	8009814 <MemManage_Handler>

08009816 <BusFault_Handler>:
 8009816:	e7fe      	b.n	8009816 <BusFault_Handler>

08009818 <UsageFault_Handler>:
 8009818:	e7fe      	b.n	8009818 <UsageFault_Handler>

0800981a <SVC_Handler>:
 800981a:	4770      	bx	lr

0800981c <DebugMon_Handler>:
 800981c:	4770      	bx	lr

0800981e <PendSV_Handler>:
 800981e:	4770      	bx	lr

08009820 <SysTick_Handler>:
 8009820:	b508      	push	{r3, lr}
 8009822:	f7fb f97d 	bl	8004b20 <HAL_IncTick>
 8009826:	bd08      	pop	{r3, pc}

08009828 <RTC_WKUP_IRQHandler>:
 8009828:	b508      	push	{r3, lr}
 800982a:	f7f9 f975 	bl	8002b18 <HW_TS_RTC_Wakeup_Handler>
 800982e:	bd08      	pop	{r3, pc}

08009830 <USB_HP_IRQHandler>:
 8009830:	b508      	push	{r3, lr}
 8009832:	4802      	ldr	r0, [pc, #8]	@ (800983c <USB_HP_IRQHandler+0xc>)
 8009834:	f7fc fecc 	bl	80065d0 <HAL_PCD_IRQHandler>
 8009838:	bd08      	pop	{r3, pc}
 800983a:	bf00      	nop
 800983c:	20001dc0 	.word	0x20001dc0

08009840 <USB_LP_IRQHandler>:
 8009840:	b508      	push	{r3, lr}
 8009842:	4802      	ldr	r0, [pc, #8]	@ (800984c <USB_LP_IRQHandler+0xc>)
 8009844:	f7fc fec4 	bl	80065d0 <HAL_PCD_IRQHandler>
 8009848:	bd08      	pop	{r3, pc}
 800984a:	bf00      	nop
 800984c:	20001dc0 	.word	0x20001dc0

08009850 <TIM1_UP_TIM16_IRQHandler>:
 8009850:	b508      	push	{r3, lr}
 8009852:	4803      	ldr	r0, [pc, #12]	@ (8009860 <TIM1_UP_TIM16_IRQHandler+0x10>)
 8009854:	f7fe fbec 	bl	8008030 <HAL_TIM_IRQHandler>
 8009858:	4802      	ldr	r0, [pc, #8]	@ (8009864 <TIM1_UP_TIM16_IRQHandler+0x14>)
 800985a:	f7fe fbe9 	bl	8008030 <HAL_TIM_IRQHandler>
 800985e:	bd08      	pop	{r3, pc}
 8009860:	20000790 	.word	0x20000790
 8009864:	20000744 	.word	0x20000744

08009868 <IPCC_C1_RX_IRQHandler>:
 8009868:	b508      	push	{r3, lr}
 800986a:	f7f8 fdd3 	bl	8002414 <HW_IPCC_Rx_Handler>
 800986e:	bd08      	pop	{r3, pc}

08009870 <IPCC_C1_TX_IRQHandler>:
 8009870:	b508      	push	{r3, lr}
 8009872:	f7f8 fd63 	bl	800233c <HW_IPCC_Tx_Handler>
 8009876:	bd08      	pop	{r3, pc}

08009878 <HSEM_IRQHandler>:
 8009878:	b508      	push	{r3, lr}
 800987a:	f7fb ffdd 	bl	8005838 <HAL_HSEM_IRQHandler>
 800987e:	bd08      	pop	{r3, pc}

08009880 <HAL_UART_RxCpltCallback>:
 8009880:	b508      	push	{r3, lr}
 8009882:	6802      	ldr	r2, [r0, #0]
 8009884:	4b07      	ldr	r3, [pc, #28]	@ (80098a4 <HAL_UART_RxCpltCallback+0x24>)
 8009886:	429a      	cmp	r2, r3
 8009888:	d000      	beq.n	800988c <HAL_UART_RxCpltCallback+0xc>
 800988a:	bd08      	pop	{r3, pc}
 800988c:	2364      	movs	r3, #100	@ 0x64
 800988e:	2201      	movs	r2, #1
 8009890:	4905      	ldr	r1, [pc, #20]	@ (80098a8 <HAL_UART_RxCpltCallback+0x28>)
 8009892:	4806      	ldr	r0, [pc, #24]	@ (80098ac <HAL_UART_RxCpltCallback+0x2c>)
 8009894:	f7ff fd51 	bl	800933a <HAL_UART_Transmit>
 8009898:	2201      	movs	r2, #1
 800989a:	4903      	ldr	r1, [pc, #12]	@ (80098a8 <HAL_UART_RxCpltCallback+0x28>)
 800989c:	4803      	ldr	r0, [pc, #12]	@ (80098ac <HAL_UART_RxCpltCallback+0x2c>)
 800989e:	f7ff fef9 	bl	8009694 <HAL_UART_Receive_IT>
 80098a2:	e7f2      	b.n	800988a <HAL_UART_RxCpltCallback+0xa>
 80098a4:	40013800 	.word	0x40013800
 80098a8:	2000063c 	.word	0x2000063c
 80098ac:	200007f8 	.word	0x200007f8

080098b0 <USB_EnableGlobalInt>:
 80098b0:	4603      	mov	r3, r0
 80098b2:	2000      	movs	r0, #0
 80098b4:	f8a3 0044 	strh.w	r0, [r3, #68]	@ 0x44
 80098b8:	f64b 7280 	movw	r2, #49024	@ 0xbf80
 80098bc:	f8a3 2040 	strh.w	r2, [r3, #64]	@ 0x40
 80098c0:	4770      	bx	lr

080098c2 <USB_DisableGlobalInt>:
 80098c2:	f8b0 3040 	ldrh.w	r3, [r0, #64]	@ 0x40
 80098c6:	b29b      	uxth	r3, r3
 80098c8:	f423 537e 	bic.w	r3, r3, #16256	@ 0x3f80
 80098cc:	045b      	lsls	r3, r3, #17
 80098ce:	0c5b      	lsrs	r3, r3, #17
 80098d0:	f8a0 3040 	strh.w	r3, [r0, #64]	@ 0x40
 80098d4:	2000      	movs	r0, #0
 80098d6:	4770      	bx	lr

080098d8 <USB_DevInit>:
 80098d8:	b082      	sub	sp, #8
 80098da:	4603      	mov	r3, r0
 80098dc:	a802      	add	r0, sp, #8
 80098de:	e900 0006 	stmdb	r0, {r1, r2}
 80098e2:	2201      	movs	r2, #1
 80098e4:	f8a3 2040 	strh.w	r2, [r3, #64]	@ 0x40
 80098e8:	2000      	movs	r0, #0
 80098ea:	f8a3 0040 	strh.w	r0, [r3, #64]	@ 0x40
 80098ee:	f8a3 0044 	strh.w	r0, [r3, #68]	@ 0x44
 80098f2:	f8a3 0050 	strh.w	r0, [r3, #80]	@ 0x50
 80098f6:	b002      	add	sp, #8
 80098f8:	4770      	bx	lr

080098fa <USB_ActivateEndpoint>:
 80098fa:	b500      	push	{lr}
 80098fc:	4603      	mov	r3, r0
 80098fe:	f891 c000 	ldrb.w	ip, [r1]
 8009902:	f830 202c 	ldrh.w	r2, [r0, ip, lsl #2]
 8009906:	b292      	uxth	r2, r2
 8009908:	f422 42ec 	bic.w	r2, r2, #30208	@ 0x7600
 800990c:	f022 0270 	bic.w	r2, r2, #112	@ 0x70
 8009910:	b292      	uxth	r2, r2
 8009912:	78c8      	ldrb	r0, [r1, #3]
 8009914:	2802      	cmp	r0, #2
 8009916:	d067      	beq.n	80099e8 <USB_ActivateEndpoint+0xee>
 8009918:	d808      	bhi.n	800992c <USB_ActivateEndpoint+0x32>
 800991a:	b178      	cbz	r0, 800993c <USB_ActivateEndpoint+0x42>
 800991c:	2801      	cmp	r0, #1
 800991e:	d103      	bne.n	8009928 <USB_ActivateEndpoint+0x2e>
 8009920:	f442 6280 	orr.w	r2, r2, #1024	@ 0x400
 8009924:	2000      	movs	r0, #0
 8009926:	e00b      	b.n	8009940 <USB_ActivateEndpoint+0x46>
 8009928:	2001      	movs	r0, #1
 800992a:	e009      	b.n	8009940 <USB_ActivateEndpoint+0x46>
 800992c:	2803      	cmp	r0, #3
 800992e:	d103      	bne.n	8009938 <USB_ActivateEndpoint+0x3e>
 8009930:	f442 62c0 	orr.w	r2, r2, #1536	@ 0x600
 8009934:	2000      	movs	r0, #0
 8009936:	e003      	b.n	8009940 <USB_ActivateEndpoint+0x46>
 8009938:	2001      	movs	r0, #1
 800993a:	e001      	b.n	8009940 <USB_ActivateEndpoint+0x46>
 800993c:	f442 7200 	orr.w	r2, r2, #512	@ 0x200
 8009940:	f248 0e80 	movw	lr, #32896	@ 0x8080
 8009944:	ea42 020e 	orr.w	r2, r2, lr
 8009948:	f823 202c 	strh.w	r2, [r3, ip, lsl #2]
 800994c:	f891 c000 	ldrb.w	ip, [r1]
 8009950:	f833 202c 	ldrh.w	r2, [r3, ip, lsl #2]
 8009954:	b292      	uxth	r2, r2
 8009956:	f422 42e0 	bic.w	r2, r2, #28672	@ 0x7000
 800995a:	f022 0270 	bic.w	r2, r2, #112	@ 0x70
 800995e:	ea4c 0202 	orr.w	r2, ip, r2
 8009962:	ea42 020e 	orr.w	r2, r2, lr
 8009966:	f823 202c 	strh.w	r2, [r3, ip, lsl #2]
 800996a:	7b0a      	ldrb	r2, [r1, #12]
 800996c:	2a00      	cmp	r2, #0
 800996e:	f040 80dc 	bne.w	8009b2a <USB_ActivateEndpoint+0x230>
 8009972:	784a      	ldrb	r2, [r1, #1]
 8009974:	2a00      	cmp	r2, #0
 8009976:	d048      	beq.n	8009a0a <USB_ActivateEndpoint+0x110>
 8009978:	f8b3 2050 	ldrh.w	r2, [r3, #80]	@ 0x50
 800997c:	fa13 f282 	uxtah	r2, r3, r2
 8009980:	f891 c000 	ldrb.w	ip, [r1]
 8009984:	eb02 02cc 	add.w	r2, r2, ip, lsl #3
 8009988:	f8b1 c006 	ldrh.w	ip, [r1, #6]
 800998c:	ea4f 0c5c 	mov.w	ip, ip, lsr #1
 8009990:	ea4f 0c4c 	mov.w	ip, ip, lsl #1
 8009994:	f8a2 c400 	strh.w	ip, [r2, #1024]	@ 0x400
 8009998:	f891 c000 	ldrb.w	ip, [r1]
 800999c:	f833 202c 	ldrh.w	r2, [r3, ip, lsl #2]
 80099a0:	f012 0f40 	tst.w	r2, #64	@ 0x40
 80099a4:	d00c      	beq.n	80099c0 <USB_ActivateEndpoint+0xc6>
 80099a6:	f833 202c 	ldrh.w	r2, [r3, ip, lsl #2]
 80099aa:	b292      	uxth	r2, r2
 80099ac:	f422 42e0 	bic.w	r2, r2, #28672	@ 0x7000
 80099b0:	f022 0270 	bic.w	r2, r2, #112	@ 0x70
 80099b4:	f442 4200 	orr.w	r2, r2, #32768	@ 0x8000
 80099b8:	f042 02c0 	orr.w	r2, r2, #192	@ 0xc0
 80099bc:	f823 202c 	strh.w	r2, [r3, ip, lsl #2]
 80099c0:	78ca      	ldrb	r2, [r1, #3]
 80099c2:	2a01      	cmp	r2, #1
 80099c4:	d012      	beq.n	80099ec <USB_ActivateEndpoint+0xf2>
 80099c6:	7809      	ldrb	r1, [r1, #0]
 80099c8:	f833 2021 	ldrh.w	r2, [r3, r1, lsl #2]
 80099cc:	b292      	uxth	r2, r2
 80099ce:	f422 42e0 	bic.w	r2, r2, #28672	@ 0x7000
 80099d2:	f022 0240 	bic.w	r2, r2, #64	@ 0x40
 80099d6:	f082 0220 	eor.w	r2, r2, #32
 80099da:	f442 4200 	orr.w	r2, r2, #32768	@ 0x8000
 80099de:	f042 0280 	orr.w	r2, r2, #128	@ 0x80
 80099e2:	f823 2021 	strh.w	r2, [r3, r1, lsl #2]
 80099e6:	e1d8      	b.n	8009d9a <USB_ActivateEndpoint+0x4a0>
 80099e8:	2000      	movs	r0, #0
 80099ea:	e7a9      	b.n	8009940 <USB_ActivateEndpoint+0x46>
 80099ec:	7809      	ldrb	r1, [r1, #0]
 80099ee:	f833 2021 	ldrh.w	r2, [r3, r1, lsl #2]
 80099f2:	b292      	uxth	r2, r2
 80099f4:	f422 42e0 	bic.w	r2, r2, #28672	@ 0x7000
 80099f8:	f022 0240 	bic.w	r2, r2, #64	@ 0x40
 80099fc:	f442 4200 	orr.w	r2, r2, #32768	@ 0x8000
 8009a00:	f042 0280 	orr.w	r2, r2, #128	@ 0x80
 8009a04:	f823 2021 	strh.w	r2, [r3, r1, lsl #2]
 8009a08:	e1c7      	b.n	8009d9a <USB_ActivateEndpoint+0x4a0>
 8009a0a:	f8b3 2050 	ldrh.w	r2, [r3, #80]	@ 0x50
 8009a0e:	fa13 f282 	uxtah	r2, r3, r2
 8009a12:	f891 c000 	ldrb.w	ip, [r1]
 8009a16:	eb02 02cc 	add.w	r2, r2, ip, lsl #3
 8009a1a:	f8b1 c006 	ldrh.w	ip, [r1, #6]
 8009a1e:	ea4f 0c5c 	mov.w	ip, ip, lsr #1
 8009a22:	ea4f 0c4c 	mov.w	ip, ip, lsl #1
 8009a26:	f8a2 c404 	strh.w	ip, [r2, #1028]	@ 0x404
 8009a2a:	f8b3 2050 	ldrh.w	r2, [r3, #80]	@ 0x50
 8009a2e:	fa13 f282 	uxtah	r2, r3, r2
 8009a32:	f891 c000 	ldrb.w	ip, [r1]
 8009a36:	eb02 02cc 	add.w	r2, r2, ip, lsl #3
 8009a3a:	f8b2 c406 	ldrh.w	ip, [r2, #1030]	@ 0x406
 8009a3e:	f3cc 0c09 	ubfx	ip, ip, #0, #10
 8009a42:	f8a2 c406 	strh.w	ip, [r2, #1030]	@ 0x406
 8009a46:	f8d1 c010 	ldr.w	ip, [r1, #16]
 8009a4a:	f1bc 0f00 	cmp.w	ip, #0
 8009a4e:	d12f      	bne.n	8009ab0 <USB_ActivateEndpoint+0x1b6>
 8009a50:	f8b2 c406 	ldrh.w	ip, [r2, #1030]	@ 0x406
 8009a54:	ea6f 4c4c 	mvn.w	ip, ip, lsl #17
 8009a58:	ea6f 4c5c 	mvn.w	ip, ip, lsr #17
 8009a5c:	fa1f fc8c 	uxth.w	ip, ip
 8009a60:	f8a2 c406 	strh.w	ip, [r2, #1030]	@ 0x406
 8009a64:	f891 c000 	ldrb.w	ip, [r1]
 8009a68:	f833 202c 	ldrh.w	r2, [r3, ip, lsl #2]
 8009a6c:	f412 4f80 	tst.w	r2, #16384	@ 0x4000
 8009a70:	d00c      	beq.n	8009a8c <USB_ActivateEndpoint+0x192>
 8009a72:	f833 202c 	ldrh.w	r2, [r3, ip, lsl #2]
 8009a76:	b292      	uxth	r2, r2
 8009a78:	f422 42e0 	bic.w	r2, r2, #28672	@ 0x7000
 8009a7c:	f022 0270 	bic.w	r2, r2, #112	@ 0x70
 8009a80:	f442 4240 	orr.w	r2, r2, #49152	@ 0xc000
 8009a84:	f042 0280 	orr.w	r2, r2, #128	@ 0x80
 8009a88:	f823 202c 	strh.w	r2, [r3, ip, lsl #2]
 8009a8c:	7809      	ldrb	r1, [r1, #0]
 8009a8e:	bbe1      	cbnz	r1, 8009b0a <USB_ActivateEndpoint+0x210>
 8009a90:	f833 2021 	ldrh.w	r2, [r3, r1, lsl #2]
 8009a94:	b292      	uxth	r2, r2
 8009a96:	f422 4280 	bic.w	r2, r2, #16384	@ 0x4000
 8009a9a:	f022 0270 	bic.w	r2, r2, #112	@ 0x70
 8009a9e:	f482 5240 	eor.w	r2, r2, #12288	@ 0x3000
 8009aa2:	f442 4200 	orr.w	r2, r2, #32768	@ 0x8000
 8009aa6:	f042 0280 	orr.w	r2, r2, #128	@ 0x80
 8009aaa:	f823 2021 	strh.w	r2, [r3, r1, lsl #2]
 8009aae:	e174      	b.n	8009d9a <USB_ActivateEndpoint+0x4a0>
 8009ab0:	f1bc 0f3e 	cmp.w	ip, #62	@ 0x3e
 8009ab4:	d813      	bhi.n	8009ade <USB_ActivateEndpoint+0x1e4>
 8009ab6:	ea4f 0e5c 	mov.w	lr, ip, lsr #1
 8009aba:	f01c 0f01 	tst.w	ip, #1
 8009abe:	d001      	beq.n	8009ac4 <USB_ActivateEndpoint+0x1ca>
 8009ac0:	f10e 0e01 	add.w	lr, lr, #1
 8009ac4:	f8b2 c406 	ldrh.w	ip, [r2, #1030]	@ 0x406
 8009ac8:	fa1f fc8c 	uxth.w	ip, ip
 8009acc:	ea4f 2e8e 	mov.w	lr, lr, lsl #10
 8009ad0:	fa1f fe8e 	uxth.w	lr, lr
 8009ad4:	ea4c 0c0e 	orr.w	ip, ip, lr
 8009ad8:	f8a2 c406 	strh.w	ip, [r2, #1030]	@ 0x406
 8009adc:	e7c2      	b.n	8009a64 <USB_ActivateEndpoint+0x16a>
 8009ade:	ea4f 1e5c 	mov.w	lr, ip, lsr #5
 8009ae2:	f01c 0f1f 	tst.w	ip, #31
 8009ae6:	d101      	bne.n	8009aec <USB_ActivateEndpoint+0x1f2>
 8009ae8:	f10e 3eff 	add.w	lr, lr, #4294967295
 8009aec:	f8b2 c406 	ldrh.w	ip, [r2, #1030]	@ 0x406
 8009af0:	fa1f fc8c 	uxth.w	ip, ip
 8009af4:	ea4f 2e8e 	mov.w	lr, lr, lsl #10
 8009af8:	fa1f fe8e 	uxth.w	lr, lr
 8009afc:	ea4c 0c0e 	orr.w	ip, ip, lr
 8009b00:	f44c 4c00 	orr.w	ip, ip, #32768	@ 0x8000
 8009b04:	f8a2 c406 	strh.w	ip, [r2, #1030]	@ 0x406
 8009b08:	e7ac      	b.n	8009a64 <USB_ActivateEndpoint+0x16a>
 8009b0a:	f833 2021 	ldrh.w	r2, [r3, r1, lsl #2]
 8009b0e:	b292      	uxth	r2, r2
 8009b10:	f422 4280 	bic.w	r2, r2, #16384	@ 0x4000
 8009b14:	f022 0270 	bic.w	r2, r2, #112	@ 0x70
 8009b18:	f482 5200 	eor.w	r2, r2, #8192	@ 0x2000
 8009b1c:	f442 4200 	orr.w	r2, r2, #32768	@ 0x8000
 8009b20:	f042 0280 	orr.w	r2, r2, #128	@ 0x80
 8009b24:	f823 2021 	strh.w	r2, [r3, r1, lsl #2]
 8009b28:	e137      	b.n	8009d9a <USB_ActivateEndpoint+0x4a0>
 8009b2a:	78ca      	ldrb	r2, [r1, #3]
 8009b2c:	2a02      	cmp	r2, #2
 8009b2e:	d07b      	beq.n	8009c28 <USB_ActivateEndpoint+0x32e>
 8009b30:	f891 c000 	ldrb.w	ip, [r1]
 8009b34:	f833 202c 	ldrh.w	r2, [r3, ip, lsl #2]
 8009b38:	b292      	uxth	r2, r2
 8009b3a:	f422 42e2 	bic.w	r2, r2, #28928	@ 0x7100
 8009b3e:	f022 0270 	bic.w	r2, r2, #112	@ 0x70
 8009b42:	f442 4200 	orr.w	r2, r2, #32768	@ 0x8000
 8009b46:	f042 0280 	orr.w	r2, r2, #128	@ 0x80
 8009b4a:	f823 202c 	strh.w	r2, [r3, ip, lsl #2]
 8009b4e:	f8b3 2050 	ldrh.w	r2, [r3, #80]	@ 0x50
 8009b52:	fa13 f282 	uxtah	r2, r3, r2
 8009b56:	f891 c000 	ldrb.w	ip, [r1]
 8009b5a:	eb02 02cc 	add.w	r2, r2, ip, lsl #3
 8009b5e:	f8b1 c008 	ldrh.w	ip, [r1, #8]
 8009b62:	ea4f 0c5c 	mov.w	ip, ip, lsr #1
 8009b66:	ea4f 0c4c 	mov.w	ip, ip, lsl #1
 8009b6a:	f8a2 c400 	strh.w	ip, [r2, #1024]	@ 0x400
 8009b6e:	f8b3 2050 	ldrh.w	r2, [r3, #80]	@ 0x50
 8009b72:	fa13 f282 	uxtah	r2, r3, r2
 8009b76:	f891 c000 	ldrb.w	ip, [r1]
 8009b7a:	eb02 02cc 	add.w	r2, r2, ip, lsl #3
 8009b7e:	f8b1 c00a 	ldrh.w	ip, [r1, #10]
 8009b82:	ea4f 0c5c 	mov.w	ip, ip, lsr #1
 8009b86:	ea4f 0c4c 	mov.w	ip, ip, lsl #1
 8009b8a:	f8a2 c404 	strh.w	ip, [r2, #1028]	@ 0x404
 8009b8e:	784a      	ldrb	r2, [r1, #1]
 8009b90:	2a00      	cmp	r2, #0
 8009b92:	f040 8110 	bne.w	8009db6 <USB_ActivateEndpoint+0x4bc>
 8009b96:	f891 c000 	ldrb.w	ip, [r1]
 8009b9a:	f833 202c 	ldrh.w	r2, [r3, ip, lsl #2]
 8009b9e:	f412 4f80 	tst.w	r2, #16384	@ 0x4000
 8009ba2:	d00c      	beq.n	8009bbe <USB_ActivateEndpoint+0x2c4>
 8009ba4:	f833 202c 	ldrh.w	r2, [r3, ip, lsl #2]
 8009ba8:	b292      	uxth	r2, r2
 8009baa:	f422 42e0 	bic.w	r2, r2, #28672	@ 0x7000
 8009bae:	f022 0270 	bic.w	r2, r2, #112	@ 0x70
 8009bb2:	f442 4240 	orr.w	r2, r2, #49152	@ 0xc000
 8009bb6:	f042 0280 	orr.w	r2, r2, #128	@ 0x80
 8009bba:	f823 202c 	strh.w	r2, [r3, ip, lsl #2]
 8009bbe:	f891 c000 	ldrb.w	ip, [r1]
 8009bc2:	f833 202c 	ldrh.w	r2, [r3, ip, lsl #2]
 8009bc6:	f012 0f40 	tst.w	r2, #64	@ 0x40
 8009bca:	d00c      	beq.n	8009be6 <USB_ActivateEndpoint+0x2ec>
 8009bcc:	f833 202c 	ldrh.w	r2, [r3, ip, lsl #2]
 8009bd0:	b292      	uxth	r2, r2
 8009bd2:	f422 42e0 	bic.w	r2, r2, #28672	@ 0x7000
 8009bd6:	f022 0270 	bic.w	r2, r2, #112	@ 0x70
 8009bda:	f442 4200 	orr.w	r2, r2, #32768	@ 0x8000
 8009bde:	f042 02c0 	orr.w	r2, r2, #192	@ 0xc0
 8009be2:	f823 202c 	strh.w	r2, [r3, ip, lsl #2]
 8009be6:	784a      	ldrb	r2, [r1, #1]
 8009be8:	2a00      	cmp	r2, #0
 8009bea:	d15a      	bne.n	8009ca2 <USB_ActivateEndpoint+0x3a8>
 8009bec:	f8b3 2050 	ldrh.w	r2, [r3, #80]	@ 0x50
 8009bf0:	fa13 f282 	uxtah	r2, r3, r2
 8009bf4:	f891 c000 	ldrb.w	ip, [r1]
 8009bf8:	eb02 02cc 	add.w	r2, r2, ip, lsl #3
 8009bfc:	f8b2 c402 	ldrh.w	ip, [r2, #1026]	@ 0x402
 8009c00:	f3cc 0c09 	ubfx	ip, ip, #0, #10
 8009c04:	f8a2 c402 	strh.w	ip, [r2, #1026]	@ 0x402
 8009c08:	f8d1 c010 	ldr.w	ip, [r1, #16]
 8009c0c:	f1bc 0f00 	cmp.w	ip, #0
 8009c10:	d11a      	bne.n	8009c48 <USB_ActivateEndpoint+0x34e>
 8009c12:	f8b2 c402 	ldrh.w	ip, [r2, #1026]	@ 0x402
 8009c16:	ea6f 4c4c 	mvn.w	ip, ip, lsl #17
 8009c1a:	ea6f 4c5c 	mvn.w	ip, ip, lsr #17
 8009c1e:	fa1f fc8c 	uxth.w	ip, ip
 8009c22:	f8a2 c402 	strh.w	ip, [r2, #1026]	@ 0x402
 8009c26:	e03e      	b.n	8009ca6 <USB_ActivateEndpoint+0x3ac>
 8009c28:	f891 c000 	ldrb.w	ip, [r1]
 8009c2c:	f833 202c 	ldrh.w	r2, [r3, ip, lsl #2]
 8009c30:	b292      	uxth	r2, r2
 8009c32:	f422 42e0 	bic.w	r2, r2, #28672	@ 0x7000
 8009c36:	f022 0270 	bic.w	r2, r2, #112	@ 0x70
 8009c3a:	f442 4201 	orr.w	r2, r2, #33024	@ 0x8100
 8009c3e:	f042 0280 	orr.w	r2, r2, #128	@ 0x80
 8009c42:	f823 202c 	strh.w	r2, [r3, ip, lsl #2]
 8009c46:	e782      	b.n	8009b4e <USB_ActivateEndpoint+0x254>
 8009c48:	f1bc 0f3e 	cmp.w	ip, #62	@ 0x3e
 8009c4c:	d813      	bhi.n	8009c76 <USB_ActivateEndpoint+0x37c>
 8009c4e:	ea4f 0e5c 	mov.w	lr, ip, lsr #1
 8009c52:	f01c 0f01 	tst.w	ip, #1
 8009c56:	d001      	beq.n	8009c5c <USB_ActivateEndpoint+0x362>
 8009c58:	f10e 0e01 	add.w	lr, lr, #1
 8009c5c:	f8b2 c402 	ldrh.w	ip, [r2, #1026]	@ 0x402
 8009c60:	fa1f fc8c 	uxth.w	ip, ip
 8009c64:	ea4f 2e8e 	mov.w	lr, lr, lsl #10
 8009c68:	fa1f fe8e 	uxth.w	lr, lr
 8009c6c:	ea4c 0c0e 	orr.w	ip, ip, lr
 8009c70:	f8a2 c402 	strh.w	ip, [r2, #1026]	@ 0x402
 8009c74:	e017      	b.n	8009ca6 <USB_ActivateEndpoint+0x3ac>
 8009c76:	ea4f 1e5c 	mov.w	lr, ip, lsr #5
 8009c7a:	f01c 0f1f 	tst.w	ip, #31
 8009c7e:	d101      	bne.n	8009c84 <USB_ActivateEndpoint+0x38a>
 8009c80:	f10e 3eff 	add.w	lr, lr, #4294967295
 8009c84:	f8b2 c402 	ldrh.w	ip, [r2, #1026]	@ 0x402
 8009c88:	fa1f fc8c 	uxth.w	ip, ip
 8009c8c:	ea4f 2e8e 	mov.w	lr, lr, lsl #10
 8009c90:	fa1f fe8e 	uxth.w	lr, lr
 8009c94:	ea4c 0c0e 	orr.w	ip, ip, lr
 8009c98:	f44c 4c00 	orr.w	ip, ip, #32768	@ 0x8000
 8009c9c:	f8a2 c402 	strh.w	ip, [r2, #1026]	@ 0x402
 8009ca0:	e001      	b.n	8009ca6 <USB_ActivateEndpoint+0x3ac>
 8009ca2:	2a01      	cmp	r2, #1
 8009ca4:	d020      	beq.n	8009ce8 <USB_ActivateEndpoint+0x3ee>
 8009ca6:	784a      	ldrb	r2, [r1, #1]
 8009ca8:	2a00      	cmp	r2, #0
 8009caa:	d157      	bne.n	8009d5c <USB_ActivateEndpoint+0x462>
 8009cac:	f8b3 2050 	ldrh.w	r2, [r3, #80]	@ 0x50
 8009cb0:	fa13 f282 	uxtah	r2, r3, r2
 8009cb4:	f891 c000 	ldrb.w	ip, [r1]
 8009cb8:	eb02 02cc 	add.w	r2, r2, ip, lsl #3
 8009cbc:	f8b2 c406 	ldrh.w	ip, [r2, #1030]	@ 0x406
 8009cc0:	f3cc 0c09 	ubfx	ip, ip, #0, #10
 8009cc4:	f8a2 c406 	strh.w	ip, [r2, #1030]	@ 0x406
 8009cc8:	f8d1 c010 	ldr.w	ip, [r1, #16]
 8009ccc:	f1bc 0f00 	cmp.w	ip, #0
 8009cd0:	d117      	bne.n	8009d02 <USB_ActivateEndpoint+0x408>
 8009cd2:	f8b2 c406 	ldrh.w	ip, [r2, #1030]	@ 0x406
 8009cd6:	ea6f 4c4c 	mvn.w	ip, ip, lsl #17
 8009cda:	ea6f 4c5c 	mvn.w	ip, ip, lsr #17
 8009cde:	fa1f fc8c 	uxth.w	ip, ip
 8009ce2:	f8a2 c406 	strh.w	ip, [r2, #1030]	@ 0x406
 8009ce6:	e03b      	b.n	8009d60 <USB_ActivateEndpoint+0x466>
 8009ce8:	f8b3 2050 	ldrh.w	r2, [r3, #80]	@ 0x50
 8009cec:	fa13 f282 	uxtah	r2, r3, r2
 8009cf0:	f891 c000 	ldrb.w	ip, [r1]
 8009cf4:	eb02 02cc 	add.w	r2, r2, ip, lsl #3
 8009cf8:	f8b1 c010 	ldrh.w	ip, [r1, #16]
 8009cfc:	f8a2 c402 	strh.w	ip, [r2, #1026]	@ 0x402
 8009d00:	e7d1      	b.n	8009ca6 <USB_ActivateEndpoint+0x3ac>
 8009d02:	f1bc 0f3e 	cmp.w	ip, #62	@ 0x3e
 8009d06:	d813      	bhi.n	8009d30 <USB_ActivateEndpoint+0x436>
 8009d08:	ea4f 0e5c 	mov.w	lr, ip, lsr #1
 8009d0c:	f01c 0f01 	tst.w	ip, #1
 8009d10:	d001      	beq.n	8009d16 <USB_ActivateEndpoint+0x41c>
 8009d12:	f10e 0e01 	add.w	lr, lr, #1
 8009d16:	f8b2 c406 	ldrh.w	ip, [r2, #1030]	@ 0x406
 8009d1a:	fa1f fc8c 	uxth.w	ip, ip
 8009d1e:	ea4f 2e8e 	mov.w	lr, lr, lsl #10
 8009d22:	fa1f fe8e 	uxth.w	lr, lr
 8009d26:	ea4c 0c0e 	orr.w	ip, ip, lr
 8009d2a:	f8a2 c406 	strh.w	ip, [r2, #1030]	@ 0x406
 8009d2e:	e017      	b.n	8009d60 <USB_ActivateEndpoint+0x466>
 8009d30:	ea4f 1e5c 	mov.w	lr, ip, lsr #5
 8009d34:	f01c 0f1f 	tst.w	ip, #31
 8009d38:	d101      	bne.n	8009d3e <USB_ActivateEndpoint+0x444>
 8009d3a:	f10e 3eff 	add.w	lr, lr, #4294967295
 8009d3e:	f8b2 c406 	ldrh.w	ip, [r2, #1030]	@ 0x406
 8009d42:	fa1f fc8c 	uxth.w	ip, ip
 8009d46:	ea4f 2e8e 	mov.w	lr, lr, lsl #10
 8009d4a:	fa1f fe8e 	uxth.w	lr, lr
 8009d4e:	ea4c 0c0e 	orr.w	ip, ip, lr
 8009d52:	f44c 4c00 	orr.w	ip, ip, #32768	@ 0x8000
 8009d56:	f8a2 c406 	strh.w	ip, [r2, #1030]	@ 0x406
 8009d5a:	e001      	b.n	8009d60 <USB_ActivateEndpoint+0x466>
 8009d5c:	2a01      	cmp	r2, #1
 8009d5e:	d01d      	beq.n	8009d9c <USB_ActivateEndpoint+0x4a2>
 8009d60:	f891 e000 	ldrb.w	lr, [r1]
 8009d64:	f833 202e 	ldrh.w	r2, [r3, lr, lsl #2]
 8009d68:	b292      	uxth	r2, r2
 8009d6a:	f422 4280 	bic.w	r2, r2, #16384	@ 0x4000
 8009d6e:	f022 0270 	bic.w	r2, r2, #112	@ 0x70
 8009d72:	f482 5240 	eor.w	r2, r2, #12288	@ 0x3000
 8009d76:	f248 0c80 	movw	ip, #32896	@ 0x8080
 8009d7a:	ea42 020c 	orr.w	r2, r2, ip
 8009d7e:	f823 202e 	strh.w	r2, [r3, lr, lsl #2]
 8009d82:	7809      	ldrb	r1, [r1, #0]
 8009d84:	f833 2021 	ldrh.w	r2, [r3, r1, lsl #2]
 8009d88:	b292      	uxth	r2, r2
 8009d8a:	f422 42e0 	bic.w	r2, r2, #28672	@ 0x7000
 8009d8e:	f022 0240 	bic.w	r2, r2, #64	@ 0x40
 8009d92:	ea42 020c 	orr.w	r2, r2, ip
 8009d96:	f823 2021 	strh.w	r2, [r3, r1, lsl #2]
 8009d9a:	bd00      	pop	{pc}
 8009d9c:	f8b3 2050 	ldrh.w	r2, [r3, #80]	@ 0x50
 8009da0:	fa13 f282 	uxtah	r2, r3, r2
 8009da4:	f891 c000 	ldrb.w	ip, [r1]
 8009da8:	eb02 02cc 	add.w	r2, r2, ip, lsl #3
 8009dac:	f8b1 c010 	ldrh.w	ip, [r1, #16]
 8009db0:	f8a2 c406 	strh.w	ip, [r2, #1030]	@ 0x406
 8009db4:	e7d4      	b.n	8009d60 <USB_ActivateEndpoint+0x466>
 8009db6:	f891 c000 	ldrb.w	ip, [r1]
 8009dba:	f833 202c 	ldrh.w	r2, [r3, ip, lsl #2]
 8009dbe:	f412 4f80 	tst.w	r2, #16384	@ 0x4000
 8009dc2:	d00c      	beq.n	8009dde <USB_ActivateEndpoint+0x4e4>
 8009dc4:	f833 202c 	ldrh.w	r2, [r3, ip, lsl #2]
 8009dc8:	b292      	uxth	r2, r2
 8009dca:	f422 42e0 	bic.w	r2, r2, #28672	@ 0x7000
 8009dce:	f022 0270 	bic.w	r2, r2, #112	@ 0x70
 8009dd2:	f442 4240 	orr.w	r2, r2, #49152	@ 0xc000
 8009dd6:	f042 0280 	orr.w	r2, r2, #128	@ 0x80
 8009dda:	f823 202c 	strh.w	r2, [r3, ip, lsl #2]
 8009dde:	f891 c000 	ldrb.w	ip, [r1]
 8009de2:	f833 202c 	ldrh.w	r2, [r3, ip, lsl #2]
 8009de6:	f012 0f40 	tst.w	r2, #64	@ 0x40
 8009dea:	d00c      	beq.n	8009e06 <USB_ActivateEndpoint+0x50c>
 8009dec:	f833 202c 	ldrh.w	r2, [r3, ip, lsl #2]
 8009df0:	b292      	uxth	r2, r2
 8009df2:	f422 42e0 	bic.w	r2, r2, #28672	@ 0x7000
 8009df6:	f022 0270 	bic.w	r2, r2, #112	@ 0x70
 8009dfa:	f442 4200 	orr.w	r2, r2, #32768	@ 0x8000
 8009dfe:	f042 02c0 	orr.w	r2, r2, #192	@ 0xc0
 8009e02:	f823 202c 	strh.w	r2, [r3, ip, lsl #2]
 8009e06:	78ca      	ldrb	r2, [r1, #3]
 8009e08:	2a01      	cmp	r2, #1
 8009e0a:	d01f      	beq.n	8009e4c <USB_ActivateEndpoint+0x552>
 8009e0c:	f891 c000 	ldrb.w	ip, [r1]
 8009e10:	f833 202c 	ldrh.w	r2, [r3, ip, lsl #2]
 8009e14:	b292      	uxth	r2, r2
 8009e16:	f422 42e0 	bic.w	r2, r2, #28672	@ 0x7000
 8009e1a:	f022 0240 	bic.w	r2, r2, #64	@ 0x40
 8009e1e:	f082 0220 	eor.w	r2, r2, #32
 8009e22:	f442 4200 	orr.w	r2, r2, #32768	@ 0x8000
 8009e26:	f042 0280 	orr.w	r2, r2, #128	@ 0x80
 8009e2a:	f823 202c 	strh.w	r2, [r3, ip, lsl #2]
 8009e2e:	7809      	ldrb	r1, [r1, #0]
 8009e30:	f833 2021 	ldrh.w	r2, [r3, r1, lsl #2]
 8009e34:	b292      	uxth	r2, r2
 8009e36:	f422 4280 	bic.w	r2, r2, #16384	@ 0x4000
 8009e3a:	f022 0270 	bic.w	r2, r2, #112	@ 0x70
 8009e3e:	f442 4200 	orr.w	r2, r2, #32768	@ 0x8000
 8009e42:	f042 0280 	orr.w	r2, r2, #128	@ 0x80
 8009e46:	f823 2021 	strh.w	r2, [r3, r1, lsl #2]
 8009e4a:	e7a6      	b.n	8009d9a <USB_ActivateEndpoint+0x4a0>
 8009e4c:	f891 c000 	ldrb.w	ip, [r1]
 8009e50:	f833 202c 	ldrh.w	r2, [r3, ip, lsl #2]
 8009e54:	b292      	uxth	r2, r2
 8009e56:	f422 42e0 	bic.w	r2, r2, #28672	@ 0x7000
 8009e5a:	f022 0240 	bic.w	r2, r2, #64	@ 0x40
 8009e5e:	f442 4200 	orr.w	r2, r2, #32768	@ 0x8000
 8009e62:	f042 0280 	orr.w	r2, r2, #128	@ 0x80
 8009e66:	f823 202c 	strh.w	r2, [r3, ip, lsl #2]
 8009e6a:	e7e0      	b.n	8009e2e <USB_ActivateEndpoint+0x534>

08009e6c <USB_DeactivateEndpoint>:
 8009e6c:	7b0b      	ldrb	r3, [r1, #12]
 8009e6e:	2b00      	cmp	r3, #0
 8009e70:	d146      	bne.n	8009f00 <USB_DeactivateEndpoint+0x94>
 8009e72:	784b      	ldrb	r3, [r1, #1]
 8009e74:	b313      	cbz	r3, 8009ebc <USB_DeactivateEndpoint+0x50>
 8009e76:	780a      	ldrb	r2, [r1, #0]
 8009e78:	f830 3022 	ldrh.w	r3, [r0, r2, lsl #2]
 8009e7c:	f013 0f40 	tst.w	r3, #64	@ 0x40
 8009e80:	d00c      	beq.n	8009e9c <USB_DeactivateEndpoint+0x30>
 8009e82:	f830 3022 	ldrh.w	r3, [r0, r2, lsl #2]
 8009e86:	b29b      	uxth	r3, r3
 8009e88:	f423 43e0 	bic.w	r3, r3, #28672	@ 0x7000
 8009e8c:	f023 0370 	bic.w	r3, r3, #112	@ 0x70
 8009e90:	f443 4300 	orr.w	r3, r3, #32768	@ 0x8000
 8009e94:	f043 03c0 	orr.w	r3, r3, #192	@ 0xc0
 8009e98:	f820 3022 	strh.w	r3, [r0, r2, lsl #2]
 8009e9c:	780a      	ldrb	r2, [r1, #0]
 8009e9e:	f830 3022 	ldrh.w	r3, [r0, r2, lsl #2]
 8009ea2:	b29b      	uxth	r3, r3
 8009ea4:	f423 43e0 	bic.w	r3, r3, #28672	@ 0x7000
 8009ea8:	f023 0340 	bic.w	r3, r3, #64	@ 0x40
 8009eac:	f443 4300 	orr.w	r3, r3, #32768	@ 0x8000
 8009eb0:	f043 0380 	orr.w	r3, r3, #128	@ 0x80
 8009eb4:	f820 3022 	strh.w	r3, [r0, r2, lsl #2]
 8009eb8:	2000      	movs	r0, #0
 8009eba:	4770      	bx	lr
 8009ebc:	780a      	ldrb	r2, [r1, #0]
 8009ebe:	f830 3022 	ldrh.w	r3, [r0, r2, lsl #2]
 8009ec2:	f413 4f80 	tst.w	r3, #16384	@ 0x4000
 8009ec6:	d00c      	beq.n	8009ee2 <USB_DeactivateEndpoint+0x76>
 8009ec8:	f830 3022 	ldrh.w	r3, [r0, r2, lsl #2]
 8009ecc:	b29b      	uxth	r3, r3
 8009ece:	f423 43e0 	bic.w	r3, r3, #28672	@ 0x7000
 8009ed2:	f023 0370 	bic.w	r3, r3, #112	@ 0x70
 8009ed6:	f443 4340 	orr.w	r3, r3, #49152	@ 0xc000
 8009eda:	f043 0380 	orr.w	r3, r3, #128	@ 0x80
 8009ede:	f820 3022 	strh.w	r3, [r0, r2, lsl #2]
 8009ee2:	780a      	ldrb	r2, [r1, #0]
 8009ee4:	f830 3022 	ldrh.w	r3, [r0, r2, lsl #2]
 8009ee8:	b29b      	uxth	r3, r3
 8009eea:	f423 4380 	bic.w	r3, r3, #16384	@ 0x4000
 8009eee:	f023 0370 	bic.w	r3, r3, #112	@ 0x70
 8009ef2:	f443 4300 	orr.w	r3, r3, #32768	@ 0x8000
 8009ef6:	f043 0380 	orr.w	r3, r3, #128	@ 0x80
 8009efa:	f820 3022 	strh.w	r3, [r0, r2, lsl #2]
 8009efe:	e7db      	b.n	8009eb8 <USB_DeactivateEndpoint+0x4c>
 8009f00:	784b      	ldrb	r3, [r1, #1]
 8009f02:	2b00      	cmp	r3, #0
 8009f04:	d14e      	bne.n	8009fa4 <USB_DeactivateEndpoint+0x138>
 8009f06:	780a      	ldrb	r2, [r1, #0]
 8009f08:	f830 3022 	ldrh.w	r3, [r0, r2, lsl #2]
 8009f0c:	f413 4f80 	tst.w	r3, #16384	@ 0x4000
 8009f10:	d00c      	beq.n	8009f2c <USB_DeactivateEndpoint+0xc0>
 8009f12:	f830 3022 	ldrh.w	r3, [r0, r2, lsl #2]
 8009f16:	b29b      	uxth	r3, r3
 8009f18:	f423 43e0 	bic.w	r3, r3, #28672	@ 0x7000
 8009f1c:	f023 0370 	bic.w	r3, r3, #112	@ 0x70
 8009f20:	f443 4340 	orr.w	r3, r3, #49152	@ 0xc000
 8009f24:	f043 0380 	orr.w	r3, r3, #128	@ 0x80
 8009f28:	f820 3022 	strh.w	r3, [r0, r2, lsl #2]
 8009f2c:	780a      	ldrb	r2, [r1, #0]
 8009f2e:	f830 3022 	ldrh.w	r3, [r0, r2, lsl #2]
 8009f32:	f013 0f40 	tst.w	r3, #64	@ 0x40
 8009f36:	d00c      	beq.n	8009f52 <USB_DeactivateEndpoint+0xe6>
 8009f38:	f830 3022 	ldrh.w	r3, [r0, r2, lsl #2]
 8009f3c:	b29b      	uxth	r3, r3
 8009f3e:	f423 43e0 	bic.w	r3, r3, #28672	@ 0x7000
 8009f42:	f023 0370 	bic.w	r3, r3, #112	@ 0x70
 8009f46:	f443 4300 	orr.w	r3, r3, #32768	@ 0x8000
 8009f4a:	f043 03c0 	orr.w	r3, r3, #192	@ 0xc0
 8009f4e:	f820 3022 	strh.w	r3, [r0, r2, lsl #2]
 8009f52:	780a      	ldrb	r2, [r1, #0]
 8009f54:	f830 3022 	ldrh.w	r3, [r0, r2, lsl #2]
 8009f58:	b29b      	uxth	r3, r3
 8009f5a:	f423 43e0 	bic.w	r3, r3, #28672	@ 0x7000
 8009f5e:	f023 0370 	bic.w	r3, r3, #112	@ 0x70
 8009f62:	f443 4300 	orr.w	r3, r3, #32768	@ 0x8000
 8009f66:	f043 03c0 	orr.w	r3, r3, #192	@ 0xc0
 8009f6a:	f820 3022 	strh.w	r3, [r0, r2, lsl #2]
 8009f6e:	780a      	ldrb	r2, [r1, #0]
 8009f70:	f830 3022 	ldrh.w	r3, [r0, r2, lsl #2]
 8009f74:	b29b      	uxth	r3, r3
 8009f76:	f423 4380 	bic.w	r3, r3, #16384	@ 0x4000
 8009f7a:	f023 0370 	bic.w	r3, r3, #112	@ 0x70
 8009f7e:	f248 0c80 	movw	ip, #32896	@ 0x8080
 8009f82:	ea43 030c 	orr.w	r3, r3, ip
 8009f86:	f820 3022 	strh.w	r3, [r0, r2, lsl #2]
 8009f8a:	780a      	ldrb	r2, [r1, #0]
 8009f8c:	f830 3022 	ldrh.w	r3, [r0, r2, lsl #2]
 8009f90:	b29b      	uxth	r3, r3
 8009f92:	f423 43e0 	bic.w	r3, r3, #28672	@ 0x7000
 8009f96:	f023 0340 	bic.w	r3, r3, #64	@ 0x40
 8009f9a:	ea43 030c 	orr.w	r3, r3, ip
 8009f9e:	f820 3022 	strh.w	r3, [r0, r2, lsl #2]
 8009fa2:	e789      	b.n	8009eb8 <USB_DeactivateEndpoint+0x4c>
 8009fa4:	780a      	ldrb	r2, [r1, #0]
 8009fa6:	f830 3022 	ldrh.w	r3, [r0, r2, lsl #2]
 8009faa:	f413 4f80 	tst.w	r3, #16384	@ 0x4000
 8009fae:	d00c      	beq.n	8009fca <USB_DeactivateEndpoint+0x15e>
 8009fb0:	f830 3022 	ldrh.w	r3, [r0, r2, lsl #2]
 8009fb4:	b29b      	uxth	r3, r3
 8009fb6:	f423 43e0 	bic.w	r3, r3, #28672	@ 0x7000
 8009fba:	f023 0370 	bic.w	r3, r3, #112	@ 0x70
 8009fbe:	f443 4340 	orr.w	r3, r3, #49152	@ 0xc000
 8009fc2:	f043 0380 	orr.w	r3, r3, #128	@ 0x80
 8009fc6:	f820 3022 	strh.w	r3, [r0, r2, lsl #2]
 8009fca:	780a      	ldrb	r2, [r1, #0]
 8009fcc:	f830 3022 	ldrh.w	r3, [r0, r2, lsl #2]
 8009fd0:	f013 0f40 	tst.w	r3, #64	@ 0x40
 8009fd4:	d00c      	beq.n	8009ff0 <USB_DeactivateEndpoint+0x184>
 8009fd6:	f830 3022 	ldrh.w	r3, [r0, r2, lsl #2]
 8009fda:	b29b      	uxth	r3, r3
 8009fdc:	f423 43e0 	bic.w	r3, r3, #28672	@ 0x7000
 8009fe0:	f023 0370 	bic.w	r3, r3, #112	@ 0x70
 8009fe4:	f443 4300 	orr.w	r3, r3, #32768	@ 0x8000
 8009fe8:	f043 03c0 	orr.w	r3, r3, #192	@ 0xc0
 8009fec:	f820 3022 	strh.w	r3, [r0, r2, lsl #2]
 8009ff0:	780a      	ldrb	r2, [r1, #0]
 8009ff2:	f830 3022 	ldrh.w	r3, [r0, r2, lsl #2]
 8009ff6:	b29b      	uxth	r3, r3
 8009ff8:	f423 43e0 	bic.w	r3, r3, #28672	@ 0x7000
 8009ffc:	f023 0370 	bic.w	r3, r3, #112	@ 0x70
 800a000:	f443 4340 	orr.w	r3, r3, #49152	@ 0xc000
 800a004:	f043 0380 	orr.w	r3, r3, #128	@ 0x80
 800a008:	f820 3022 	strh.w	r3, [r0, r2, lsl #2]
 800a00c:	780a      	ldrb	r2, [r1, #0]
 800a00e:	f830 3022 	ldrh.w	r3, [r0, r2, lsl #2]
 800a012:	b29b      	uxth	r3, r3
 800a014:	f423 43e0 	bic.w	r3, r3, #28672	@ 0x7000
 800a018:	f023 0340 	bic.w	r3, r3, #64	@ 0x40
 800a01c:	f248 0c80 	movw	ip, #32896	@ 0x8080
 800a020:	ea43 030c 	orr.w	r3, r3, ip
 800a024:	f820 3022 	strh.w	r3, [r0, r2, lsl #2]
 800a028:	780a      	ldrb	r2, [r1, #0]
 800a02a:	f830 3022 	ldrh.w	r3, [r0, r2, lsl #2]
 800a02e:	b29b      	uxth	r3, r3
 800a030:	f423 4380 	bic.w	r3, r3, #16384	@ 0x4000
 800a034:	f023 0370 	bic.w	r3, r3, #112	@ 0x70
 800a038:	ea43 030c 	orr.w	r3, r3, ip
 800a03c:	f820 3022 	strh.w	r3, [r0, r2, lsl #2]
 800a040:	e73a      	b.n	8009eb8 <USB_DeactivateEndpoint+0x4c>

0800a042 <USB_EPSetStall>:
 800a042:	784b      	ldrb	r3, [r1, #1]
 800a044:	b18b      	cbz	r3, 800a06a <USB_EPSetStall+0x28>
 800a046:	780a      	ldrb	r2, [r1, #0]
 800a048:	f830 3022 	ldrh.w	r3, [r0, r2, lsl #2]
 800a04c:	b29b      	uxth	r3, r3
 800a04e:	f423 43e0 	bic.w	r3, r3, #28672	@ 0x7000
 800a052:	f023 0340 	bic.w	r3, r3, #64	@ 0x40
 800a056:	f083 0310 	eor.w	r3, r3, #16
 800a05a:	f443 4300 	orr.w	r3, r3, #32768	@ 0x8000
 800a05e:	f043 0380 	orr.w	r3, r3, #128	@ 0x80
 800a062:	f820 3022 	strh.w	r3, [r0, r2, lsl #2]
 800a066:	2000      	movs	r0, #0
 800a068:	4770      	bx	lr
 800a06a:	780a      	ldrb	r2, [r1, #0]
 800a06c:	f830 3022 	ldrh.w	r3, [r0, r2, lsl #2]
 800a070:	b29b      	uxth	r3, r3
 800a072:	f423 4380 	bic.w	r3, r3, #16384	@ 0x4000
 800a076:	f023 0370 	bic.w	r3, r3, #112	@ 0x70
 800a07a:	f483 5380 	eor.w	r3, r3, #4096	@ 0x1000
 800a07e:	f443 4300 	orr.w	r3, r3, #32768	@ 0x8000
 800a082:	f043 0380 	orr.w	r3, r3, #128	@ 0x80
 800a086:	f820 3022 	strh.w	r3, [r0, r2, lsl #2]
 800a08a:	e7ec      	b.n	800a066 <USB_EPSetStall+0x24>

0800a08c <USB_EPClearStall>:
 800a08c:	784b      	ldrb	r3, [r1, #1]
 800a08e:	b333      	cbz	r3, 800a0de <USB_EPClearStall+0x52>
 800a090:	780a      	ldrb	r2, [r1, #0]
 800a092:	f830 3022 	ldrh.w	r3, [r0, r2, lsl #2]
 800a096:	f013 0f40 	tst.w	r3, #64	@ 0x40
 800a09a:	d00c      	beq.n	800a0b6 <USB_EPClearStall+0x2a>
 800a09c:	f830 3022 	ldrh.w	r3, [r0, r2, lsl #2]
 800a0a0:	b29b      	uxth	r3, r3
 800a0a2:	f423 43e0 	bic.w	r3, r3, #28672	@ 0x7000
 800a0a6:	f023 0370 	bic.w	r3, r3, #112	@ 0x70
 800a0aa:	f443 4300 	orr.w	r3, r3, #32768	@ 0x8000
 800a0ae:	f043 03c0 	orr.w	r3, r3, #192	@ 0xc0
 800a0b2:	f820 3022 	strh.w	r3, [r0, r2, lsl #2]
 800a0b6:	78cb      	ldrb	r3, [r1, #3]
 800a0b8:	2b01      	cmp	r3, #1
 800a0ba:	d033      	beq.n	800a124 <USB_EPClearStall+0x98>
 800a0bc:	780a      	ldrb	r2, [r1, #0]
 800a0be:	f830 3022 	ldrh.w	r3, [r0, r2, lsl #2]
 800a0c2:	b29b      	uxth	r3, r3
 800a0c4:	f423 43e0 	bic.w	r3, r3, #28672	@ 0x7000
 800a0c8:	f023 0340 	bic.w	r3, r3, #64	@ 0x40
 800a0cc:	f083 0320 	eor.w	r3, r3, #32
 800a0d0:	f443 4300 	orr.w	r3, r3, #32768	@ 0x8000
 800a0d4:	f043 0380 	orr.w	r3, r3, #128	@ 0x80
 800a0d8:	f820 3022 	strh.w	r3, [r0, r2, lsl #2]
 800a0dc:	e022      	b.n	800a124 <USB_EPClearStall+0x98>
 800a0de:	780a      	ldrb	r2, [r1, #0]
 800a0e0:	f830 3022 	ldrh.w	r3, [r0, r2, lsl #2]
 800a0e4:	f413 4f80 	tst.w	r3, #16384	@ 0x4000
 800a0e8:	d00c      	beq.n	800a104 <USB_EPClearStall+0x78>
 800a0ea:	f830 3022 	ldrh.w	r3, [r0, r2, lsl #2]
 800a0ee:	b29b      	uxth	r3, r3
 800a0f0:	f423 43e0 	bic.w	r3, r3, #28672	@ 0x7000
 800a0f4:	f023 0370 	bic.w	r3, r3, #112	@ 0x70
 800a0f8:	f443 4340 	orr.w	r3, r3, #49152	@ 0xc000
 800a0fc:	f043 0380 	orr.w	r3, r3, #128	@ 0x80
 800a100:	f820 3022 	strh.w	r3, [r0, r2, lsl #2]
 800a104:	780a      	ldrb	r2, [r1, #0]
 800a106:	f830 3022 	ldrh.w	r3, [r0, r2, lsl #2]
 800a10a:	b29b      	uxth	r3, r3
 800a10c:	f423 4380 	bic.w	r3, r3, #16384	@ 0x4000
 800a110:	f023 0370 	bic.w	r3, r3, #112	@ 0x70
 800a114:	f483 5340 	eor.w	r3, r3, #12288	@ 0x3000
 800a118:	f443 4300 	orr.w	r3, r3, #32768	@ 0x8000
 800a11c:	f043 0380 	orr.w	r3, r3, #128	@ 0x80
 800a120:	f820 3022 	strh.w	r3, [r0, r2, lsl #2]
 800a124:	2000      	movs	r0, #0
 800a126:	4770      	bx	lr

0800a128 <USB_SetDevAddress>:
 800a128:	b911      	cbnz	r1, 800a130 <USB_SetDevAddress+0x8>
 800a12a:	2380      	movs	r3, #128	@ 0x80
 800a12c:	f8a0 304c 	strh.w	r3, [r0, #76]	@ 0x4c
 800a130:	2000      	movs	r0, #0
 800a132:	4770      	bx	lr

0800a134 <USB_DevConnect>:
 800a134:	f8b0 3058 	ldrh.w	r3, [r0, #88]	@ 0x58
 800a138:	ea6f 4343 	mvn.w	r3, r3, lsl #17
 800a13c:	ea6f 4353 	mvn.w	r3, r3, lsr #17
 800a140:	b29b      	uxth	r3, r3
 800a142:	f8a0 3058 	strh.w	r3, [r0, #88]	@ 0x58
 800a146:	2000      	movs	r0, #0
 800a148:	4770      	bx	lr

0800a14a <USB_ReadInterrupts>:
 800a14a:	f8b0 0044 	ldrh.w	r0, [r0, #68]	@ 0x44
 800a14e:	b280      	uxth	r0, r0
 800a150:	4770      	bx	lr

0800a152 <USB_WritePMA>:
 800a152:	3301      	adds	r3, #1
 800a154:	085b      	lsrs	r3, r3, #1
 800a156:	4410      	add	r0, r2
 800a158:	f500 6080 	add.w	r0, r0, #1024	@ 0x400
 800a15c:	e008      	b.n	800a170 <USB_WritePMA+0x1e>
 800a15e:	780a      	ldrb	r2, [r1, #0]
 800a160:	f891 c001 	ldrb.w	ip, [r1, #1]
 800a164:	ea42 220c 	orr.w	r2, r2, ip, lsl #8
 800a168:	f820 2b02 	strh.w	r2, [r0], #2
 800a16c:	3102      	adds	r1, #2
 800a16e:	3b01      	subs	r3, #1
 800a170:	2b00      	cmp	r3, #0
 800a172:	d1f4      	bne.n	800a15e <USB_WritePMA+0xc>
 800a174:	4770      	bx	lr

0800a176 <USB_EPStartXfer>:
 800a176:	b570      	push	{r4, r5, r6, lr}
 800a178:	4605      	mov	r5, r0
 800a17a:	460c      	mov	r4, r1
 800a17c:	784b      	ldrb	r3, [r1, #1]
 800a17e:	2b01      	cmp	r3, #1
 800a180:	d01a      	beq.n	800a1b8 <USB_EPStartXfer+0x42>
 800a182:	7b0b      	ldrb	r3, [r1, #12]
 800a184:	2b00      	cmp	r3, #0
 800a186:	f040 8294 	bne.w	800a6b2 <USB_EPStartXfer+0x53c>
 800a18a:	698b      	ldr	r3, [r1, #24]
 800a18c:	2b00      	cmp	r3, #0
 800a18e:	f040 8267 	bne.w	800a660 <USB_EPStartXfer+0x4ea>
 800a192:	78cb      	ldrb	r3, [r1, #3]
 800a194:	2b00      	cmp	r3, #0
 800a196:	f040 8263 	bne.w	800a660 <USB_EPStartXfer+0x4ea>
 800a19a:	780a      	ldrb	r2, [r1, #0]
 800a19c:	f830 3022 	ldrh.w	r3, [r0, r2, lsl #2]
 800a1a0:	b29b      	uxth	r3, r3
 800a1a2:	f423 43e0 	bic.w	r3, r3, #28672	@ 0x7000
 800a1a6:	f023 0370 	bic.w	r3, r3, #112	@ 0x70
 800a1aa:	f443 4301 	orr.w	r3, r3, #33024	@ 0x8100
 800a1ae:	f043 0380 	orr.w	r3, r3, #128	@ 0x80
 800a1b2:	f820 3022 	strh.w	r3, [r0, r2, lsl #2]
 800a1b6:	e261      	b.n	800a67c <USB_EPStartXfer+0x506>
 800a1b8:	698a      	ldr	r2, [r1, #24]
 800a1ba:	4611      	mov	r1, r2
 800a1bc:	4616      	mov	r6, r2
 800a1be:	6922      	ldr	r2, [r4, #16]
 800a1c0:	4291      	cmp	r1, r2
 800a1c2:	d900      	bls.n	800a1c6 <USB_EPStartXfer+0x50>
 800a1c4:	4616      	mov	r6, r2
 800a1c6:	7b21      	ldrb	r1, [r4, #12]
 800a1c8:	b341      	cbz	r1, 800a21c <USB_EPStartXfer+0xa6>
 800a1ca:	78e1      	ldrb	r1, [r4, #3]
 800a1cc:	2902      	cmp	r1, #2
 800a1ce:	d047      	beq.n	800a260 <USB_EPStartXfer+0xea>
 800a1d0:	6a22      	ldr	r2, [r4, #32]
 800a1d2:	1b92      	subs	r2, r2, r6
 800a1d4:	6222      	str	r2, [r4, #32]
 800a1d6:	7822      	ldrb	r2, [r4, #0]
 800a1d8:	f835 1022 	ldrh.w	r1, [r5, r2, lsl #2]
 800a1dc:	f011 0f40 	tst.w	r1, #64	@ 0x40
 800a1e0:	f000 81f6 	beq.w	800a5d0 <USB_EPStartXfer+0x45a>
 800a1e4:	2b00      	cmp	r3, #0
 800a1e6:	f040 81e3 	bne.w	800a5b0 <USB_EPStartXfer+0x43a>
 800a1ea:	f8b5 3050 	ldrh.w	r3, [r5, #80]	@ 0x50
 800a1ee:	fa15 f383 	uxtah	r3, r5, r3
 800a1f2:	eb03 02c2 	add.w	r2, r3, r2, lsl #3
 800a1f6:	f8b2 3406 	ldrh.w	r3, [r2, #1030]	@ 0x406
 800a1fa:	f3c3 0309 	ubfx	r3, r3, #0, #10
 800a1fe:	f8a2 3406 	strh.w	r3, [r2, #1030]	@ 0x406
 800a202:	2e00      	cmp	r6, #0
 800a204:	f040 81b4 	bne.w	800a570 <USB_EPStartXfer+0x3fa>
 800a208:	f8b2 3406 	ldrh.w	r3, [r2, #1030]	@ 0x406
 800a20c:	ea6f 4343 	mvn.w	r3, r3, lsl #17
 800a210:	ea6f 4353 	mvn.w	r3, r3, lsr #17
 800a214:	b29b      	uxth	r3, r3
 800a216:	f8a2 3406 	strh.w	r3, [r2, #1030]	@ 0x406
 800a21a:	e1d2      	b.n	800a5c2 <USB_EPStartXfer+0x44c>
 800a21c:	b2b3      	uxth	r3, r6
 800a21e:	461e      	mov	r6, r3
 800a220:	88e2      	ldrh	r2, [r4, #6]
 800a222:	6961      	ldr	r1, [r4, #20]
 800a224:	4628      	mov	r0, r5
 800a226:	f7ff ff94 	bl	800a152 <USB_WritePMA>
 800a22a:	f8b5 3050 	ldrh.w	r3, [r5, #80]	@ 0x50
 800a22e:	fa15 f383 	uxtah	r3, r5, r3
 800a232:	7822      	ldrb	r2, [r4, #0]
 800a234:	eb03 03c2 	add.w	r3, r3, r2, lsl #3
 800a238:	f8a3 6402 	strh.w	r6, [r3, #1026]	@ 0x402
 800a23c:	7822      	ldrb	r2, [r4, #0]
 800a23e:	f835 3022 	ldrh.w	r3, [r5, r2, lsl #2]
 800a242:	b29b      	uxth	r3, r3
 800a244:	f423 43e0 	bic.w	r3, r3, #28672	@ 0x7000
 800a248:	f023 0340 	bic.w	r3, r3, #64	@ 0x40
 800a24c:	f083 0330 	eor.w	r3, r3, #48	@ 0x30
 800a250:	f443 4300 	orr.w	r3, r3, #32768	@ 0x8000
 800a254:	f043 0380 	orr.w	r3, r3, #128	@ 0x80
 800a258:	f825 3022 	strh.w	r3, [r5, r2, lsl #2]
 800a25c:	2000      	movs	r0, #0
 800a25e:	e224      	b.n	800a6aa <USB_EPStartXfer+0x534>
 800a260:	6a23      	ldr	r3, [r4, #32]
 800a262:	429a      	cmp	r2, r3
 800a264:	f080 8166 	bcs.w	800a534 <USB_EPStartXfer+0x3be>
 800a268:	7822      	ldrb	r2, [r4, #0]
 800a26a:	f835 3022 	ldrh.w	r3, [r5, r2, lsl #2]
 800a26e:	b29b      	uxth	r3, r3
 800a270:	f423 43e0 	bic.w	r3, r3, #28672	@ 0x7000
 800a274:	f023 0370 	bic.w	r3, r3, #112	@ 0x70
 800a278:	f443 4301 	orr.w	r3, r3, #33024	@ 0x8100
 800a27c:	f043 0380 	orr.w	r3, r3, #128	@ 0x80
 800a280:	f825 3022 	strh.w	r3, [r5, r2, lsl #2]
 800a284:	6a23      	ldr	r3, [r4, #32]
 800a286:	1b9b      	subs	r3, r3, r6
 800a288:	6223      	str	r3, [r4, #32]
 800a28a:	7823      	ldrb	r3, [r4, #0]
 800a28c:	f835 2023 	ldrh.w	r2, [r5, r3, lsl #2]
 800a290:	f012 0f40 	tst.w	r2, #64	@ 0x40
 800a294:	f000 80a7 	beq.w	800a3e6 <USB_EPStartXfer+0x270>
 800a298:	7862      	ldrb	r2, [r4, #1]
 800a29a:	bbb2      	cbnz	r2, 800a30a <USB_EPStartXfer+0x194>
 800a29c:	f8b5 2050 	ldrh.w	r2, [r5, #80]	@ 0x50
 800a2a0:	fa15 f282 	uxtah	r2, r5, r2
 800a2a4:	eb02 03c3 	add.w	r3, r2, r3, lsl #3
 800a2a8:	f8b3 2406 	ldrh.w	r2, [r3, #1030]	@ 0x406
 800a2ac:	f3c2 0209 	ubfx	r2, r2, #0, #10
 800a2b0:	f8a3 2406 	strh.w	r2, [r3, #1030]	@ 0x406
 800a2b4:	b94e      	cbnz	r6, 800a2ca <USB_EPStartXfer+0x154>
 800a2b6:	f8b3 2406 	ldrh.w	r2, [r3, #1030]	@ 0x406
 800a2ba:	ea6f 4242 	mvn.w	r2, r2, lsl #17
 800a2be:	ea6f 4252 	mvn.w	r2, r2, lsr #17
 800a2c2:	b292      	uxth	r2, r2
 800a2c4:	f8a3 2406 	strh.w	r2, [r3, #1030]	@ 0x406
 800a2c8:	e021      	b.n	800a30e <USB_EPStartXfer+0x198>
 800a2ca:	2e3e      	cmp	r6, #62	@ 0x3e
 800a2cc:	d80d      	bhi.n	800a2ea <USB_EPStartXfer+0x174>
 800a2ce:	0872      	lsrs	r2, r6, #1
 800a2d0:	f016 0f01 	tst.w	r6, #1
 800a2d4:	d000      	beq.n	800a2d8 <USB_EPStartXfer+0x162>
 800a2d6:	3201      	adds	r2, #1
 800a2d8:	f8b3 1406 	ldrh.w	r1, [r3, #1030]	@ 0x406
 800a2dc:	b289      	uxth	r1, r1
 800a2de:	0292      	lsls	r2, r2, #10
 800a2e0:	b292      	uxth	r2, r2
 800a2e2:	430a      	orrs	r2, r1
 800a2e4:	f8a3 2406 	strh.w	r2, [r3, #1030]	@ 0x406
 800a2e8:	e011      	b.n	800a30e <USB_EPStartXfer+0x198>
 800a2ea:	0971      	lsrs	r1, r6, #5
 800a2ec:	f016 0f1f 	tst.w	r6, #31
 800a2f0:	d100      	bne.n	800a2f4 <USB_EPStartXfer+0x17e>
 800a2f2:	3901      	subs	r1, #1
 800a2f4:	f8b3 2406 	ldrh.w	r2, [r3, #1030]	@ 0x406
 800a2f8:	b292      	uxth	r2, r2
 800a2fa:	0289      	lsls	r1, r1, #10
 800a2fc:	b289      	uxth	r1, r1
 800a2fe:	430a      	orrs	r2, r1
 800a300:	f442 4200 	orr.w	r2, r2, #32768	@ 0x8000
 800a304:	f8a3 2406 	strh.w	r2, [r3, #1030]	@ 0x406
 800a308:	e001      	b.n	800a30e <USB_EPStartXfer+0x198>
 800a30a:	2a01      	cmp	r2, #1
 800a30c:	d029      	beq.n	800a362 <USB_EPStartXfer+0x1ec>
 800a30e:	b2b3      	uxth	r3, r6
 800a310:	8962      	ldrh	r2, [r4, #10]
 800a312:	6961      	ldr	r1, [r4, #20]
 800a314:	4628      	mov	r0, r5
 800a316:	f7ff ff1c 	bl	800a152 <USB_WritePMA>
 800a31a:	6963      	ldr	r3, [r4, #20]
 800a31c:	4433      	add	r3, r6
 800a31e:	6163      	str	r3, [r4, #20]
 800a320:	6a23      	ldr	r3, [r4, #32]
 800a322:	6922      	ldr	r2, [r4, #16]
 800a324:	4293      	cmp	r3, r2
 800a326:	d926      	bls.n	800a376 <USB_EPStartXfer+0x200>
 800a328:	1b9b      	subs	r3, r3, r6
 800a32a:	6223      	str	r3, [r4, #32]
 800a32c:	7863      	ldrb	r3, [r4, #1]
 800a32e:	2b00      	cmp	r3, #0
 800a330:	d145      	bne.n	800a3be <USB_EPStartXfer+0x248>
 800a332:	f8b5 3050 	ldrh.w	r3, [r5, #80]	@ 0x50
 800a336:	fa15 f383 	uxtah	r3, r5, r3
 800a33a:	7822      	ldrb	r2, [r4, #0]
 800a33c:	eb03 03c2 	add.w	r3, r3, r2, lsl #3
 800a340:	f8b3 2402 	ldrh.w	r2, [r3, #1026]	@ 0x402
 800a344:	f3c2 0209 	ubfx	r2, r2, #0, #10
 800a348:	f8a3 2402 	strh.w	r2, [r3, #1026]	@ 0x402
 800a34c:	b9be      	cbnz	r6, 800a37e <USB_EPStartXfer+0x208>
 800a34e:	f8b3 2402 	ldrh.w	r2, [r3, #1026]	@ 0x402
 800a352:	ea6f 4242 	mvn.w	r2, r2, lsl #17
 800a356:	ea6f 4252 	mvn.w	r2, r2, lsr #17
 800a35a:	b292      	uxth	r2, r2
 800a35c:	f8a3 2402 	strh.w	r2, [r3, #1026]	@ 0x402
 800a360:	e02f      	b.n	800a3c2 <USB_EPStartXfer+0x24c>
 800a362:	f8b5 2050 	ldrh.w	r2, [r5, #80]	@ 0x50
 800a366:	fa15 f282 	uxtah	r2, r5, r2
 800a36a:	eb02 03c3 	add.w	r3, r2, r3, lsl #3
 800a36e:	b2b2      	uxth	r2, r6
 800a370:	f8a3 2406 	strh.w	r2, [r3, #1030]	@ 0x406
 800a374:	e7cb      	b.n	800a30e <USB_EPStartXfer+0x198>
 800a376:	2200      	movs	r2, #0
 800a378:	6222      	str	r2, [r4, #32]
 800a37a:	461e      	mov	r6, r3
 800a37c:	e7d6      	b.n	800a32c <USB_EPStartXfer+0x1b6>
 800a37e:	2e3e      	cmp	r6, #62	@ 0x3e
 800a380:	d80d      	bhi.n	800a39e <USB_EPStartXfer+0x228>
 800a382:	0872      	lsrs	r2, r6, #1
 800a384:	f016 0f01 	tst.w	r6, #1
 800a388:	d000      	beq.n	800a38c <USB_EPStartXfer+0x216>
 800a38a:	3201      	adds	r2, #1
 800a38c:	f8b3 1402 	ldrh.w	r1, [r3, #1026]	@ 0x402
 800a390:	b289      	uxth	r1, r1
 800a392:	0292      	lsls	r2, r2, #10
 800a394:	b292      	uxth	r2, r2
 800a396:	430a      	orrs	r2, r1
 800a398:	f8a3 2402 	strh.w	r2, [r3, #1026]	@ 0x402
 800a39c:	e011      	b.n	800a3c2 <USB_EPStartXfer+0x24c>
 800a39e:	0971      	lsrs	r1, r6, #5
 800a3a0:	f016 0f1f 	tst.w	r6, #31
 800a3a4:	d100      	bne.n	800a3a8 <USB_EPStartXfer+0x232>
 800a3a6:	3901      	subs	r1, #1
 800a3a8:	f8b3 2402 	ldrh.w	r2, [r3, #1026]	@ 0x402
 800a3ac:	b292      	uxth	r2, r2
 800a3ae:	0289      	lsls	r1, r1, #10
 800a3b0:	b289      	uxth	r1, r1
 800a3b2:	430a      	orrs	r2, r1
 800a3b4:	f442 4200 	orr.w	r2, r2, #32768	@ 0x8000
 800a3b8:	f8a3 2402 	strh.w	r2, [r3, #1026]	@ 0x402
 800a3bc:	e001      	b.n	800a3c2 <USB_EPStartXfer+0x24c>
 800a3be:	2b01      	cmp	r3, #1
 800a3c0:	d006      	beq.n	800a3d0 <USB_EPStartXfer+0x25a>
 800a3c2:	b2b3      	uxth	r3, r6
 800a3c4:	8922      	ldrh	r2, [r4, #8]
 800a3c6:	6961      	ldr	r1, [r4, #20]
 800a3c8:	4628      	mov	r0, r5
 800a3ca:	f7ff fec2 	bl	800a152 <USB_WritePMA>
 800a3ce:	e735      	b.n	800a23c <USB_EPStartXfer+0xc6>
 800a3d0:	f8b5 3050 	ldrh.w	r3, [r5, #80]	@ 0x50
 800a3d4:	fa15 f383 	uxtah	r3, r5, r3
 800a3d8:	7822      	ldrb	r2, [r4, #0]
 800a3da:	eb03 03c2 	add.w	r3, r3, r2, lsl #3
 800a3de:	b2b2      	uxth	r2, r6
 800a3e0:	f8a3 2402 	strh.w	r2, [r3, #1026]	@ 0x402
 800a3e4:	e7ed      	b.n	800a3c2 <USB_EPStartXfer+0x24c>
 800a3e6:	7862      	ldrb	r2, [r4, #1]
 800a3e8:	bbb2      	cbnz	r2, 800a458 <USB_EPStartXfer+0x2e2>
 800a3ea:	f8b5 2050 	ldrh.w	r2, [r5, #80]	@ 0x50
 800a3ee:	fa15 f282 	uxtah	r2, r5, r2
 800a3f2:	eb02 03c3 	add.w	r3, r2, r3, lsl #3
 800a3f6:	f8b3 2402 	ldrh.w	r2, [r3, #1026]	@ 0x402
 800a3fa:	f3c2 0209 	ubfx	r2, r2, #0, #10
 800a3fe:	f8a3 2402 	strh.w	r2, [r3, #1026]	@ 0x402
 800a402:	b94e      	cbnz	r6, 800a418 <USB_EPStartXfer+0x2a2>
 800a404:	f8b3 2402 	ldrh.w	r2, [r3, #1026]	@ 0x402
 800a408:	ea6f 4242 	mvn.w	r2, r2, lsl #17
 800a40c:	ea6f 4252 	mvn.w	r2, r2, lsr #17
 800a410:	b292      	uxth	r2, r2
 800a412:	f8a3 2402 	strh.w	r2, [r3, #1026]	@ 0x402
 800a416:	e021      	b.n	800a45c <USB_EPStartXfer+0x2e6>
 800a418:	2e3e      	cmp	r6, #62	@ 0x3e
 800a41a:	d80d      	bhi.n	800a438 <USB_EPStartXfer+0x2c2>
 800a41c:	0872      	lsrs	r2, r6, #1
 800a41e:	f016 0f01 	tst.w	r6, #1
 800a422:	d000      	beq.n	800a426 <USB_EPStartXfer+0x2b0>
 800a424:	3201      	adds	r2, #1
 800a426:	f8b3 1402 	ldrh.w	r1, [r3, #1026]	@ 0x402
 800a42a:	b289      	uxth	r1, r1
 800a42c:	0292      	lsls	r2, r2, #10
 800a42e:	b292      	uxth	r2, r2
 800a430:	430a      	orrs	r2, r1
 800a432:	f8a3 2402 	strh.w	r2, [r3, #1026]	@ 0x402
 800a436:	e011      	b.n	800a45c <USB_EPStartXfer+0x2e6>
 800a438:	0971      	lsrs	r1, r6, #5
 800a43a:	f016 0f1f 	tst.w	r6, #31
 800a43e:	d100      	bne.n	800a442 <USB_EPStartXfer+0x2cc>
 800a440:	3901      	subs	r1, #1
 800a442:	f8b3 2402 	ldrh.w	r2, [r3, #1026]	@ 0x402
 800a446:	b292      	uxth	r2, r2
 800a448:	0289      	lsls	r1, r1, #10
 800a44a:	b289      	uxth	r1, r1
 800a44c:	430a      	orrs	r2, r1
 800a44e:	f442 4200 	orr.w	r2, r2, #32768	@ 0x8000
 800a452:	f8a3 2402 	strh.w	r2, [r3, #1026]	@ 0x402
 800a456:	e001      	b.n	800a45c <USB_EPStartXfer+0x2e6>
 800a458:	2a01      	cmp	r2, #1
 800a45a:	d029      	beq.n	800a4b0 <USB_EPStartXfer+0x33a>
 800a45c:	b2b3      	uxth	r3, r6
 800a45e:	8922      	ldrh	r2, [r4, #8]
 800a460:	6961      	ldr	r1, [r4, #20]
 800a462:	4628      	mov	r0, r5
 800a464:	f7ff fe75 	bl	800a152 <USB_WritePMA>
 800a468:	6963      	ldr	r3, [r4, #20]
 800a46a:	4433      	add	r3, r6
 800a46c:	6163      	str	r3, [r4, #20]
 800a46e:	6a23      	ldr	r3, [r4, #32]
 800a470:	6922      	ldr	r2, [r4, #16]
 800a472:	4293      	cmp	r3, r2
 800a474:	d926      	bls.n	800a4c4 <USB_EPStartXfer+0x34e>
 800a476:	1b9b      	subs	r3, r3, r6
 800a478:	6223      	str	r3, [r4, #32]
 800a47a:	7863      	ldrb	r3, [r4, #1]
 800a47c:	2b00      	cmp	r3, #0
 800a47e:	d145      	bne.n	800a50c <USB_EPStartXfer+0x396>
 800a480:	f8b5 3050 	ldrh.w	r3, [r5, #80]	@ 0x50
 800a484:	fa15 f383 	uxtah	r3, r5, r3
 800a488:	7822      	ldrb	r2, [r4, #0]
 800a48a:	eb03 03c2 	add.w	r3, r3, r2, lsl #3
 800a48e:	f8b3 2406 	ldrh.w	r2, [r3, #1030]	@ 0x406
 800a492:	f3c2 0209 	ubfx	r2, r2, #0, #10
 800a496:	f8a3 2406 	strh.w	r2, [r3, #1030]	@ 0x406
 800a49a:	b9be      	cbnz	r6, 800a4cc <USB_EPStartXfer+0x356>
 800a49c:	f8b3 2406 	ldrh.w	r2, [r3, #1030]	@ 0x406
 800a4a0:	ea6f 4242 	mvn.w	r2, r2, lsl #17
 800a4a4:	ea6f 4252 	mvn.w	r2, r2, lsr #17
 800a4a8:	b292      	uxth	r2, r2
 800a4aa:	f8a3 2406 	strh.w	r2, [r3, #1030]	@ 0x406
 800a4ae:	e02f      	b.n	800a510 <USB_EPStartXfer+0x39a>
 800a4b0:	f8b5 2050 	ldrh.w	r2, [r5, #80]	@ 0x50
 800a4b4:	fa15 f282 	uxtah	r2, r5, r2
 800a4b8:	eb02 03c3 	add.w	r3, r2, r3, lsl #3
 800a4bc:	b2b2      	uxth	r2, r6
 800a4be:	f8a3 2402 	strh.w	r2, [r3, #1026]	@ 0x402
 800a4c2:	e7cb      	b.n	800a45c <USB_EPStartXfer+0x2e6>
 800a4c4:	2200      	movs	r2, #0
 800a4c6:	6222      	str	r2, [r4, #32]
 800a4c8:	461e      	mov	r6, r3
 800a4ca:	e7d6      	b.n	800a47a <USB_EPStartXfer+0x304>
 800a4cc:	2e3e      	cmp	r6, #62	@ 0x3e
 800a4ce:	d80d      	bhi.n	800a4ec <USB_EPStartXfer+0x376>
 800a4d0:	0872      	lsrs	r2, r6, #1
 800a4d2:	f016 0f01 	tst.w	r6, #1
 800a4d6:	d000      	beq.n	800a4da <USB_EPStartXfer+0x364>
 800a4d8:	3201      	adds	r2, #1
 800a4da:	f8b3 1406 	ldrh.w	r1, [r3, #1030]	@ 0x406
 800a4de:	b289      	uxth	r1, r1
 800a4e0:	0292      	lsls	r2, r2, #10
 800a4e2:	b292      	uxth	r2, r2
 800a4e4:	430a      	orrs	r2, r1
 800a4e6:	f8a3 2406 	strh.w	r2, [r3, #1030]	@ 0x406
 800a4ea:	e011      	b.n	800a510 <USB_EPStartXfer+0x39a>
 800a4ec:	0971      	lsrs	r1, r6, #5
 800a4ee:	f016 0f1f 	tst.w	r6, #31
 800a4f2:	d100      	bne.n	800a4f6 <USB_EPStartXfer+0x380>
 800a4f4:	3901      	subs	r1, #1
 800a4f6:	f8b3 2406 	ldrh.w	r2, [r3, #1030]	@ 0x406
 800a4fa:	b292      	uxth	r2, r2
 800a4fc:	0289      	lsls	r1, r1, #10
 800a4fe:	b289      	uxth	r1, r1
 800a500:	430a      	orrs	r2, r1
 800a502:	f442 4200 	orr.w	r2, r2, #32768	@ 0x8000
 800a506:	f8a3 2406 	strh.w	r2, [r3, #1030]	@ 0x406
 800a50a:	e001      	b.n	800a510 <USB_EPStartXfer+0x39a>
 800a50c:	2b01      	cmp	r3, #1
 800a50e:	d006      	beq.n	800a51e <USB_EPStartXfer+0x3a8>
 800a510:	b2b3      	uxth	r3, r6
 800a512:	8962      	ldrh	r2, [r4, #10]
 800a514:	6961      	ldr	r1, [r4, #20]
 800a516:	4628      	mov	r0, r5
 800a518:	f7ff fe1b 	bl	800a152 <USB_WritePMA>
 800a51c:	e68e      	b.n	800a23c <USB_EPStartXfer+0xc6>
 800a51e:	f8b5 3050 	ldrh.w	r3, [r5, #80]	@ 0x50
 800a522:	fa15 f383 	uxtah	r3, r5, r3
 800a526:	7822      	ldrb	r2, [r4, #0]
 800a528:	eb03 03c2 	add.w	r3, r3, r2, lsl #3
 800a52c:	b2b2      	uxth	r2, r6
 800a52e:	f8a3 2406 	strh.w	r2, [r3, #1030]	@ 0x406
 800a532:	e7ed      	b.n	800a510 <USB_EPStartXfer+0x39a>
 800a534:	7821      	ldrb	r1, [r4, #0]
 800a536:	f835 2021 	ldrh.w	r2, [r5, r1, lsl #2]
 800a53a:	b292      	uxth	r2, r2
 800a53c:	f422 42e2 	bic.w	r2, r2, #28928	@ 0x7100
 800a540:	f022 0270 	bic.w	r2, r2, #112	@ 0x70
 800a544:	f442 4200 	orr.w	r2, r2, #32768	@ 0x8000
 800a548:	f042 0280 	orr.w	r2, r2, #128	@ 0x80
 800a54c:	f825 2021 	strh.w	r2, [r5, r1, lsl #2]
 800a550:	f8b5 2050 	ldrh.w	r2, [r5, #80]	@ 0x50
 800a554:	fa15 f282 	uxtah	r2, r5, r2
 800a558:	7821      	ldrb	r1, [r4, #0]
 800a55a:	eb02 02c1 	add.w	r2, r2, r1, lsl #3
 800a55e:	b29b      	uxth	r3, r3
 800a560:	f8a2 3402 	strh.w	r3, [r2, #1026]	@ 0x402
 800a564:	8922      	ldrh	r2, [r4, #8]
 800a566:	6961      	ldr	r1, [r4, #20]
 800a568:	4628      	mov	r0, r5
 800a56a:	f7ff fdf2 	bl	800a152 <USB_WritePMA>
 800a56e:	e665      	b.n	800a23c <USB_EPStartXfer+0xc6>
 800a570:	2e3e      	cmp	r6, #62	@ 0x3e
 800a572:	d80d      	bhi.n	800a590 <USB_EPStartXfer+0x41a>
 800a574:	0873      	lsrs	r3, r6, #1
 800a576:	f016 0f01 	tst.w	r6, #1
 800a57a:	d000      	beq.n	800a57e <USB_EPStartXfer+0x408>
 800a57c:	3301      	adds	r3, #1
 800a57e:	f8b2 1406 	ldrh.w	r1, [r2, #1030]	@ 0x406
 800a582:	b289      	uxth	r1, r1
 800a584:	029b      	lsls	r3, r3, #10
 800a586:	b29b      	uxth	r3, r3
 800a588:	430b      	orrs	r3, r1
 800a58a:	f8a2 3406 	strh.w	r3, [r2, #1030]	@ 0x406
 800a58e:	e018      	b.n	800a5c2 <USB_EPStartXfer+0x44c>
 800a590:	0971      	lsrs	r1, r6, #5
 800a592:	f016 0f1f 	tst.w	r6, #31
 800a596:	d100      	bne.n	800a59a <USB_EPStartXfer+0x424>
 800a598:	3901      	subs	r1, #1
 800a59a:	f8b2 3406 	ldrh.w	r3, [r2, #1030]	@ 0x406
 800a59e:	b29b      	uxth	r3, r3
 800a5a0:	0289      	lsls	r1, r1, #10
 800a5a2:	b289      	uxth	r1, r1
 800a5a4:	430b      	orrs	r3, r1
 800a5a6:	f443 4300 	orr.w	r3, r3, #32768	@ 0x8000
 800a5aa:	f8a2 3406 	strh.w	r3, [r2, #1030]	@ 0x406
 800a5ae:	e008      	b.n	800a5c2 <USB_EPStartXfer+0x44c>
 800a5b0:	f8b5 3050 	ldrh.w	r3, [r5, #80]	@ 0x50
 800a5b4:	fa15 f383 	uxtah	r3, r5, r3
 800a5b8:	eb03 03c2 	add.w	r3, r3, r2, lsl #3
 800a5bc:	b2b2      	uxth	r2, r6
 800a5be:	f8a3 2406 	strh.w	r2, [r3, #1030]	@ 0x406
 800a5c2:	b2b3      	uxth	r3, r6
 800a5c4:	8962      	ldrh	r2, [r4, #10]
 800a5c6:	6961      	ldr	r1, [r4, #20]
 800a5c8:	4628      	mov	r0, r5
 800a5ca:	f7ff fdc2 	bl	800a152 <USB_WritePMA>
 800a5ce:	e635      	b.n	800a23c <USB_EPStartXfer+0xc6>
 800a5d0:	bbb3      	cbnz	r3, 800a640 <USB_EPStartXfer+0x4ca>
 800a5d2:	f8b5 3050 	ldrh.w	r3, [r5, #80]	@ 0x50
 800a5d6:	fa15 f383 	uxtah	r3, r5, r3
 800a5da:	eb03 02c2 	add.w	r2, r3, r2, lsl #3
 800a5de:	f8b2 3402 	ldrh.w	r3, [r2, #1026]	@ 0x402
 800a5e2:	f3c3 0309 	ubfx	r3, r3, #0, #10
 800a5e6:	f8a2 3402 	strh.w	r3, [r2, #1026]	@ 0x402
 800a5ea:	b94e      	cbnz	r6, 800a600 <USB_EPStartXfer+0x48a>
 800a5ec:	f8b2 3402 	ldrh.w	r3, [r2, #1026]	@ 0x402
 800a5f0:	ea6f 4343 	mvn.w	r3, r3, lsl #17
 800a5f4:	ea6f 4353 	mvn.w	r3, r3, lsr #17
 800a5f8:	b29b      	uxth	r3, r3
 800a5fa:	f8a2 3402 	strh.w	r3, [r2, #1026]	@ 0x402
 800a5fe:	e028      	b.n	800a652 <USB_EPStartXfer+0x4dc>
 800a600:	2e3e      	cmp	r6, #62	@ 0x3e
 800a602:	d80d      	bhi.n	800a620 <USB_EPStartXfer+0x4aa>
 800a604:	0873      	lsrs	r3, r6, #1
 800a606:	f016 0f01 	tst.w	r6, #1
 800a60a:	d000      	beq.n	800a60e <USB_EPStartXfer+0x498>
 800a60c:	3301      	adds	r3, #1
 800a60e:	f8b2 1402 	ldrh.w	r1, [r2, #1026]	@ 0x402
 800a612:	b289      	uxth	r1, r1
 800a614:	029b      	lsls	r3, r3, #10
 800a616:	b29b      	uxth	r3, r3
 800a618:	430b      	orrs	r3, r1
 800a61a:	f8a2 3402 	strh.w	r3, [r2, #1026]	@ 0x402
 800a61e:	e018      	b.n	800a652 <USB_EPStartXfer+0x4dc>
 800a620:	0971      	lsrs	r1, r6, #5
 800a622:	f016 0f1f 	tst.w	r6, #31
 800a626:	d100      	bne.n	800a62a <USB_EPStartXfer+0x4b4>
 800a628:	3901      	subs	r1, #1
 800a62a:	f8b2 3402 	ldrh.w	r3, [r2, #1026]	@ 0x402
 800a62e:	b29b      	uxth	r3, r3
 800a630:	0289      	lsls	r1, r1, #10
 800a632:	b289      	uxth	r1, r1
 800a634:	430b      	orrs	r3, r1
 800a636:	f443 4300 	orr.w	r3, r3, #32768	@ 0x8000
 800a63a:	f8a2 3402 	strh.w	r3, [r2, #1026]	@ 0x402
 800a63e:	e008      	b.n	800a652 <USB_EPStartXfer+0x4dc>
 800a640:	f8b5 3050 	ldrh.w	r3, [r5, #80]	@ 0x50
 800a644:	fa15 f383 	uxtah	r3, r5, r3
 800a648:	eb03 03c2 	add.w	r3, r3, r2, lsl #3
 800a64c:	b2b2      	uxth	r2, r6
 800a64e:	f8a3 2402 	strh.w	r2, [r3, #1026]	@ 0x402
 800a652:	b2b3      	uxth	r3, r6
 800a654:	8922      	ldrh	r2, [r4, #8]
 800a656:	6961      	ldr	r1, [r4, #20]
 800a658:	4628      	mov	r0, r5
 800a65a:	f7ff fd7a 	bl	800a152 <USB_WritePMA>
 800a65e:	e5ed      	b.n	800a23c <USB_EPStartXfer+0xc6>
 800a660:	7822      	ldrb	r2, [r4, #0]
 800a662:	f835 3022 	ldrh.w	r3, [r5, r2, lsl #2]
 800a666:	b29b      	uxth	r3, r3
 800a668:	f423 43e2 	bic.w	r3, r3, #28928	@ 0x7100
 800a66c:	f023 0370 	bic.w	r3, r3, #112	@ 0x70
 800a670:	f443 4300 	orr.w	r3, r3, #32768	@ 0x8000
 800a674:	f043 0380 	orr.w	r3, r3, #128	@ 0x80
 800a678:	f825 3022 	strh.w	r3, [r5, r2, lsl #2]
 800a67c:	69a3      	ldr	r3, [r4, #24]
 800a67e:	6922      	ldr	r2, [r4, #16]
 800a680:	4293      	cmp	r3, r2
 800a682:	d913      	bls.n	800a6ac <USB_EPStartXfer+0x536>
 800a684:	1a9b      	subs	r3, r3, r2
 800a686:	61a3      	str	r3, [r4, #24]
 800a688:	7822      	ldrb	r2, [r4, #0]
 800a68a:	f835 3022 	ldrh.w	r3, [r5, r2, lsl #2]
 800a68e:	b29b      	uxth	r3, r3
 800a690:	f423 4380 	bic.w	r3, r3, #16384	@ 0x4000
 800a694:	f023 0370 	bic.w	r3, r3, #112	@ 0x70
 800a698:	f483 5340 	eor.w	r3, r3, #12288	@ 0x3000
 800a69c:	f443 4300 	orr.w	r3, r3, #32768	@ 0x8000
 800a6a0:	f043 0380 	orr.w	r3, r3, #128	@ 0x80
 800a6a4:	f825 3022 	strh.w	r3, [r5, r2, lsl #2]
 800a6a8:	2000      	movs	r0, #0
 800a6aa:	bd70      	pop	{r4, r5, r6, pc}
 800a6ac:	2300      	movs	r3, #0
 800a6ae:	61a3      	str	r3, [r4, #24]
 800a6b0:	e7ea      	b.n	800a688 <USB_EPStartXfer+0x512>
 800a6b2:	78cb      	ldrb	r3, [r1, #3]
 800a6b4:	2b02      	cmp	r3, #2
 800a6b6:	d004      	beq.n	800a6c2 <USB_EPStartXfer+0x54c>
 800a6b8:	2b01      	cmp	r3, #1
 800a6ba:	d121      	bne.n	800a700 <USB_EPStartXfer+0x58a>
 800a6bc:	2300      	movs	r3, #0
 800a6be:	618b      	str	r3, [r1, #24]
 800a6c0:	e7e2      	b.n	800a688 <USB_EPStartXfer+0x512>
 800a6c2:	69cb      	ldr	r3, [r1, #28]
 800a6c4:	2b00      	cmp	r3, #0
 800a6c6:	d0df      	beq.n	800a688 <USB_EPStartXfer+0x512>
 800a6c8:	780a      	ldrb	r2, [r1, #0]
 800a6ca:	f830 3022 	ldrh.w	r3, [r0, r2, lsl #2]
 800a6ce:	b299      	uxth	r1, r3
 800a6d0:	f413 4f80 	tst.w	r3, #16384	@ 0x4000
 800a6d4:	d010      	beq.n	800a6f8 <USB_EPStartXfer+0x582>
 800a6d6:	f011 0f40 	tst.w	r1, #64	@ 0x40
 800a6da:	d0d5      	beq.n	800a688 <USB_EPStartXfer+0x512>
 800a6dc:	f835 3022 	ldrh.w	r3, [r5, r2, lsl #2]
 800a6e0:	b29b      	uxth	r3, r3
 800a6e2:	f423 43e0 	bic.w	r3, r3, #28672	@ 0x7000
 800a6e6:	f023 0370 	bic.w	r3, r3, #112	@ 0x70
 800a6ea:	f443 4300 	orr.w	r3, r3, #32768	@ 0x8000
 800a6ee:	f043 03c0 	orr.w	r3, r3, #192	@ 0xc0
 800a6f2:	f825 3022 	strh.w	r3, [r5, r2, lsl #2]
 800a6f6:	e7c7      	b.n	800a688 <USB_EPStartXfer+0x512>
 800a6f8:	f011 0f40 	tst.w	r1, #64	@ 0x40
 800a6fc:	d1c4      	bne.n	800a688 <USB_EPStartXfer+0x512>
 800a6fe:	e7ed      	b.n	800a6dc <USB_EPStartXfer+0x566>
 800a700:	2001      	movs	r0, #1
 800a702:	e7d2      	b.n	800a6aa <USB_EPStartXfer+0x534>

0800a704 <USB_ReadPMA>:
 800a704:	469c      	mov	ip, r3
 800a706:	085b      	lsrs	r3, r3, #1
 800a708:	4410      	add	r0, r2
 800a70a:	f500 6080 	add.w	r0, r0, #1024	@ 0x400
 800a70e:	e007      	b.n	800a720 <USB_ReadPMA+0x1c>
 800a710:	f830 2b02 	ldrh.w	r2, [r0], #2
 800a714:	700a      	strb	r2, [r1, #0]
 800a716:	f3c2 2207 	ubfx	r2, r2, #8, #8
 800a71a:	704a      	strb	r2, [r1, #1]
 800a71c:	3102      	adds	r1, #2
 800a71e:	3b01      	subs	r3, #1
 800a720:	2b00      	cmp	r3, #0
 800a722:	d1f5      	bne.n	800a710 <USB_ReadPMA+0xc>
 800a724:	f01c 0f01 	tst.w	ip, #1
 800a728:	d001      	beq.n	800a72e <USB_ReadPMA+0x2a>
 800a72a:	8803      	ldrh	r3, [r0, #0]
 800a72c:	700b      	strb	r3, [r1, #0]
 800a72e:	4770      	bx	lr

0800a730 <LST_init_head>:
 800a730:	6000      	str	r0, [r0, #0]
 800a732:	6040      	str	r0, [r0, #4]
 800a734:	4770      	bx	lr

0800a736 <LST_is_empty>:
 800a736:	f3ef 8310 	mrs	r3, PRIMASK
 800a73a:	b672      	cpsid	i
 800a73c:	6802      	ldr	r2, [r0, #0]
 800a73e:	4282      	cmp	r2, r0
 800a740:	d003      	beq.n	800a74a <LST_is_empty+0x14>
 800a742:	2000      	movs	r0, #0
 800a744:	f383 8810 	msr	PRIMASK, r3
 800a748:	4770      	bx	lr
 800a74a:	2001      	movs	r0, #1
 800a74c:	e7fa      	b.n	800a744 <LST_is_empty+0xe>

0800a74e <LST_insert_head>:
 800a74e:	f3ef 8310 	mrs	r3, PRIMASK
 800a752:	b672      	cpsid	i
 800a754:	6802      	ldr	r2, [r0, #0]
 800a756:	600a      	str	r2, [r1, #0]
 800a758:	6048      	str	r0, [r1, #4]
 800a75a:	6001      	str	r1, [r0, #0]
 800a75c:	680a      	ldr	r2, [r1, #0]
 800a75e:	6051      	str	r1, [r2, #4]
 800a760:	f383 8810 	msr	PRIMASK, r3
 800a764:	4770      	bx	lr

0800a766 <LST_insert_tail>:
 800a766:	f3ef 8310 	mrs	r3, PRIMASK
 800a76a:	b672      	cpsid	i
 800a76c:	6008      	str	r0, [r1, #0]
 800a76e:	6842      	ldr	r2, [r0, #4]
 800a770:	604a      	str	r2, [r1, #4]
 800a772:	6041      	str	r1, [r0, #4]
 800a774:	684a      	ldr	r2, [r1, #4]
 800a776:	6011      	str	r1, [r2, #0]
 800a778:	f383 8810 	msr	PRIMASK, r3
 800a77c:	4770      	bx	lr

0800a77e <LST_remove_node>:
 800a77e:	f3ef 8310 	mrs	r3, PRIMASK
 800a782:	b672      	cpsid	i
 800a784:	6842      	ldr	r2, [r0, #4]
 800a786:	6801      	ldr	r1, [r0, #0]
 800a788:	6011      	str	r1, [r2, #0]
 800a78a:	6802      	ldr	r2, [r0, #0]
 800a78c:	6841      	ldr	r1, [r0, #4]
 800a78e:	6051      	str	r1, [r2, #4]
 800a790:	f383 8810 	msr	PRIMASK, r3
 800a794:	4770      	bx	lr

0800a796 <LST_remove_head>:
 800a796:	b510      	push	{r4, lr}
 800a798:	f3ef 8410 	mrs	r4, PRIMASK
 800a79c:	b672      	cpsid	i
 800a79e:	6803      	ldr	r3, [r0, #0]
 800a7a0:	600b      	str	r3, [r1, #0]
 800a7a2:	6800      	ldr	r0, [r0, #0]
 800a7a4:	f7ff ffeb 	bl	800a77e <LST_remove_node>
 800a7a8:	f384 8810 	msr	PRIMASK, r4
 800a7ac:	bd10      	pop	{r4, pc}

0800a7ae <BAS_Init>:
 800a7ae:	4770      	bx	lr

0800a7b0 <BLS_Init>:
 800a7b0:	4770      	bx	lr

0800a7b2 <CRS_STM_Init>:
 800a7b2:	4770      	bx	lr

0800a7b4 <DIS_Init>:
 800a7b4:	4770      	bx	lr

0800a7b6 <EDS_STM_Init>:
 800a7b6:	4770      	bx	lr

0800a7b8 <HIDS_Init>:
 800a7b8:	4770      	bx	lr

0800a7ba <HRS_Init>:
 800a7ba:	4770      	bx	lr

0800a7bc <HTS_Init>:
 800a7bc:	4770      	bx	lr

0800a7be <IAS_Init>:
 800a7be:	4770      	bx	lr

0800a7c0 <LLS_Init>:
 800a7c0:	4770      	bx	lr

0800a7c2 <TPS_Init>:
 800a7c2:	4770      	bx	lr

0800a7c4 <MOTENV_STM_Init>:
 800a7c4:	4770      	bx	lr

0800a7c6 <P2PS_STM_Init>:
 800a7c6:	4770      	bx	lr

0800a7c8 <ZDD_STM_Init>:
 800a7c8:	4770      	bx	lr

0800a7ca <OTAS_STM_Init>:
 800a7ca:	4770      	bx	lr

0800a7cc <MESH_Init>:
 800a7cc:	4770      	bx	lr

0800a7ce <BVOPUS_STM_Init>:
 800a7ce:	4770      	bx	lr

0800a7d0 <SVCCTL_SvcInit>:
 800a7d0:	b508      	push	{r3, lr}
 800a7d2:	f7ff ffec 	bl	800a7ae <BAS_Init>
 800a7d6:	f7ff ffeb 	bl	800a7b0 <BLS_Init>
 800a7da:	f7ff ffea 	bl	800a7b2 <CRS_STM_Init>
 800a7de:	f7ff ffe9 	bl	800a7b4 <DIS_Init>
 800a7e2:	f7ff ffe8 	bl	800a7b6 <EDS_STM_Init>
 800a7e6:	f7ff ffe7 	bl	800a7b8 <HIDS_Init>
 800a7ea:	f7ff ffe6 	bl	800a7ba <HRS_Init>
 800a7ee:	f7ff ffe5 	bl	800a7bc <HTS_Init>
 800a7f2:	f7ff ffe4 	bl	800a7be <IAS_Init>
 800a7f6:	f7ff ffe3 	bl	800a7c0 <LLS_Init>
 800a7fa:	f7ff ffe2 	bl	800a7c2 <TPS_Init>
 800a7fe:	f7ff ffe1 	bl	800a7c4 <MOTENV_STM_Init>
 800a802:	f7ff ffe0 	bl	800a7c6 <P2PS_STM_Init>
 800a806:	f7ff ffdf 	bl	800a7c8 <ZDD_STM_Init>
 800a80a:	f7ff ffde 	bl	800a7ca <OTAS_STM_Init>
 800a80e:	f7ff ffde 	bl	800a7ce <BVOPUS_STM_Init>
 800a812:	f7ff ffdb 	bl	800a7cc <MESH_Init>
 800a816:	f7f7 fa97 	bl	8001d48 <SVCCTL_InitCustomSvc>
 800a81a:	bd08      	pop	{r3, pc}

0800a81c <SVCCTL_Init>:
 800a81c:	b508      	push	{r3, lr}
 800a81e:	2300      	movs	r3, #0
 800a820:	4a03      	ldr	r2, [pc, #12]	@ (800a830 <SVCCTL_Init+0x14>)
 800a822:	7713      	strb	r3, [r2, #28]
 800a824:	4a03      	ldr	r2, [pc, #12]	@ (800a834 <SVCCTL_Init+0x18>)
 800a826:	7013      	strb	r3, [r2, #0]
 800a828:	f7ff ffd2 	bl	800a7d0 <SVCCTL_SvcInit>
 800a82c:	bd08      	pop	{r3, pc}
 800a82e:	bf00      	nop
 800a830:	200001dc 	.word	0x200001dc
 800a834:	200001d8 	.word	0x200001d8

0800a838 <SVCCTL_RegisterSvcHandler>:
 800a838:	4a03      	ldr	r2, [pc, #12]	@ (800a848 <SVCCTL_RegisterSvcHandler+0x10>)
 800a83a:	7f13      	ldrb	r3, [r2, #28]
 800a83c:	f842 0023 	str.w	r0, [r2, r3, lsl #2]
 800a840:	3301      	adds	r3, #1
 800a842:	7713      	strb	r3, [r2, #28]
 800a844:	4770      	bx	lr
 800a846:	bf00      	nop
 800a848:	200001dc 	.word	0x200001dc

0800a84c <SVCCTL_UserEvtRx>:
 800a84c:	b538      	push	{r3, r4, r5, lr}
 800a84e:	4605      	mov	r5, r0
 800a850:	7843      	ldrb	r3, [r0, #1]
 800a852:	2bff      	cmp	r3, #255	@ 0xff
 800a854:	d106      	bne.n	800a864 <SVCCTL_UserEvtRx+0x18>
 800a856:	f8b0 3003 	ldrh.w	r3, [r0, #3]
 800a85a:	f403 437f 	and.w	r3, r3, #65280	@ 0xff00
 800a85e:	f5b3 6f40 	cmp.w	r3, #3072	@ 0xc00
 800a862:	d003      	beq.n	800a86c <SVCCTL_UserEvtRx+0x20>
 800a864:	4628      	mov	r0, r5
 800a866:	f7f6 fb73 	bl	8000f50 <SVCCTL_App_Notification>
 800a86a:	bd38      	pop	{r3, r4, r5, pc}
 800a86c:	2400      	movs	r4, #0
 800a86e:	4622      	mov	r2, r4
 800a870:	4b0a      	ldr	r3, [pc, #40]	@ (800a89c <SVCCTL_UserEvtRx+0x50>)
 800a872:	7f1b      	ldrb	r3, [r3, #28]
 800a874:	42a3      	cmp	r3, r4
 800a876:	d909      	bls.n	800a88c <SVCCTL_UserEvtRx+0x40>
 800a878:	4b08      	ldr	r3, [pc, #32]	@ (800a89c <SVCCTL_UserEvtRx+0x50>)
 800a87a:	f853 3024 	ldr.w	r3, [r3, r4, lsl #2]
 800a87e:	4628      	mov	r0, r5
 800a880:	4798      	blx	r3
 800a882:	4602      	mov	r2, r0
 800a884:	b910      	cbnz	r0, 800a88c <SVCCTL_UserEvtRx+0x40>
 800a886:	3401      	adds	r4, #1
 800a888:	b2e4      	uxtb	r4, r4
 800a88a:	e7f1      	b.n	800a870 <SVCCTL_UserEvtRx+0x24>
 800a88c:	2a00      	cmp	r2, #0
 800a88e:	d0e9      	beq.n	800a864 <SVCCTL_UserEvtRx+0x18>
 800a890:	2a02      	cmp	r2, #2
 800a892:	d101      	bne.n	800a898 <SVCCTL_UserEvtRx+0x4c>
 800a894:	2000      	movs	r0, #0
 800a896:	e7e8      	b.n	800a86a <SVCCTL_UserEvtRx+0x1e>
 800a898:	2001      	movs	r0, #1
 800a89a:	e7e6      	b.n	800a86a <SVCCTL_UserEvtRx+0x1e>
 800a89c:	200001dc 	.word	0x200001dc

0800a8a0 <_sbrk>:
 800a8a0:	b508      	push	{r3, lr}
 800a8a2:	4603      	mov	r3, r0
 800a8a4:	4a0d      	ldr	r2, [pc, #52]	@ (800a8dc <_sbrk+0x3c>)
 800a8a6:	490e      	ldr	r1, [pc, #56]	@ (800a8e0 <_sbrk+0x40>)
 800a8a8:	480e      	ldr	r0, [pc, #56]	@ (800a8e4 <_sbrk+0x44>)
 800a8aa:	6800      	ldr	r0, [r0, #0]
 800a8ac:	b140      	cbz	r0, 800a8c0 <_sbrk+0x20>
 800a8ae:	480d      	ldr	r0, [pc, #52]	@ (800a8e4 <_sbrk+0x44>)
 800a8b0:	6800      	ldr	r0, [r0, #0]
 800a8b2:	4403      	add	r3, r0
 800a8b4:	1a52      	subs	r2, r2, r1
 800a8b6:	4293      	cmp	r3, r2
 800a8b8:	d808      	bhi.n	800a8cc <_sbrk+0x2c>
 800a8ba:	4a0a      	ldr	r2, [pc, #40]	@ (800a8e4 <_sbrk+0x44>)
 800a8bc:	6013      	str	r3, [r2, #0]
 800a8be:	bd08      	pop	{r3, pc}
 800a8c0:	4808      	ldr	r0, [pc, #32]	@ (800a8e4 <_sbrk+0x44>)
 800a8c2:	f8df c024 	ldr.w	ip, [pc, #36]	@ 800a8e8 <_sbrk+0x48>
 800a8c6:	f8c0 c000 	str.w	ip, [r0]
 800a8ca:	e7f0      	b.n	800a8ae <_sbrk+0xe>
 800a8cc:	f001 ff78 	bl	800c7c0 <__errno>
 800a8d0:	230c      	movs	r3, #12
 800a8d2:	6003      	str	r3, [r0, #0]
 800a8d4:	f04f 30ff 	mov.w	r0, #4294967295
 800a8d8:	e7f1      	b.n	800a8be <_sbrk+0x1e>
 800a8da:	bf00      	nop
 800a8dc:	20030000 	.word	0x20030000
 800a8e0:	00001000 	.word	0x00001000
 800a8e4:	20000740 	.word	0x20000740
 800a8e8:	200023e8 	.word	0x200023e8

0800a8ec <SystemInit>:
 800a8ec:	4a16      	ldr	r2, [pc, #88]	@ (800a948 <SystemInit+0x5c>)
 800a8ee:	f8d2 3088 	ldr.w	r3, [r2, #136]	@ 0x88
 800a8f2:	f443 0370 	orr.w	r3, r3, #15728640	@ 0xf00000
 800a8f6:	f8c2 3088 	str.w	r3, [r2, #136]	@ 0x88
 800a8fa:	f04f 43b0 	mov.w	r3, #1476395008	@ 0x58000000
 800a8fe:	681a      	ldr	r2, [r3, #0]
 800a900:	f042 0201 	orr.w	r2, r2, #1
 800a904:	601a      	str	r2, [r3, #0]
 800a906:	f44f 22e0 	mov.w	r2, #458752	@ 0x70000
 800a90a:	609a      	str	r2, [r3, #8]
 800a90c:	6819      	ldr	r1, [r3, #0]
 800a90e:	f1a2 62a2 	sub.w	r2, r2, #84934656	@ 0x5100000
 800a912:	f2a2 1205 	subw	r2, r2, #261	@ 0x105
 800a916:	400a      	ands	r2, r1
 800a918:	601a      	str	r2, [r3, #0]
 800a91a:	f8d3 2094 	ldr.w	r2, [r3, #148]	@ 0x94
 800a91e:	f022 0205 	bic.w	r2, r2, #5
 800a922:	f8c3 2094 	str.w	r2, [r3, #148]	@ 0x94
 800a926:	f8d3 2098 	ldr.w	r2, [r3, #152]	@ 0x98
 800a92a:	f022 0201 	bic.w	r2, r2, #1
 800a92e:	f8c3 2098 	str.w	r2, [r3, #152]	@ 0x98
 800a932:	4a06      	ldr	r2, [pc, #24]	@ (800a94c <SystemInit+0x60>)
 800a934:	60da      	str	r2, [r3, #12]
 800a936:	611a      	str	r2, [r3, #16]
 800a938:	681a      	ldr	r2, [r3, #0]
 800a93a:	f422 2280 	bic.w	r2, r2, #262144	@ 0x40000
 800a93e:	601a      	str	r2, [r3, #0]
 800a940:	2200      	movs	r2, #0
 800a942:	619a      	str	r2, [r3, #24]
 800a944:	4770      	bx	lr
 800a946:	bf00      	nop
 800a948:	e000ed00 	.word	0xe000ed00
 800a94c:	22041000 	.word	0x22041000

0800a950 <HAL_TIM_Base_MspInit>:
 800a950:	b500      	push	{lr}
 800a952:	b083      	sub	sp, #12
 800a954:	6803      	ldr	r3, [r0, #0]
 800a956:	4a18      	ldr	r2, [pc, #96]	@ (800a9b8 <HAL_TIM_Base_MspInit+0x68>)
 800a958:	4293      	cmp	r3, r2
 800a95a:	d004      	beq.n	800a966 <HAL_TIM_Base_MspInit+0x16>
 800a95c:	4a17      	ldr	r2, [pc, #92]	@ (800a9bc <HAL_TIM_Base_MspInit+0x6c>)
 800a95e:	4293      	cmp	r3, r2
 800a960:	d015      	beq.n	800a98e <HAL_TIM_Base_MspInit+0x3e>
 800a962:	b003      	add	sp, #12
 800a964:	bd00      	pop	{pc}
 800a966:	f04f 43b0 	mov.w	r3, #1476395008	@ 0x58000000
 800a96a:	6e1a      	ldr	r2, [r3, #96]	@ 0x60
 800a96c:	f442 6200 	orr.w	r2, r2, #2048	@ 0x800
 800a970:	661a      	str	r2, [r3, #96]	@ 0x60
 800a972:	6e1b      	ldr	r3, [r3, #96]	@ 0x60
 800a974:	f403 6300 	and.w	r3, r3, #2048	@ 0x800
 800a978:	9300      	str	r3, [sp, #0]
 800a97a:	9b00      	ldr	r3, [sp, #0]
 800a97c:	2200      	movs	r2, #0
 800a97e:	4611      	mov	r1, r2
 800a980:	2019      	movs	r0, #25
 800a982:	f7fa fe31 	bl	80055e8 <HAL_NVIC_SetPriority>
 800a986:	2019      	movs	r0, #25
 800a988:	f7fa fe3e 	bl	8005608 <HAL_NVIC_EnableIRQ>
 800a98c:	e7e9      	b.n	800a962 <HAL_TIM_Base_MspInit+0x12>
 800a98e:	f04f 43b0 	mov.w	r3, #1476395008	@ 0x58000000
 800a992:	6e1a      	ldr	r2, [r3, #96]	@ 0x60
 800a994:	f442 3200 	orr.w	r2, r2, #131072	@ 0x20000
 800a998:	661a      	str	r2, [r3, #96]	@ 0x60
 800a99a:	6e1b      	ldr	r3, [r3, #96]	@ 0x60
 800a99c:	f403 3300 	and.w	r3, r3, #131072	@ 0x20000
 800a9a0:	9301      	str	r3, [sp, #4]
 800a9a2:	9b01      	ldr	r3, [sp, #4]
 800a9a4:	2200      	movs	r2, #0
 800a9a6:	4611      	mov	r1, r2
 800a9a8:	2019      	movs	r0, #25
 800a9aa:	f7fa fe1d 	bl	80055e8 <HAL_NVIC_SetPriority>
 800a9ae:	2019      	movs	r0, #25
 800a9b0:	f7fa fe2a 	bl	8005608 <HAL_NVIC_EnableIRQ>
 800a9b4:	e7d5      	b.n	800a962 <HAL_TIM_Base_MspInit+0x12>
 800a9b6:	bf00      	nop
 800a9b8:	40012c00 	.word	0x40012c00
 800a9bc:	40014400 	.word	0x40014400

0800a9c0 <HAL_TIM_MspPostInit>:
 800a9c0:	b530      	push	{r4, r5, lr}
 800a9c2:	b089      	sub	sp, #36	@ 0x24
 800a9c4:	2300      	movs	r3, #0
 800a9c6:	9303      	str	r3, [sp, #12]
 800a9c8:	9304      	str	r3, [sp, #16]
 800a9ca:	9305      	str	r3, [sp, #20]
 800a9cc:	9306      	str	r3, [sp, #24]
 800a9ce:	9307      	str	r3, [sp, #28]
 800a9d0:	6803      	ldr	r3, [r0, #0]
 800a9d2:	4a27      	ldr	r2, [pc, #156]	@ (800aa70 <HAL_TIM_MspPostInit+0xb0>)
 800a9d4:	4293      	cmp	r3, r2
 800a9d6:	d004      	beq.n	800a9e2 <HAL_TIM_MspPostInit+0x22>
 800a9d8:	4a26      	ldr	r2, [pc, #152]	@ (800aa74 <HAL_TIM_MspPostInit+0xb4>)
 800a9da:	4293      	cmp	r3, r2
 800a9dc:	d02f      	beq.n	800aa3e <HAL_TIM_MspPostInit+0x7e>
 800a9de:	b009      	add	sp, #36	@ 0x24
 800a9e0:	bd30      	pop	{r4, r5, pc}
 800a9e2:	f04f 43b0 	mov.w	r3, #1476395008	@ 0x58000000
 800a9e6:	6cda      	ldr	r2, [r3, #76]	@ 0x4c
 800a9e8:	f042 0201 	orr.w	r2, r2, #1
 800a9ec:	64da      	str	r2, [r3, #76]	@ 0x4c
 800a9ee:	6cda      	ldr	r2, [r3, #76]	@ 0x4c
 800a9f0:	f002 0201 	and.w	r2, r2, #1
 800a9f4:	9201      	str	r2, [sp, #4]
 800a9f6:	9a01      	ldr	r2, [sp, #4]
 800a9f8:	6cda      	ldr	r2, [r3, #76]	@ 0x4c
 800a9fa:	f042 0202 	orr.w	r2, r2, #2
 800a9fe:	64da      	str	r2, [r3, #76]	@ 0x4c
 800aa00:	6cdb      	ldr	r3, [r3, #76]	@ 0x4c
 800aa02:	f003 0302 	and.w	r3, r3, #2
 800aa06:	9300      	str	r3, [sp, #0]
 800aa08:	9b00      	ldr	r3, [sp, #0]
 800aa0a:	f44f 63b0 	mov.w	r3, #1408	@ 0x580
 800aa0e:	9303      	str	r3, [sp, #12]
 800aa10:	2502      	movs	r5, #2
 800aa12:	9504      	str	r5, [sp, #16]
 800aa14:	2401      	movs	r4, #1
 800aa16:	9406      	str	r4, [sp, #24]
 800aa18:	9407      	str	r4, [sp, #28]
 800aa1a:	a903      	add	r1, sp, #12
 800aa1c:	f04f 4090 	mov.w	r0, #1207959552	@ 0x48000000
 800aa20:	f7fa fe2a 	bl	8005678 <HAL_GPIO_Init>
 800aa24:	f44f 4300 	mov.w	r3, #32768	@ 0x8000
 800aa28:	9303      	str	r3, [sp, #12]
 800aa2a:	9504      	str	r5, [sp, #16]
 800aa2c:	2300      	movs	r3, #0
 800aa2e:	9305      	str	r3, [sp, #20]
 800aa30:	9406      	str	r4, [sp, #24]
 800aa32:	9407      	str	r4, [sp, #28]
 800aa34:	a903      	add	r1, sp, #12
 800aa36:	4810      	ldr	r0, [pc, #64]	@ (800aa78 <HAL_TIM_MspPostInit+0xb8>)
 800aa38:	f7fa fe1e 	bl	8005678 <HAL_GPIO_Init>
 800aa3c:	e7cf      	b.n	800a9de <HAL_TIM_MspPostInit+0x1e>
 800aa3e:	f04f 43b0 	mov.w	r3, #1476395008	@ 0x58000000
 800aa42:	6cda      	ldr	r2, [r3, #76]	@ 0x4c
 800aa44:	f042 0202 	orr.w	r2, r2, #2
 800aa48:	64da      	str	r2, [r3, #76]	@ 0x4c
 800aa4a:	6cdb      	ldr	r3, [r3, #76]	@ 0x4c
 800aa4c:	f003 0302 	and.w	r3, r3, #2
 800aa50:	9302      	str	r3, [sp, #8]
 800aa52:	9b02      	ldr	r3, [sp, #8]
 800aa54:	2340      	movs	r3, #64	@ 0x40
 800aa56:	9303      	str	r3, [sp, #12]
 800aa58:	2302      	movs	r3, #2
 800aa5a:	9304      	str	r3, [sp, #16]
 800aa5c:	2303      	movs	r3, #3
 800aa5e:	9306      	str	r3, [sp, #24]
 800aa60:	230e      	movs	r3, #14
 800aa62:	9307      	str	r3, [sp, #28]
 800aa64:	a903      	add	r1, sp, #12
 800aa66:	4804      	ldr	r0, [pc, #16]	@ (800aa78 <HAL_TIM_MspPostInit+0xb8>)
 800aa68:	f7fa fe06 	bl	8005678 <HAL_GPIO_Init>
 800aa6c:	e7b7      	b.n	800a9de <HAL_TIM_MspPostInit+0x1e>
 800aa6e:	bf00      	nop
 800aa70:	40012c00 	.word	0x40012c00
 800aa74:	40014400 	.word	0x40014400
 800aa78:	48000400 	.word	0x48000400

0800aa7c <MX_TIM1_Init>:
 800aa7c:	b510      	push	{r4, lr}
 800aa7e:	b09c      	sub	sp, #112	@ 0x70
 800aa80:	2400      	movs	r4, #0
 800aa82:	9418      	str	r4, [sp, #96]	@ 0x60
 800aa84:	9419      	str	r4, [sp, #100]	@ 0x64
 800aa86:	941a      	str	r4, [sp, #104]	@ 0x68
 800aa88:	941b      	str	r4, [sp, #108]	@ 0x6c
 800aa8a:	9415      	str	r4, [sp, #84]	@ 0x54
 800aa8c:	9416      	str	r4, [sp, #88]	@ 0x58
 800aa8e:	9417      	str	r4, [sp, #92]	@ 0x5c
 800aa90:	940e      	str	r4, [sp, #56]	@ 0x38
 800aa92:	940f      	str	r4, [sp, #60]	@ 0x3c
 800aa94:	9410      	str	r4, [sp, #64]	@ 0x40
 800aa96:	9411      	str	r4, [sp, #68]	@ 0x44
 800aa98:	9412      	str	r4, [sp, #72]	@ 0x48
 800aa9a:	9413      	str	r4, [sp, #76]	@ 0x4c
 800aa9c:	9414      	str	r4, [sp, #80]	@ 0x50
 800aa9e:	2234      	movs	r2, #52	@ 0x34
 800aaa0:	4621      	mov	r1, r4
 800aaa2:	a801      	add	r0, sp, #4
 800aaa4:	f001 fe74 	bl	800c790 <memset>
 800aaa8:	4836      	ldr	r0, [pc, #216]	@ (800ab84 <MX_TIM1_Init+0x108>)
 800aaaa:	4b37      	ldr	r3, [pc, #220]	@ (800ab88 <MX_TIM1_Init+0x10c>)
 800aaac:	6003      	str	r3, [r0, #0]
 800aaae:	6044      	str	r4, [r0, #4]
 800aab0:	6084      	str	r4, [r0, #8]
 800aab2:	f64f 73ff 	movw	r3, #65535	@ 0xffff
 800aab6:	60c3      	str	r3, [r0, #12]
 800aab8:	6104      	str	r4, [r0, #16]
 800aaba:	6144      	str	r4, [r0, #20]
 800aabc:	6184      	str	r4, [r0, #24]
 800aabe:	f7fd fbb3 	bl	8008228 <HAL_TIM_Base_Init>
 800aac2:	2800      	cmp	r0, #0
 800aac4:	d148      	bne.n	800ab58 <MX_TIM1_Init+0xdc>
 800aac6:	f44f 5380 	mov.w	r3, #4096	@ 0x1000
 800aaca:	9318      	str	r3, [sp, #96]	@ 0x60
 800aacc:	a918      	add	r1, sp, #96	@ 0x60
 800aace:	482d      	ldr	r0, [pc, #180]	@ (800ab84 <MX_TIM1_Init+0x108>)
 800aad0:	f7fd fd22 	bl	8008518 <HAL_TIM_ConfigClockSource>
 800aad4:	2800      	cmp	r0, #0
 800aad6:	d142      	bne.n	800ab5e <MX_TIM1_Init+0xe2>
 800aad8:	482a      	ldr	r0, [pc, #168]	@ (800ab84 <MX_TIM1_Init+0x108>)
 800aada:	f7fd fbd5 	bl	8008288 <HAL_TIM_PWM_Init>
 800aade:	2800      	cmp	r0, #0
 800aae0:	d140      	bne.n	800ab64 <MX_TIM1_Init+0xe8>
 800aae2:	2300      	movs	r3, #0
 800aae4:	9315      	str	r3, [sp, #84]	@ 0x54
 800aae6:	9316      	str	r3, [sp, #88]	@ 0x58
 800aae8:	9317      	str	r3, [sp, #92]	@ 0x5c
 800aaea:	a915      	add	r1, sp, #84	@ 0x54
 800aaec:	4825      	ldr	r0, [pc, #148]	@ (800ab84 <MX_TIM1_Init+0x108>)
 800aaee:	f7fd fea3 	bl	8008838 <HAL_TIMEx_MasterConfigSynchronization>
 800aaf2:	2800      	cmp	r0, #0
 800aaf4:	d139      	bne.n	800ab6a <MX_TIM1_Init+0xee>
 800aaf6:	2360      	movs	r3, #96	@ 0x60
 800aaf8:	930e      	str	r3, [sp, #56]	@ 0x38
 800aafa:	2200      	movs	r2, #0
 800aafc:	920f      	str	r2, [sp, #60]	@ 0x3c
 800aafe:	9210      	str	r2, [sp, #64]	@ 0x40
 800ab00:	9211      	str	r2, [sp, #68]	@ 0x44
 800ab02:	9212      	str	r2, [sp, #72]	@ 0x48
 800ab04:	9213      	str	r2, [sp, #76]	@ 0x4c
 800ab06:	9214      	str	r2, [sp, #80]	@ 0x50
 800ab08:	a90e      	add	r1, sp, #56	@ 0x38
 800ab0a:	481e      	ldr	r0, [pc, #120]	@ (800ab84 <MX_TIM1_Init+0x108>)
 800ab0c:	f7fd fc58 	bl	80083c0 <HAL_TIM_PWM_ConfigChannel>
 800ab10:	2800      	cmp	r0, #0
 800ab12:	d12d      	bne.n	800ab70 <MX_TIM1_Init+0xf4>
 800ab14:	2208      	movs	r2, #8
 800ab16:	a90e      	add	r1, sp, #56	@ 0x38
 800ab18:	481a      	ldr	r0, [pc, #104]	@ (800ab84 <MX_TIM1_Init+0x108>)
 800ab1a:	f7fd fc51 	bl	80083c0 <HAL_TIM_PWM_ConfigChannel>
 800ab1e:	bb50      	cbnz	r0, 800ab76 <MX_TIM1_Init+0xfa>
 800ab20:	2300      	movs	r3, #0
 800ab22:	9301      	str	r3, [sp, #4]
 800ab24:	9302      	str	r3, [sp, #8]
 800ab26:	9303      	str	r3, [sp, #12]
 800ab28:	9304      	str	r3, [sp, #16]
 800ab2a:	9305      	str	r3, [sp, #20]
 800ab2c:	f44f 5200 	mov.w	r2, #8192	@ 0x2000
 800ab30:	9206      	str	r2, [sp, #24]
 800ab32:	9307      	str	r3, [sp, #28]
 800ab34:	9308      	str	r3, [sp, #32]
 800ab36:	9309      	str	r3, [sp, #36]	@ 0x24
 800ab38:	f04f 7200 	mov.w	r2, #33554432	@ 0x2000000
 800ab3c:	920a      	str	r2, [sp, #40]	@ 0x28
 800ab3e:	930b      	str	r3, [sp, #44]	@ 0x2c
 800ab40:	930c      	str	r3, [sp, #48]	@ 0x30
 800ab42:	930d      	str	r3, [sp, #52]	@ 0x34
 800ab44:	a901      	add	r1, sp, #4
 800ab46:	480f      	ldr	r0, [pc, #60]	@ (800ab84 <MX_TIM1_Init+0x108>)
 800ab48:	f7fd feac 	bl	80088a4 <HAL_TIMEx_ConfigBreakDeadTime>
 800ab4c:	b9b0      	cbnz	r0, 800ab7c <MX_TIM1_Init+0x100>
 800ab4e:	480d      	ldr	r0, [pc, #52]	@ (800ab84 <MX_TIM1_Init+0x108>)
 800ab50:	f7ff ff36 	bl	800a9c0 <HAL_TIM_MspPostInit>
 800ab54:	b01c      	add	sp, #112	@ 0x70
 800ab56:	bd10      	pop	{r4, pc}
 800ab58:	f7f8 f900 	bl	8002d5c <Error_Handler>
 800ab5c:	e7b3      	b.n	800aac6 <MX_TIM1_Init+0x4a>
 800ab5e:	f7f8 f8fd 	bl	8002d5c <Error_Handler>
 800ab62:	e7b9      	b.n	800aad8 <MX_TIM1_Init+0x5c>
 800ab64:	f7f8 f8fa 	bl	8002d5c <Error_Handler>
 800ab68:	e7bb      	b.n	800aae2 <MX_TIM1_Init+0x66>
 800ab6a:	f7f8 f8f7 	bl	8002d5c <Error_Handler>
 800ab6e:	e7c2      	b.n	800aaf6 <MX_TIM1_Init+0x7a>
 800ab70:	f7f8 f8f4 	bl	8002d5c <Error_Handler>
 800ab74:	e7ce      	b.n	800ab14 <MX_TIM1_Init+0x98>
 800ab76:	f7f8 f8f1 	bl	8002d5c <Error_Handler>
 800ab7a:	e7d1      	b.n	800ab20 <MX_TIM1_Init+0xa4>
 800ab7c:	f7f8 f8ee 	bl	8002d5c <Error_Handler>
 800ab80:	e7e5      	b.n	800ab4e <MX_TIM1_Init+0xd2>
 800ab82:	bf00      	nop
 800ab84:	20000790 	.word	0x20000790
 800ab88:	40012c00 	.word	0x40012c00

0800ab8c <MX_TIM16_Init>:
 800ab8c:	b510      	push	{r4, lr}
 800ab8e:	b094      	sub	sp, #80	@ 0x50
 800ab90:	2400      	movs	r4, #0
 800ab92:	940d      	str	r4, [sp, #52]	@ 0x34
 800ab94:	940e      	str	r4, [sp, #56]	@ 0x38
 800ab96:	940f      	str	r4, [sp, #60]	@ 0x3c
 800ab98:	9410      	str	r4, [sp, #64]	@ 0x40
 800ab9a:	9411      	str	r4, [sp, #68]	@ 0x44
 800ab9c:	9412      	str	r4, [sp, #72]	@ 0x48
 800ab9e:	9413      	str	r4, [sp, #76]	@ 0x4c
 800aba0:	2234      	movs	r2, #52	@ 0x34
 800aba2:	4621      	mov	r1, r4
 800aba4:	4668      	mov	r0, sp
 800aba6:	f001 fdf3 	bl	800c790 <memset>
 800abaa:	4825      	ldr	r0, [pc, #148]	@ (800ac40 <MX_TIM16_Init+0xb4>)
 800abac:	4b25      	ldr	r3, [pc, #148]	@ (800ac44 <MX_TIM16_Init+0xb8>)
 800abae:	6003      	str	r3, [r0, #0]
 800abb0:	6044      	str	r4, [r0, #4]
 800abb2:	6084      	str	r4, [r0, #8]
 800abb4:	f64f 73ff 	movw	r3, #65535	@ 0xffff
 800abb8:	60c3      	str	r3, [r0, #12]
 800abba:	6104      	str	r4, [r0, #16]
 800abbc:	6144      	str	r4, [r0, #20]
 800abbe:	6184      	str	r4, [r0, #24]
 800abc0:	f7fd fb32 	bl	8008228 <HAL_TIM_Base_Init>
 800abc4:	2800      	cmp	r0, #0
 800abc6:	d12b      	bne.n	800ac20 <MX_TIM16_Init+0x94>
 800abc8:	481d      	ldr	r0, [pc, #116]	@ (800ac40 <MX_TIM16_Init+0xb4>)
 800abca:	f7fd fb5d 	bl	8008288 <HAL_TIM_PWM_Init>
 800abce:	bb50      	cbnz	r0, 800ac26 <MX_TIM16_Init+0x9a>
 800abd0:	2108      	movs	r1, #8
 800abd2:	481b      	ldr	r0, [pc, #108]	@ (800ac40 <MX_TIM16_Init+0xb4>)
 800abd4:	f7fd fb88 	bl	80082e8 <HAL_TIM_OnePulse_Init>
 800abd8:	bb40      	cbnz	r0, 800ac2c <MX_TIM16_Init+0xa0>
 800abda:	2360      	movs	r3, #96	@ 0x60
 800abdc:	930d      	str	r3, [sp, #52]	@ 0x34
 800abde:	2200      	movs	r2, #0
 800abe0:	920e      	str	r2, [sp, #56]	@ 0x38
 800abe2:	920f      	str	r2, [sp, #60]	@ 0x3c
 800abe4:	9210      	str	r2, [sp, #64]	@ 0x40
 800abe6:	9211      	str	r2, [sp, #68]	@ 0x44
 800abe8:	9212      	str	r2, [sp, #72]	@ 0x48
 800abea:	9213      	str	r2, [sp, #76]	@ 0x4c
 800abec:	a90d      	add	r1, sp, #52	@ 0x34
 800abee:	4814      	ldr	r0, [pc, #80]	@ (800ac40 <MX_TIM16_Init+0xb4>)
 800abf0:	f7fd fbe6 	bl	80083c0 <HAL_TIM_PWM_ConfigChannel>
 800abf4:	b9e8      	cbnz	r0, 800ac32 <MX_TIM16_Init+0xa6>
 800abf6:	2300      	movs	r3, #0
 800abf8:	9300      	str	r3, [sp, #0]
 800abfa:	9301      	str	r3, [sp, #4]
 800abfc:	9302      	str	r3, [sp, #8]
 800abfe:	9303      	str	r3, [sp, #12]
 800ac00:	9304      	str	r3, [sp, #16]
 800ac02:	f44f 5200 	mov.w	r2, #8192	@ 0x2000
 800ac06:	9205      	str	r2, [sp, #20]
 800ac08:	9306      	str	r3, [sp, #24]
 800ac0a:	930c      	str	r3, [sp, #48]	@ 0x30
 800ac0c:	4669      	mov	r1, sp
 800ac0e:	480c      	ldr	r0, [pc, #48]	@ (800ac40 <MX_TIM16_Init+0xb4>)
 800ac10:	f7fd fe48 	bl	80088a4 <HAL_TIMEx_ConfigBreakDeadTime>
 800ac14:	b980      	cbnz	r0, 800ac38 <MX_TIM16_Init+0xac>
 800ac16:	480a      	ldr	r0, [pc, #40]	@ (800ac40 <MX_TIM16_Init+0xb4>)
 800ac18:	f7ff fed2 	bl	800a9c0 <HAL_TIM_MspPostInit>
 800ac1c:	b014      	add	sp, #80	@ 0x50
 800ac1e:	bd10      	pop	{r4, pc}
 800ac20:	f7f8 f89c 	bl	8002d5c <Error_Handler>
 800ac24:	e7d0      	b.n	800abc8 <MX_TIM16_Init+0x3c>
 800ac26:	f7f8 f899 	bl	8002d5c <Error_Handler>
 800ac2a:	e7d1      	b.n	800abd0 <MX_TIM16_Init+0x44>
 800ac2c:	f7f8 f896 	bl	8002d5c <Error_Handler>
 800ac30:	e7d3      	b.n	800abda <MX_TIM16_Init+0x4e>
 800ac32:	f7f8 f893 	bl	8002d5c <Error_Handler>
 800ac36:	e7de      	b.n	800abf6 <MX_TIM16_Init+0x6a>
 800ac38:	f7f8 f890 	bl	8002d5c <Error_Handler>
 800ac3c:	e7eb      	b.n	800ac16 <MX_TIM16_Init+0x8a>
 800ac3e:	bf00      	nop
 800ac40:	20000744 	.word	0x20000744
 800ac44:	40014400 	.word	0x40014400

0800ac48 <SendFreeBuf>:
 800ac48:	b500      	push	{lr}
 800ac4a:	b083      	sub	sp, #12
 800ac4c:	e009      	b.n	800ac62 <SendFreeBuf+0x1a>
 800ac4e:	a901      	add	r1, sp, #4
 800ac50:	4807      	ldr	r0, [pc, #28]	@ (800ac70 <SendFreeBuf+0x28>)
 800ac52:	f7ff fda0 	bl	800a796 <LST_remove_head>
 800ac56:	4b07      	ldr	r3, [pc, #28]	@ (800ac74 <SendFreeBuf+0x2c>)
 800ac58:	691b      	ldr	r3, [r3, #16]
 800ac5a:	9901      	ldr	r1, [sp, #4]
 800ac5c:	6918      	ldr	r0, [r3, #16]
 800ac5e:	f7ff fd82 	bl	800a766 <LST_insert_tail>
 800ac62:	4803      	ldr	r0, [pc, #12]	@ (800ac70 <SendFreeBuf+0x28>)
 800ac64:	f7ff fd67 	bl	800a736 <LST_is_empty>
 800ac68:	2800      	cmp	r0, #0
 800ac6a:	d0f0      	beq.n	800ac4e <SendFreeBuf+0x6>
 800ac6c:	b003      	add	sp, #12
 800ac6e:	bd00      	pop	{pc}
 800ac70:	200007f0 	.word	0x200007f0
 800ac74:	20030000 	.word	0x20030000

0800ac78 <TL_Enable>:
 800ac78:	b508      	push	{r3, lr}
 800ac7a:	f7f7 fab9 	bl	80021f0 <HW_IPCC_Enable>
 800ac7e:	bd08      	pop	{r3, pc}

0800ac80 <TL_Init>:
 800ac80:	b508      	push	{r3, lr}
 800ac82:	4b0c      	ldr	r3, [pc, #48]	@ (800acb4 <TL_Init+0x34>)
 800ac84:	4a0c      	ldr	r2, [pc, #48]	@ (800acb8 <TL_Init+0x38>)
 800ac86:	601a      	str	r2, [r3, #0]
 800ac88:	4a0c      	ldr	r2, [pc, #48]	@ (800acbc <TL_Init+0x3c>)
 800ac8a:	605a      	str	r2, [r3, #4]
 800ac8c:	4a0c      	ldr	r2, [pc, #48]	@ (800acc0 <TL_Init+0x40>)
 800ac8e:	609a      	str	r2, [r3, #8]
 800ac90:	4a0c      	ldr	r2, [pc, #48]	@ (800acc4 <TL_Init+0x44>)
 800ac92:	621a      	str	r2, [r3, #32]
 800ac94:	4a0c      	ldr	r2, [pc, #48]	@ (800acc8 <TL_Init+0x48>)
 800ac96:	625a      	str	r2, [r3, #36]	@ 0x24
 800ac98:	4a0c      	ldr	r2, [pc, #48]	@ (800accc <TL_Init+0x4c>)
 800ac9a:	60da      	str	r2, [r3, #12]
 800ac9c:	4a0c      	ldr	r2, [pc, #48]	@ (800acd0 <TL_Init+0x50>)
 800ac9e:	611a      	str	r2, [r3, #16]
 800aca0:	4a0c      	ldr	r2, [pc, #48]	@ (800acd4 <TL_Init+0x54>)
 800aca2:	615a      	str	r2, [r3, #20]
 800aca4:	4a0c      	ldr	r2, [pc, #48]	@ (800acd8 <TL_Init+0x58>)
 800aca6:	619a      	str	r2, [r3, #24]
 800aca8:	4a0c      	ldr	r2, [pc, #48]	@ (800acdc <TL_Init+0x5c>)
 800acaa:	61da      	str	r2, [r3, #28]
 800acac:	f7f7 fac8 	bl	8002240 <HW_IPCC_Init>
 800acb0:	bd08      	pop	{r3, pc}
 800acb2:	bf00      	nop
 800acb4:	20030000 	.word	0x20030000
 800acb8:	200301c4 	.word	0x200301c4
 800acbc:	200301b4 	.word	0x200301b4
 800acc0:	200301a4 	.word	0x200301a4
 800acc4:	2003019c 	.word	0x2003019c
 800acc8:	20030194 	.word	0x20030194
 800accc:	2003018c 	.word	0x2003018c
 800acd0:	20030170 	.word	0x20030170
 800acd4:	2003016c 	.word	0x2003016c
 800acd8:	20030160 	.word	0x20030160
 800acdc:	20030154 	.word	0x20030154

0800ace0 <TL_BLE_Init>:
 800ace0:	b538      	push	{r3, r4, r5, lr}
 800ace2:	4604      	mov	r4, r0
 800ace4:	4d0b      	ldr	r5, [pc, #44]	@ (800ad14 <TL_BLE_Init+0x34>)
 800ace6:	4628      	mov	r0, r5
 800ace8:	f7ff fd22 	bl	800a730 <LST_init_head>
 800acec:	4b0a      	ldr	r3, [pc, #40]	@ (800ad18 <TL_BLE_Init+0x38>)
 800acee:	685b      	ldr	r3, [r3, #4]
 800acf0:	68a2      	ldr	r2, [r4, #8]
 800acf2:	601a      	str	r2, [r3, #0]
 800acf4:	68e2      	ldr	r2, [r4, #12]
 800acf6:	60da      	str	r2, [r3, #12]
 800acf8:	4a08      	ldr	r2, [pc, #32]	@ (800ad1c <TL_BLE_Init+0x3c>)
 800acfa:	605a      	str	r2, [r3, #4]
 800acfc:	609d      	str	r5, [r3, #8]
 800acfe:	f7f7 fabf 	bl	8002280 <HW_IPCC_BLE_Init>
 800ad02:	6822      	ldr	r2, [r4, #0]
 800ad04:	4b06      	ldr	r3, [pc, #24]	@ (800ad20 <TL_BLE_Init+0x40>)
 800ad06:	601a      	str	r2, [r3, #0]
 800ad08:	6862      	ldr	r2, [r4, #4]
 800ad0a:	4b06      	ldr	r3, [pc, #24]	@ (800ad24 <TL_BLE_Init+0x44>)
 800ad0c:	601a      	str	r2, [r3, #0]
 800ad0e:	2000      	movs	r0, #0
 800ad10:	bd38      	pop	{r3, r4, r5, pc}
 800ad12:	bf00      	nop
 800ad14:	2003013c 	.word	0x2003013c
 800ad18:	20030000 	.word	0x20030000
 800ad1c:	20030a58 	.word	0x20030a58
 800ad20:	200007ec 	.word	0x200007ec
 800ad24:	200007e8 	.word	0x200007e8

0800ad28 <TL_BLE_SendCmd>:
 800ad28:	b508      	push	{r3, lr}
 800ad2a:	4b05      	ldr	r3, [pc, #20]	@ (800ad40 <TL_BLE_SendCmd+0x18>)
 800ad2c:	685a      	ldr	r2, [r3, #4]
 800ad2e:	6812      	ldr	r2, [r2, #0]
 800ad30:	2101      	movs	r1, #1
 800ad32:	7211      	strb	r1, [r2, #8]
 800ad34:	685b      	ldr	r3, [r3, #4]
 800ad36:	f7f7 fab1 	bl	800229c <HW_IPCC_BLE_SendCmd>
 800ad3a:	2000      	movs	r0, #0
 800ad3c:	bd08      	pop	{r3, pc}
 800ad3e:	bf00      	nop
 800ad40:	20030000 	.word	0x20030000

0800ad44 <HW_IPCC_BLE_RxEvtNot>:
 800ad44:	b500      	push	{lr}
 800ad46:	b083      	sub	sp, #12
 800ad48:	e007      	b.n	800ad5a <HW_IPCC_BLE_RxEvtNot+0x16>
 800ad4a:	a901      	add	r1, sp, #4
 800ad4c:	4806      	ldr	r0, [pc, #24]	@ (800ad68 <HW_IPCC_BLE_RxEvtNot+0x24>)
 800ad4e:	f7ff fd22 	bl	800a796 <LST_remove_head>
 800ad52:	4b06      	ldr	r3, [pc, #24]	@ (800ad6c <HW_IPCC_BLE_RxEvtNot+0x28>)
 800ad54:	681b      	ldr	r3, [r3, #0]
 800ad56:	9801      	ldr	r0, [sp, #4]
 800ad58:	4798      	blx	r3
 800ad5a:	4803      	ldr	r0, [pc, #12]	@ (800ad68 <HW_IPCC_BLE_RxEvtNot+0x24>)
 800ad5c:	f7ff fceb 	bl	800a736 <LST_is_empty>
 800ad60:	2800      	cmp	r0, #0
 800ad62:	d0f2      	beq.n	800ad4a <HW_IPCC_BLE_RxEvtNot+0x6>
 800ad64:	b003      	add	sp, #12
 800ad66:	bd00      	pop	{pc}
 800ad68:	2003013c 	.word	0x2003013c
 800ad6c:	200007ec 	.word	0x200007ec

0800ad70 <HW_IPCC_BLE_AclDataAckNot>:
 800ad70:	b508      	push	{r3, lr}
 800ad72:	4b02      	ldr	r3, [pc, #8]	@ (800ad7c <HW_IPCC_BLE_AclDataAckNot+0xc>)
 800ad74:	681b      	ldr	r3, [r3, #0]
 800ad76:	4798      	blx	r3
 800ad78:	bd08      	pop	{r3, pc}
 800ad7a:	bf00      	nop
 800ad7c:	200007e8 	.word	0x200007e8

0800ad80 <TL_SYS_Init>:
 800ad80:	b538      	push	{r3, r4, r5, lr}
 800ad82:	4604      	mov	r4, r0
 800ad84:	4d09      	ldr	r5, [pc, #36]	@ (800adac <TL_SYS_Init+0x2c>)
 800ad86:	4628      	mov	r0, r5
 800ad88:	f7ff fcd2 	bl	800a730 <LST_init_head>
 800ad8c:	4b08      	ldr	r3, [pc, #32]	@ (800adb0 <TL_SYS_Init+0x30>)
 800ad8e:	68db      	ldr	r3, [r3, #12]
 800ad90:	68a2      	ldr	r2, [r4, #8]
 800ad92:	601a      	str	r2, [r3, #0]
 800ad94:	605d      	str	r5, [r3, #4]
 800ad96:	f7f7 faa3 	bl	80022e0 <HW_IPCC_SYS_Init>
 800ad9a:	6822      	ldr	r2, [r4, #0]
 800ad9c:	4b05      	ldr	r3, [pc, #20]	@ (800adb4 <TL_SYS_Init+0x34>)
 800ad9e:	601a      	str	r2, [r3, #0]
 800ada0:	6862      	ldr	r2, [r4, #4]
 800ada2:	4b05      	ldr	r3, [pc, #20]	@ (800adb8 <TL_SYS_Init+0x38>)
 800ada4:	601a      	str	r2, [r3, #0]
 800ada6:	2000      	movs	r0, #0
 800ada8:	bd38      	pop	{r3, r4, r5, pc}
 800adaa:	bf00      	nop
 800adac:	20030134 	.word	0x20030134
 800adb0:	20030000 	.word	0x20030000
 800adb4:	200007e4 	.word	0x200007e4
 800adb8:	200007e0 	.word	0x200007e0

0800adbc <TL_SYS_SendCmd>:
 800adbc:	b508      	push	{r3, lr}
 800adbe:	4b05      	ldr	r3, [pc, #20]	@ (800add4 <TL_SYS_SendCmd+0x18>)
 800adc0:	68da      	ldr	r2, [r3, #12]
 800adc2:	6812      	ldr	r2, [r2, #0]
 800adc4:	2110      	movs	r1, #16
 800adc6:	7211      	strb	r1, [r2, #8]
 800adc8:	68db      	ldr	r3, [r3, #12]
 800adca:	f7f7 fa97 	bl	80022fc <HW_IPCC_SYS_SendCmd>
 800adce:	2000      	movs	r0, #0
 800add0:	bd08      	pop	{r3, pc}
 800add2:	bf00      	nop
 800add4:	20030000 	.word	0x20030000

0800add8 <HW_IPCC_SYS_CmdEvtNot>:
 800add8:	b508      	push	{r3, lr}
 800adda:	4b04      	ldr	r3, [pc, #16]	@ (800adec <HW_IPCC_SYS_CmdEvtNot+0x14>)
 800addc:	68da      	ldr	r2, [r3, #12]
 800adde:	68da      	ldr	r2, [r3, #12]
 800ade0:	4b03      	ldr	r3, [pc, #12]	@ (800adf0 <HW_IPCC_SYS_CmdEvtNot+0x18>)
 800ade2:	681b      	ldr	r3, [r3, #0]
 800ade4:	6810      	ldr	r0, [r2, #0]
 800ade6:	4798      	blx	r3
 800ade8:	bd08      	pop	{r3, pc}
 800adea:	bf00      	nop
 800adec:	20030000 	.word	0x20030000
 800adf0:	200007e4 	.word	0x200007e4

0800adf4 <HW_IPCC_SYS_EvtNot>:
 800adf4:	b500      	push	{lr}
 800adf6:	b083      	sub	sp, #12
 800adf8:	e007      	b.n	800ae0a <HW_IPCC_SYS_EvtNot+0x16>
 800adfa:	a901      	add	r1, sp, #4
 800adfc:	4806      	ldr	r0, [pc, #24]	@ (800ae18 <HW_IPCC_SYS_EvtNot+0x24>)
 800adfe:	f7ff fcca 	bl	800a796 <LST_remove_head>
 800ae02:	4b06      	ldr	r3, [pc, #24]	@ (800ae1c <HW_IPCC_SYS_EvtNot+0x28>)
 800ae04:	681b      	ldr	r3, [r3, #0]
 800ae06:	9801      	ldr	r0, [sp, #4]
 800ae08:	4798      	blx	r3
 800ae0a:	4803      	ldr	r0, [pc, #12]	@ (800ae18 <HW_IPCC_SYS_EvtNot+0x24>)
 800ae0c:	f7ff fc93 	bl	800a736 <LST_is_empty>
 800ae10:	2800      	cmp	r0, #0
 800ae12:	d0f2      	beq.n	800adfa <HW_IPCC_SYS_EvtNot+0x6>
 800ae14:	b003      	add	sp, #12
 800ae16:	bd00      	pop	{pc}
 800ae18:	20030134 	.word	0x20030134
 800ae1c:	200007e0 	.word	0x200007e0

0800ae20 <TL_MM_Init>:
 800ae20:	b538      	push	{r3, r4, r5, lr}
 800ae22:	4604      	mov	r4, r0
 800ae24:	4d0c      	ldr	r5, [pc, #48]	@ (800ae58 <TL_MM_Init+0x38>)
 800ae26:	4628      	mov	r0, r5
 800ae28:	f7ff fc82 	bl	800a730 <LST_init_head>
 800ae2c:	480b      	ldr	r0, [pc, #44]	@ (800ae5c <TL_MM_Init+0x3c>)
 800ae2e:	f7ff fc7f 	bl	800a730 <LST_init_head>
 800ae32:	4b0b      	ldr	r3, [pc, #44]	@ (800ae60 <TL_MM_Init+0x40>)
 800ae34:	691b      	ldr	r3, [r3, #16]
 800ae36:	4a0b      	ldr	r2, [pc, #44]	@ (800ae64 <TL_MM_Init+0x44>)
 800ae38:	6013      	str	r3, [r2, #0]
 800ae3a:	68a2      	ldr	r2, [r4, #8]
 800ae3c:	609a      	str	r2, [r3, #8]
 800ae3e:	68e2      	ldr	r2, [r4, #12]
 800ae40:	60da      	str	r2, [r3, #12]
 800ae42:	611d      	str	r5, [r3, #16]
 800ae44:	6822      	ldr	r2, [r4, #0]
 800ae46:	601a      	str	r2, [r3, #0]
 800ae48:	6862      	ldr	r2, [r4, #4]
 800ae4a:	605a      	str	r2, [r3, #4]
 800ae4c:	6922      	ldr	r2, [r4, #16]
 800ae4e:	615a      	str	r2, [r3, #20]
 800ae50:	6962      	ldr	r2, [r4, #20]
 800ae52:	619a      	str	r2, [r3, #24]
 800ae54:	bd38      	pop	{r3, r4, r5, pc}
 800ae56:	bf00      	nop
 800ae58:	2003014c 	.word	0x2003014c
 800ae5c:	200007f0 	.word	0x200007f0
 800ae60:	20030000 	.word	0x20030000
 800ae64:	200007dc 	.word	0x200007dc

0800ae68 <TL_MM_EvtDone>:
 800ae68:	b508      	push	{r3, lr}
 800ae6a:	4601      	mov	r1, r0
 800ae6c:	4803      	ldr	r0, [pc, #12]	@ (800ae7c <TL_MM_EvtDone+0x14>)
 800ae6e:	f7ff fc7a 	bl	800a766 <LST_insert_tail>
 800ae72:	4803      	ldr	r0, [pc, #12]	@ (800ae80 <TL_MM_EvtDone+0x18>)
 800ae74:	f7f7 fa98 	bl	80023a8 <HW_IPCC_MM_SendFreeBuf>
 800ae78:	bd08      	pop	{r3, pc}
 800ae7a:	bf00      	nop
 800ae7c:	200007f0 	.word	0x200007f0
 800ae80:	0800ac49 	.word	0x0800ac49

0800ae84 <TL_TRACES_Init>:
 800ae84:	b510      	push	{r4, lr}
 800ae86:	4c05      	ldr	r4, [pc, #20]	@ (800ae9c <TL_TRACES_Init+0x18>)
 800ae88:	4620      	mov	r0, r4
 800ae8a:	f7ff fc51 	bl	800a730 <LST_init_head>
 800ae8e:	4b04      	ldr	r3, [pc, #16]	@ (800aea0 <TL_TRACES_Init+0x1c>)
 800ae90:	695b      	ldr	r3, [r3, #20]
 800ae92:	601c      	str	r4, [r3, #0]
 800ae94:	f7f7 faa6 	bl	80023e4 <HW_IPCC_TRACES_Init>
 800ae98:	bd10      	pop	{r4, pc}
 800ae9a:	bf00      	nop
 800ae9c:	20030144 	.word	0x20030144
 800aea0:	20030000 	.word	0x20030000

0800aea4 <TL_TRACES_EvtReceived>:
 800aea4:	4770      	bx	lr
	...

0800aea8 <HW_IPCC_TRACES_EvtNot>:
 800aea8:	b500      	push	{lr}
 800aeaa:	b083      	sub	sp, #12
 800aeac:	e006      	b.n	800aebc <HW_IPCC_TRACES_EvtNot+0x14>
 800aeae:	a901      	add	r1, sp, #4
 800aeb0:	4806      	ldr	r0, [pc, #24]	@ (800aecc <HW_IPCC_TRACES_EvtNot+0x24>)
 800aeb2:	f7ff fc70 	bl	800a796 <LST_remove_head>
 800aeb6:	9801      	ldr	r0, [sp, #4]
 800aeb8:	f7ff fff4 	bl	800aea4 <TL_TRACES_EvtReceived>
 800aebc:	4803      	ldr	r0, [pc, #12]	@ (800aecc <HW_IPCC_TRACES_EvtNot+0x24>)
 800aebe:	f7ff fc3a 	bl	800a736 <LST_is_empty>
 800aec2:	2800      	cmp	r0, #0
 800aec4:	d0f3      	beq.n	800aeae <HW_IPCC_TRACES_EvtNot+0x6>
 800aec6:	b003      	add	sp, #12
 800aec8:	bd00      	pop	{pc}
 800aeca:	bf00      	nop
 800aecc:	20030144 	.word	0x20030144

0800aed0 <MX_USART1_UART_Init>:
 800aed0:	b508      	push	{r3, lr}
 800aed2:	4817      	ldr	r0, [pc, #92]	@ (800af30 <MX_USART1_UART_Init+0x60>)
 800aed4:	4b17      	ldr	r3, [pc, #92]	@ (800af34 <MX_USART1_UART_Init+0x64>)
 800aed6:	6003      	str	r3, [r0, #0]
 800aed8:	f44f 33e1 	mov.w	r3, #115200	@ 0x1c200
 800aedc:	6043      	str	r3, [r0, #4]
 800aede:	2300      	movs	r3, #0
 800aee0:	6083      	str	r3, [r0, #8]
 800aee2:	60c3      	str	r3, [r0, #12]
 800aee4:	6103      	str	r3, [r0, #16]
 800aee6:	220c      	movs	r2, #12
 800aee8:	6142      	str	r2, [r0, #20]
 800aeea:	6183      	str	r3, [r0, #24]
 800aeec:	61c3      	str	r3, [r0, #28]
 800aeee:	6203      	str	r3, [r0, #32]
 800aef0:	6243      	str	r3, [r0, #36]	@ 0x24
 800aef2:	6283      	str	r3, [r0, #40]	@ 0x28
 800aef4:	f7fe faf0 	bl	80094d8 <HAL_UART_Init>
 800aef8:	b970      	cbnz	r0, 800af18 <MX_USART1_UART_Init+0x48>
 800aefa:	2100      	movs	r1, #0
 800aefc:	480c      	ldr	r0, [pc, #48]	@ (800af30 <MX_USART1_UART_Init+0x60>)
 800aefe:	f7fe fc3d 	bl	800977c <HAL_UARTEx_SetTxFifoThreshold>
 800af02:	b960      	cbnz	r0, 800af1e <MX_USART1_UART_Init+0x4e>
 800af04:	2100      	movs	r1, #0
 800af06:	480a      	ldr	r0, [pc, #40]	@ (800af30 <MX_USART1_UART_Init+0x60>)
 800af08:	f7fe fc5d 	bl	80097c6 <HAL_UARTEx_SetRxFifoThreshold>
 800af0c:	b950      	cbnz	r0, 800af24 <MX_USART1_UART_Init+0x54>
 800af0e:	4808      	ldr	r0, [pc, #32]	@ (800af30 <MX_USART1_UART_Init+0x60>)
 800af10:	f7fe fc15 	bl	800973e <HAL_UARTEx_DisableFifoMode>
 800af14:	b948      	cbnz	r0, 800af2a <MX_USART1_UART_Init+0x5a>
 800af16:	bd08      	pop	{r3, pc}
 800af18:	f7f7 ff20 	bl	8002d5c <Error_Handler>
 800af1c:	e7ed      	b.n	800aefa <MX_USART1_UART_Init+0x2a>
 800af1e:	f7f7 ff1d 	bl	8002d5c <Error_Handler>
 800af22:	e7ef      	b.n	800af04 <MX_USART1_UART_Init+0x34>
 800af24:	f7f7 ff1a 	bl	8002d5c <Error_Handler>
 800af28:	e7f1      	b.n	800af0e <MX_USART1_UART_Init+0x3e>
 800af2a:	f7f7 ff17 	bl	8002d5c <Error_Handler>
 800af2e:	e7f2      	b.n	800af16 <MX_USART1_UART_Init+0x46>
 800af30:	200007f8 	.word	0x200007f8
 800af34:	40013800 	.word	0x40013800

0800af38 <HAL_UART_MspInit>:
 800af38:	b570      	push	{r4, r5, r6, lr}
 800af3a:	b09c      	sub	sp, #112	@ 0x70
 800af3c:	4604      	mov	r4, r0
 800af3e:	2100      	movs	r1, #0
 800af40:	9117      	str	r1, [sp, #92]	@ 0x5c
 800af42:	9118      	str	r1, [sp, #96]	@ 0x60
 800af44:	9119      	str	r1, [sp, #100]	@ 0x64
 800af46:	911a      	str	r1, [sp, #104]	@ 0x68
 800af48:	911b      	str	r1, [sp, #108]	@ 0x6c
 800af4a:	2250      	movs	r2, #80	@ 0x50
 800af4c:	a803      	add	r0, sp, #12
 800af4e:	f001 fc1f 	bl	800c790 <memset>
 800af52:	6822      	ldr	r2, [r4, #0]
 800af54:	4b22      	ldr	r3, [pc, #136]	@ (800afe0 <HAL_UART_MspInit+0xa8>)
 800af56:	429a      	cmp	r2, r3
 800af58:	d001      	beq.n	800af5e <HAL_UART_MspInit+0x26>
 800af5a:	b01c      	add	sp, #112	@ 0x70
 800af5c:	bd70      	pop	{r4, r5, r6, pc}
 800af5e:	2301      	movs	r3, #1
 800af60:	9303      	str	r3, [sp, #12]
 800af62:	a803      	add	r0, sp, #12
 800af64:	f7fc fc55 	bl	8007812 <HAL_RCCEx_PeriphCLKConfig>
 800af68:	2800      	cmp	r0, #0
 800af6a:	d136      	bne.n	800afda <HAL_UART_MspInit+0xa2>
 800af6c:	f04f 43b0 	mov.w	r3, #1476395008	@ 0x58000000
 800af70:	6e1a      	ldr	r2, [r3, #96]	@ 0x60
 800af72:	f442 4280 	orr.w	r2, r2, #16384	@ 0x4000
 800af76:	661a      	str	r2, [r3, #96]	@ 0x60
 800af78:	6e1a      	ldr	r2, [r3, #96]	@ 0x60
 800af7a:	f402 4280 	and.w	r2, r2, #16384	@ 0x4000
 800af7e:	9202      	str	r2, [sp, #8]
 800af80:	9a02      	ldr	r2, [sp, #8]
 800af82:	6cda      	ldr	r2, [r3, #76]	@ 0x4c
 800af84:	f042 0201 	orr.w	r2, r2, #1
 800af88:	64da      	str	r2, [r3, #76]	@ 0x4c
 800af8a:	6cda      	ldr	r2, [r3, #76]	@ 0x4c
 800af8c:	f002 0201 	and.w	r2, r2, #1
 800af90:	9201      	str	r2, [sp, #4]
 800af92:	9a01      	ldr	r2, [sp, #4]
 800af94:	6cda      	ldr	r2, [r3, #76]	@ 0x4c
 800af96:	f042 0202 	orr.w	r2, r2, #2
 800af9a:	64da      	str	r2, [r3, #76]	@ 0x4c
 800af9c:	6cdb      	ldr	r3, [r3, #76]	@ 0x4c
 800af9e:	f003 0302 	and.w	r3, r3, #2
 800afa2:	9300      	str	r3, [sp, #0]
 800afa4:	9b00      	ldr	r3, [sp, #0]
 800afa6:	f44f 7300 	mov.w	r3, #512	@ 0x200
 800afaa:	9317      	str	r3, [sp, #92]	@ 0x5c
 800afac:	2502      	movs	r5, #2
 800afae:	9518      	str	r5, [sp, #96]	@ 0x60
 800afb0:	2400      	movs	r4, #0
 800afb2:	9419      	str	r4, [sp, #100]	@ 0x64
 800afb4:	941a      	str	r4, [sp, #104]	@ 0x68
 800afb6:	2607      	movs	r6, #7
 800afb8:	961b      	str	r6, [sp, #108]	@ 0x6c
 800afba:	a917      	add	r1, sp, #92	@ 0x5c
 800afbc:	f04f 4090 	mov.w	r0, #1207959552	@ 0x48000000
 800afc0:	f7fa fb5a 	bl	8005678 <HAL_GPIO_Init>
 800afc4:	2380      	movs	r3, #128	@ 0x80
 800afc6:	9317      	str	r3, [sp, #92]	@ 0x5c
 800afc8:	9518      	str	r5, [sp, #96]	@ 0x60
 800afca:	9419      	str	r4, [sp, #100]	@ 0x64
 800afcc:	941a      	str	r4, [sp, #104]	@ 0x68
 800afce:	961b      	str	r6, [sp, #108]	@ 0x6c
 800afd0:	a917      	add	r1, sp, #92	@ 0x5c
 800afd2:	4804      	ldr	r0, [pc, #16]	@ (800afe4 <HAL_UART_MspInit+0xac>)
 800afd4:	f7fa fb50 	bl	8005678 <HAL_GPIO_Init>
 800afd8:	e7bf      	b.n	800af5a <HAL_UART_MspInit+0x22>
 800afda:	f7f7 febf 	bl	8002d5c <Error_Handler>
 800afde:	e7c5      	b.n	800af6c <HAL_UART_MspInit+0x34>
 800afe0:	40013800 	.word	0x40013800
 800afe4:	48000400 	.word	0x48000400

0800afe8 <MX_USB_Device_Init>:
 800afe8:	b508      	push	{r3, lr}
 800afea:	2200      	movs	r2, #0
 800afec:	490f      	ldr	r1, [pc, #60]	@ (800b02c <MX_USB_Device_Init+0x44>)
 800afee:	4810      	ldr	r0, [pc, #64]	@ (800b030 <MX_USB_Device_Init+0x48>)
 800aff0:	f000 fc57 	bl	800b8a2 <USBD_Init>
 800aff4:	b970      	cbnz	r0, 800b014 <MX_USB_Device_Init+0x2c>
 800aff6:	490f      	ldr	r1, [pc, #60]	@ (800b034 <MX_USB_Device_Init+0x4c>)
 800aff8:	480d      	ldr	r0, [pc, #52]	@ (800b030 <MX_USB_Device_Init+0x48>)
 800affa:	f000 fc69 	bl	800b8d0 <USBD_RegisterClass>
 800affe:	b960      	cbnz	r0, 800b01a <MX_USB_Device_Init+0x32>
 800b000:	490d      	ldr	r1, [pc, #52]	@ (800b038 <MX_USB_Device_Init+0x50>)
 800b002:	480b      	ldr	r0, [pc, #44]	@ (800b030 <MX_USB_Device_Init+0x48>)
 800b004:	f000 fa37 	bl	800b476 <USBD_CDC_RegisterInterface>
 800b008:	b950      	cbnz	r0, 800b020 <MX_USB_Device_Init+0x38>
 800b00a:	4809      	ldr	r0, [pc, #36]	@ (800b030 <MX_USB_Device_Init+0x48>)
 800b00c:	f000 fc80 	bl	800b910 <USBD_Start>
 800b010:	b948      	cbnz	r0, 800b026 <MX_USB_Device_Init+0x3e>
 800b012:	bd08      	pop	{r3, pc}
 800b014:	f7f7 fea2 	bl	8002d5c <Error_Handler>
 800b018:	e7ed      	b.n	800aff6 <MX_USB_Device_Init+0xe>
 800b01a:	f7f7 fe9f 	bl	8002d5c <Error_Handler>
 800b01e:	e7ef      	b.n	800b000 <MX_USB_Device_Init+0x18>
 800b020:	f7f7 fe9c 	bl	8002d5c <Error_Handler>
 800b024:	e7f1      	b.n	800b00a <MX_USB_Device_Init+0x22>
 800b026:	f7f7 fe99 	bl	8002d5c <Error_Handler>
 800b02a:	e7f2      	b.n	800b012 <MX_USB_Device_Init+0x2a>
 800b02c:	20000154 	.word	0x20000154
 800b030:	200008c4 	.word	0x200008c4
 800b034:	200000c8 	.word	0x200000c8
 800b038:	2000010c 	.word	0x2000010c

0800b03c <USBD_CDC_EP0_RxReady>:
 800b03c:	b510      	push	{r4, lr}
 800b03e:	f8d0 32d4 	ldr.w	r3, [r0, #724]	@ 0x2d4
 800b042:	f103 02b0 	add.w	r2, r3, #176	@ 0xb0
 800b046:	f850 4022 	ldr.w	r4, [r0, r2, lsl #2]
 800b04a:	b18c      	cbz	r4, 800b070 <USBD_CDC_EP0_RxReady+0x34>
 800b04c:	eb00 0082 	add.w	r0, r0, r2, lsl #2
 800b050:	6843      	ldr	r3, [r0, #4]
 800b052:	b17b      	cbz	r3, 800b074 <USBD_CDC_EP0_RxReady+0x38>
 800b054:	f894 0200 	ldrb.w	r0, [r4, #512]	@ 0x200
 800b058:	28ff      	cmp	r0, #255	@ 0xff
 800b05a:	d00d      	beq.n	800b078 <USBD_CDC_EP0_RxReady+0x3c>
 800b05c:	689b      	ldr	r3, [r3, #8]
 800b05e:	f894 2201 	ldrb.w	r2, [r4, #513]	@ 0x201
 800b062:	4621      	mov	r1, r4
 800b064:	4798      	blx	r3
 800b066:	23ff      	movs	r3, #255	@ 0xff
 800b068:	f884 3200 	strb.w	r3, [r4, #512]	@ 0x200
 800b06c:	2000      	movs	r0, #0
 800b06e:	bd10      	pop	{r4, pc}
 800b070:	2003      	movs	r0, #3
 800b072:	e7fc      	b.n	800b06e <USBD_CDC_EP0_RxReady+0x32>
 800b074:	4618      	mov	r0, r3
 800b076:	e7fa      	b.n	800b06e <USBD_CDC_EP0_RxReady+0x32>
 800b078:	2000      	movs	r0, #0
 800b07a:	e7f8      	b.n	800b06e <USBD_CDC_EP0_RxReady+0x32>

0800b07c <USBD_CDC_GetDeviceQualifierDescriptor>:
 800b07c:	230a      	movs	r3, #10
 800b07e:	8003      	strh	r3, [r0, #0]
 800b080:	4800      	ldr	r0, [pc, #0]	@ (800b084 <USBD_CDC_GetDeviceQualifierDescriptor+0x8>)
 800b082:	4770      	bx	lr
 800b084:	20000100 	.word	0x20000100

0800b088 <USBD_CDC_GetOtherSpeedCfgDesc>:
 800b088:	b5f8      	push	{r3, r4, r5, r6, r7, lr}
 800b08a:	4607      	mov	r7, r0
 800b08c:	4d0f      	ldr	r5, [pc, #60]	@ (800b0cc <USBD_CDC_GetOtherSpeedCfgDesc+0x44>)
 800b08e:	2182      	movs	r1, #130	@ 0x82
 800b090:	4628      	mov	r0, r5
 800b092:	f000 fdb3 	bl	800bbfc <USBD_GetEpDesc>
 800b096:	4606      	mov	r6, r0
 800b098:	2101      	movs	r1, #1
 800b09a:	4628      	mov	r0, r5
 800b09c:	f000 fdae 	bl	800bbfc <USBD_GetEpDesc>
 800b0a0:	4604      	mov	r4, r0
 800b0a2:	2181      	movs	r1, #129	@ 0x81
 800b0a4:	4628      	mov	r0, r5
 800b0a6:	f000 fda9 	bl	800bbfc <USBD_GetEpDesc>
 800b0aa:	b10e      	cbz	r6, 800b0b0 <USBD_CDC_GetOtherSpeedCfgDesc+0x28>
 800b0ac:	2210      	movs	r2, #16
 800b0ae:	71b2      	strb	r2, [r6, #6]
 800b0b0:	b11c      	cbz	r4, 800b0ba <USBD_CDC_GetOtherSpeedCfgDesc+0x32>
 800b0b2:	2240      	movs	r2, #64	@ 0x40
 800b0b4:	7122      	strb	r2, [r4, #4]
 800b0b6:	2200      	movs	r2, #0
 800b0b8:	7162      	strb	r2, [r4, #5]
 800b0ba:	b118      	cbz	r0, 800b0c4 <USBD_CDC_GetOtherSpeedCfgDesc+0x3c>
 800b0bc:	2240      	movs	r2, #64	@ 0x40
 800b0be:	7102      	strb	r2, [r0, #4]
 800b0c0:	2200      	movs	r2, #0
 800b0c2:	7142      	strb	r2, [r0, #5]
 800b0c4:	2343      	movs	r3, #67	@ 0x43
 800b0c6:	803b      	strh	r3, [r7, #0]
 800b0c8:	4800      	ldr	r0, [pc, #0]	@ (800b0cc <USBD_CDC_GetOtherSpeedCfgDesc+0x44>)
 800b0ca:	bdf8      	pop	{r3, r4, r5, r6, r7, pc}
 800b0cc:	20000084 	.word	0x20000084

0800b0d0 <USBD_CDC_GetFSCfgDesc>:
 800b0d0:	b5f8      	push	{r3, r4, r5, r6, r7, lr}
 800b0d2:	4607      	mov	r7, r0
 800b0d4:	4d0f      	ldr	r5, [pc, #60]	@ (800b114 <USBD_CDC_GetFSCfgDesc+0x44>)
 800b0d6:	2182      	movs	r1, #130	@ 0x82
 800b0d8:	4628      	mov	r0, r5
 800b0da:	f000 fd8f 	bl	800bbfc <USBD_GetEpDesc>
 800b0de:	4606      	mov	r6, r0
 800b0e0:	2101      	movs	r1, #1
 800b0e2:	4628      	mov	r0, r5
 800b0e4:	f000 fd8a 	bl	800bbfc <USBD_GetEpDesc>
 800b0e8:	4604      	mov	r4, r0
 800b0ea:	2181      	movs	r1, #129	@ 0x81
 800b0ec:	4628      	mov	r0, r5
 800b0ee:	f000 fd85 	bl	800bbfc <USBD_GetEpDesc>
 800b0f2:	b10e      	cbz	r6, 800b0f8 <USBD_CDC_GetFSCfgDesc+0x28>
 800b0f4:	2210      	movs	r2, #16
 800b0f6:	71b2      	strb	r2, [r6, #6]
 800b0f8:	b11c      	cbz	r4, 800b102 <USBD_CDC_GetFSCfgDesc+0x32>
 800b0fa:	2240      	movs	r2, #64	@ 0x40
 800b0fc:	7122      	strb	r2, [r4, #4]
 800b0fe:	2200      	movs	r2, #0
 800b100:	7162      	strb	r2, [r4, #5]
 800b102:	b118      	cbz	r0, 800b10c <USBD_CDC_GetFSCfgDesc+0x3c>
 800b104:	2240      	movs	r2, #64	@ 0x40
 800b106:	7102      	strb	r2, [r0, #4]
 800b108:	2200      	movs	r2, #0
 800b10a:	7142      	strb	r2, [r0, #5]
 800b10c:	2343      	movs	r3, #67	@ 0x43
 800b10e:	803b      	strh	r3, [r7, #0]
 800b110:	4800      	ldr	r0, [pc, #0]	@ (800b114 <USBD_CDC_GetFSCfgDesc+0x44>)
 800b112:	bdf8      	pop	{r3, r4, r5, r6, r7, pc}
 800b114:	20000084 	.word	0x20000084

0800b118 <USBD_CDC_GetHSCfgDesc>:
 800b118:	b5f8      	push	{r3, r4, r5, r6, r7, lr}
 800b11a:	4607      	mov	r7, r0
 800b11c:	4d0f      	ldr	r5, [pc, #60]	@ (800b15c <USBD_CDC_GetHSCfgDesc+0x44>)
 800b11e:	2182      	movs	r1, #130	@ 0x82
 800b120:	4628      	mov	r0, r5
 800b122:	f000 fd6b 	bl	800bbfc <USBD_GetEpDesc>
 800b126:	4606      	mov	r6, r0
 800b128:	2101      	movs	r1, #1
 800b12a:	4628      	mov	r0, r5
 800b12c:	f000 fd66 	bl	800bbfc <USBD_GetEpDesc>
 800b130:	4604      	mov	r4, r0
 800b132:	2181      	movs	r1, #129	@ 0x81
 800b134:	4628      	mov	r0, r5
 800b136:	f000 fd61 	bl	800bbfc <USBD_GetEpDesc>
 800b13a:	b10e      	cbz	r6, 800b140 <USBD_CDC_GetHSCfgDesc+0x28>
 800b13c:	2210      	movs	r2, #16
 800b13e:	71b2      	strb	r2, [r6, #6]
 800b140:	b11c      	cbz	r4, 800b14a <USBD_CDC_GetHSCfgDesc+0x32>
 800b142:	2200      	movs	r2, #0
 800b144:	7122      	strb	r2, [r4, #4]
 800b146:	2202      	movs	r2, #2
 800b148:	7162      	strb	r2, [r4, #5]
 800b14a:	b118      	cbz	r0, 800b154 <USBD_CDC_GetHSCfgDesc+0x3c>
 800b14c:	2200      	movs	r2, #0
 800b14e:	7102      	strb	r2, [r0, #4]
 800b150:	2202      	movs	r2, #2
 800b152:	7142      	strb	r2, [r0, #5]
 800b154:	2343      	movs	r3, #67	@ 0x43
 800b156:	803b      	strh	r3, [r7, #0]
 800b158:	4800      	ldr	r0, [pc, #0]	@ (800b15c <USBD_CDC_GetHSCfgDesc+0x44>)
 800b15a:	bdf8      	pop	{r3, r4, r5, r6, r7, pc}
 800b15c:	20000084 	.word	0x20000084

0800b160 <USBD_CDC_DataOut>:
 800b160:	b538      	push	{r3, r4, r5, lr}
 800b162:	f8d0 32d4 	ldr.w	r3, [r0, #724]	@ 0x2d4
 800b166:	33b0      	adds	r3, #176	@ 0xb0
 800b168:	f850 5023 	ldr.w	r5, [r0, r3, lsl #2]
 800b16c:	b195      	cbz	r5, 800b194 <USBD_CDC_DataOut+0x34>
 800b16e:	4604      	mov	r4, r0
 800b170:	f000 fb69 	bl	800b846 <USBD_LL_GetRxDataSize>
 800b174:	f8c5 020c 	str.w	r0, [r5, #524]	@ 0x20c
 800b178:	f8d4 32d4 	ldr.w	r3, [r4, #724]	@ 0x2d4
 800b17c:	33b0      	adds	r3, #176	@ 0xb0
 800b17e:	eb04 0483 	add.w	r4, r4, r3, lsl #2
 800b182:	6863      	ldr	r3, [r4, #4]
 800b184:	68db      	ldr	r3, [r3, #12]
 800b186:	f505 7103 	add.w	r1, r5, #524	@ 0x20c
 800b18a:	f8d5 0204 	ldr.w	r0, [r5, #516]	@ 0x204
 800b18e:	4798      	blx	r3
 800b190:	2000      	movs	r0, #0
 800b192:	bd38      	pop	{r3, r4, r5, pc}
 800b194:	2003      	movs	r0, #3
 800b196:	e7fc      	b.n	800b192 <USBD_CDC_DataOut+0x32>

0800b198 <USBD_CDC_DataIn>:
 800b198:	b510      	push	{r4, lr}
 800b19a:	f8d0 e2c8 	ldr.w	lr, [r0, #712]	@ 0x2c8
 800b19e:	f8d0 32d4 	ldr.w	r3, [r0, #724]	@ 0x2d4
 800b1a2:	33b0      	adds	r3, #176	@ 0xb0
 800b1a4:	f850 c023 	ldr.w	ip, [r0, r3, lsl #2]
 800b1a8:	f1bc 0f00 	cmp.w	ip, #0
 800b1ac:	d02f      	beq.n	800b20e <USBD_CDC_DataIn+0x76>
 800b1ae:	f001 030f 	and.w	r3, r1, #15
 800b1b2:	eb03 0283 	add.w	r2, r3, r3, lsl #2
 800b1b6:	eb00 0282 	add.w	r2, r0, r2, lsl #2
 800b1ba:	6992      	ldr	r2, [r2, #24]
 800b1bc:	b152      	cbz	r2, 800b1d4 <USBD_CDC_DataIn+0x3c>
 800b1be:	eb03 0483 	add.w	r4, r3, r3, lsl #2
 800b1c2:	eb0e 0ec4 	add.w	lr, lr, r4, lsl #3
 800b1c6:	f8de e020 	ldr.w	lr, [lr, #32]
 800b1ca:	fbb2 f4fe 	udiv	r4, r2, lr
 800b1ce:	fb0e 2214 	mls	r2, lr, r4, r2
 800b1d2:	b192      	cbz	r2, 800b1fa <USBD_CDC_DataIn+0x62>
 800b1d4:	2300      	movs	r3, #0
 800b1d6:	f8cc 3214 	str.w	r3, [ip, #532]	@ 0x214
 800b1da:	f8d0 32d4 	ldr.w	r3, [r0, #724]	@ 0x2d4
 800b1de:	33b0      	adds	r3, #176	@ 0xb0
 800b1e0:	eb00 0083 	add.w	r0, r0, r3, lsl #2
 800b1e4:	6843      	ldr	r3, [r0, #4]
 800b1e6:	691b      	ldr	r3, [r3, #16]
 800b1e8:	b19b      	cbz	r3, 800b212 <USBD_CDC_DataIn+0x7a>
 800b1ea:	460a      	mov	r2, r1
 800b1ec:	f50c 7104 	add.w	r1, ip, #528	@ 0x210
 800b1f0:	f8dc 0208 	ldr.w	r0, [ip, #520]	@ 0x208
 800b1f4:	4798      	blx	r3
 800b1f6:	2000      	movs	r0, #0
 800b1f8:	bd10      	pop	{r4, pc}
 800b1fa:	eb03 0383 	add.w	r3, r3, r3, lsl #2
 800b1fe:	eb00 0383 	add.w	r3, r0, r3, lsl #2
 800b202:	619a      	str	r2, [r3, #24]
 800b204:	4613      	mov	r3, r2
 800b206:	f000 fb0e 	bl	800b826 <USBD_LL_Transmit>
 800b20a:	2000      	movs	r0, #0
 800b20c:	e7f4      	b.n	800b1f8 <USBD_CDC_DataIn+0x60>
 800b20e:	2003      	movs	r0, #3
 800b210:	e7f2      	b.n	800b1f8 <USBD_CDC_DataIn+0x60>
 800b212:	4618      	mov	r0, r3
 800b214:	e7f0      	b.n	800b1f8 <USBD_CDC_DataIn+0x60>

0800b216 <USBD_CDC_Setup>:
 800b216:	b5f0      	push	{r4, r5, r6, r7, lr}
 800b218:	b083      	sub	sp, #12
 800b21a:	f8d0 32d4 	ldr.w	r3, [r0, #724]	@ 0x2d4
 800b21e:	f103 02b0 	add.w	r2, r3, #176	@ 0xb0
 800b222:	f850 7022 	ldr.w	r7, [r0, r2, lsl #2]
 800b226:	2200      	movs	r2, #0
 800b228:	f88d 2007 	strb.w	r2, [sp, #7]
 800b22c:	f8ad 2004 	strh.w	r2, [sp, #4]
 800b230:	2f00      	cmp	r7, #0
 800b232:	d076      	beq.n	800b322 <USBD_CDC_Setup+0x10c>
 800b234:	4604      	mov	r4, r0
 800b236:	460d      	mov	r5, r1
 800b238:	7809      	ldrb	r1, [r1, #0]
 800b23a:	f011 0660 	ands.w	r6, r1, #96	@ 0x60
 800b23e:	d033      	beq.n	800b2a8 <USBD_CDC_Setup+0x92>
 800b240:	2e20      	cmp	r6, #32
 800b242:	d167      	bne.n	800b314 <USBD_CDC_Setup+0xfe>
 800b244:	88ea      	ldrh	r2, [r5, #6]
 800b246:	b32a      	cbz	r2, 800b294 <USBD_CDC_Setup+0x7e>
 800b248:	f011 0f80 	tst.w	r1, #128	@ 0x80
 800b24c:	d107      	bne.n	800b25e <USBD_CDC_Setup+0x48>
 800b24e:	786b      	ldrb	r3, [r5, #1]
 800b250:	f887 3200 	strb.w	r3, [r7, #512]	@ 0x200
 800b254:	88ea      	ldrh	r2, [r5, #6]
 800b256:	2a3f      	cmp	r2, #63	@ 0x3f
 800b258:	d813      	bhi.n	800b282 <USBD_CDC_Setup+0x6c>
 800b25a:	b2d2      	uxtb	r2, r2
 800b25c:	e012      	b.n	800b284 <USBD_CDC_Setup+0x6e>
 800b25e:	33b0      	adds	r3, #176	@ 0xb0
 800b260:	eb00 0383 	add.w	r3, r0, r3, lsl #2
 800b264:	685b      	ldr	r3, [r3, #4]
 800b266:	689b      	ldr	r3, [r3, #8]
 800b268:	4639      	mov	r1, r7
 800b26a:	7868      	ldrb	r0, [r5, #1]
 800b26c:	4798      	blx	r3
 800b26e:	88ea      	ldrh	r2, [r5, #6]
 800b270:	2a07      	cmp	r2, #7
 800b272:	bf28      	it	cs
 800b274:	2207      	movcs	r2, #7
 800b276:	4639      	mov	r1, r7
 800b278:	4620      	mov	r0, r4
 800b27a:	f001 f939 	bl	800c4f0 <USBD_CtlSendData>
 800b27e:	2600      	movs	r6, #0
 800b280:	e04c      	b.n	800b31c <USBD_CDC_Setup+0x106>
 800b282:	2240      	movs	r2, #64	@ 0x40
 800b284:	f887 2201 	strb.w	r2, [r7, #513]	@ 0x201
 800b288:	4639      	mov	r1, r7
 800b28a:	4620      	mov	r0, r4
 800b28c:	f001 f945 	bl	800c51a <USBD_CtlPrepareRx>
 800b290:	2600      	movs	r6, #0
 800b292:	e043      	b.n	800b31c <USBD_CDC_Setup+0x106>
 800b294:	33b0      	adds	r3, #176	@ 0xb0
 800b296:	eb00 0383 	add.w	r3, r0, r3, lsl #2
 800b29a:	685b      	ldr	r3, [r3, #4]
 800b29c:	689b      	ldr	r3, [r3, #8]
 800b29e:	4629      	mov	r1, r5
 800b2a0:	7868      	ldrb	r0, [r5, #1]
 800b2a2:	4798      	blx	r3
 800b2a4:	2600      	movs	r6, #0
 800b2a6:	e039      	b.n	800b31c <USBD_CDC_Setup+0x106>
 800b2a8:	786f      	ldrb	r7, [r5, #1]
 800b2aa:	2f0a      	cmp	r7, #10
 800b2ac:	d023      	beq.n	800b2f6 <USBD_CDC_Setup+0xe0>
 800b2ae:	d808      	bhi.n	800b2c2 <USBD_CDC_Setup+0xac>
 800b2b0:	b197      	cbz	r7, 800b2d8 <USBD_CDC_Setup+0xc2>
 800b2b2:	2f01      	cmp	r7, #1
 800b2b4:	d032      	beq.n	800b31c <USBD_CDC_Setup+0x106>
 800b2b6:	4629      	mov	r1, r5
 800b2b8:	4620      	mov	r0, r4
 800b2ba:	f000 fcdc 	bl	800bc76 <USBD_CtlError>
 800b2be:	2603      	movs	r6, #3
 800b2c0:	e02c      	b.n	800b31c <USBD_CDC_Setup+0x106>
 800b2c2:	2f0b      	cmp	r7, #11
 800b2c4:	d1f7      	bne.n	800b2b6 <USBD_CDC_Setup+0xa0>
 800b2c6:	f890 329c 	ldrb.w	r3, [r0, #668]	@ 0x29c
 800b2ca:	2b03      	cmp	r3, #3
 800b2cc:	d026      	beq.n	800b31c <USBD_CDC_Setup+0x106>
 800b2ce:	4629      	mov	r1, r5
 800b2d0:	f000 fcd1 	bl	800bc76 <USBD_CtlError>
 800b2d4:	2603      	movs	r6, #3
 800b2d6:	e021      	b.n	800b31c <USBD_CDC_Setup+0x106>
 800b2d8:	f890 329c 	ldrb.w	r3, [r0, #668]	@ 0x29c
 800b2dc:	2b03      	cmp	r3, #3
 800b2de:	d004      	beq.n	800b2ea <USBD_CDC_Setup+0xd4>
 800b2e0:	4629      	mov	r1, r5
 800b2e2:	f000 fcc8 	bl	800bc76 <USBD_CtlError>
 800b2e6:	2603      	movs	r6, #3
 800b2e8:	e018      	b.n	800b31c <USBD_CDC_Setup+0x106>
 800b2ea:	2202      	movs	r2, #2
 800b2ec:	a901      	add	r1, sp, #4
 800b2ee:	f001 f8ff 	bl	800c4f0 <USBD_CtlSendData>
 800b2f2:	463e      	mov	r6, r7
 800b2f4:	e012      	b.n	800b31c <USBD_CDC_Setup+0x106>
 800b2f6:	f890 329c 	ldrb.w	r3, [r0, #668]	@ 0x29c
 800b2fa:	2b03      	cmp	r3, #3
 800b2fc:	d004      	beq.n	800b308 <USBD_CDC_Setup+0xf2>
 800b2fe:	4629      	mov	r1, r5
 800b300:	f000 fcb9 	bl	800bc76 <USBD_CtlError>
 800b304:	2603      	movs	r6, #3
 800b306:	e009      	b.n	800b31c <USBD_CDC_Setup+0x106>
 800b308:	2201      	movs	r2, #1
 800b30a:	f10d 0107 	add.w	r1, sp, #7
 800b30e:	f001 f8ef 	bl	800c4f0 <USBD_CtlSendData>
 800b312:	e003      	b.n	800b31c <USBD_CDC_Setup+0x106>
 800b314:	4629      	mov	r1, r5
 800b316:	f000 fcae 	bl	800bc76 <USBD_CtlError>
 800b31a:	2603      	movs	r6, #3
 800b31c:	4630      	mov	r0, r6
 800b31e:	b003      	add	sp, #12
 800b320:	bdf0      	pop	{r4, r5, r6, r7, pc}
 800b322:	2603      	movs	r6, #3
 800b324:	e7fa      	b.n	800b31c <USBD_CDC_Setup+0x106>

0800b326 <USBD_CDC_DeInit>:
 800b326:	b538      	push	{r3, r4, r5, lr}
 800b328:	4604      	mov	r4, r0
 800b32a:	2181      	movs	r1, #129	@ 0x81
 800b32c:	f000 fa45 	bl	800b7ba <USBD_LL_CloseEP>
 800b330:	2500      	movs	r5, #0
 800b332:	8725      	strh	r5, [r4, #56]	@ 0x38
 800b334:	2101      	movs	r1, #1
 800b336:	4620      	mov	r0, r4
 800b338:	f000 fa3f 	bl	800b7ba <USBD_LL_CloseEP>
 800b33c:	f8a4 5178 	strh.w	r5, [r4, #376]	@ 0x178
 800b340:	2182      	movs	r1, #130	@ 0x82
 800b342:	4620      	mov	r0, r4
 800b344:	f000 fa39 	bl	800b7ba <USBD_LL_CloseEP>
 800b348:	f8a4 504c 	strh.w	r5, [r4, #76]	@ 0x4c
 800b34c:	f8a4 504e 	strh.w	r5, [r4, #78]	@ 0x4e
 800b350:	f8d4 32d4 	ldr.w	r3, [r4, #724]	@ 0x2d4
 800b354:	f103 02b0 	add.w	r2, r3, #176	@ 0xb0
 800b358:	f854 2022 	ldr.w	r2, [r4, r2, lsl #2]
 800b35c:	b19a      	cbz	r2, 800b386 <USBD_CDC_DeInit+0x60>
 800b35e:	33b0      	adds	r3, #176	@ 0xb0
 800b360:	eb04 0383 	add.w	r3, r4, r3, lsl #2
 800b364:	685b      	ldr	r3, [r3, #4]
 800b366:	685b      	ldr	r3, [r3, #4]
 800b368:	4798      	blx	r3
 800b36a:	f8d4 32d4 	ldr.w	r3, [r4, #724]	@ 0x2d4
 800b36e:	33b0      	adds	r3, #176	@ 0xb0
 800b370:	f854 0023 	ldr.w	r0, [r4, r3, lsl #2]
 800b374:	f000 fa94 	bl	800b8a0 <USBD_static_free>
 800b378:	f8d4 32d4 	ldr.w	r3, [r4, #724]	@ 0x2d4
 800b37c:	33b0      	adds	r3, #176	@ 0xb0
 800b37e:	f844 5023 	str.w	r5, [r4, r3, lsl #2]
 800b382:	f8c4 52bc 	str.w	r5, [r4, #700]	@ 0x2bc
 800b386:	2000      	movs	r0, #0
 800b388:	bd38      	pop	{r3, r4, r5, pc}

0800b38a <USBD_CDC_Init>:
 800b38a:	b570      	push	{r4, r5, r6, lr}
 800b38c:	4604      	mov	r4, r0
 800b38e:	f44f 7007 	mov.w	r0, #540	@ 0x21c
 800b392:	f000 fa81 	bl	800b898 <USBD_static_malloc>
 800b396:	2800      	cmp	r0, #0
 800b398:	d049      	beq.n	800b42e <USBD_CDC_Init+0xa4>
 800b39a:	4605      	mov	r5, r0
 800b39c:	f44f 7207 	mov.w	r2, #540	@ 0x21c
 800b3a0:	2100      	movs	r1, #0
 800b3a2:	f001 f9f5 	bl	800c790 <memset>
 800b3a6:	f8d4 32d4 	ldr.w	r3, [r4, #724]	@ 0x2d4
 800b3aa:	33b0      	adds	r3, #176	@ 0xb0
 800b3ac:	f844 5023 	str.w	r5, [r4, r3, lsl #2]
 800b3b0:	f8c4 52bc 	str.w	r5, [r4, #700]	@ 0x2bc
 800b3b4:	7c23      	ldrb	r3, [r4, #16]
 800b3b6:	2b00      	cmp	r3, #0
 800b3b8:	d140      	bne.n	800b43c <USBD_CDC_Init+0xb2>
 800b3ba:	f44f 7300 	mov.w	r3, #512	@ 0x200
 800b3be:	2202      	movs	r2, #2
 800b3c0:	2181      	movs	r1, #129	@ 0x81
 800b3c2:	4620      	mov	r0, r4
 800b3c4:	f000 f9ee 	bl	800b7a4 <USBD_LL_OpenEP>
 800b3c8:	2601      	movs	r6, #1
 800b3ca:	8726      	strh	r6, [r4, #56]	@ 0x38
 800b3cc:	f44f 7300 	mov.w	r3, #512	@ 0x200
 800b3d0:	2202      	movs	r2, #2
 800b3d2:	4631      	mov	r1, r6
 800b3d4:	4620      	mov	r0, r4
 800b3d6:	f000 f9e5 	bl	800b7a4 <USBD_LL_OpenEP>
 800b3da:	f8a4 6178 	strh.w	r6, [r4, #376]	@ 0x178
 800b3de:	2310      	movs	r3, #16
 800b3e0:	f8a4 304e 	strh.w	r3, [r4, #78]	@ 0x4e
 800b3e4:	2308      	movs	r3, #8
 800b3e6:	2203      	movs	r2, #3
 800b3e8:	2182      	movs	r1, #130	@ 0x82
 800b3ea:	4620      	mov	r0, r4
 800b3ec:	f000 f9da 	bl	800b7a4 <USBD_LL_OpenEP>
 800b3f0:	2301      	movs	r3, #1
 800b3f2:	f8a4 304c 	strh.w	r3, [r4, #76]	@ 0x4c
 800b3f6:	2600      	movs	r6, #0
 800b3f8:	f8c5 6204 	str.w	r6, [r5, #516]	@ 0x204
 800b3fc:	f8d4 32d4 	ldr.w	r3, [r4, #724]	@ 0x2d4
 800b400:	33b0      	adds	r3, #176	@ 0xb0
 800b402:	eb04 0383 	add.w	r3, r4, r3, lsl #2
 800b406:	685b      	ldr	r3, [r3, #4]
 800b408:	681b      	ldr	r3, [r3, #0]
 800b40a:	4798      	blx	r3
 800b40c:	f8c5 6214 	str.w	r6, [r5, #532]	@ 0x214
 800b410:	f8c5 6218 	str.w	r6, [r5, #536]	@ 0x218
 800b414:	f8d5 2204 	ldr.w	r2, [r5, #516]	@ 0x204
 800b418:	b35a      	cbz	r2, 800b472 <USBD_CDC_Init+0xe8>
 800b41a:	7c25      	ldrb	r5, [r4, #16]
 800b41c:	bb15      	cbnz	r5, 800b464 <USBD_CDC_Init+0xda>
 800b41e:	f44f 7300 	mov.w	r3, #512	@ 0x200
 800b422:	2101      	movs	r1, #1
 800b424:	4620      	mov	r0, r4
 800b426:	f000 fa06 	bl	800b836 <USBD_LL_PrepareReceive>
 800b42a:	4628      	mov	r0, r5
 800b42c:	bd70      	pop	{r4, r5, r6, pc}
 800b42e:	f8d4 32d4 	ldr.w	r3, [r4, #724]	@ 0x2d4
 800b432:	33b0      	adds	r3, #176	@ 0xb0
 800b434:	f844 0023 	str.w	r0, [r4, r3, lsl #2]
 800b438:	2502      	movs	r5, #2
 800b43a:	e7f6      	b.n	800b42a <USBD_CDC_Init+0xa0>
 800b43c:	2340      	movs	r3, #64	@ 0x40
 800b43e:	2202      	movs	r2, #2
 800b440:	2181      	movs	r1, #129	@ 0x81
 800b442:	4620      	mov	r0, r4
 800b444:	f000 f9ae 	bl	800b7a4 <USBD_LL_OpenEP>
 800b448:	2601      	movs	r6, #1
 800b44a:	8726      	strh	r6, [r4, #56]	@ 0x38
 800b44c:	2340      	movs	r3, #64	@ 0x40
 800b44e:	2202      	movs	r2, #2
 800b450:	4631      	mov	r1, r6
 800b452:	4620      	mov	r0, r4
 800b454:	f000 f9a6 	bl	800b7a4 <USBD_LL_OpenEP>
 800b458:	f8a4 6178 	strh.w	r6, [r4, #376]	@ 0x178
 800b45c:	2310      	movs	r3, #16
 800b45e:	f8a4 304e 	strh.w	r3, [r4, #78]	@ 0x4e
 800b462:	e7bf      	b.n	800b3e4 <USBD_CDC_Init+0x5a>
 800b464:	2340      	movs	r3, #64	@ 0x40
 800b466:	2101      	movs	r1, #1
 800b468:	4620      	mov	r0, r4
 800b46a:	f000 f9e4 	bl	800b836 <USBD_LL_PrepareReceive>
 800b46e:	2500      	movs	r5, #0
 800b470:	e7db      	b.n	800b42a <USBD_CDC_Init+0xa0>
 800b472:	2502      	movs	r5, #2
 800b474:	e7d9      	b.n	800b42a <USBD_CDC_Init+0xa0>

0800b476 <USBD_CDC_RegisterInterface>:
 800b476:	b139      	cbz	r1, 800b488 <USBD_CDC_RegisterInterface+0x12>
 800b478:	f8d0 32d4 	ldr.w	r3, [r0, #724]	@ 0x2d4
 800b47c:	33b0      	adds	r3, #176	@ 0xb0
 800b47e:	eb00 0083 	add.w	r0, r0, r3, lsl #2
 800b482:	6041      	str	r1, [r0, #4]
 800b484:	2000      	movs	r0, #0
 800b486:	4770      	bx	lr
 800b488:	2003      	movs	r0, #3
 800b48a:	4770      	bx	lr

0800b48c <USBD_CDC_SetTxBuffer>:
 800b48c:	f8d0 32d4 	ldr.w	r3, [r0, #724]	@ 0x2d4
 800b490:	33b0      	adds	r3, #176	@ 0xb0
 800b492:	f850 3023 	ldr.w	r3, [r0, r3, lsl #2]
 800b496:	b12b      	cbz	r3, 800b4a4 <USBD_CDC_SetTxBuffer+0x18>
 800b498:	f8c3 1208 	str.w	r1, [r3, #520]	@ 0x208
 800b49c:	f8c3 2210 	str.w	r2, [r3, #528]	@ 0x210
 800b4a0:	2000      	movs	r0, #0
 800b4a2:	4770      	bx	lr
 800b4a4:	2003      	movs	r0, #3
 800b4a6:	4770      	bx	lr

0800b4a8 <USBD_CDC_SetRxBuffer>:
 800b4a8:	f8d0 32d4 	ldr.w	r3, [r0, #724]	@ 0x2d4
 800b4ac:	33b0      	adds	r3, #176	@ 0xb0
 800b4ae:	f850 3023 	ldr.w	r3, [r0, r3, lsl #2]
 800b4b2:	b11b      	cbz	r3, 800b4bc <USBD_CDC_SetRxBuffer+0x14>
 800b4b4:	f8c3 1204 	str.w	r1, [r3, #516]	@ 0x204
 800b4b8:	2000      	movs	r0, #0
 800b4ba:	4770      	bx	lr
 800b4bc:	2003      	movs	r0, #3
 800b4be:	4770      	bx	lr

0800b4c0 <USBD_CDC_TransmitPacket>:
 800b4c0:	b508      	push	{r3, lr}
 800b4c2:	f8d0 32d4 	ldr.w	r3, [r0, #724]	@ 0x2d4
 800b4c6:	33b0      	adds	r3, #176	@ 0xb0
 800b4c8:	f850 2023 	ldr.w	r2, [r0, r3, lsl #2]
 800b4cc:	b18a      	cbz	r2, 800b4f2 <USBD_CDC_TransmitPacket+0x32>
 800b4ce:	f8d2 3214 	ldr.w	r3, [r2, #532]	@ 0x214
 800b4d2:	b10b      	cbz	r3, 800b4d8 <USBD_CDC_TransmitPacket+0x18>
 800b4d4:	2001      	movs	r0, #1
 800b4d6:	bd08      	pop	{r3, pc}
 800b4d8:	2301      	movs	r3, #1
 800b4da:	f8c2 3214 	str.w	r3, [r2, #532]	@ 0x214
 800b4de:	f8d2 3210 	ldr.w	r3, [r2, #528]	@ 0x210
 800b4e2:	62c3      	str	r3, [r0, #44]	@ 0x2c
 800b4e4:	f8d2 2208 	ldr.w	r2, [r2, #520]	@ 0x208
 800b4e8:	2181      	movs	r1, #129	@ 0x81
 800b4ea:	f000 f99c 	bl	800b826 <USBD_LL_Transmit>
 800b4ee:	2000      	movs	r0, #0
 800b4f0:	e7f1      	b.n	800b4d6 <USBD_CDC_TransmitPacket+0x16>
 800b4f2:	2003      	movs	r0, #3
 800b4f4:	e7ef      	b.n	800b4d6 <USBD_CDC_TransmitPacket+0x16>

0800b4f6 <USBD_CDC_ReceivePacket>:
 800b4f6:	b510      	push	{r4, lr}
 800b4f8:	f8d0 32d4 	ldr.w	r3, [r0, #724]	@ 0x2d4
 800b4fc:	33b0      	adds	r3, #176	@ 0xb0
 800b4fe:	f850 2023 	ldr.w	r2, [r0, r3, lsl #2]
 800b502:	b192      	cbz	r2, 800b52a <USBD_CDC_ReceivePacket+0x34>
 800b504:	7c04      	ldrb	r4, [r0, #16]
 800b506:	b944      	cbnz	r4, 800b51a <USBD_CDC_ReceivePacket+0x24>
 800b508:	f44f 7300 	mov.w	r3, #512	@ 0x200
 800b50c:	f8d2 2204 	ldr.w	r2, [r2, #516]	@ 0x204
 800b510:	2101      	movs	r1, #1
 800b512:	f000 f990 	bl	800b836 <USBD_LL_PrepareReceive>
 800b516:	4620      	mov	r0, r4
 800b518:	bd10      	pop	{r4, pc}
 800b51a:	2340      	movs	r3, #64	@ 0x40
 800b51c:	f8d2 2204 	ldr.w	r2, [r2, #516]	@ 0x204
 800b520:	2101      	movs	r1, #1
 800b522:	f000 f988 	bl	800b836 <USBD_LL_PrepareReceive>
 800b526:	2400      	movs	r4, #0
 800b528:	e7f5      	b.n	800b516 <USBD_CDC_ReceivePacket+0x20>
 800b52a:	2403      	movs	r4, #3
 800b52c:	e7f3      	b.n	800b516 <USBD_CDC_ReceivePacket+0x20>

0800b52e <CDC_DeInit_FS>:
 800b52e:	2000      	movs	r0, #0
 800b530:	4770      	bx	lr

0800b532 <CDC_Control_FS>:
 800b532:	2000      	movs	r0, #0
 800b534:	4770      	bx	lr

0800b536 <CDC_TransmitCplt_FS>:
 800b536:	2000      	movs	r0, #0
 800b538:	4770      	bx	lr
	...

0800b53c <CDC_Receive_FS>:
 800b53c:	b510      	push	{r4, lr}
 800b53e:	4601      	mov	r1, r0
 800b540:	4c04      	ldr	r4, [pc, #16]	@ (800b554 <CDC_Receive_FS+0x18>)
 800b542:	4620      	mov	r0, r4
 800b544:	f7ff ffb0 	bl	800b4a8 <USBD_CDC_SetRxBuffer>
 800b548:	4620      	mov	r0, r4
 800b54a:	f7ff ffd4 	bl	800b4f6 <USBD_CDC_ReceivePacket>
 800b54e:	2000      	movs	r0, #0
 800b550:	bd10      	pop	{r4, pc}
 800b552:	bf00      	nop
 800b554:	200008c4 	.word	0x200008c4

0800b558 <CDC_Init_FS>:
 800b558:	b510      	push	{r4, lr}
 800b55a:	4c06      	ldr	r4, [pc, #24]	@ (800b574 <CDC_Init_FS+0x1c>)
 800b55c:	2200      	movs	r2, #0
 800b55e:	4906      	ldr	r1, [pc, #24]	@ (800b578 <CDC_Init_FS+0x20>)
 800b560:	4620      	mov	r0, r4
 800b562:	f7ff ff93 	bl	800b48c <USBD_CDC_SetTxBuffer>
 800b566:	4905      	ldr	r1, [pc, #20]	@ (800b57c <CDC_Init_FS+0x24>)
 800b568:	4620      	mov	r0, r4
 800b56a:	f7ff ff9d 	bl	800b4a8 <USBD_CDC_SetRxBuffer>
 800b56e:	2000      	movs	r0, #0
 800b570:	bd10      	pop	{r4, pc}
 800b572:	bf00      	nop
 800b574:	200008c4 	.word	0x200008c4
 800b578:	20000ba0 	.word	0x20000ba0
 800b57c:	200013a0 	.word	0x200013a0

0800b580 <CDC_Transmit_FS>:
 800b580:	b508      	push	{r3, lr}
 800b582:	4b08      	ldr	r3, [pc, #32]	@ (800b5a4 <CDC_Transmit_FS+0x24>)
 800b584:	f8d3 32bc 	ldr.w	r3, [r3, #700]	@ 0x2bc
 800b588:	f8d3 3214 	ldr.w	r3, [r3, #532]	@ 0x214
 800b58c:	b10b      	cbz	r3, 800b592 <CDC_Transmit_FS+0x12>
 800b58e:	2001      	movs	r0, #1
 800b590:	bd08      	pop	{r3, pc}
 800b592:	460a      	mov	r2, r1
 800b594:	4601      	mov	r1, r0
 800b596:	4803      	ldr	r0, [pc, #12]	@ (800b5a4 <CDC_Transmit_FS+0x24>)
 800b598:	f7ff ff78 	bl	800b48c <USBD_CDC_SetTxBuffer>
 800b59c:	4801      	ldr	r0, [pc, #4]	@ (800b5a4 <CDC_Transmit_FS+0x24>)
 800b59e:	f7ff ff8f 	bl	800b4c0 <USBD_CDC_TransmitPacket>
 800b5a2:	e7f5      	b.n	800b590 <CDC_Transmit_FS+0x10>
 800b5a4:	200008c4 	.word	0x200008c4

0800b5a8 <USBD_Get_USB_Status>:
 800b5a8:	2802      	cmp	r0, #2
 800b5aa:	d004      	beq.n	800b5b6 <USBD_Get_USB_Status+0xe>
 800b5ac:	d805      	bhi.n	800b5ba <USBD_Get_USB_Status+0x12>
 800b5ae:	b108      	cbz	r0, 800b5b4 <USBD_Get_USB_Status+0xc>
 800b5b0:	2003      	movs	r0, #3
 800b5b2:	4770      	bx	lr
 800b5b4:	4770      	bx	lr
 800b5b6:	2001      	movs	r0, #1
 800b5b8:	4770      	bx	lr
 800b5ba:	2003      	movs	r0, #3
 800b5bc:	4770      	bx	lr

0800b5be <SystemClockConfig_Resume>:
 800b5be:	b508      	push	{r3, lr}
 800b5c0:	f7f7 fbce 	bl	8002d60 <SystemClock_Config>
 800b5c4:	bd08      	pop	{r3, pc}
	...

0800b5c8 <HAL_PCD_MspInit>:
 800b5c8:	b510      	push	{r4, lr}
 800b5ca:	b088      	sub	sp, #32
 800b5cc:	2300      	movs	r3, #0
 800b5ce:	9303      	str	r3, [sp, #12]
 800b5d0:	9304      	str	r3, [sp, #16]
 800b5d2:	9305      	str	r3, [sp, #20]
 800b5d4:	9306      	str	r3, [sp, #24]
 800b5d6:	9307      	str	r3, [sp, #28]
 800b5d8:	6802      	ldr	r2, [r0, #0]
 800b5da:	4b1b      	ldr	r3, [pc, #108]	@ (800b648 <HAL_PCD_MspInit+0x80>)
 800b5dc:	429a      	cmp	r2, r3
 800b5de:	d001      	beq.n	800b5e4 <HAL_PCD_MspInit+0x1c>
 800b5e0:	b008      	add	sp, #32
 800b5e2:	bd10      	pop	{r4, pc}
 800b5e4:	f04f 44b0 	mov.w	r4, #1476395008	@ 0x58000000
 800b5e8:	6ce3      	ldr	r3, [r4, #76]	@ 0x4c
 800b5ea:	f043 0301 	orr.w	r3, r3, #1
 800b5ee:	64e3      	str	r3, [r4, #76]	@ 0x4c
 800b5f0:	6ce3      	ldr	r3, [r4, #76]	@ 0x4c
 800b5f2:	f003 0301 	and.w	r3, r3, #1
 800b5f6:	9302      	str	r3, [sp, #8]
 800b5f8:	9b02      	ldr	r3, [sp, #8]
 800b5fa:	f44f 53c0 	mov.w	r3, #6144	@ 0x1800
 800b5fe:	9303      	str	r3, [sp, #12]
 800b600:	2302      	movs	r3, #2
 800b602:	9304      	str	r3, [sp, #16]
 800b604:	230a      	movs	r3, #10
 800b606:	9307      	str	r3, [sp, #28]
 800b608:	a903      	add	r1, sp, #12
 800b60a:	f04f 4090 	mov.w	r0, #1207959552	@ 0x48000000
 800b60e:	f7fa f833 	bl	8005678 <HAL_GPIO_Init>
 800b612:	6da3      	ldr	r3, [r4, #88]	@ 0x58
 800b614:	f043 6380 	orr.w	r3, r3, #67108864	@ 0x4000000
 800b618:	65a3      	str	r3, [r4, #88]	@ 0x58
 800b61a:	6da3      	ldr	r3, [r4, #88]	@ 0x58
 800b61c:	f003 6380 	and.w	r3, r3, #67108864	@ 0x4000000
 800b620:	9301      	str	r3, [sp, #4]
 800b622:	9b01      	ldr	r3, [sp, #4]
 800b624:	2200      	movs	r2, #0
 800b626:	4611      	mov	r1, r2
 800b628:	2013      	movs	r0, #19
 800b62a:	f7f9 ffdd 	bl	80055e8 <HAL_NVIC_SetPriority>
 800b62e:	2013      	movs	r0, #19
 800b630:	f7f9 ffea 	bl	8005608 <HAL_NVIC_EnableIRQ>
 800b634:	2200      	movs	r2, #0
 800b636:	4611      	mov	r1, r2
 800b638:	2014      	movs	r0, #20
 800b63a:	f7f9 ffd5 	bl	80055e8 <HAL_NVIC_SetPriority>
 800b63e:	2014      	movs	r0, #20
 800b640:	f7f9 ffe2 	bl	8005608 <HAL_NVIC_EnableIRQ>
 800b644:	e7cc      	b.n	800b5e0 <HAL_PCD_MspInit+0x18>
 800b646:	bf00      	nop
 800b648:	40006800 	.word	0x40006800

0800b64c <HAL_PCD_SetupStageCallback>:
 800b64c:	b508      	push	{r3, lr}
 800b64e:	f500 7126 	add.w	r1, r0, #664	@ 0x298
 800b652:	f8d0 02d8 	ldr.w	r0, [r0, #728]	@ 0x2d8
 800b656:	f000 f971 	bl	800b93c <USBD_LL_SetupStage>
 800b65a:	bd08      	pop	{r3, pc}

0800b65c <HAL_PCD_DataOutStageCallback>:
 800b65c:	b508      	push	{r3, lr}
 800b65e:	eb01 0381 	add.w	r3, r1, r1, lsl #2
 800b662:	eb00 03c3 	add.w	r3, r0, r3, lsl #3
 800b666:	f8d3 2164 	ldr.w	r2, [r3, #356]	@ 0x164
 800b66a:	f8d0 02d8 	ldr.w	r0, [r0, #728]	@ 0x2d8
 800b66e:	f000 f9f5 	bl	800ba5c <USBD_LL_DataOutStage>
 800b672:	bd08      	pop	{r3, pc}

0800b674 <HAL_PCD_DataInStageCallback>:
 800b674:	b508      	push	{r3, lr}
 800b676:	eb01 0381 	add.w	r3, r1, r1, lsl #2
 800b67a:	eb00 03c3 	add.w	r3, r0, r3, lsl #3
 800b67e:	6a5a      	ldr	r2, [r3, #36]	@ 0x24
 800b680:	f8d0 02d8 	ldr.w	r0, [r0, #728]	@ 0x2d8
 800b684:	f000 fa4a 	bl	800bb1c <USBD_LL_DataInStage>
 800b688:	bd08      	pop	{r3, pc}

0800b68a <HAL_PCD_SOFCallback>:
 800b68a:	b508      	push	{r3, lr}
 800b68c:	f8d0 02d8 	ldr.w	r0, [r0, #728]	@ 0x2d8
 800b690:	f000 f9d0 	bl	800ba34 <USBD_LL_SOF>
 800b694:	bd08      	pop	{r3, pc}

0800b696 <HAL_PCD_ResetCallback>:
 800b696:	b510      	push	{r4, lr}
 800b698:	4604      	mov	r4, r0
 800b69a:	7943      	ldrb	r3, [r0, #5]
 800b69c:	2b02      	cmp	r3, #2
 800b69e:	d109      	bne.n	800b6b4 <HAL_PCD_ResetCallback+0x1e>
 800b6a0:	2101      	movs	r1, #1
 800b6a2:	f8d4 02d8 	ldr.w	r0, [r4, #728]	@ 0x2d8
 800b6a6:	f000 f9a8 	bl	800b9fa <USBD_LL_SetSpeed>
 800b6aa:	f8d4 02d8 	ldr.w	r0, [r4, #728]	@ 0x2d8
 800b6ae:	f000 f971 	bl	800b994 <USBD_LL_Reset>
 800b6b2:	bd10      	pop	{r4, pc}
 800b6b4:	f7f7 fb52 	bl	8002d5c <Error_Handler>
 800b6b8:	e7f2      	b.n	800b6a0 <HAL_PCD_ResetCallback+0xa>
	...

0800b6bc <HAL_PCD_SuspendCallback>:
 800b6bc:	b510      	push	{r4, lr}
 800b6be:	4604      	mov	r4, r0
 800b6c0:	f8d0 02d8 	ldr.w	r0, [r0, #728]	@ 0x2d8
 800b6c4:	f000 f99c 	bl	800ba00 <USBD_LL_Suspend>
 800b6c8:	7a63      	ldrb	r3, [r4, #9]
 800b6ca:	b123      	cbz	r3, 800b6d6 <HAL_PCD_SuspendCallback+0x1a>
 800b6cc:	4a02      	ldr	r2, [pc, #8]	@ (800b6d8 <HAL_PCD_SuspendCallback+0x1c>)
 800b6ce:	6913      	ldr	r3, [r2, #16]
 800b6d0:	f043 0306 	orr.w	r3, r3, #6
 800b6d4:	6113      	str	r3, [r2, #16]
 800b6d6:	bd10      	pop	{r4, pc}
 800b6d8:	e000ed00 	.word	0xe000ed00

0800b6dc <HAL_PCD_ResumeCallback>:
 800b6dc:	b510      	push	{r4, lr}
 800b6de:	4604      	mov	r4, r0
 800b6e0:	7a43      	ldrb	r3, [r0, #9]
 800b6e2:	b923      	cbnz	r3, 800b6ee <HAL_PCD_ResumeCallback+0x12>
 800b6e4:	f8d4 02d8 	ldr.w	r0, [r4, #728]	@ 0x2d8
 800b6e8:	f000 f998 	bl	800ba1c <USBD_LL_Resume>
 800b6ec:	bd10      	pop	{r4, pc}
 800b6ee:	4a04      	ldr	r2, [pc, #16]	@ (800b700 <HAL_PCD_ResumeCallback+0x24>)
 800b6f0:	6913      	ldr	r3, [r2, #16]
 800b6f2:	f023 0306 	bic.w	r3, r3, #6
 800b6f6:	6113      	str	r3, [r2, #16]
 800b6f8:	f7ff ff61 	bl	800b5be <SystemClockConfig_Resume>
 800b6fc:	e7f2      	b.n	800b6e4 <HAL_PCD_ResumeCallback+0x8>
 800b6fe:	bf00      	nop
 800b700:	e000ed00 	.word	0xe000ed00

0800b704 <USBD_LL_Init>:
 800b704:	b538      	push	{r3, r4, r5, lr}
 800b706:	4605      	mov	r5, r0
 800b708:	4c20      	ldr	r4, [pc, #128]	@ (800b78c <USBD_LL_Init+0x88>)
 800b70a:	f8c4 02d8 	str.w	r0, [r4, #728]	@ 0x2d8
 800b70e:	f8c0 42c8 	str.w	r4, [r0, #712]	@ 0x2c8
 800b712:	f7fb f9b5 	bl	8006a80 <HAL_PWREx_EnableVddUSB>
 800b716:	4b1e      	ldr	r3, [pc, #120]	@ (800b790 <USBD_LL_Init+0x8c>)
 800b718:	6023      	str	r3, [r4, #0]
 800b71a:	2308      	movs	r3, #8
 800b71c:	7123      	strb	r3, [r4, #4]
 800b71e:	2302      	movs	r3, #2
 800b720:	7163      	strb	r3, [r4, #5]
 800b722:	71e3      	strb	r3, [r4, #7]
 800b724:	2300      	movs	r3, #0
 800b726:	7223      	strb	r3, [r4, #8]
 800b728:	7263      	strb	r3, [r4, #9]
 800b72a:	72a3      	strb	r3, [r4, #10]
 800b72c:	72e3      	strb	r3, [r4, #11]
 800b72e:	4620      	mov	r0, r4
 800b730:	f7fa fa2e 	bl	8005b90 <HAL_PCD_Init>
 800b734:	bb30      	cbnz	r0, 800b784 <USBD_LL_Init+0x80>
 800b736:	2318      	movs	r3, #24
 800b738:	2200      	movs	r2, #0
 800b73a:	4611      	mov	r1, r2
 800b73c:	f8d5 02c8 	ldr.w	r0, [r5, #712]	@ 0x2c8
 800b740:	f7fb f95c 	bl	80069fc <HAL_PCDEx_PMAConfig>
 800b744:	2358      	movs	r3, #88	@ 0x58
 800b746:	2200      	movs	r2, #0
 800b748:	2180      	movs	r1, #128	@ 0x80
 800b74a:	f8d5 02c8 	ldr.w	r0, [r5, #712]	@ 0x2c8
 800b74e:	f7fb f955 	bl	80069fc <HAL_PCDEx_PMAConfig>
 800b752:	23c0      	movs	r3, #192	@ 0xc0
 800b754:	2200      	movs	r2, #0
 800b756:	2181      	movs	r1, #129	@ 0x81
 800b758:	f8d5 02c8 	ldr.w	r0, [r5, #712]	@ 0x2c8
 800b75c:	f7fb f94e 	bl	80069fc <HAL_PCDEx_PMAConfig>
 800b760:	f44f 7388 	mov.w	r3, #272	@ 0x110
 800b764:	2200      	movs	r2, #0
 800b766:	2101      	movs	r1, #1
 800b768:	f8d5 02c8 	ldr.w	r0, [r5, #712]	@ 0x2c8
 800b76c:	f7fb f946 	bl	80069fc <HAL_PCDEx_PMAConfig>
 800b770:	f44f 7380 	mov.w	r3, #256	@ 0x100
 800b774:	2200      	movs	r2, #0
 800b776:	2182      	movs	r1, #130	@ 0x82
 800b778:	f8d5 02c8 	ldr.w	r0, [r5, #712]	@ 0x2c8
 800b77c:	f7fb f93e 	bl	80069fc <HAL_PCDEx_PMAConfig>
 800b780:	2000      	movs	r0, #0
 800b782:	bd38      	pop	{r3, r4, r5, pc}
 800b784:	f7f7 faea 	bl	8002d5c <Error_Handler>
 800b788:	e7d5      	b.n	800b736 <USBD_LL_Init+0x32>
 800b78a:	bf00      	nop
 800b78c:	20001dc0 	.word	0x20001dc0
 800b790:	40006800 	.word	0x40006800

0800b794 <USBD_LL_Start>:
 800b794:	b508      	push	{r3, lr}
 800b796:	f8d0 02c8 	ldr.w	r0, [r0, #712]	@ 0x2c8
 800b79a:	f7fa fa54 	bl	8005c46 <HAL_PCD_Start>
 800b79e:	f7ff ff03 	bl	800b5a8 <USBD_Get_USB_Status>
 800b7a2:	bd08      	pop	{r3, pc}

0800b7a4 <USBD_LL_OpenEP>:
 800b7a4:	b508      	push	{r3, lr}
 800b7a6:	4694      	mov	ip, r2
 800b7a8:	461a      	mov	r2, r3
 800b7aa:	4663      	mov	r3, ip
 800b7ac:	f8d0 02c8 	ldr.w	r0, [r0, #712]	@ 0x2c8
 800b7b0:	f7fa ffe7 	bl	8006782 <HAL_PCD_EP_Open>
 800b7b4:	f7ff fef8 	bl	800b5a8 <USBD_Get_USB_Status>
 800b7b8:	bd08      	pop	{r3, pc}

0800b7ba <USBD_LL_CloseEP>:
 800b7ba:	b508      	push	{r3, lr}
 800b7bc:	f8d0 02c8 	ldr.w	r0, [r0, #712]	@ 0x2c8
 800b7c0:	f7fb f822 	bl	8006808 <HAL_PCD_EP_Close>
 800b7c4:	f7ff fef0 	bl	800b5a8 <USBD_Get_USB_Status>
 800b7c8:	bd08      	pop	{r3, pc}

0800b7ca <USBD_LL_StallEP>:
 800b7ca:	b508      	push	{r3, lr}
 800b7cc:	f8d0 02c8 	ldr.w	r0, [r0, #712]	@ 0x2c8
 800b7d0:	f7fb f89c 	bl	800690c <HAL_PCD_EP_SetStall>
 800b7d4:	f7ff fee8 	bl	800b5a8 <USBD_Get_USB_Status>
 800b7d8:	bd08      	pop	{r3, pc}

0800b7da <USBD_LL_ClearStallEP>:
 800b7da:	b508      	push	{r3, lr}
 800b7dc:	f8d0 02c8 	ldr.w	r0, [r0, #712]	@ 0x2c8
 800b7e0:	f7fb f8cd 	bl	800697e <HAL_PCD_EP_ClrStall>
 800b7e4:	f7ff fee0 	bl	800b5a8 <USBD_Get_USB_Status>
 800b7e8:	bd08      	pop	{r3, pc}

0800b7ea <USBD_LL_IsStallEP>:
 800b7ea:	f8d0 32c8 	ldr.w	r3, [r0, #712]	@ 0x2c8
 800b7ee:	f011 0f80 	tst.w	r1, #128	@ 0x80
 800b7f2:	d108      	bne.n	800b806 <USBD_LL_IsStallEP+0x1c>
 800b7f4:	f001 017f 	and.w	r1, r1, #127	@ 0x7f
 800b7f8:	eb01 0181 	add.w	r1, r1, r1, lsl #2
 800b7fc:	eb03 03c1 	add.w	r3, r3, r1, lsl #3
 800b800:	f893 0152 	ldrb.w	r0, [r3, #338]	@ 0x152
 800b804:	4770      	bx	lr
 800b806:	f001 017f 	and.w	r1, r1, #127	@ 0x7f
 800b80a:	eb01 0181 	add.w	r1, r1, r1, lsl #2
 800b80e:	eb03 03c1 	add.w	r3, r3, r1, lsl #3
 800b812:	7c98      	ldrb	r0, [r3, #18]
 800b814:	4770      	bx	lr

0800b816 <USBD_LL_SetUSBAddress>:
 800b816:	b508      	push	{r3, lr}
 800b818:	f8d0 02c8 	ldr.w	r0, [r0, #712]	@ 0x2c8
 800b81c:	f7fa fec5 	bl	80065aa <HAL_PCD_SetAddress>
 800b820:	f7ff fec2 	bl	800b5a8 <USBD_Get_USB_Status>
 800b824:	bd08      	pop	{r3, pc}

0800b826 <USBD_LL_Transmit>:
 800b826:	b508      	push	{r3, lr}
 800b828:	f8d0 02c8 	ldr.w	r0, [r0, #712]	@ 0x2c8
 800b82c:	f7fb f848 	bl	80068c0 <HAL_PCD_EP_Transmit>
 800b830:	f7ff feba 	bl	800b5a8 <USBD_Get_USB_Status>
 800b834:	bd08      	pop	{r3, pc}

0800b836 <USBD_LL_PrepareReceive>:
 800b836:	b508      	push	{r3, lr}
 800b838:	f8d0 02c8 	ldr.w	r0, [r0, #712]	@ 0x2c8
 800b83c:	f7fb f81a 	bl	8006874 <HAL_PCD_EP_Receive>
 800b840:	f7ff feb2 	bl	800b5a8 <USBD_Get_USB_Status>
 800b844:	bd08      	pop	{r3, pc}

0800b846 <USBD_LL_GetRxDataSize>:
 800b846:	b508      	push	{r3, lr}
 800b848:	f8d0 02c8 	ldr.w	r0, [r0, #712]	@ 0x2c8
 800b84c:	f7fb f82f 	bl	80068ae <HAL_PCD_EP_GetRxCount>
 800b850:	bd08      	pop	{r3, pc}
	...

0800b854 <HAL_PCDEx_LPM_Callback>:
 800b854:	b510      	push	{r4, lr}
 800b856:	4604      	mov	r4, r0
 800b858:	b169      	cbz	r1, 800b876 <HAL_PCDEx_LPM_Callback+0x22>
 800b85a:	2901      	cmp	r1, #1
 800b85c:	d111      	bne.n	800b882 <HAL_PCDEx_LPM_Callback+0x2e>
 800b85e:	f8d0 02d8 	ldr.w	r0, [r0, #728]	@ 0x2d8
 800b862:	f000 f8cd 	bl	800ba00 <USBD_LL_Suspend>
 800b866:	7a63      	ldrb	r3, [r4, #9]
 800b868:	b15b      	cbz	r3, 800b882 <HAL_PCDEx_LPM_Callback+0x2e>
 800b86a:	4a0a      	ldr	r2, [pc, #40]	@ (800b894 <HAL_PCDEx_LPM_Callback+0x40>)
 800b86c:	6913      	ldr	r3, [r2, #16]
 800b86e:	f043 0306 	orr.w	r3, r3, #6
 800b872:	6113      	str	r3, [r2, #16]
 800b874:	e005      	b.n	800b882 <HAL_PCDEx_LPM_Callback+0x2e>
 800b876:	7a43      	ldrb	r3, [r0, #9]
 800b878:	b923      	cbnz	r3, 800b884 <HAL_PCDEx_LPM_Callback+0x30>
 800b87a:	f8d4 02d8 	ldr.w	r0, [r4, #728]	@ 0x2d8
 800b87e:	f000 f8cd 	bl	800ba1c <USBD_LL_Resume>
 800b882:	bd10      	pop	{r4, pc}
 800b884:	f7ff fe9b 	bl	800b5be <SystemClockConfig_Resume>
 800b888:	4a02      	ldr	r2, [pc, #8]	@ (800b894 <HAL_PCDEx_LPM_Callback+0x40>)
 800b88a:	6913      	ldr	r3, [r2, #16]
 800b88c:	f023 0306 	bic.w	r3, r3, #6
 800b890:	6113      	str	r3, [r2, #16]
 800b892:	e7f2      	b.n	800b87a <HAL_PCDEx_LPM_Callback+0x26>
 800b894:	e000ed00 	.word	0xe000ed00

0800b898 <USBD_static_malloc>:
 800b898:	4800      	ldr	r0, [pc, #0]	@ (800b89c <USBD_static_malloc+0x4>)
 800b89a:	4770      	bx	lr
 800b89c:	20001ba0 	.word	0x20001ba0

0800b8a0 <USBD_static_free>:
 800b8a0:	4770      	bx	lr

0800b8a2 <USBD_Init>:
 800b8a2:	b198      	cbz	r0, 800b8cc <USBD_Init+0x2a>
 800b8a4:	b508      	push	{r3, lr}
 800b8a6:	4603      	mov	r3, r0
 800b8a8:	2000      	movs	r0, #0
 800b8aa:	f8c3 02b8 	str.w	r0, [r3, #696]	@ 0x2b8
 800b8ae:	f8c3 02c4 	str.w	r0, [r3, #708]	@ 0x2c4
 800b8b2:	f8c3 02d0 	str.w	r0, [r3, #720]	@ 0x2d0
 800b8b6:	b109      	cbz	r1, 800b8bc <USBD_Init+0x1a>
 800b8b8:	f8c3 12b4 	str.w	r1, [r3, #692]	@ 0x2b4
 800b8bc:	2101      	movs	r1, #1
 800b8be:	f883 129c 	strb.w	r1, [r3, #668]	@ 0x29c
 800b8c2:	701a      	strb	r2, [r3, #0]
 800b8c4:	4618      	mov	r0, r3
 800b8c6:	f7ff ff1d 	bl	800b704 <USBD_LL_Init>
 800b8ca:	bd08      	pop	{r3, pc}
 800b8cc:	2003      	movs	r0, #3
 800b8ce:	4770      	bx	lr

0800b8d0 <USBD_RegisterClass>:
 800b8d0:	b510      	push	{r4, lr}
 800b8d2:	b082      	sub	sp, #8
 800b8d4:	2300      	movs	r3, #0
 800b8d6:	f8ad 3006 	strh.w	r3, [sp, #6]
 800b8da:	b1b9      	cbz	r1, 800b90c <USBD_RegisterClass+0x3c>
 800b8dc:	4604      	mov	r4, r0
 800b8de:	f8c0 12b8 	str.w	r1, [r0, #696]	@ 0x2b8
 800b8e2:	f8d0 22d4 	ldr.w	r2, [r0, #724]	@ 0x2d4
 800b8e6:	6acb      	ldr	r3, [r1, #44]	@ 0x2c
 800b8e8:	b143      	cbz	r3, 800b8fc <USBD_RegisterClass+0x2c>
 800b8ea:	32ae      	adds	r2, #174	@ 0xae
 800b8ec:	f850 3022 	ldr.w	r3, [r0, r2, lsl #2]
 800b8f0:	6adb      	ldr	r3, [r3, #44]	@ 0x2c
 800b8f2:	f10d 0006 	add.w	r0, sp, #6
 800b8f6:	4798      	blx	r3
 800b8f8:	f8c4 02d0 	str.w	r0, [r4, #720]	@ 0x2d0
 800b8fc:	f8d4 32d8 	ldr.w	r3, [r4, #728]	@ 0x2d8
 800b900:	3301      	adds	r3, #1
 800b902:	f8c4 32d8 	str.w	r3, [r4, #728]	@ 0x2d8
 800b906:	2000      	movs	r0, #0
 800b908:	b002      	add	sp, #8
 800b90a:	bd10      	pop	{r4, pc}
 800b90c:	2003      	movs	r0, #3
 800b90e:	e7fb      	b.n	800b908 <USBD_RegisterClass+0x38>

0800b910 <USBD_Start>:
 800b910:	b508      	push	{r3, lr}
 800b912:	f7ff ff3f 	bl	800b794 <USBD_LL_Start>
 800b916:	bd08      	pop	{r3, pc}

0800b918 <USBD_SetClassConfig>:
 800b918:	b508      	push	{r3, lr}
 800b91a:	f8d0 32b8 	ldr.w	r3, [r0, #696]	@ 0x2b8
 800b91e:	b113      	cbz	r3, 800b926 <USBD_SetClassConfig+0xe>
 800b920:	681b      	ldr	r3, [r3, #0]
 800b922:	4798      	blx	r3
 800b924:	bd08      	pop	{r3, pc}
 800b926:	4618      	mov	r0, r3
 800b928:	e7fc      	b.n	800b924 <USBD_SetClassConfig+0xc>

0800b92a <USBD_ClrClassConfig>:
 800b92a:	b508      	push	{r3, lr}
 800b92c:	f8d0 32b8 	ldr.w	r3, [r0, #696]	@ 0x2b8
 800b930:	685b      	ldr	r3, [r3, #4]
 800b932:	4798      	blx	r3
 800b934:	b900      	cbnz	r0, 800b938 <USBD_ClrClassConfig+0xe>
 800b936:	bd08      	pop	{r3, pc}
 800b938:	2003      	movs	r0, #3
 800b93a:	e7fc      	b.n	800b936 <USBD_ClrClassConfig+0xc>

0800b93c <USBD_LL_SetupStage>:
 800b93c:	b538      	push	{r3, r4, r5, lr}
 800b93e:	4604      	mov	r4, r0
 800b940:	f200 25aa 	addw	r5, r0, #682	@ 0x2aa
 800b944:	4628      	mov	r0, r5
 800b946:	f000 f982 	bl	800bc4e <USBD_ParseSetupRequest>
 800b94a:	2301      	movs	r3, #1
 800b94c:	f8c4 3294 	str.w	r3, [r4, #660]	@ 0x294
 800b950:	f8b4 32b0 	ldrh.w	r3, [r4, #688]	@ 0x2b0
 800b954:	f8c4 3298 	str.w	r3, [r4, #664]	@ 0x298
 800b958:	f894 12aa 	ldrb.w	r1, [r4, #682]	@ 0x2aa
 800b95c:	f001 031f 	and.w	r3, r1, #31
 800b960:	2b01      	cmp	r3, #1
 800b962:	d007      	beq.n	800b974 <USBD_LL_SetupStage+0x38>
 800b964:	2b02      	cmp	r3, #2
 800b966:	d00a      	beq.n	800b97e <USBD_LL_SetupStage+0x42>
 800b968:	b973      	cbnz	r3, 800b988 <USBD_LL_SetupStage+0x4c>
 800b96a:	4629      	mov	r1, r5
 800b96c:	4620      	mov	r0, r4
 800b96e:	f000 fb5f 	bl	800c030 <USBD_StdDevReq>
 800b972:	bd38      	pop	{r3, r4, r5, pc}
 800b974:	4629      	mov	r1, r5
 800b976:	4620      	mov	r0, r4
 800b978:	f000 fb9b 	bl	800c0b2 <USBD_StdItfReq>
 800b97c:	e7f9      	b.n	800b972 <USBD_LL_SetupStage+0x36>
 800b97e:	4629      	mov	r1, r5
 800b980:	4620      	mov	r0, r4
 800b982:	f000 fbde 	bl	800c142 <USBD_StdEPReq>
 800b986:	e7f4      	b.n	800b972 <USBD_LL_SetupStage+0x36>
 800b988:	f001 0180 	and.w	r1, r1, #128	@ 0x80
 800b98c:	4620      	mov	r0, r4
 800b98e:	f7ff ff1c 	bl	800b7ca <USBD_LL_StallEP>
 800b992:	e7ee      	b.n	800b972 <USBD_LL_SetupStage+0x36>

0800b994 <USBD_LL_Reset>:
 800b994:	b5f8      	push	{r3, r4, r5, r6, r7, lr}
 800b996:	4604      	mov	r4, r0
 800b998:	2301      	movs	r3, #1
 800b99a:	f880 329c 	strb.w	r3, [r0, #668]	@ 0x29c
 800b99e:	2300      	movs	r3, #0
 800b9a0:	f8c0 3294 	str.w	r3, [r0, #660]	@ 0x294
 800b9a4:	6043      	str	r3, [r0, #4]
 800b9a6:	f8c0 32a4 	str.w	r3, [r0, #676]	@ 0x2a4
 800b9aa:	f880 32a0 	strb.w	r3, [r0, #672]	@ 0x2a0
 800b9ae:	f8d0 32b8 	ldr.w	r3, [r0, #696]	@ 0x2b8
 800b9b2:	b1db      	cbz	r3, 800b9ec <USBD_LL_Reset+0x58>
 800b9b4:	685b      	ldr	r3, [r3, #4]
 800b9b6:	b1db      	cbz	r3, 800b9f0 <USBD_LL_Reset+0x5c>
 800b9b8:	2100      	movs	r1, #0
 800b9ba:	4798      	blx	r3
 800b9bc:	4607      	mov	r7, r0
 800b9be:	b9c8      	cbnz	r0, 800b9f4 <USBD_LL_Reset+0x60>
 800b9c0:	2340      	movs	r3, #64	@ 0x40
 800b9c2:	2200      	movs	r2, #0
 800b9c4:	4611      	mov	r1, r2
 800b9c6:	4620      	mov	r0, r4
 800b9c8:	f7ff feec 	bl	800b7a4 <USBD_LL_OpenEP>
 800b9cc:	2601      	movs	r6, #1
 800b9ce:	f8a4 6164 	strh.w	r6, [r4, #356]	@ 0x164
 800b9d2:	2540      	movs	r5, #64	@ 0x40
 800b9d4:	f8c4 5160 	str.w	r5, [r4, #352]	@ 0x160
 800b9d8:	462b      	mov	r3, r5
 800b9da:	2200      	movs	r2, #0
 800b9dc:	2180      	movs	r1, #128	@ 0x80
 800b9de:	4620      	mov	r0, r4
 800b9e0:	f7ff fee0 	bl	800b7a4 <USBD_LL_OpenEP>
 800b9e4:	84a6      	strh	r6, [r4, #36]	@ 0x24
 800b9e6:	6225      	str	r5, [r4, #32]
 800b9e8:	4638      	mov	r0, r7
 800b9ea:	bdf8      	pop	{r3, r4, r5, r6, r7, pc}
 800b9ec:	461f      	mov	r7, r3
 800b9ee:	e7e7      	b.n	800b9c0 <USBD_LL_Reset+0x2c>
 800b9f0:	461f      	mov	r7, r3
 800b9f2:	e7e5      	b.n	800b9c0 <USBD_LL_Reset+0x2c>
 800b9f4:	2303      	movs	r3, #3
 800b9f6:	461f      	mov	r7, r3
 800b9f8:	e7e2      	b.n	800b9c0 <USBD_LL_Reset+0x2c>

0800b9fa <USBD_LL_SetSpeed>:
 800b9fa:	7401      	strb	r1, [r0, #16]
 800b9fc:	2000      	movs	r0, #0
 800b9fe:	4770      	bx	lr

0800ba00 <USBD_LL_Suspend>:
 800ba00:	f890 329c 	ldrb.w	r3, [r0, #668]	@ 0x29c
 800ba04:	2b04      	cmp	r3, #4
 800ba06:	d004      	beq.n	800ba12 <USBD_LL_Suspend+0x12>
 800ba08:	f890 329c 	ldrb.w	r3, [r0, #668]	@ 0x29c
 800ba0c:	b2db      	uxtb	r3, r3
 800ba0e:	f880 329d 	strb.w	r3, [r0, #669]	@ 0x29d
 800ba12:	2304      	movs	r3, #4
 800ba14:	f880 329c 	strb.w	r3, [r0, #668]	@ 0x29c
 800ba18:	2000      	movs	r0, #0
 800ba1a:	4770      	bx	lr

0800ba1c <USBD_LL_Resume>:
 800ba1c:	f890 329c 	ldrb.w	r3, [r0, #668]	@ 0x29c
 800ba20:	2b04      	cmp	r3, #4
 800ba22:	d001      	beq.n	800ba28 <USBD_LL_Resume+0xc>
 800ba24:	2000      	movs	r0, #0
 800ba26:	4770      	bx	lr
 800ba28:	f890 329d 	ldrb.w	r3, [r0, #669]	@ 0x29d
 800ba2c:	b2db      	uxtb	r3, r3
 800ba2e:	f880 329c 	strb.w	r3, [r0, #668]	@ 0x29c
 800ba32:	e7f7      	b.n	800ba24 <USBD_LL_Resume+0x8>

0800ba34 <USBD_LL_SOF>:
 800ba34:	b508      	push	{r3, lr}
 800ba36:	f890 329c 	ldrb.w	r3, [r0, #668]	@ 0x29c
 800ba3a:	2b03      	cmp	r3, #3
 800ba3c:	d001      	beq.n	800ba42 <USBD_LL_SOF+0xe>
 800ba3e:	2000      	movs	r0, #0
 800ba40:	bd08      	pop	{r3, pc}
 800ba42:	f8d0 32b8 	ldr.w	r3, [r0, #696]	@ 0x2b8
 800ba46:	2b00      	cmp	r3, #0
 800ba48:	d0f9      	beq.n	800ba3e <USBD_LL_SOF+0xa>
 800ba4a:	69db      	ldr	r3, [r3, #28]
 800ba4c:	2b00      	cmp	r3, #0
 800ba4e:	d0f6      	beq.n	800ba3e <USBD_LL_SOF+0xa>
 800ba50:	4798      	blx	r3
 800ba52:	e7f4      	b.n	800ba3e <USBD_LL_SOF+0xa>

0800ba54 <USBD_CoreFindIF>:
 800ba54:	2000      	movs	r0, #0
 800ba56:	4770      	bx	lr

0800ba58 <USBD_CoreFindEP>:
 800ba58:	2000      	movs	r0, #0
 800ba5a:	4770      	bx	lr

0800ba5c <USBD_LL_DataOutStage>:
 800ba5c:	b538      	push	{r3, r4, r5, lr}
 800ba5e:	4604      	mov	r4, r0
 800ba60:	460d      	mov	r5, r1
 800ba62:	2900      	cmp	r1, #0
 800ba64:	d141      	bne.n	800baea <USBD_LL_DataOutStage+0x8e>
 800ba66:	4613      	mov	r3, r2
 800ba68:	f8d0 2294 	ldr.w	r2, [r0, #660]	@ 0x294
 800ba6c:	2a03      	cmp	r2, #3
 800ba6e:	d001      	beq.n	800ba74 <USBD_LL_DataOutStage+0x18>
 800ba70:	4608      	mov	r0, r1
 800ba72:	bd38      	pop	{r3, r4, r5, pc}
 800ba74:	f8d0 115c 	ldr.w	r1, [r0, #348]	@ 0x15c
 800ba78:	f8d0 2160 	ldr.w	r2, [r0, #352]	@ 0x160
 800ba7c:	4291      	cmp	r1, r2
 800ba7e:	d809      	bhi.n	800ba94 <USBD_LL_DataOutStage+0x38>
 800ba80:	f890 32aa 	ldrb.w	r3, [r0, #682]	@ 0x2aa
 800ba84:	f003 031f 	and.w	r3, r3, #31
 800ba88:	2b01      	cmp	r3, #1
 800ba8a:	d00e      	beq.n	800baaa <USBD_LL_DataOutStage+0x4e>
 800ba8c:	2b02      	cmp	r3, #2
 800ba8e:	d01a      	beq.n	800bac6 <USBD_LL_DataOutStage+0x6a>
 800ba90:	4628      	mov	r0, r5
 800ba92:	e00f      	b.n	800bab4 <USBD_LL_DataOutStage+0x58>
 800ba94:	1a89      	subs	r1, r1, r2
 800ba96:	f8c0 115c 	str.w	r1, [r0, #348]	@ 0x15c
 800ba9a:	428a      	cmp	r2, r1
 800ba9c:	bf28      	it	cs
 800ba9e:	460a      	movcs	r2, r1
 800baa0:	4619      	mov	r1, r3
 800baa2:	f000 fd49 	bl	800c538 <USBD_CtlContinueRx>
 800baa6:	4628      	mov	r0, r5
 800baa8:	e7e3      	b.n	800ba72 <USBD_LL_DataOutStage+0x16>
 800baaa:	f890 12ae 	ldrb.w	r1, [r0, #686]	@ 0x2ae
 800baae:	f7ff ffd1 	bl	800ba54 <USBD_CoreFindIF>
 800bab2:	b918      	cbnz	r0, 800babc <USBD_LL_DataOutStage+0x60>
 800bab4:	f894 329c 	ldrb.w	r3, [r4, #668]	@ 0x29c
 800bab8:	2b03      	cmp	r3, #3
 800baba:	d009      	beq.n	800bad0 <USBD_LL_DataOutStage+0x74>
 800babc:	4620      	mov	r0, r4
 800babe:	f000 fd43 	bl	800c548 <USBD_CtlSendStatus>
 800bac2:	4628      	mov	r0, r5
 800bac4:	e7d5      	b.n	800ba72 <USBD_LL_DataOutStage+0x16>
 800bac6:	f890 12ae 	ldrb.w	r1, [r0, #686]	@ 0x2ae
 800baca:	f7ff ffc5 	bl	800ba58 <USBD_CoreFindEP>
 800bace:	e7f0      	b.n	800bab2 <USBD_LL_DataOutStage+0x56>
 800bad0:	f100 03ae 	add.w	r3, r0, #174	@ 0xae
 800bad4:	f854 3023 	ldr.w	r3, [r4, r3, lsl #2]
 800bad8:	691a      	ldr	r2, [r3, #16]
 800bada:	2a00      	cmp	r2, #0
 800badc:	d0ee      	beq.n	800babc <USBD_LL_DataOutStage+0x60>
 800bade:	f8c4 02d4 	str.w	r0, [r4, #724]	@ 0x2d4
 800bae2:	691b      	ldr	r3, [r3, #16]
 800bae4:	4620      	mov	r0, r4
 800bae6:	4798      	blx	r3
 800bae8:	e7e8      	b.n	800babc <USBD_LL_DataOutStage+0x60>
 800baea:	f001 017f 	and.w	r1, r1, #127	@ 0x7f
 800baee:	f7ff ffb3 	bl	800ba58 <USBD_CoreFindEP>
 800baf2:	b988      	cbnz	r0, 800bb18 <USBD_LL_DataOutStage+0xbc>
 800baf4:	f894 329c 	ldrb.w	r3, [r4, #668]	@ 0x29c
 800baf8:	2b03      	cmp	r3, #3
 800bafa:	d1ba      	bne.n	800ba72 <USBD_LL_DataOutStage+0x16>
 800bafc:	f100 03ae 	add.w	r3, r0, #174	@ 0xae
 800bb00:	f854 3023 	ldr.w	r3, [r4, r3, lsl #2]
 800bb04:	699a      	ldr	r2, [r3, #24]
 800bb06:	2a00      	cmp	r2, #0
 800bb08:	d0b3      	beq.n	800ba72 <USBD_LL_DataOutStage+0x16>
 800bb0a:	f8c4 02d4 	str.w	r0, [r4, #724]	@ 0x2d4
 800bb0e:	699b      	ldr	r3, [r3, #24]
 800bb10:	4629      	mov	r1, r5
 800bb12:	4620      	mov	r0, r4
 800bb14:	4798      	blx	r3
 800bb16:	e7ac      	b.n	800ba72 <USBD_LL_DataOutStage+0x16>
 800bb18:	2000      	movs	r0, #0
 800bb1a:	e7aa      	b.n	800ba72 <USBD_LL_DataOutStage+0x16>

0800bb1c <USBD_LL_DataInStage>:
 800bb1c:	b538      	push	{r3, r4, r5, lr}
 800bb1e:	4604      	mov	r4, r0
 800bb20:	460d      	mov	r5, r1
 800bb22:	2900      	cmp	r1, #0
 800bb24:	d14a      	bne.n	800bbbc <USBD_LL_DataInStage+0xa0>
 800bb26:	4613      	mov	r3, r2
 800bb28:	f8d0 2294 	ldr.w	r2, [r0, #660]	@ 0x294
 800bb2c:	2a02      	cmp	r2, #2
 800bb2e:	d007      	beq.n	800bb40 <USBD_LL_DataInStage+0x24>
 800bb30:	f894 02a0 	ldrb.w	r0, [r4, #672]	@ 0x2a0
 800bb34:	b118      	cbz	r0, 800bb3e <USBD_LL_DataInStage+0x22>
 800bb36:	2300      	movs	r3, #0
 800bb38:	f884 32a0 	strb.w	r3, [r4, #672]	@ 0x2a0
 800bb3c:	4628      	mov	r0, r5
 800bb3e:	bd38      	pop	{r3, r4, r5, pc}
 800bb40:	69c2      	ldr	r2, [r0, #28]
 800bb42:	6a01      	ldr	r1, [r0, #32]
 800bb44:	428a      	cmp	r2, r1
 800bb46:	d80d      	bhi.n	800bb64 <USBD_LL_DataInStage+0x48>
 800bb48:	428a      	cmp	r2, r1
 800bb4a:	d017      	beq.n	800bb7c <USBD_LL_DataInStage+0x60>
 800bb4c:	f894 329c 	ldrb.w	r3, [r4, #668]	@ 0x29c
 800bb50:	2b03      	cmp	r3, #3
 800bb52:	d027      	beq.n	800bba4 <USBD_LL_DataInStage+0x88>
 800bb54:	2180      	movs	r1, #128	@ 0x80
 800bb56:	4620      	mov	r0, r4
 800bb58:	f7ff fe37 	bl	800b7ca <USBD_LL_StallEP>
 800bb5c:	4620      	mov	r0, r4
 800bb5e:	f000 fcfe 	bl	800c55e <USBD_CtlReceiveStatus>
 800bb62:	e7e5      	b.n	800bb30 <USBD_LL_DataInStage+0x14>
 800bb64:	1a52      	subs	r2, r2, r1
 800bb66:	61c2      	str	r2, [r0, #28]
 800bb68:	4619      	mov	r1, r3
 800bb6a:	f000 fcce 	bl	800c50a <USBD_CtlContinueSendData>
 800bb6e:	2300      	movs	r3, #0
 800bb70:	461a      	mov	r2, r3
 800bb72:	4619      	mov	r1, r3
 800bb74:	4620      	mov	r0, r4
 800bb76:	f7ff fe5e 	bl	800b836 <USBD_LL_PrepareReceive>
 800bb7a:	e7d9      	b.n	800bb30 <USBD_LL_DataInStage+0x14>
 800bb7c:	6983      	ldr	r3, [r0, #24]
 800bb7e:	4299      	cmp	r1, r3
 800bb80:	d8e4      	bhi.n	800bb4c <USBD_LL_DataInStage+0x30>
 800bb82:	f8d0 2298 	ldr.w	r2, [r0, #664]	@ 0x298
 800bb86:	4293      	cmp	r3, r2
 800bb88:	d2e0      	bcs.n	800bb4c <USBD_LL_DataInStage+0x30>
 800bb8a:	2200      	movs	r2, #0
 800bb8c:	4611      	mov	r1, r2
 800bb8e:	f000 fcbc 	bl	800c50a <USBD_CtlContinueSendData>
 800bb92:	2100      	movs	r1, #0
 800bb94:	f8c4 1298 	str.w	r1, [r4, #664]	@ 0x298
 800bb98:	460b      	mov	r3, r1
 800bb9a:	460a      	mov	r2, r1
 800bb9c:	4620      	mov	r0, r4
 800bb9e:	f7ff fe4a 	bl	800b836 <USBD_LL_PrepareReceive>
 800bba2:	e7c5      	b.n	800bb30 <USBD_LL_DataInStage+0x14>
 800bba4:	f8d4 32b8 	ldr.w	r3, [r4, #696]	@ 0x2b8
 800bba8:	68da      	ldr	r2, [r3, #12]
 800bbaa:	2a00      	cmp	r2, #0
 800bbac:	d0d2      	beq.n	800bb54 <USBD_LL_DataInStage+0x38>
 800bbae:	2200      	movs	r2, #0
 800bbb0:	f8c4 22d4 	str.w	r2, [r4, #724]	@ 0x2d4
 800bbb4:	68db      	ldr	r3, [r3, #12]
 800bbb6:	4620      	mov	r0, r4
 800bbb8:	4798      	blx	r3
 800bbba:	e7cb      	b.n	800bb54 <USBD_LL_DataInStage+0x38>
 800bbbc:	f041 0180 	orr.w	r1, r1, #128	@ 0x80
 800bbc0:	f7ff ff4a 	bl	800ba58 <USBD_CoreFindEP>
 800bbc4:	b988      	cbnz	r0, 800bbea <USBD_LL_DataInStage+0xce>
 800bbc6:	f894 329c 	ldrb.w	r3, [r4, #668]	@ 0x29c
 800bbca:	2b03      	cmp	r3, #3
 800bbcc:	d1b7      	bne.n	800bb3e <USBD_LL_DataInStage+0x22>
 800bbce:	f100 03ae 	add.w	r3, r0, #174	@ 0xae
 800bbd2:	f854 3023 	ldr.w	r3, [r4, r3, lsl #2]
 800bbd6:	695a      	ldr	r2, [r3, #20]
 800bbd8:	2a00      	cmp	r2, #0
 800bbda:	d0b0      	beq.n	800bb3e <USBD_LL_DataInStage+0x22>
 800bbdc:	f8c4 02d4 	str.w	r0, [r4, #724]	@ 0x2d4
 800bbe0:	695b      	ldr	r3, [r3, #20]
 800bbe2:	4629      	mov	r1, r5
 800bbe4:	4620      	mov	r0, r4
 800bbe6:	4798      	blx	r3
 800bbe8:	e7a9      	b.n	800bb3e <USBD_LL_DataInStage+0x22>
 800bbea:	2000      	movs	r0, #0
 800bbec:	e7a7      	b.n	800bb3e <USBD_LL_DataInStage+0x22>

0800bbee <USBD_GetNextDesc>:
 800bbee:	880b      	ldrh	r3, [r1, #0]
 800bbf0:	7802      	ldrb	r2, [r0, #0]
 800bbf2:	4413      	add	r3, r2
 800bbf4:	800b      	strh	r3, [r1, #0]
 800bbf6:	7803      	ldrb	r3, [r0, #0]
 800bbf8:	4418      	add	r0, r3
 800bbfa:	4770      	bx	lr

0800bbfc <USBD_GetEpDesc>:
 800bbfc:	8842      	ldrh	r2, [r0, #2]
 800bbfe:	7803      	ldrb	r3, [r0, #0]
 800bc00:	429a      	cmp	r2, r3
 800bc02:	d918      	bls.n	800bc36 <USBD_GetEpDesc+0x3a>
 800bc04:	b530      	push	{r4, r5, lr}
 800bc06:	b083      	sub	sp, #12
 800bc08:	4604      	mov	r4, r0
 800bc0a:	460d      	mov	r5, r1
 800bc0c:	f8ad 3006 	strh.w	r3, [sp, #6]
 800bc10:	8863      	ldrh	r3, [r4, #2]
 800bc12:	f8bd 2006 	ldrh.w	r2, [sp, #6]
 800bc16:	429a      	cmp	r2, r3
 800bc18:	d20a      	bcs.n	800bc30 <USBD_GetEpDesc+0x34>
 800bc1a:	f10d 0106 	add.w	r1, sp, #6
 800bc1e:	f7ff ffe6 	bl	800bbee <USBD_GetNextDesc>
 800bc22:	7843      	ldrb	r3, [r0, #1]
 800bc24:	2b05      	cmp	r3, #5
 800bc26:	d1f3      	bne.n	800bc10 <USBD_GetEpDesc+0x14>
 800bc28:	7883      	ldrb	r3, [r0, #2]
 800bc2a:	42ab      	cmp	r3, r5
 800bc2c:	d1f0      	bne.n	800bc10 <USBD_GetEpDesc+0x14>
 800bc2e:	e000      	b.n	800bc32 <USBD_GetEpDesc+0x36>
 800bc30:	2000      	movs	r0, #0
 800bc32:	b003      	add	sp, #12
 800bc34:	bd30      	pop	{r4, r5, pc}
 800bc36:	2000      	movs	r0, #0
 800bc38:	4770      	bx	lr

0800bc3a <USBD_GetLen>:
 800bc3a:	4603      	mov	r3, r0
 800bc3c:	2000      	movs	r0, #0
 800bc3e:	e002      	b.n	800bc46 <USBD_GetLen+0xc>
 800bc40:	3001      	adds	r0, #1
 800bc42:	b2c0      	uxtb	r0, r0
 800bc44:	3301      	adds	r3, #1
 800bc46:	781a      	ldrb	r2, [r3, #0]
 800bc48:	2a00      	cmp	r2, #0
 800bc4a:	d1f9      	bne.n	800bc40 <USBD_GetLen+0x6>
 800bc4c:	4770      	bx	lr

0800bc4e <USBD_ParseSetupRequest>:
 800bc4e:	780b      	ldrb	r3, [r1, #0]
 800bc50:	7003      	strb	r3, [r0, #0]
 800bc52:	784b      	ldrb	r3, [r1, #1]
 800bc54:	7043      	strb	r3, [r0, #1]
 800bc56:	788b      	ldrb	r3, [r1, #2]
 800bc58:	78ca      	ldrb	r2, [r1, #3]
 800bc5a:	ea43 2302 	orr.w	r3, r3, r2, lsl #8
 800bc5e:	8043      	strh	r3, [r0, #2]
 800bc60:	790b      	ldrb	r3, [r1, #4]
 800bc62:	794a      	ldrb	r2, [r1, #5]
 800bc64:	ea43 2302 	orr.w	r3, r3, r2, lsl #8
 800bc68:	8083      	strh	r3, [r0, #4]
 800bc6a:	798b      	ldrb	r3, [r1, #6]
 800bc6c:	79ca      	ldrb	r2, [r1, #7]
 800bc6e:	ea43 2302 	orr.w	r3, r3, r2, lsl #8
 800bc72:	80c3      	strh	r3, [r0, #6]
 800bc74:	4770      	bx	lr

0800bc76 <USBD_CtlError>:
 800bc76:	b510      	push	{r4, lr}
 800bc78:	4604      	mov	r4, r0
 800bc7a:	2180      	movs	r1, #128	@ 0x80
 800bc7c:	f7ff fda5 	bl	800b7ca <USBD_LL_StallEP>
 800bc80:	2100      	movs	r1, #0
 800bc82:	4620      	mov	r0, r4
 800bc84:	f7ff fda1 	bl	800b7ca <USBD_LL_StallEP>
 800bc88:	bd10      	pop	{r4, pc}

0800bc8a <USBD_GetDescriptor>:
 800bc8a:	b530      	push	{r4, r5, lr}
 800bc8c:	b083      	sub	sp, #12
 800bc8e:	4604      	mov	r4, r0
 800bc90:	460d      	mov	r5, r1
 800bc92:	2300      	movs	r3, #0
 800bc94:	f8ad 3006 	strh.w	r3, [sp, #6]
 800bc98:	884a      	ldrh	r2, [r1, #2]
 800bc9a:	0a13      	lsrs	r3, r2, #8
 800bc9c:	2b06      	cmp	r3, #6
 800bc9e:	f000 80a5 	beq.w	800bdec <USBD_GetDescriptor+0x162>
 800bca2:	d821      	bhi.n	800bce8 <USBD_GetDescriptor+0x5e>
 800bca4:	2b02      	cmp	r3, #2
 800bca6:	d031      	beq.n	800bd0c <USBD_GetDescriptor+0x82>
 800bca8:	2b03      	cmp	r3, #3
 800bcaa:	d043      	beq.n	800bd34 <USBD_GetDescriptor+0xaa>
 800bcac:	2b01      	cmp	r3, #1
 800bcae:	f040 80b7 	bne.w	800be20 <USBD_GetDescriptor+0x196>
 800bcb2:	f8d0 32b4 	ldr.w	r3, [r0, #692]	@ 0x2b4
 800bcb6:	681b      	ldr	r3, [r3, #0]
 800bcb8:	f10d 0106 	add.w	r1, sp, #6
 800bcbc:	7c00      	ldrb	r0, [r0, #16]
 800bcbe:	4798      	blx	r3
 800bcc0:	88ea      	ldrh	r2, [r5, #6]
 800bcc2:	2a00      	cmp	r2, #0
 800bcc4:	f000 80b6 	beq.w	800be34 <USBD_GetDescriptor+0x1aa>
 800bcc8:	f8bd 3006 	ldrh.w	r3, [sp, #6]
 800bccc:	2b00      	cmp	r3, #0
 800bcce:	f000 80ac 	beq.w	800be2a <USBD_GetDescriptor+0x1a0>
 800bcd2:	429a      	cmp	r2, r3
 800bcd4:	bf28      	it	cs
 800bcd6:	461a      	movcs	r2, r3
 800bcd8:	f8ad 2006 	strh.w	r2, [sp, #6]
 800bcdc:	4601      	mov	r1, r0
 800bcde:	4620      	mov	r0, r4
 800bce0:	f000 fc06 	bl	800c4f0 <USBD_CtlSendData>
 800bce4:	b003      	add	sp, #12
 800bce6:	bd30      	pop	{r4, r5, pc}
 800bce8:	2b07      	cmp	r3, #7
 800bcea:	f000 808b 	beq.w	800be04 <USBD_GetDescriptor+0x17a>
 800bcee:	2b0f      	cmp	r3, #15
 800bcf0:	f040 8096 	bne.w	800be20 <USBD_GetDescriptor+0x196>
 800bcf4:	f8d0 32b4 	ldr.w	r3, [r0, #692]	@ 0x2b4
 800bcf8:	69db      	ldr	r3, [r3, #28]
 800bcfa:	b123      	cbz	r3, 800bd06 <USBD_GetDescriptor+0x7c>
 800bcfc:	f10d 0106 	add.w	r1, sp, #6
 800bd00:	7c00      	ldrb	r0, [r0, #16]
 800bd02:	4798      	blx	r3
 800bd04:	e7dc      	b.n	800bcc0 <USBD_GetDescriptor+0x36>
 800bd06:	f7ff ffb6 	bl	800bc76 <USBD_CtlError>
 800bd0a:	e7eb      	b.n	800bce4 <USBD_GetDescriptor+0x5a>
 800bd0c:	7c03      	ldrb	r3, [r0, #16]
 800bd0e:	b943      	cbnz	r3, 800bd22 <USBD_GetDescriptor+0x98>
 800bd10:	f8d0 32b8 	ldr.w	r3, [r0, #696]	@ 0x2b8
 800bd14:	6a9b      	ldr	r3, [r3, #40]	@ 0x28
 800bd16:	f10d 0006 	add.w	r0, sp, #6
 800bd1a:	4798      	blx	r3
 800bd1c:	2302      	movs	r3, #2
 800bd1e:	7043      	strb	r3, [r0, #1]
 800bd20:	e7ce      	b.n	800bcc0 <USBD_GetDescriptor+0x36>
 800bd22:	f8d0 32b8 	ldr.w	r3, [r0, #696]	@ 0x2b8
 800bd26:	6adb      	ldr	r3, [r3, #44]	@ 0x2c
 800bd28:	f10d 0006 	add.w	r0, sp, #6
 800bd2c:	4798      	blx	r3
 800bd2e:	2302      	movs	r3, #2
 800bd30:	7043      	strb	r3, [r0, #1]
 800bd32:	e7c5      	b.n	800bcc0 <USBD_GetDescriptor+0x36>
 800bd34:	b2d2      	uxtb	r2, r2
 800bd36:	2a03      	cmp	r2, #3
 800bd38:	d038      	beq.n	800bdac <USBD_GetDescriptor+0x122>
 800bd3a:	d80e      	bhi.n	800bd5a <USBD_GetDescriptor+0xd0>
 800bd3c:	2a01      	cmp	r2, #1
 800bd3e:	d01d      	beq.n	800bd7c <USBD_GetDescriptor+0xf2>
 800bd40:	2a02      	cmp	r2, #2
 800bd42:	d027      	beq.n	800bd94 <USBD_GetDescriptor+0x10a>
 800bd44:	2a00      	cmp	r2, #0
 800bd46:	d14c      	bne.n	800bde2 <USBD_GetDescriptor+0x158>
 800bd48:	f8d0 32b4 	ldr.w	r3, [r0, #692]	@ 0x2b4
 800bd4c:	685b      	ldr	r3, [r3, #4]
 800bd4e:	b193      	cbz	r3, 800bd76 <USBD_GetDescriptor+0xec>
 800bd50:	f10d 0106 	add.w	r1, sp, #6
 800bd54:	7c00      	ldrb	r0, [r0, #16]
 800bd56:	4798      	blx	r3
 800bd58:	e7b2      	b.n	800bcc0 <USBD_GetDescriptor+0x36>
 800bd5a:	2a04      	cmp	r2, #4
 800bd5c:	d032      	beq.n	800bdc4 <USBD_GetDescriptor+0x13a>
 800bd5e:	2a05      	cmp	r2, #5
 800bd60:	d13f      	bne.n	800bde2 <USBD_GetDescriptor+0x158>
 800bd62:	f8d0 32b4 	ldr.w	r3, [r0, #692]	@ 0x2b4
 800bd66:	699b      	ldr	r3, [r3, #24]
 800bd68:	2b00      	cmp	r3, #0
 800bd6a:	d037      	beq.n	800bddc <USBD_GetDescriptor+0x152>
 800bd6c:	f10d 0106 	add.w	r1, sp, #6
 800bd70:	7c00      	ldrb	r0, [r0, #16]
 800bd72:	4798      	blx	r3
 800bd74:	e7a4      	b.n	800bcc0 <USBD_GetDescriptor+0x36>
 800bd76:	f7ff ff7e 	bl	800bc76 <USBD_CtlError>
 800bd7a:	e7b3      	b.n	800bce4 <USBD_GetDescriptor+0x5a>
 800bd7c:	f8d0 32b4 	ldr.w	r3, [r0, #692]	@ 0x2b4
 800bd80:	689b      	ldr	r3, [r3, #8]
 800bd82:	b123      	cbz	r3, 800bd8e <USBD_GetDescriptor+0x104>
 800bd84:	f10d 0106 	add.w	r1, sp, #6
 800bd88:	7c00      	ldrb	r0, [r0, #16]
 800bd8a:	4798      	blx	r3
 800bd8c:	e798      	b.n	800bcc0 <USBD_GetDescriptor+0x36>
 800bd8e:	f7ff ff72 	bl	800bc76 <USBD_CtlError>
 800bd92:	e7a7      	b.n	800bce4 <USBD_GetDescriptor+0x5a>
 800bd94:	f8d0 32b4 	ldr.w	r3, [r0, #692]	@ 0x2b4
 800bd98:	68db      	ldr	r3, [r3, #12]
 800bd9a:	b123      	cbz	r3, 800bda6 <USBD_GetDescriptor+0x11c>
 800bd9c:	f10d 0106 	add.w	r1, sp, #6
 800bda0:	7c00      	ldrb	r0, [r0, #16]
 800bda2:	4798      	blx	r3
 800bda4:	e78c      	b.n	800bcc0 <USBD_GetDescriptor+0x36>
 800bda6:	f7ff ff66 	bl	800bc76 <USBD_CtlError>
 800bdaa:	e79b      	b.n	800bce4 <USBD_GetDescriptor+0x5a>
 800bdac:	f8d0 32b4 	ldr.w	r3, [r0, #692]	@ 0x2b4
 800bdb0:	691b      	ldr	r3, [r3, #16]
 800bdb2:	b123      	cbz	r3, 800bdbe <USBD_GetDescriptor+0x134>
 800bdb4:	f10d 0106 	add.w	r1, sp, #6
 800bdb8:	7c00      	ldrb	r0, [r0, #16]
 800bdba:	4798      	blx	r3
 800bdbc:	e780      	b.n	800bcc0 <USBD_GetDescriptor+0x36>
 800bdbe:	f7ff ff5a 	bl	800bc76 <USBD_CtlError>
 800bdc2:	e78f      	b.n	800bce4 <USBD_GetDescriptor+0x5a>
 800bdc4:	f8d0 32b4 	ldr.w	r3, [r0, #692]	@ 0x2b4
 800bdc8:	695b      	ldr	r3, [r3, #20]
 800bdca:	b123      	cbz	r3, 800bdd6 <USBD_GetDescriptor+0x14c>
 800bdcc:	f10d 0106 	add.w	r1, sp, #6
 800bdd0:	7c00      	ldrb	r0, [r0, #16]
 800bdd2:	4798      	blx	r3
 800bdd4:	e774      	b.n	800bcc0 <USBD_GetDescriptor+0x36>
 800bdd6:	f7ff ff4e 	bl	800bc76 <USBD_CtlError>
 800bdda:	e783      	b.n	800bce4 <USBD_GetDescriptor+0x5a>
 800bddc:	f7ff ff4b 	bl	800bc76 <USBD_CtlError>
 800bde0:	e780      	b.n	800bce4 <USBD_GetDescriptor+0x5a>
 800bde2:	4629      	mov	r1, r5
 800bde4:	4620      	mov	r0, r4
 800bde6:	f7ff ff46 	bl	800bc76 <USBD_CtlError>
 800bdea:	e77b      	b.n	800bce4 <USBD_GetDescriptor+0x5a>
 800bdec:	7c03      	ldrb	r3, [r0, #16]
 800bdee:	b933      	cbnz	r3, 800bdfe <USBD_GetDescriptor+0x174>
 800bdf0:	f8d0 32b8 	ldr.w	r3, [r0, #696]	@ 0x2b8
 800bdf4:	6b5b      	ldr	r3, [r3, #52]	@ 0x34
 800bdf6:	f10d 0006 	add.w	r0, sp, #6
 800bdfa:	4798      	blx	r3
 800bdfc:	e760      	b.n	800bcc0 <USBD_GetDescriptor+0x36>
 800bdfe:	f7ff ff3a 	bl	800bc76 <USBD_CtlError>
 800be02:	e76f      	b.n	800bce4 <USBD_GetDescriptor+0x5a>
 800be04:	7c03      	ldrb	r3, [r0, #16]
 800be06:	b943      	cbnz	r3, 800be1a <USBD_GetDescriptor+0x190>
 800be08:	f8d0 32b8 	ldr.w	r3, [r0, #696]	@ 0x2b8
 800be0c:	6b1b      	ldr	r3, [r3, #48]	@ 0x30
 800be0e:	f10d 0006 	add.w	r0, sp, #6
 800be12:	4798      	blx	r3
 800be14:	2307      	movs	r3, #7
 800be16:	7043      	strb	r3, [r0, #1]
 800be18:	e752      	b.n	800bcc0 <USBD_GetDescriptor+0x36>
 800be1a:	f7ff ff2c 	bl	800bc76 <USBD_CtlError>
 800be1e:	e761      	b.n	800bce4 <USBD_GetDescriptor+0x5a>
 800be20:	4629      	mov	r1, r5
 800be22:	4620      	mov	r0, r4
 800be24:	f7ff ff27 	bl	800bc76 <USBD_CtlError>
 800be28:	e75c      	b.n	800bce4 <USBD_GetDescriptor+0x5a>
 800be2a:	4629      	mov	r1, r5
 800be2c:	4620      	mov	r0, r4
 800be2e:	f7ff ff22 	bl	800bc76 <USBD_CtlError>
 800be32:	e757      	b.n	800bce4 <USBD_GetDescriptor+0x5a>
 800be34:	4620      	mov	r0, r4
 800be36:	f000 fb87 	bl	800c548 <USBD_CtlSendStatus>
 800be3a:	e753      	b.n	800bce4 <USBD_GetDescriptor+0x5a>

0800be3c <USBD_SetAddress>:
 800be3c:	b538      	push	{r3, r4, r5, lr}
 800be3e:	4604      	mov	r4, r0
 800be40:	888b      	ldrh	r3, [r1, #4]
 800be42:	bb03      	cbnz	r3, 800be86 <USBD_SetAddress+0x4a>
 800be44:	88cb      	ldrh	r3, [r1, #6]
 800be46:	b9f3      	cbnz	r3, 800be86 <USBD_SetAddress+0x4a>
 800be48:	884b      	ldrh	r3, [r1, #2]
 800be4a:	2b7f      	cmp	r3, #127	@ 0x7f
 800be4c:	d81b      	bhi.n	800be86 <USBD_SetAddress+0x4a>
 800be4e:	f003 037f 	and.w	r3, r3, #127	@ 0x7f
 800be52:	461a      	mov	r2, r3
 800be54:	f890 329c 	ldrb.w	r3, [r0, #668]	@ 0x29c
 800be58:	2b03      	cmp	r3, #3
 800be5a:	d00d      	beq.n	800be78 <USBD_SetAddress+0x3c>
 800be5c:	4615      	mov	r5, r2
 800be5e:	f880 229e 	strb.w	r2, [r0, #670]	@ 0x29e
 800be62:	4611      	mov	r1, r2
 800be64:	f7ff fcd7 	bl	800b816 <USBD_LL_SetUSBAddress>
 800be68:	4620      	mov	r0, r4
 800be6a:	f000 fb6d 	bl	800c548 <USBD_CtlSendStatus>
 800be6e:	b135      	cbz	r5, 800be7e <USBD_SetAddress+0x42>
 800be70:	2302      	movs	r3, #2
 800be72:	f884 329c 	strb.w	r3, [r4, #668]	@ 0x29c
 800be76:	e009      	b.n	800be8c <USBD_SetAddress+0x50>
 800be78:	f7ff fefd 	bl	800bc76 <USBD_CtlError>
 800be7c:	e006      	b.n	800be8c <USBD_SetAddress+0x50>
 800be7e:	2301      	movs	r3, #1
 800be80:	f884 329c 	strb.w	r3, [r4, #668]	@ 0x29c
 800be84:	e002      	b.n	800be8c <USBD_SetAddress+0x50>
 800be86:	4620      	mov	r0, r4
 800be88:	f7ff fef5 	bl	800bc76 <USBD_CtlError>
 800be8c:	bd38      	pop	{r3, r4, r5, pc}
	...

0800be90 <USBD_SetConfig>:
 800be90:	b570      	push	{r4, r5, r6, lr}
 800be92:	4604      	mov	r4, r0
 800be94:	460e      	mov	r6, r1
 800be96:	884b      	ldrh	r3, [r1, #2]
 800be98:	b2dd      	uxtb	r5, r3
 800be9a:	4a32      	ldr	r2, [pc, #200]	@ (800bf64 <USBD_SetConfig+0xd4>)
 800be9c:	7015      	strb	r5, [r2, #0]
 800be9e:	2d01      	cmp	r5, #1
 800bea0:	d811      	bhi.n	800bec6 <USBD_SetConfig+0x36>
 800bea2:	f890 229c 	ldrb.w	r2, [r0, #668]	@ 0x29c
 800bea6:	b2d1      	uxtb	r1, r2
 800bea8:	2a02      	cmp	r2, #2
 800beaa:	d010      	beq.n	800bece <USBD_SetConfig+0x3e>
 800beac:	2903      	cmp	r1, #3
 800beae:	d028      	beq.n	800bf02 <USBD_SetConfig+0x72>
 800beb0:	4631      	mov	r1, r6
 800beb2:	f7ff fee0 	bl	800bc76 <USBD_CtlError>
 800beb6:	4b2b      	ldr	r3, [pc, #172]	@ (800bf64 <USBD_SetConfig+0xd4>)
 800beb8:	7819      	ldrb	r1, [r3, #0]
 800beba:	4620      	mov	r0, r4
 800bebc:	f7ff fd35 	bl	800b92a <USBD_ClrClassConfig>
 800bec0:	2503      	movs	r5, #3
 800bec2:	4628      	mov	r0, r5
 800bec4:	bd70      	pop	{r4, r5, r6, pc}
 800bec6:	f7ff fed6 	bl	800bc76 <USBD_CtlError>
 800beca:	2503      	movs	r5, #3
 800becc:	e7f9      	b.n	800bec2 <USBD_SetConfig+0x32>
 800bece:	b1ad      	cbz	r5, 800befc <USBD_SetConfig+0x6c>
 800bed0:	b2db      	uxtb	r3, r3
 800bed2:	6043      	str	r3, [r0, #4]
 800bed4:	4629      	mov	r1, r5
 800bed6:	f7ff fd1f 	bl	800b918 <USBD_SetClassConfig>
 800beda:	4605      	mov	r5, r0
 800bedc:	b138      	cbz	r0, 800beee <USBD_SetConfig+0x5e>
 800bede:	4631      	mov	r1, r6
 800bee0:	4620      	mov	r0, r4
 800bee2:	f7ff fec8 	bl	800bc76 <USBD_CtlError>
 800bee6:	2302      	movs	r3, #2
 800bee8:	f884 329c 	strb.w	r3, [r4, #668]	@ 0x29c
 800beec:	e7e9      	b.n	800bec2 <USBD_SetConfig+0x32>
 800beee:	4620      	mov	r0, r4
 800bef0:	f000 fb2a 	bl	800c548 <USBD_CtlSendStatus>
 800bef4:	2303      	movs	r3, #3
 800bef6:	f884 329c 	strb.w	r3, [r4, #668]	@ 0x29c
 800befa:	e7e2      	b.n	800bec2 <USBD_SetConfig+0x32>
 800befc:	f000 fb24 	bl	800c548 <USBD_CtlSendStatus>
 800bf00:	e7df      	b.n	800bec2 <USBD_SetConfig+0x32>
 800bf02:	b1d5      	cbz	r5, 800bf3a <USBD_SetConfig+0xaa>
 800bf04:	b2db      	uxtb	r3, r3
 800bf06:	6841      	ldr	r1, [r0, #4]
 800bf08:	428b      	cmp	r3, r1
 800bf0a:	d026      	beq.n	800bf5a <USBD_SetConfig+0xca>
 800bf0c:	b2c9      	uxtb	r1, r1
 800bf0e:	f7ff fd0c 	bl	800b92a <USBD_ClrClassConfig>
 800bf12:	4b14      	ldr	r3, [pc, #80]	@ (800bf64 <USBD_SetConfig+0xd4>)
 800bf14:	7819      	ldrb	r1, [r3, #0]
 800bf16:	6061      	str	r1, [r4, #4]
 800bf18:	4620      	mov	r0, r4
 800bf1a:	f7ff fcfd 	bl	800b918 <USBD_SetClassConfig>
 800bf1e:	4605      	mov	r5, r0
 800bf20:	b1b8      	cbz	r0, 800bf52 <USBD_SetConfig+0xc2>
 800bf22:	4631      	mov	r1, r6
 800bf24:	4620      	mov	r0, r4
 800bf26:	f7ff fea6 	bl	800bc76 <USBD_CtlError>
 800bf2a:	7921      	ldrb	r1, [r4, #4]
 800bf2c:	4620      	mov	r0, r4
 800bf2e:	f7ff fcfc 	bl	800b92a <USBD_ClrClassConfig>
 800bf32:	2302      	movs	r3, #2
 800bf34:	f884 329c 	strb.w	r3, [r4, #668]	@ 0x29c
 800bf38:	e7c3      	b.n	800bec2 <USBD_SetConfig+0x32>
 800bf3a:	2202      	movs	r2, #2
 800bf3c:	f880 229c 	strb.w	r2, [r0, #668]	@ 0x29c
 800bf40:	b2db      	uxtb	r3, r3
 800bf42:	6043      	str	r3, [r0, #4]
 800bf44:	4629      	mov	r1, r5
 800bf46:	f7ff fcf0 	bl	800b92a <USBD_ClrClassConfig>
 800bf4a:	4620      	mov	r0, r4
 800bf4c:	f000 fafc 	bl	800c548 <USBD_CtlSendStatus>
 800bf50:	e7b7      	b.n	800bec2 <USBD_SetConfig+0x32>
 800bf52:	4620      	mov	r0, r4
 800bf54:	f000 faf8 	bl	800c548 <USBD_CtlSendStatus>
 800bf58:	e7b3      	b.n	800bec2 <USBD_SetConfig+0x32>
 800bf5a:	f000 faf5 	bl	800c548 <USBD_CtlSendStatus>
 800bf5e:	2500      	movs	r5, #0
 800bf60:	e7af      	b.n	800bec2 <USBD_SetConfig+0x32>
 800bf62:	bf00      	nop
 800bf64:	2000209c 	.word	0x2000209c

0800bf68 <USBD_GetConfig>:
 800bf68:	b508      	push	{r3, lr}
 800bf6a:	88cb      	ldrh	r3, [r1, #6]
 800bf6c:	2b01      	cmp	r3, #1
 800bf6e:	d10b      	bne.n	800bf88 <USBD_GetConfig+0x20>
 800bf70:	f890 329c 	ldrb.w	r3, [r0, #668]	@ 0x29c
 800bf74:	b2da      	uxtb	r2, r3
 800bf76:	2b02      	cmp	r3, #2
 800bf78:	d909      	bls.n	800bf8e <USBD_GetConfig+0x26>
 800bf7a:	2a03      	cmp	r2, #3
 800bf7c:	d111      	bne.n	800bfa2 <USBD_GetConfig+0x3a>
 800bf7e:	2201      	movs	r2, #1
 800bf80:	1d01      	adds	r1, r0, #4
 800bf82:	f000 fab5 	bl	800c4f0 <USBD_CtlSendData>
 800bf86:	e001      	b.n	800bf8c <USBD_GetConfig+0x24>
 800bf88:	f7ff fe75 	bl	800bc76 <USBD_CtlError>
 800bf8c:	bd08      	pop	{r3, pc}
 800bf8e:	b252      	sxtb	r2, r2
 800bf90:	b13a      	cbz	r2, 800bfa2 <USBD_GetConfig+0x3a>
 800bf92:	4601      	mov	r1, r0
 800bf94:	2300      	movs	r3, #0
 800bf96:	f841 3f08 	str.w	r3, [r1, #8]!
 800bf9a:	2201      	movs	r2, #1
 800bf9c:	f000 faa8 	bl	800c4f0 <USBD_CtlSendData>
 800bfa0:	e7f4      	b.n	800bf8c <USBD_GetConfig+0x24>
 800bfa2:	f7ff fe68 	bl	800bc76 <USBD_CtlError>
 800bfa6:	e7f1      	b.n	800bf8c <USBD_GetConfig+0x24>

0800bfa8 <USBD_GetStatus>:
 800bfa8:	b508      	push	{r3, lr}
 800bfaa:	f890 329c 	ldrb.w	r3, [r0, #668]	@ 0x29c
 800bfae:	3b01      	subs	r3, #1
 800bfb0:	2b02      	cmp	r3, #2
 800bfb2:	d812      	bhi.n	800bfda <USBD_GetStatus+0x32>
 800bfb4:	88cb      	ldrh	r3, [r1, #6]
 800bfb6:	2b02      	cmp	r3, #2
 800bfb8:	d10c      	bne.n	800bfd4 <USBD_GetStatus+0x2c>
 800bfba:	2301      	movs	r3, #1
 800bfbc:	60c3      	str	r3, [r0, #12]
 800bfbe:	f8d0 32a4 	ldr.w	r3, [r0, #676]	@ 0x2a4
 800bfc2:	b10b      	cbz	r3, 800bfc8 <USBD_GetStatus+0x20>
 800bfc4:	2303      	movs	r3, #3
 800bfc6:	60c3      	str	r3, [r0, #12]
 800bfc8:	2202      	movs	r2, #2
 800bfca:	f100 010c 	add.w	r1, r0, #12
 800bfce:	f000 fa8f 	bl	800c4f0 <USBD_CtlSendData>
 800bfd2:	bd08      	pop	{r3, pc}
 800bfd4:	f7ff fe4f 	bl	800bc76 <USBD_CtlError>
 800bfd8:	e7fb      	b.n	800bfd2 <USBD_GetStatus+0x2a>
 800bfda:	f7ff fe4c 	bl	800bc76 <USBD_CtlError>
 800bfde:	e7f8      	b.n	800bfd2 <USBD_GetStatus+0x2a>

0800bfe0 <USBD_SetFeature>:
 800bfe0:	b508      	push	{r3, lr}
 800bfe2:	884b      	ldrh	r3, [r1, #2]
 800bfe4:	2b01      	cmp	r3, #1
 800bfe6:	d004      	beq.n	800bff2 <USBD_SetFeature+0x12>
 800bfe8:	2b02      	cmp	r3, #2
 800bfea:	d007      	beq.n	800bffc <USBD_SetFeature+0x1c>
 800bfec:	f7ff fe43 	bl	800bc76 <USBD_CtlError>
 800bff0:	bd08      	pop	{r3, pc}
 800bff2:	f8c0 32a4 	str.w	r3, [r0, #676]	@ 0x2a4
 800bff6:	f000 faa7 	bl	800c548 <USBD_CtlSendStatus>
 800bffa:	e7f9      	b.n	800bff0 <USBD_SetFeature+0x10>
 800bffc:	888b      	ldrh	r3, [r1, #4]
 800bffe:	0a1b      	lsrs	r3, r3, #8
 800c000:	f880 32a0 	strb.w	r3, [r0, #672]	@ 0x2a0
 800c004:	f000 faa0 	bl	800c548 <USBD_CtlSendStatus>
 800c008:	e7f2      	b.n	800bff0 <USBD_SetFeature+0x10>

0800c00a <USBD_ClrFeature>:
 800c00a:	b508      	push	{r3, lr}
 800c00c:	f890 329c 	ldrb.w	r3, [r0, #668]	@ 0x29c
 800c010:	3b01      	subs	r3, #1
 800c012:	2b02      	cmp	r3, #2
 800c014:	d809      	bhi.n	800c02a <USBD_ClrFeature+0x20>
 800c016:	884b      	ldrh	r3, [r1, #2]
 800c018:	2b01      	cmp	r3, #1
 800c01a:	d000      	beq.n	800c01e <USBD_ClrFeature+0x14>
 800c01c:	bd08      	pop	{r3, pc}
 800c01e:	2300      	movs	r3, #0
 800c020:	f8c0 32a4 	str.w	r3, [r0, #676]	@ 0x2a4
 800c024:	f000 fa90 	bl	800c548 <USBD_CtlSendStatus>
 800c028:	e7f8      	b.n	800c01c <USBD_ClrFeature+0x12>
 800c02a:	f7ff fe24 	bl	800bc76 <USBD_CtlError>
 800c02e:	e7f5      	b.n	800c01c <USBD_ClrFeature+0x12>

0800c030 <USBD_StdDevReq>:
 800c030:	b538      	push	{r3, r4, r5, lr}
 800c032:	780c      	ldrb	r4, [r1, #0]
 800c034:	f004 0460 	and.w	r4, r4, #96	@ 0x60
 800c038:	2c20      	cmp	r4, #32
 800c03a:	d006      	beq.n	800c04a <USBD_StdDevReq+0x1a>
 800c03c:	2c40      	cmp	r4, #64	@ 0x40
 800c03e:	d004      	beq.n	800c04a <USBD_StdDevReq+0x1a>
 800c040:	b16c      	cbz	r4, 800c05e <USBD_StdDevReq+0x2e>
 800c042:	f7ff fe18 	bl	800bc76 <USBD_CtlError>
 800c046:	2400      	movs	r4, #0
 800c048:	e007      	b.n	800c05a <USBD_StdDevReq+0x2a>
 800c04a:	f8d0 32d4 	ldr.w	r3, [r0, #724]	@ 0x2d4
 800c04e:	33ae      	adds	r3, #174	@ 0xae
 800c050:	f850 3023 	ldr.w	r3, [r0, r3, lsl #2]
 800c054:	689b      	ldr	r3, [r3, #8]
 800c056:	4798      	blx	r3
 800c058:	4604      	mov	r4, r0
 800c05a:	4620      	mov	r0, r4
 800c05c:	bd38      	pop	{r3, r4, r5, pc}
 800c05e:	784b      	ldrb	r3, [r1, #1]
 800c060:	461d      	mov	r5, r3
 800c062:	2b05      	cmp	r3, #5
 800c064:	d012      	beq.n	800c08c <USBD_StdDevReq+0x5c>
 800c066:	d808      	bhi.n	800c07a <USBD_StdDevReq+0x4a>
 800c068:	2b01      	cmp	r3, #1
 800c06a:	d01c      	beq.n	800c0a6 <USBD_StdDevReq+0x76>
 800c06c:	2b03      	cmp	r3, #3
 800c06e:	d017      	beq.n	800c0a0 <USBD_StdDevReq+0x70>
 800c070:	b9e3      	cbnz	r3, 800c0ac <USBD_StdDevReq+0x7c>
 800c072:	f7ff ff99 	bl	800bfa8 <USBD_GetStatus>
 800c076:	462c      	mov	r4, r5
 800c078:	e7ef      	b.n	800c05a <USBD_StdDevReq+0x2a>
 800c07a:	2b08      	cmp	r3, #8
 800c07c:	d00d      	beq.n	800c09a <USBD_StdDevReq+0x6a>
 800c07e:	2b09      	cmp	r3, #9
 800c080:	d007      	beq.n	800c092 <USBD_StdDevReq+0x62>
 800c082:	2b06      	cmp	r3, #6
 800c084:	d112      	bne.n	800c0ac <USBD_StdDevReq+0x7c>
 800c086:	f7ff fe00 	bl	800bc8a <USBD_GetDescriptor>
 800c08a:	e7e6      	b.n	800c05a <USBD_StdDevReq+0x2a>
 800c08c:	f7ff fed6 	bl	800be3c <USBD_SetAddress>
 800c090:	e7e3      	b.n	800c05a <USBD_StdDevReq+0x2a>
 800c092:	f7ff fefd 	bl	800be90 <USBD_SetConfig>
 800c096:	4604      	mov	r4, r0
 800c098:	e7df      	b.n	800c05a <USBD_StdDevReq+0x2a>
 800c09a:	f7ff ff65 	bl	800bf68 <USBD_GetConfig>
 800c09e:	e7dc      	b.n	800c05a <USBD_StdDevReq+0x2a>
 800c0a0:	f7ff ff9e 	bl	800bfe0 <USBD_SetFeature>
 800c0a4:	e7d9      	b.n	800c05a <USBD_StdDevReq+0x2a>
 800c0a6:	f7ff ffb0 	bl	800c00a <USBD_ClrFeature>
 800c0aa:	e7d6      	b.n	800c05a <USBD_StdDevReq+0x2a>
 800c0ac:	f7ff fde3 	bl	800bc76 <USBD_CtlError>
 800c0b0:	e7d3      	b.n	800c05a <USBD_StdDevReq+0x2a>

0800c0b2 <USBD_StdItfReq>:
 800c0b2:	b570      	push	{r4, r5, r6, lr}
 800c0b4:	4605      	mov	r5, r0
 800c0b6:	460c      	mov	r4, r1
 800c0b8:	780b      	ldrb	r3, [r1, #0]
 800c0ba:	f003 0360 	and.w	r3, r3, #96	@ 0x60
 800c0be:	2b20      	cmp	r3, #32
 800c0c0:	d008      	beq.n	800c0d4 <USBD_StdItfReq+0x22>
 800c0c2:	2b40      	cmp	r3, #64	@ 0x40
 800c0c4:	d006      	beq.n	800c0d4 <USBD_StdItfReq+0x22>
 800c0c6:	b12b      	cbz	r3, 800c0d4 <USBD_StdItfReq+0x22>
 800c0c8:	f7ff fdd5 	bl	800bc76 <USBD_CtlError>
 800c0cc:	2300      	movs	r3, #0
 800c0ce:	461e      	mov	r6, r3
 800c0d0:	4630      	mov	r0, r6
 800c0d2:	bd70      	pop	{r4, r5, r6, pc}
 800c0d4:	f895 329c 	ldrb.w	r3, [r5, #668]	@ 0x29c
 800c0d8:	3b01      	subs	r3, #1
 800c0da:	2b02      	cmp	r3, #2
 800c0dc:	d82a      	bhi.n	800c134 <USBD_StdItfReq+0x82>
 800c0de:	7921      	ldrb	r1, [r4, #4]
 800c0e0:	2903      	cmp	r1, #3
 800c0e2:	d820      	bhi.n	800c126 <USBD_StdItfReq+0x74>
 800c0e4:	4628      	mov	r0, r5
 800c0e6:	f7ff fcb5 	bl	800ba54 <USBD_CoreFindIF>
 800c0ea:	4603      	mov	r3, r0
 800c0ec:	b968      	cbnz	r0, 800c10a <USBD_StdItfReq+0x58>
 800c0ee:	f100 02ae 	add.w	r2, r0, #174	@ 0xae
 800c0f2:	4628      	mov	r0, r5
 800c0f4:	f855 2022 	ldr.w	r2, [r5, r2, lsl #2]
 800c0f8:	6891      	ldr	r1, [r2, #8]
 800c0fa:	b189      	cbz	r1, 800c120 <USBD_StdItfReq+0x6e>
 800c0fc:	f8c5 32d4 	str.w	r3, [r5, #724]	@ 0x2d4
 800c100:	6893      	ldr	r3, [r2, #8]
 800c102:	4621      	mov	r1, r4
 800c104:	4798      	blx	r3
 800c106:	4606      	mov	r6, r0
 800c108:	e001      	b.n	800c10e <USBD_StdItfReq+0x5c>
 800c10a:	2303      	movs	r3, #3
 800c10c:	461e      	mov	r6, r3
 800c10e:	88e3      	ldrh	r3, [r4, #6]
 800c110:	2b00      	cmp	r3, #0
 800c112:	d1dd      	bne.n	800c0d0 <USBD_StdItfReq+0x1e>
 800c114:	2e00      	cmp	r6, #0
 800c116:	d1db      	bne.n	800c0d0 <USBD_StdItfReq+0x1e>
 800c118:	4628      	mov	r0, r5
 800c11a:	f000 fa15 	bl	800c548 <USBD_CtlSendStatus>
 800c11e:	e7d7      	b.n	800c0d0 <USBD_StdItfReq+0x1e>
 800c120:	2303      	movs	r3, #3
 800c122:	461e      	mov	r6, r3
 800c124:	e7f3      	b.n	800c10e <USBD_StdItfReq+0x5c>
 800c126:	4621      	mov	r1, r4
 800c128:	4628      	mov	r0, r5
 800c12a:	f7ff fda4 	bl	800bc76 <USBD_CtlError>
 800c12e:	2300      	movs	r3, #0
 800c130:	461e      	mov	r6, r3
 800c132:	e7cd      	b.n	800c0d0 <USBD_StdItfReq+0x1e>
 800c134:	4621      	mov	r1, r4
 800c136:	4628      	mov	r0, r5
 800c138:	f7ff fd9d 	bl	800bc76 <USBD_CtlError>
 800c13c:	2300      	movs	r3, #0
 800c13e:	461e      	mov	r6, r3
 800c140:	e7c6      	b.n	800c0d0 <USBD_StdItfReq+0x1e>

0800c142 <USBD_StdEPReq>:
 800c142:	e92d 41f0 	stmdb	sp!, {r4, r5, r6, r7, r8, lr}
 800c146:	4606      	mov	r6, r0
 800c148:	460d      	mov	r5, r1
 800c14a:	888b      	ldrh	r3, [r1, #4]
 800c14c:	b2da      	uxtb	r2, r3
 800c14e:	4617      	mov	r7, r2
 800c150:	780c      	ldrb	r4, [r1, #0]
 800c152:	f004 0460 	and.w	r4, r4, #96	@ 0x60
 800c156:	2c20      	cmp	r4, #32
 800c158:	d008      	beq.n	800c16c <USBD_StdEPReq+0x2a>
 800c15a:	2c40      	cmp	r4, #64	@ 0x40
 800c15c:	d006      	beq.n	800c16c <USBD_StdEPReq+0x2a>
 800c15e:	b1dc      	cbz	r4, 800c198 <USBD_StdEPReq+0x56>
 800c160:	f7ff fd89 	bl	800bc76 <USBD_CtlError>
 800c164:	2400      	movs	r4, #0
 800c166:	4620      	mov	r0, r4
 800c168:	e8bd 81f0 	ldmia.w	sp!, {r4, r5, r6, r7, r8, pc}
 800c16c:	4639      	mov	r1, r7
 800c16e:	4630      	mov	r0, r6
 800c170:	f7ff fc72 	bl	800ba58 <USBD_CoreFindEP>
 800c174:	4604      	mov	r4, r0
 800c176:	2800      	cmp	r0, #0
 800c178:	f040 80fa 	bne.w	800c370 <USBD_StdEPReq+0x22e>
 800c17c:	4630      	mov	r0, r6
 800c17e:	f8c6 42d4 	str.w	r4, [r6, #724]	@ 0x2d4
 800c182:	f104 03ae 	add.w	r3, r4, #174	@ 0xae
 800c186:	f856 3023 	ldr.w	r3, [r6, r3, lsl #2]
 800c18a:	689b      	ldr	r3, [r3, #8]
 800c18c:	2b00      	cmp	r3, #0
 800c18e:	d0ea      	beq.n	800c166 <USBD_StdEPReq+0x24>
 800c190:	4629      	mov	r1, r5
 800c192:	4798      	blx	r3
 800c194:	4604      	mov	r4, r0
 800c196:	e7e6      	b.n	800c166 <USBD_StdEPReq+0x24>
 800c198:	784a      	ldrb	r2, [r1, #1]
 800c19a:	4690      	mov	r8, r2
 800c19c:	2a01      	cmp	r2, #1
 800c19e:	d02f      	beq.n	800c200 <USBD_StdEPReq+0xbe>
 800c1a0:	2a03      	cmp	r2, #3
 800c1a2:	d004      	beq.n	800c1ae <USBD_StdEPReq+0x6c>
 800c1a4:	2a00      	cmp	r2, #0
 800c1a6:	d069      	beq.n	800c27c <USBD_StdEPReq+0x13a>
 800c1a8:	f7ff fd65 	bl	800bc76 <USBD_CtlError>
 800c1ac:	e7db      	b.n	800c166 <USBD_StdEPReq+0x24>
 800c1ae:	f890 329c 	ldrb.w	r3, [r0, #668]	@ 0x29c
 800c1b2:	b2da      	uxtb	r2, r3
 800c1b4:	2b02      	cmp	r3, #2
 800c1b6:	d004      	beq.n	800c1c2 <USBD_StdEPReq+0x80>
 800c1b8:	2a03      	cmp	r2, #3
 800c1ba:	d012      	beq.n	800c1e2 <USBD_StdEPReq+0xa0>
 800c1bc:	f7ff fd5b 	bl	800bc76 <USBD_CtlError>
 800c1c0:	e7d1      	b.n	800c166 <USBD_StdEPReq+0x24>
 800c1c2:	4639      	mov	r1, r7
 800c1c4:	b10f      	cbz	r7, 800c1ca <USBD_StdEPReq+0x88>
 800c1c6:	2f80      	cmp	r7, #128	@ 0x80
 800c1c8:	d104      	bne.n	800c1d4 <USBD_StdEPReq+0x92>
 800c1ca:	4629      	mov	r1, r5
 800c1cc:	4630      	mov	r0, r6
 800c1ce:	f7ff fd52 	bl	800bc76 <USBD_CtlError>
 800c1d2:	e7c8      	b.n	800c166 <USBD_StdEPReq+0x24>
 800c1d4:	f7ff faf9 	bl	800b7ca <USBD_LL_StallEP>
 800c1d8:	2180      	movs	r1, #128	@ 0x80
 800c1da:	4630      	mov	r0, r6
 800c1dc:	f7ff faf5 	bl	800b7ca <USBD_LL_StallEP>
 800c1e0:	e7c1      	b.n	800c166 <USBD_StdEPReq+0x24>
 800c1e2:	884b      	ldrh	r3, [r1, #2]
 800c1e4:	b923      	cbnz	r3, 800c1f0 <USBD_StdEPReq+0xae>
 800c1e6:	b11f      	cbz	r7, 800c1f0 <USBD_StdEPReq+0xae>
 800c1e8:	2f80      	cmp	r7, #128	@ 0x80
 800c1ea:	d001      	beq.n	800c1f0 <USBD_StdEPReq+0xae>
 800c1ec:	88cb      	ldrh	r3, [r1, #6]
 800c1ee:	b11b      	cbz	r3, 800c1f8 <USBD_StdEPReq+0xb6>
 800c1f0:	4630      	mov	r0, r6
 800c1f2:	f000 f9a9 	bl	800c548 <USBD_CtlSendStatus>
 800c1f6:	e7b6      	b.n	800c166 <USBD_StdEPReq+0x24>
 800c1f8:	4639      	mov	r1, r7
 800c1fa:	f7ff fae6 	bl	800b7ca <USBD_LL_StallEP>
 800c1fe:	e7f7      	b.n	800c1f0 <USBD_StdEPReq+0xae>
 800c200:	f890 229c 	ldrb.w	r2, [r0, #668]	@ 0x29c
 800c204:	b2d1      	uxtb	r1, r2
 800c206:	2a02      	cmp	r2, #2
 800c208:	d005      	beq.n	800c216 <USBD_StdEPReq+0xd4>
 800c20a:	2903      	cmp	r1, #3
 800c20c:	d013      	beq.n	800c236 <USBD_StdEPReq+0xf4>
 800c20e:	4629      	mov	r1, r5
 800c210:	f7ff fd31 	bl	800bc76 <USBD_CtlError>
 800c214:	e7a7      	b.n	800c166 <USBD_StdEPReq+0x24>
 800c216:	4639      	mov	r1, r7
 800c218:	b10f      	cbz	r7, 800c21e <USBD_StdEPReq+0xdc>
 800c21a:	2f80      	cmp	r7, #128	@ 0x80
 800c21c:	d104      	bne.n	800c228 <USBD_StdEPReq+0xe6>
 800c21e:	4629      	mov	r1, r5
 800c220:	4630      	mov	r0, r6
 800c222:	f7ff fd28 	bl	800bc76 <USBD_CtlError>
 800c226:	e79e      	b.n	800c166 <USBD_StdEPReq+0x24>
 800c228:	f7ff facf 	bl	800b7ca <USBD_LL_StallEP>
 800c22c:	2180      	movs	r1, #128	@ 0x80
 800c22e:	4630      	mov	r0, r6
 800c230:	f7ff facb 	bl	800b7ca <USBD_LL_StallEP>
 800c234:	e797      	b.n	800c166 <USBD_StdEPReq+0x24>
 800c236:	886a      	ldrh	r2, [r5, #2]
 800c238:	2a00      	cmp	r2, #0
 800c23a:	d194      	bne.n	800c166 <USBD_StdEPReq+0x24>
 800c23c:	f013 0f7f 	tst.w	r3, #127	@ 0x7f
 800c240:	d118      	bne.n	800c274 <USBD_StdEPReq+0x132>
 800c242:	4630      	mov	r0, r6
 800c244:	f000 f980 	bl	800c548 <USBD_CtlSendStatus>
 800c248:	4639      	mov	r1, r7
 800c24a:	4630      	mov	r0, r6
 800c24c:	f7ff fc04 	bl	800ba58 <USBD_CoreFindEP>
 800c250:	4603      	mov	r3, r0
 800c252:	2800      	cmp	r0, #0
 800c254:	d187      	bne.n	800c166 <USBD_StdEPReq+0x24>
 800c256:	4630      	mov	r0, r6
 800c258:	f8c6 32d4 	str.w	r3, [r6, #724]	@ 0x2d4
 800c25c:	f103 02ae 	add.w	r2, r3, #174	@ 0xae
 800c260:	f856 2022 	ldr.w	r2, [r6, r2, lsl #2]
 800c264:	6892      	ldr	r2, [r2, #8]
 800c266:	2a00      	cmp	r2, #0
 800c268:	f000 8084 	beq.w	800c374 <USBD_StdEPReq+0x232>
 800c26c:	4629      	mov	r1, r5
 800c26e:	4790      	blx	r2
 800c270:	4604      	mov	r4, r0
 800c272:	e778      	b.n	800c166 <USBD_StdEPReq+0x24>
 800c274:	4639      	mov	r1, r7
 800c276:	f7ff fab0 	bl	800b7da <USBD_LL_ClearStallEP>
 800c27a:	e7e2      	b.n	800c242 <USBD_StdEPReq+0x100>
 800c27c:	f890 229c 	ldrb.w	r2, [r0, #668]	@ 0x29c
 800c280:	b2d1      	uxtb	r1, r2
 800c282:	2a02      	cmp	r2, #2
 800c284:	d006      	beq.n	800c294 <USBD_StdEPReq+0x152>
 800c286:	2903      	cmp	r1, #3
 800c288:	d029      	beq.n	800c2de <USBD_StdEPReq+0x19c>
 800c28a:	4629      	mov	r1, r5
 800c28c:	f7ff fcf3 	bl	800bc76 <USBD_CtlError>
 800c290:	4644      	mov	r4, r8
 800c292:	e768      	b.n	800c166 <USBD_StdEPReq+0x24>
 800c294:	b10f      	cbz	r7, 800c29a <USBD_StdEPReq+0x158>
 800c296:	2f80      	cmp	r7, #128	@ 0x80
 800c298:	d113      	bne.n	800c2c2 <USBD_StdEPReq+0x180>
 800c29a:	f013 0f80 	tst.w	r3, #128	@ 0x80
 800c29e:	d115      	bne.n	800c2cc <USBD_StdEPReq+0x18a>
 800c2a0:	f003 037f 	and.w	r3, r3, #127	@ 0x7f
 800c2a4:	eb03 0383 	add.w	r3, r3, r3, lsl #2
 800c2a8:	0099      	lsls	r1, r3, #2
 800c2aa:	f501 71a8 	add.w	r1, r1, #336	@ 0x150
 800c2ae:	4431      	add	r1, r6
 800c2b0:	3104      	adds	r1, #4
 800c2b2:	2300      	movs	r3, #0
 800c2b4:	600b      	str	r3, [r1, #0]
 800c2b6:	2202      	movs	r2, #2
 800c2b8:	4630      	mov	r0, r6
 800c2ba:	f000 f919 	bl	800c4f0 <USBD_CtlSendData>
 800c2be:	4644      	mov	r4, r8
 800c2c0:	e751      	b.n	800c166 <USBD_StdEPReq+0x24>
 800c2c2:	4629      	mov	r1, r5
 800c2c4:	f7ff fcd7 	bl	800bc76 <USBD_CtlError>
 800c2c8:	4644      	mov	r4, r8
 800c2ca:	e74c      	b.n	800c166 <USBD_StdEPReq+0x24>
 800c2cc:	f003 037f 	and.w	r3, r3, #127	@ 0x7f
 800c2d0:	eb03 0383 	add.w	r3, r3, r3, lsl #2
 800c2d4:	0099      	lsls	r1, r3, #2
 800c2d6:	3110      	adds	r1, #16
 800c2d8:	4431      	add	r1, r6
 800c2da:	3104      	adds	r1, #4
 800c2dc:	e7e9      	b.n	800c2b2 <USBD_StdEPReq+0x170>
 800c2de:	b259      	sxtb	r1, r3
 800c2e0:	2900      	cmp	r1, #0
 800c2e2:	db1f      	blt.n	800c324 <USBD_StdEPReq+0x1e2>
 800c2e4:	f003 020f 	and.w	r2, r3, #15
 800c2e8:	eb02 0282 	add.w	r2, r2, r2, lsl #2
 800c2ec:	eb00 0282 	add.w	r2, r0, r2, lsl #2
 800c2f0:	f8b2 2164 	ldrh.w	r2, [r2, #356]	@ 0x164
 800c2f4:	b322      	cbz	r2, 800c340 <USBD_StdEPReq+0x1fe>
 800c2f6:	2900      	cmp	r1, #0
 800c2f8:	db27      	blt.n	800c34a <USBD_StdEPReq+0x208>
 800c2fa:	f003 037f 	and.w	r3, r3, #127	@ 0x7f
 800c2fe:	eb03 0383 	add.w	r3, r3, r3, lsl #2
 800c302:	009c      	lsls	r4, r3, #2
 800c304:	f504 74a8 	add.w	r4, r4, #336	@ 0x150
 800c308:	4434      	add	r4, r6
 800c30a:	3404      	adds	r4, #4
 800c30c:	b10f      	cbz	r7, 800c312 <USBD_StdEPReq+0x1d0>
 800c30e:	2f80      	cmp	r7, #128	@ 0x80
 800c310:	d124      	bne.n	800c35c <USBD_StdEPReq+0x21a>
 800c312:	2300      	movs	r3, #0
 800c314:	6023      	str	r3, [r4, #0]
 800c316:	2202      	movs	r2, #2
 800c318:	4621      	mov	r1, r4
 800c31a:	4630      	mov	r0, r6
 800c31c:	f000 f8e8 	bl	800c4f0 <USBD_CtlSendData>
 800c320:	4644      	mov	r4, r8
 800c322:	e720      	b.n	800c166 <USBD_StdEPReq+0x24>
 800c324:	f003 020f 	and.w	r2, r3, #15
 800c328:	eb02 0282 	add.w	r2, r2, r2, lsl #2
 800c32c:	eb00 0282 	add.w	r2, r0, r2, lsl #2
 800c330:	8c92      	ldrh	r2, [r2, #36]	@ 0x24
 800c332:	2a00      	cmp	r2, #0
 800c334:	d1df      	bne.n	800c2f6 <USBD_StdEPReq+0x1b4>
 800c336:	4629      	mov	r1, r5
 800c338:	f7ff fc9d 	bl	800bc76 <USBD_CtlError>
 800c33c:	4644      	mov	r4, r8
 800c33e:	e712      	b.n	800c166 <USBD_StdEPReq+0x24>
 800c340:	4629      	mov	r1, r5
 800c342:	f7ff fc98 	bl	800bc76 <USBD_CtlError>
 800c346:	4644      	mov	r4, r8
 800c348:	e70d      	b.n	800c166 <USBD_StdEPReq+0x24>
 800c34a:	f003 037f 	and.w	r3, r3, #127	@ 0x7f
 800c34e:	eb03 0383 	add.w	r3, r3, r3, lsl #2
 800c352:	009c      	lsls	r4, r3, #2
 800c354:	3410      	adds	r4, #16
 800c356:	4434      	add	r4, r6
 800c358:	3404      	adds	r4, #4
 800c35a:	e7d7      	b.n	800c30c <USBD_StdEPReq+0x1ca>
 800c35c:	4639      	mov	r1, r7
 800c35e:	4630      	mov	r0, r6
 800c360:	f7ff fa43 	bl	800b7ea <USBD_LL_IsStallEP>
 800c364:	b110      	cbz	r0, 800c36c <USBD_StdEPReq+0x22a>
 800c366:	2301      	movs	r3, #1
 800c368:	6023      	str	r3, [r4, #0]
 800c36a:	e7d4      	b.n	800c316 <USBD_StdEPReq+0x1d4>
 800c36c:	6020      	str	r0, [r4, #0]
 800c36e:	e7d2      	b.n	800c316 <USBD_StdEPReq+0x1d4>
 800c370:	2400      	movs	r4, #0
 800c372:	e6f8      	b.n	800c166 <USBD_StdEPReq+0x24>
 800c374:	461c      	mov	r4, r3
 800c376:	e6f6      	b.n	800c166 <USBD_StdEPReq+0x24>

0800c378 <USBD_GetString>:
 800c378:	b300      	cbz	r0, 800c3bc <USBD_GetString+0x44>
 800c37a:	b570      	push	{r4, r5, r6, lr}
 800c37c:	460d      	mov	r5, r1
 800c37e:	4616      	mov	r6, r2
 800c380:	4604      	mov	r4, r0
 800c382:	f7ff fc5a 	bl	800bc3a <USBD_GetLen>
 800c386:	3001      	adds	r0, #1
 800c388:	0043      	lsls	r3, r0, #1
 800c38a:	f5b3 7f00 	cmp.w	r3, #512	@ 0x200
 800c38e:	d806      	bhi.n	800c39e <USBD_GetString+0x26>
 800c390:	b29b      	uxth	r3, r3
 800c392:	8033      	strh	r3, [r6, #0]
 800c394:	702b      	strb	r3, [r5, #0]
 800c396:	2303      	movs	r3, #3
 800c398:	706b      	strb	r3, [r5, #1]
 800c39a:	2302      	movs	r3, #2
 800c39c:	e00a      	b.n	800c3b4 <USBD_GetString+0x3c>
 800c39e:	f44f 7300 	mov.w	r3, #512	@ 0x200
 800c3a2:	e7f6      	b.n	800c392 <USBD_GetString+0x1a>
 800c3a4:	54ea      	strb	r2, [r5, r3]
 800c3a6:	3401      	adds	r4, #1
 800c3a8:	1c5a      	adds	r2, r3, #1
 800c3aa:	b2d2      	uxtb	r2, r2
 800c3ac:	2100      	movs	r1, #0
 800c3ae:	54a9      	strb	r1, [r5, r2]
 800c3b0:	3302      	adds	r3, #2
 800c3b2:	b2db      	uxtb	r3, r3
 800c3b4:	7822      	ldrb	r2, [r4, #0]
 800c3b6:	2a00      	cmp	r2, #0
 800c3b8:	d1f4      	bne.n	800c3a4 <USBD_GetString+0x2c>
 800c3ba:	bd70      	pop	{r4, r5, r6, pc}
 800c3bc:	4770      	bx	lr
	...

0800c3c0 <USBD_CDC_DeviceDescriptor>:
 800c3c0:	2312      	movs	r3, #18
 800c3c2:	800b      	strh	r3, [r1, #0]
 800c3c4:	4800      	ldr	r0, [pc, #0]	@ (800c3c8 <USBD_CDC_DeviceDescriptor+0x8>)
 800c3c6:	4770      	bx	lr
 800c3c8:	20000140 	.word	0x20000140

0800c3cc <USBD_CDC_LangIDStrDescriptor>:
 800c3cc:	2304      	movs	r3, #4
 800c3ce:	800b      	strh	r3, [r1, #0]
 800c3d0:	4800      	ldr	r0, [pc, #0]	@ (800c3d4 <USBD_CDC_LangIDStrDescriptor+0x8>)
 800c3d2:	4770      	bx	lr
 800c3d4:	2000013c 	.word	0x2000013c

0800c3d8 <IntToUnicode>:
 800c3d8:	2300      	movs	r3, #0
 800c3da:	4293      	cmp	r3, r2
 800c3dc:	d21d      	bcs.n	800c41a <IntToUnicode+0x42>
 800c3de:	b500      	push	{lr}
 800c3e0:	e010      	b.n	800c404 <IntToUnicode+0x2c>
 800c3e2:	f10c 0c37 	add.w	ip, ip, #55	@ 0x37
 800c3e6:	f801 c013 	strb.w	ip, [r1, r3, lsl #1]
 800c3ea:	0100      	lsls	r0, r0, #4
 800c3ec:	ea4f 0c43 	mov.w	ip, r3, lsl #1
 800c3f0:	f10c 0c01 	add.w	ip, ip, #1
 800c3f4:	f04f 0e00 	mov.w	lr, #0
 800c3f8:	f801 e00c 	strb.w	lr, [r1, ip]
 800c3fc:	3301      	adds	r3, #1
 800c3fe:	b2db      	uxtb	r3, r3
 800c400:	4293      	cmp	r3, r2
 800c402:	d209      	bcs.n	800c418 <IntToUnicode+0x40>
 800c404:	ea4f 7c10 	mov.w	ip, r0, lsr #28
 800c408:	f1b0 4f20 	cmp.w	r0, #2684354560	@ 0xa0000000
 800c40c:	d2e9      	bcs.n	800c3e2 <IntToUnicode+0xa>
 800c40e:	f10c 0c30 	add.w	ip, ip, #48	@ 0x30
 800c412:	f801 c013 	strb.w	ip, [r1, r3, lsl #1]
 800c416:	e7e8      	b.n	800c3ea <IntToUnicode+0x12>
 800c418:	bd00      	pop	{pc}
 800c41a:	4770      	bx	lr

0800c41c <Get_SerialNum>:
 800c41c:	4b0b      	ldr	r3, [pc, #44]	@ (800c44c <Get_SerialNum+0x30>)
 800c41e:	f8d3 0590 	ldr.w	r0, [r3, #1424]	@ 0x590
 800c422:	f8d3 2594 	ldr.w	r2, [r3, #1428]	@ 0x594
 800c426:	f8d3 3598 	ldr.w	r3, [r3, #1432]	@ 0x598
 800c42a:	18c0      	adds	r0, r0, r3
 800c42c:	d100      	bne.n	800c430 <Get_SerialNum+0x14>
 800c42e:	4770      	bx	lr
 800c430:	b510      	push	{r4, lr}
 800c432:	4614      	mov	r4, r2
 800c434:	2208      	movs	r2, #8
 800c436:	4906      	ldr	r1, [pc, #24]	@ (800c450 <Get_SerialNum+0x34>)
 800c438:	f7ff ffce 	bl	800c3d8 <IntToUnicode>
 800c43c:	2204      	movs	r2, #4
 800c43e:	4b04      	ldr	r3, [pc, #16]	@ (800c450 <Get_SerialNum+0x34>)
 800c440:	f103 0110 	add.w	r1, r3, #16
 800c444:	4620      	mov	r0, r4
 800c446:	f7ff ffc7 	bl	800c3d8 <IntToUnicode>
 800c44a:	bd10      	pop	{r4, pc}
 800c44c:	1fff7000 	.word	0x1fff7000
 800c450:	20000122 	.word	0x20000122

0800c454 <USBD_CDC_SerialStrDescriptor>:
 800c454:	b508      	push	{r3, lr}
 800c456:	231a      	movs	r3, #26
 800c458:	800b      	strh	r3, [r1, #0]
 800c45a:	f7ff ffdf 	bl	800c41c <Get_SerialNum>
 800c45e:	4801      	ldr	r0, [pc, #4]	@ (800c464 <USBD_CDC_SerialStrDescriptor+0x10>)
 800c460:	bd08      	pop	{r3, pc}
 800c462:	bf00      	nop
 800c464:	20000120 	.word	0x20000120

0800c468 <USBD_CDC_ProductStrDescriptor>:
 800c468:	b508      	push	{r3, lr}
 800c46a:	460a      	mov	r2, r1
 800c46c:	b928      	cbnz	r0, 800c47a <USBD_CDC_ProductStrDescriptor+0x12>
 800c46e:	4905      	ldr	r1, [pc, #20]	@ (800c484 <USBD_CDC_ProductStrDescriptor+0x1c>)
 800c470:	4805      	ldr	r0, [pc, #20]	@ (800c488 <USBD_CDC_ProductStrDescriptor+0x20>)
 800c472:	f7ff ff81 	bl	800c378 <USBD_GetString>
 800c476:	4803      	ldr	r0, [pc, #12]	@ (800c484 <USBD_CDC_ProductStrDescriptor+0x1c>)
 800c478:	bd08      	pop	{r3, pc}
 800c47a:	4902      	ldr	r1, [pc, #8]	@ (800c484 <USBD_CDC_ProductStrDescriptor+0x1c>)
 800c47c:	4802      	ldr	r0, [pc, #8]	@ (800c488 <USBD_CDC_ProductStrDescriptor+0x20>)
 800c47e:	f7ff ff7b 	bl	800c378 <USBD_GetString>
 800c482:	e7f8      	b.n	800c476 <USBD_CDC_ProductStrDescriptor+0xe>
 800c484:	200020a0 	.word	0x200020a0
 800c488:	0800d930 	.word	0x0800d930

0800c48c <USBD_CDC_ManufacturerStrDescriptor>:
 800c48c:	b510      	push	{r4, lr}
 800c48e:	460a      	mov	r2, r1
 800c490:	4c03      	ldr	r4, [pc, #12]	@ (800c4a0 <USBD_CDC_ManufacturerStrDescriptor+0x14>)
 800c492:	4621      	mov	r1, r4
 800c494:	4803      	ldr	r0, [pc, #12]	@ (800c4a4 <USBD_CDC_ManufacturerStrDescriptor+0x18>)
 800c496:	f7ff ff6f 	bl	800c378 <USBD_GetString>
 800c49a:	4620      	mov	r0, r4
 800c49c:	bd10      	pop	{r4, pc}
 800c49e:	bf00      	nop
 800c4a0:	200020a0 	.word	0x200020a0
 800c4a4:	0800d948 	.word	0x0800d948

0800c4a8 <USBD_CDC_ConfigStrDescriptor>:
 800c4a8:	b508      	push	{r3, lr}
 800c4aa:	460a      	mov	r2, r1
 800c4ac:	b928      	cbnz	r0, 800c4ba <USBD_CDC_ConfigStrDescriptor+0x12>
 800c4ae:	4905      	ldr	r1, [pc, #20]	@ (800c4c4 <USBD_CDC_ConfigStrDescriptor+0x1c>)
 800c4b0:	4805      	ldr	r0, [pc, #20]	@ (800c4c8 <USBD_CDC_ConfigStrDescriptor+0x20>)
 800c4b2:	f7ff ff61 	bl	800c378 <USBD_GetString>
 800c4b6:	4803      	ldr	r0, [pc, #12]	@ (800c4c4 <USBD_CDC_ConfigStrDescriptor+0x1c>)
 800c4b8:	bd08      	pop	{r3, pc}
 800c4ba:	4902      	ldr	r1, [pc, #8]	@ (800c4c4 <USBD_CDC_ConfigStrDescriptor+0x1c>)
 800c4bc:	4802      	ldr	r0, [pc, #8]	@ (800c4c8 <USBD_CDC_ConfigStrDescriptor+0x20>)
 800c4be:	f7ff ff5b 	bl	800c378 <USBD_GetString>
 800c4c2:	e7f8      	b.n	800c4b6 <USBD_CDC_ConfigStrDescriptor+0xe>
 800c4c4:	200020a0 	.word	0x200020a0
 800c4c8:	0800d950 	.word	0x0800d950

0800c4cc <USBD_CDC_InterfaceStrDescriptor>:
 800c4cc:	b508      	push	{r3, lr}
 800c4ce:	460a      	mov	r2, r1
 800c4d0:	b928      	cbnz	r0, 800c4de <USBD_CDC_InterfaceStrDescriptor+0x12>
 800c4d2:	4905      	ldr	r1, [pc, #20]	@ (800c4e8 <USBD_CDC_InterfaceStrDescriptor+0x1c>)
 800c4d4:	4805      	ldr	r0, [pc, #20]	@ (800c4ec <USBD_CDC_InterfaceStrDescriptor+0x20>)
 800c4d6:	f7ff ff4f 	bl	800c378 <USBD_GetString>
 800c4da:	4803      	ldr	r0, [pc, #12]	@ (800c4e8 <USBD_CDC_InterfaceStrDescriptor+0x1c>)
 800c4dc:	bd08      	pop	{r3, pc}
 800c4de:	4902      	ldr	r1, [pc, #8]	@ (800c4e8 <USBD_CDC_InterfaceStrDescriptor+0x1c>)
 800c4e0:	4802      	ldr	r0, [pc, #8]	@ (800c4ec <USBD_CDC_InterfaceStrDescriptor+0x20>)
 800c4e2:	f7ff ff49 	bl	800c378 <USBD_GetString>
 800c4e6:	e7f8      	b.n	800c4da <USBD_CDC_InterfaceStrDescriptor+0xe>
 800c4e8:	200020a0 	.word	0x200020a0
 800c4ec:	0800d95c 	.word	0x0800d95c

0800c4f0 <USBD_CtlSendData>:
 800c4f0:	b508      	push	{r3, lr}
 800c4f2:	4613      	mov	r3, r2
 800c4f4:	2202      	movs	r2, #2
 800c4f6:	f8c0 2294 	str.w	r2, [r0, #660]	@ 0x294
 800c4fa:	6183      	str	r3, [r0, #24]
 800c4fc:	61c3      	str	r3, [r0, #28]
 800c4fe:	460a      	mov	r2, r1
 800c500:	2100      	movs	r1, #0
 800c502:	f7ff f990 	bl	800b826 <USBD_LL_Transmit>
 800c506:	2000      	movs	r0, #0
 800c508:	bd08      	pop	{r3, pc}

0800c50a <USBD_CtlContinueSendData>:
 800c50a:	b508      	push	{r3, lr}
 800c50c:	4613      	mov	r3, r2
 800c50e:	460a      	mov	r2, r1
 800c510:	2100      	movs	r1, #0
 800c512:	f7ff f988 	bl	800b826 <USBD_LL_Transmit>
 800c516:	2000      	movs	r0, #0
 800c518:	bd08      	pop	{r3, pc}

0800c51a <USBD_CtlPrepareRx>:
 800c51a:	b508      	push	{r3, lr}
 800c51c:	4613      	mov	r3, r2
 800c51e:	2203      	movs	r2, #3
 800c520:	f8c0 2294 	str.w	r2, [r0, #660]	@ 0x294
 800c524:	f8c0 3158 	str.w	r3, [r0, #344]	@ 0x158
 800c528:	f8c0 315c 	str.w	r3, [r0, #348]	@ 0x15c
 800c52c:	460a      	mov	r2, r1
 800c52e:	2100      	movs	r1, #0
 800c530:	f7ff f981 	bl	800b836 <USBD_LL_PrepareReceive>
 800c534:	2000      	movs	r0, #0
 800c536:	bd08      	pop	{r3, pc}

0800c538 <USBD_CtlContinueRx>:
 800c538:	b508      	push	{r3, lr}
 800c53a:	4613      	mov	r3, r2
 800c53c:	460a      	mov	r2, r1
 800c53e:	2100      	movs	r1, #0
 800c540:	f7ff f979 	bl	800b836 <USBD_LL_PrepareReceive>
 800c544:	2000      	movs	r0, #0
 800c546:	bd08      	pop	{r3, pc}

0800c548 <USBD_CtlSendStatus>:
 800c548:	b508      	push	{r3, lr}
 800c54a:	2204      	movs	r2, #4
 800c54c:	f8c0 2294 	str.w	r2, [r0, #660]	@ 0x294
 800c550:	2300      	movs	r3, #0
 800c552:	461a      	mov	r2, r3
 800c554:	4619      	mov	r1, r3
 800c556:	f7ff f966 	bl	800b826 <USBD_LL_Transmit>
 800c55a:	2000      	movs	r0, #0
 800c55c:	bd08      	pop	{r3, pc}

0800c55e <USBD_CtlReceiveStatus>:
 800c55e:	b508      	push	{r3, lr}
 800c560:	2205      	movs	r2, #5
 800c562:	f8c0 2294 	str.w	r2, [r0, #660]	@ 0x294
 800c566:	2300      	movs	r3, #0
 800c568:	461a      	mov	r2, r3
 800c56a:	4619      	mov	r1, r3
 800c56c:	f7ff f963 	bl	800b836 <USBD_LL_PrepareReceive>
 800c570:	2000      	movs	r0, #0
 800c572:	bd08      	pop	{r3, pc}

0800c574 <CopyDataInit>:
 800c574:	58d4      	ldr	r4, [r2, r3]
 800c576:	50c4      	str	r4, [r0, r3]
 800c578:	3304      	adds	r3, #4

0800c57a <LoopCopyDataInit>:
 800c57a:	18c4      	adds	r4, r0, r3
 800c57c:	428c      	cmp	r4, r1
 800c57e:	d3f9      	bcc.n	800c574 <CopyDataInit>
 800c580:	4770      	bx	lr

0800c582 <FillZerobss>:
 800c582:	6003      	str	r3, [r0, #0]
 800c584:	3004      	adds	r0, #4

0800c586 <LoopFillZerobss>:
 800c586:	4288      	cmp	r0, r1
 800c588:	d3fb      	bcc.n	800c582 <FillZerobss>
 800c58a:	4770      	bx	lr

0800c58c <Reset_Handler>:
 800c58c:	480c      	ldr	r0, [pc, #48]	@ (800c5c0 <LoopForever+0x2>)
 800c58e:	4685      	mov	sp, r0
 800c590:	f7fe f9ac 	bl	800a8ec <SystemInit>
 800c594:	480b      	ldr	r0, [pc, #44]	@ (800c5c4 <LoopForever+0x6>)
 800c596:	490c      	ldr	r1, [pc, #48]	@ (800c5c8 <LoopForever+0xa>)
 800c598:	4a0c      	ldr	r2, [pc, #48]	@ (800c5cc <LoopForever+0xe>)
 800c59a:	2300      	movs	r3, #0
 800c59c:	f7ff ffed 	bl	800c57a <LoopCopyDataInit>
 800c5a0:	480b      	ldr	r0, [pc, #44]	@ (800c5d0 <LoopForever+0x12>)
 800c5a2:	490c      	ldr	r1, [pc, #48]	@ (800c5d4 <LoopForever+0x16>)
 800c5a4:	4a0c      	ldr	r2, [pc, #48]	@ (800c5d8 <LoopForever+0x1a>)
 800c5a6:	2300      	movs	r3, #0
 800c5a8:	f7ff ffe7 	bl	800c57a <LoopCopyDataInit>
 800c5ac:	480b      	ldr	r0, [pc, #44]	@ (800c5dc <LoopForever+0x1e>)
 800c5ae:	490c      	ldr	r1, [pc, #48]	@ (800c5e0 <LoopForever+0x22>)
 800c5b0:	2300      	movs	r3, #0
 800c5b2:	f7ff ffe8 	bl	800c586 <LoopFillZerobss>
 800c5b6:	f000 f909 	bl	800c7cc <__libc_init_array>
 800c5ba:	f7f6 fc65 	bl	8002e88 <main>

0800c5be <LoopForever>:
 800c5be:	e7fe      	b.n	800c5be <LoopForever>
 800c5c0:	20030000 	.word	0x20030000
 800c5c4:	20000008 	.word	0x20000008
 800c5c8:	200001c4 	.word	0x200001c4
 800c5cc:	0800dc00 	.word	0x0800dc00
 800c5d0:	200301e4 	.word	0x200301e4
 800c5d4:	20030a67 	.word	0x20030a67
 800c5d8:	0800de08 	.word	0x0800de08
 800c5dc:	20000210 	.word	0x20000210
 800c5e0:	200023e8 	.word	0x200023e8

0800c5e4 <ADC1_IRQHandler>:
 800c5e4:	e7fe      	b.n	800c5e4 <ADC1_IRQHandler>
	...

0800c5e8 <malloc>:
 800c5e8:	4b02      	ldr	r3, [pc, #8]	@ (800c5f4 <malloc+0xc>)
 800c5ea:	4601      	mov	r1, r0
 800c5ec:	6818      	ldr	r0, [r3, #0]
 800c5ee:	f000 b825 	b.w	800c63c <_malloc_r>
 800c5f2:	bf00      	nop
 800c5f4:	20000174 	.word	0x20000174

0800c5f8 <sbrk_aligned>:
 800c5f8:	b570      	push	{r4, r5, r6, lr}
 800c5fa:	4c0f      	ldr	r4, [pc, #60]	@ (800c638 <sbrk_aligned+0x40>)
 800c5fc:	460e      	mov	r6, r1
 800c5fe:	6821      	ldr	r1, [r4, #0]
 800c600:	4605      	mov	r5, r0
 800c602:	b911      	cbnz	r1, 800c60a <sbrk_aligned+0x12>
 800c604:	f000 f8cc 	bl	800c7a0 <_sbrk_r>
 800c608:	6020      	str	r0, [r4, #0]
 800c60a:	4631      	mov	r1, r6
 800c60c:	4628      	mov	r0, r5
 800c60e:	f000 f8c7 	bl	800c7a0 <_sbrk_r>
 800c612:	1c43      	adds	r3, r0, #1
 800c614:	d103      	bne.n	800c61e <sbrk_aligned+0x26>
 800c616:	f04f 34ff 	mov.w	r4, #4294967295
 800c61a:	4620      	mov	r0, r4
 800c61c:	bd70      	pop	{r4, r5, r6, pc}
 800c61e:	1cc4      	adds	r4, r0, #3
 800c620:	f024 0403 	bic.w	r4, r4, #3
 800c624:	42a0      	cmp	r0, r4
 800c626:	d0f8      	beq.n	800c61a <sbrk_aligned+0x22>
 800c628:	1a21      	subs	r1, r4, r0
 800c62a:	4628      	mov	r0, r5
 800c62c:	f000 f8b8 	bl	800c7a0 <_sbrk_r>
 800c630:	3001      	adds	r0, #1
 800c632:	d1f2      	bne.n	800c61a <sbrk_aligned+0x22>
 800c634:	e7ef      	b.n	800c616 <sbrk_aligned+0x1e>
 800c636:	bf00      	nop
 800c638:	200022a0 	.word	0x200022a0

0800c63c <_malloc_r>:
 800c63c:	e92d 43f8 	stmdb	sp!, {r3, r4, r5, r6, r7, r8, r9, lr}
 800c640:	1ccd      	adds	r5, r1, #3
 800c642:	f025 0503 	bic.w	r5, r5, #3
 800c646:	3508      	adds	r5, #8
 800c648:	2d0c      	cmp	r5, #12
 800c64a:	bf38      	it	cc
 800c64c:	250c      	movcc	r5, #12
 800c64e:	2d00      	cmp	r5, #0
 800c650:	4606      	mov	r6, r0
 800c652:	db01      	blt.n	800c658 <_malloc_r+0x1c>
 800c654:	42a9      	cmp	r1, r5
 800c656:	d904      	bls.n	800c662 <_malloc_r+0x26>
 800c658:	230c      	movs	r3, #12
 800c65a:	6033      	str	r3, [r6, #0]
 800c65c:	2000      	movs	r0, #0
 800c65e:	e8bd 83f8 	ldmia.w	sp!, {r3, r4, r5, r6, r7, r8, r9, pc}
 800c662:	4f33      	ldr	r7, [pc, #204]	@ (800c730 <_malloc_r+0xf4>)
 800c664:	f000 f866 	bl	800c734 <__malloc_lock>
 800c668:	683b      	ldr	r3, [r7, #0]
 800c66a:	461c      	mov	r4, r3
 800c66c:	bb3c      	cbnz	r4, 800c6be <_malloc_r+0x82>
 800c66e:	4629      	mov	r1, r5
 800c670:	4630      	mov	r0, r6
 800c672:	f7ff ffc1 	bl	800c5f8 <sbrk_aligned>
 800c676:	1c43      	adds	r3, r0, #1
 800c678:	4604      	mov	r4, r0
 800c67a:	d156      	bne.n	800c72a <_malloc_r+0xee>
 800c67c:	683c      	ldr	r4, [r7, #0]
 800c67e:	46a0      	mov	r8, r4
 800c680:	f1b8 0f00 	cmp.w	r8, #0
 800c684:	d140      	bne.n	800c708 <_malloc_r+0xcc>
 800c686:	2c00      	cmp	r4, #0
 800c688:	d049      	beq.n	800c71e <_malloc_r+0xe2>
 800c68a:	6823      	ldr	r3, [r4, #0]
 800c68c:	4641      	mov	r1, r8
 800c68e:	4630      	mov	r0, r6
 800c690:	eb04 0903 	add.w	r9, r4, r3
 800c694:	f000 f884 	bl	800c7a0 <_sbrk_r>
 800c698:	4581      	cmp	r9, r0
 800c69a:	d140      	bne.n	800c71e <_malloc_r+0xe2>
 800c69c:	6821      	ldr	r1, [r4, #0]
 800c69e:	1a6d      	subs	r5, r5, r1
 800c6a0:	4629      	mov	r1, r5
 800c6a2:	4630      	mov	r0, r6
 800c6a4:	f7ff ffa8 	bl	800c5f8 <sbrk_aligned>
 800c6a8:	3001      	adds	r0, #1
 800c6aa:	d038      	beq.n	800c71e <_malloc_r+0xe2>
 800c6ac:	6823      	ldr	r3, [r4, #0]
 800c6ae:	442b      	add	r3, r5
 800c6b0:	6023      	str	r3, [r4, #0]
 800c6b2:	683b      	ldr	r3, [r7, #0]
 800c6b4:	685a      	ldr	r2, [r3, #4]
 800c6b6:	bb5a      	cbnz	r2, 800c710 <_malloc_r+0xd4>
 800c6b8:	f8c7 8000 	str.w	r8, [r7]
 800c6bc:	e00e      	b.n	800c6dc <_malloc_r+0xa0>
 800c6be:	6822      	ldr	r2, [r4, #0]
 800c6c0:	1b52      	subs	r2, r2, r5
 800c6c2:	d41e      	bmi.n	800c702 <_malloc_r+0xc6>
 800c6c4:	2a0b      	cmp	r2, #11
 800c6c6:	d916      	bls.n	800c6f6 <_malloc_r+0xba>
 800c6c8:	1961      	adds	r1, r4, r5
 800c6ca:	42a3      	cmp	r3, r4
 800c6cc:	6025      	str	r5, [r4, #0]
 800c6ce:	bf18      	it	ne
 800c6d0:	6059      	strne	r1, [r3, #4]
 800c6d2:	6863      	ldr	r3, [r4, #4]
 800c6d4:	bf08      	it	eq
 800c6d6:	6039      	streq	r1, [r7, #0]
 800c6d8:	5162      	str	r2, [r4, r5]
 800c6da:	604b      	str	r3, [r1, #4]
 800c6dc:	4630      	mov	r0, r6
 800c6de:	f000 f82f 	bl	800c740 <__malloc_unlock>
 800c6e2:	f104 000b 	add.w	r0, r4, #11
 800c6e6:	1d23      	adds	r3, r4, #4
 800c6e8:	f020 0007 	bic.w	r0, r0, #7
 800c6ec:	1ac2      	subs	r2, r0, r3
 800c6ee:	bf1c      	itt	ne
 800c6f0:	1a1b      	subne	r3, r3, r0
 800c6f2:	50a3      	strne	r3, [r4, r2]
 800c6f4:	e7b3      	b.n	800c65e <_malloc_r+0x22>
 800c6f6:	6862      	ldr	r2, [r4, #4]
 800c6f8:	42a3      	cmp	r3, r4
 800c6fa:	bf0c      	ite	eq
 800c6fc:	603a      	streq	r2, [r7, #0]
 800c6fe:	605a      	strne	r2, [r3, #4]
 800c700:	e7ec      	b.n	800c6dc <_malloc_r+0xa0>
 800c702:	4623      	mov	r3, r4
 800c704:	6864      	ldr	r4, [r4, #4]
 800c706:	e7b1      	b.n	800c66c <_malloc_r+0x30>
 800c708:	4644      	mov	r4, r8
 800c70a:	f8d8 8004 	ldr.w	r8, [r8, #4]
 800c70e:	e7b7      	b.n	800c680 <_malloc_r+0x44>
 800c710:	461a      	mov	r2, r3
 800c712:	685b      	ldr	r3, [r3, #4]
 800c714:	42a3      	cmp	r3, r4
 800c716:	d1fb      	bne.n	800c710 <_malloc_r+0xd4>
 800c718:	2300      	movs	r3, #0
 800c71a:	6053      	str	r3, [r2, #4]
 800c71c:	e7de      	b.n	800c6dc <_malloc_r+0xa0>
 800c71e:	230c      	movs	r3, #12
 800c720:	6033      	str	r3, [r6, #0]
 800c722:	4630      	mov	r0, r6
 800c724:	f000 f80c 	bl	800c740 <__malloc_unlock>
 800c728:	e798      	b.n	800c65c <_malloc_r+0x20>
 800c72a:	6005      	str	r5, [r0, #0]
 800c72c:	e7d6      	b.n	800c6dc <_malloc_r+0xa0>
 800c72e:	bf00      	nop
 800c730:	200022a4 	.word	0x200022a4

0800c734 <__malloc_lock>:
 800c734:	4801      	ldr	r0, [pc, #4]	@ (800c73c <__malloc_lock+0x8>)
 800c736:	f000 b86d 	b.w	800c814 <__retarget_lock_acquire_recursive>
 800c73a:	bf00      	nop
 800c73c:	200023e4 	.word	0x200023e4

0800c740 <__malloc_unlock>:
 800c740:	4801      	ldr	r0, [pc, #4]	@ (800c748 <__malloc_unlock+0x8>)
 800c742:	f000 b868 	b.w	800c816 <__retarget_lock_release_recursive>
 800c746:	bf00      	nop
 800c748:	200023e4 	.word	0x200023e4

0800c74c <siprintf>:
 800c74c:	b40e      	push	{r1, r2, r3}
 800c74e:	b510      	push	{r4, lr}
 800c750:	b09d      	sub	sp, #116	@ 0x74
 800c752:	ab1f      	add	r3, sp, #124	@ 0x7c
 800c754:	9002      	str	r0, [sp, #8]
 800c756:	9006      	str	r0, [sp, #24]
 800c758:	f06f 4100 	mvn.w	r1, #2147483648	@ 0x80000000
 800c75c:	480a      	ldr	r0, [pc, #40]	@ (800c788 <siprintf+0x3c>)
 800c75e:	9107      	str	r1, [sp, #28]
 800c760:	9104      	str	r1, [sp, #16]
 800c762:	490a      	ldr	r1, [pc, #40]	@ (800c78c <siprintf+0x40>)
 800c764:	f853 2b04 	ldr.w	r2, [r3], #4
 800c768:	9105      	str	r1, [sp, #20]
 800c76a:	2400      	movs	r4, #0
 800c76c:	a902      	add	r1, sp, #8
 800c76e:	6800      	ldr	r0, [r0, #0]
 800c770:	9301      	str	r3, [sp, #4]
 800c772:	941b      	str	r4, [sp, #108]	@ 0x6c
 800c774:	f000 f90a 	bl	800c98c <_svfiprintf_r>
 800c778:	9b02      	ldr	r3, [sp, #8]
 800c77a:	701c      	strb	r4, [r3, #0]
 800c77c:	b01d      	add	sp, #116	@ 0x74
 800c77e:	e8bd 4010 	ldmia.w	sp!, {r4, lr}
 800c782:	b003      	add	sp, #12
 800c784:	4770      	bx	lr
 800c786:	bf00      	nop
 800c788:	20000174 	.word	0x20000174
 800c78c:	ffff0208 	.word	0xffff0208

0800c790 <memset>:
 800c790:	4402      	add	r2, r0
 800c792:	4603      	mov	r3, r0
 800c794:	4293      	cmp	r3, r2
 800c796:	d100      	bne.n	800c79a <memset+0xa>
 800c798:	4770      	bx	lr
 800c79a:	f803 1b01 	strb.w	r1, [r3], #1
 800c79e:	e7f9      	b.n	800c794 <memset+0x4>

0800c7a0 <_sbrk_r>:
 800c7a0:	b538      	push	{r3, r4, r5, lr}
 800c7a2:	4c06      	ldr	r4, [pc, #24]	@ (800c7bc <_sbrk_r+0x1c>)
 800c7a4:	2300      	movs	r3, #0
 800c7a6:	4605      	mov	r5, r0
 800c7a8:	4608      	mov	r0, r1
 800c7aa:	6023      	str	r3, [r4, #0]
 800c7ac:	f7fe f878 	bl	800a8a0 <_sbrk>
 800c7b0:	1c43      	adds	r3, r0, #1
 800c7b2:	d102      	bne.n	800c7ba <_sbrk_r+0x1a>
 800c7b4:	6823      	ldr	r3, [r4, #0]
 800c7b6:	b103      	cbz	r3, 800c7ba <_sbrk_r+0x1a>
 800c7b8:	602b      	str	r3, [r5, #0]
 800c7ba:	bd38      	pop	{r3, r4, r5, pc}
 800c7bc:	200023e0 	.word	0x200023e0

0800c7c0 <__errno>:
 800c7c0:	4b01      	ldr	r3, [pc, #4]	@ (800c7c8 <__errno+0x8>)
 800c7c2:	6818      	ldr	r0, [r3, #0]
 800c7c4:	4770      	bx	lr
 800c7c6:	bf00      	nop
 800c7c8:	20000174 	.word	0x20000174

0800c7cc <__libc_init_array>:
 800c7cc:	b570      	push	{r4, r5, r6, lr}
 800c7ce:	4b0d      	ldr	r3, [pc, #52]	@ (800c804 <__libc_init_array+0x38>)
 800c7d0:	4c0d      	ldr	r4, [pc, #52]	@ (800c808 <__libc_init_array+0x3c>)
 800c7d2:	2600      	movs	r6, #0
 800c7d4:	1b1d      	subs	r5, r3, r4
 800c7d6:	ebb6 0fa5 	cmp.w	r6, r5, asr #2
 800c7da:	d109      	bne.n	800c7f0 <__libc_init_array+0x24>
 800c7dc:	f001 f80c 	bl	800d7f8 <_init>
 800c7e0:	4c0a      	ldr	r4, [pc, #40]	@ (800c80c <__libc_init_array+0x40>)
 800c7e2:	4b0b      	ldr	r3, [pc, #44]	@ (800c810 <__libc_init_array+0x44>)
 800c7e4:	2600      	movs	r6, #0
 800c7e6:	1b1d      	subs	r5, r3, r4
 800c7e8:	ebb6 0fa5 	cmp.w	r6, r5, asr #2
 800c7ec:	d105      	bne.n	800c7fa <__libc_init_array+0x2e>
 800c7ee:	bd70      	pop	{r4, r5, r6, pc}
 800c7f0:	f854 3b04 	ldr.w	r3, [r4], #4
 800c7f4:	4798      	blx	r3
 800c7f6:	3601      	adds	r6, #1
 800c7f8:	e7ed      	b.n	800c7d6 <__libc_init_array+0xa>
 800c7fa:	f854 3b04 	ldr.w	r3, [r4], #4
 800c7fe:	4798      	blx	r3
 800c800:	3601      	adds	r6, #1
 800c802:	e7f1      	b.n	800c7e8 <__libc_init_array+0x1c>
 800c804:	0800dbf8 	.word	0x0800dbf8
 800c808:	0800dbf8 	.word	0x0800dbf8
 800c80c:	0800dbf8 	.word	0x0800dbf8
 800c810:	0800dbfc 	.word	0x0800dbfc

0800c814 <__retarget_lock_acquire_recursive>:
 800c814:	4770      	bx	lr

0800c816 <__retarget_lock_release_recursive>:
 800c816:	4770      	bx	lr

0800c818 <memcpy>:
 800c818:	440a      	add	r2, r1
 800c81a:	4291      	cmp	r1, r2
 800c81c:	f100 33ff 	add.w	r3, r0, #4294967295
 800c820:	d100      	bne.n	800c824 <memcpy+0xc>
 800c822:	4770      	bx	lr
 800c824:	b510      	push	{r4, lr}
 800c826:	f811 4b01 	ldrb.w	r4, [r1], #1
 800c82a:	f803 4f01 	strb.w	r4, [r3, #1]!
 800c82e:	4291      	cmp	r1, r2
 800c830:	d1f9      	bne.n	800c826 <memcpy+0xe>
 800c832:	bd10      	pop	{r4, pc}

0800c834 <_free_r>:
 800c834:	b537      	push	{r0, r1, r2, r4, r5, lr}
 800c836:	2900      	cmp	r1, #0
 800c838:	d044      	beq.n	800c8c4 <_free_r+0x90>
 800c83a:	f851 3c04 	ldr.w	r3, [r1, #-4]
 800c83e:	9001      	str	r0, [sp, #4]
 800c840:	2b00      	cmp	r3, #0
 800c842:	f1a1 0404 	sub.w	r4, r1, #4
 800c846:	bfb8      	it	lt
 800c848:	18e4      	addlt	r4, r4, r3
 800c84a:	f7ff ff73 	bl	800c734 <__malloc_lock>
 800c84e:	4a1e      	ldr	r2, [pc, #120]	@ (800c8c8 <_free_r+0x94>)
 800c850:	9801      	ldr	r0, [sp, #4]
 800c852:	6813      	ldr	r3, [r2, #0]
 800c854:	b933      	cbnz	r3, 800c864 <_free_r+0x30>
 800c856:	6063      	str	r3, [r4, #4]
 800c858:	6014      	str	r4, [r2, #0]
 800c85a:	b003      	add	sp, #12
 800c85c:	e8bd 4030 	ldmia.w	sp!, {r4, r5, lr}
 800c860:	f7ff bf6e 	b.w	800c740 <__malloc_unlock>
 800c864:	42a3      	cmp	r3, r4
 800c866:	d908      	bls.n	800c87a <_free_r+0x46>
 800c868:	6825      	ldr	r5, [r4, #0]
 800c86a:	1961      	adds	r1, r4, r5
 800c86c:	428b      	cmp	r3, r1
 800c86e:	bf01      	itttt	eq
 800c870:	6819      	ldreq	r1, [r3, #0]
 800c872:	685b      	ldreq	r3, [r3, #4]
 800c874:	1949      	addeq	r1, r1, r5
 800c876:	6021      	streq	r1, [r4, #0]
 800c878:	e7ed      	b.n	800c856 <_free_r+0x22>
 800c87a:	461a      	mov	r2, r3
 800c87c:	685b      	ldr	r3, [r3, #4]
 800c87e:	b10b      	cbz	r3, 800c884 <_free_r+0x50>
 800c880:	42a3      	cmp	r3, r4
 800c882:	d9fa      	bls.n	800c87a <_free_r+0x46>
 800c884:	6811      	ldr	r1, [r2, #0]
 800c886:	1855      	adds	r5, r2, r1
 800c888:	42a5      	cmp	r5, r4
 800c88a:	d10b      	bne.n	800c8a4 <_free_r+0x70>
 800c88c:	6824      	ldr	r4, [r4, #0]
 800c88e:	4421      	add	r1, r4
 800c890:	1854      	adds	r4, r2, r1
 800c892:	42a3      	cmp	r3, r4
 800c894:	6011      	str	r1, [r2, #0]
 800c896:	d1e0      	bne.n	800c85a <_free_r+0x26>
 800c898:	681c      	ldr	r4, [r3, #0]
 800c89a:	685b      	ldr	r3, [r3, #4]
 800c89c:	6053      	str	r3, [r2, #4]
 800c89e:	440c      	add	r4, r1
 800c8a0:	6014      	str	r4, [r2, #0]
 800c8a2:	e7da      	b.n	800c85a <_free_r+0x26>
 800c8a4:	d902      	bls.n	800c8ac <_free_r+0x78>
 800c8a6:	230c      	movs	r3, #12
 800c8a8:	6003      	str	r3, [r0, #0]
 800c8aa:	e7d6      	b.n	800c85a <_free_r+0x26>
 800c8ac:	6825      	ldr	r5, [r4, #0]
 800c8ae:	1961      	adds	r1, r4, r5
 800c8b0:	428b      	cmp	r3, r1
 800c8b2:	bf04      	itt	eq
 800c8b4:	6819      	ldreq	r1, [r3, #0]
 800c8b6:	685b      	ldreq	r3, [r3, #4]
 800c8b8:	6063      	str	r3, [r4, #4]
 800c8ba:	bf04      	itt	eq
 800c8bc:	1949      	addeq	r1, r1, r5
 800c8be:	6021      	streq	r1, [r4, #0]
 800c8c0:	6054      	str	r4, [r2, #4]
 800c8c2:	e7ca      	b.n	800c85a <_free_r+0x26>
 800c8c4:	b003      	add	sp, #12
 800c8c6:	bd30      	pop	{r4, r5, pc}
 800c8c8:	200022a4 	.word	0x200022a4

0800c8cc <__ssputs_r>:
 800c8cc:	e92d 47f0 	stmdb	sp!, {r4, r5, r6, r7, r8, r9, sl, lr}
 800c8d0:	688e      	ldr	r6, [r1, #8]
 800c8d2:	461f      	mov	r7, r3
 800c8d4:	42be      	cmp	r6, r7
 800c8d6:	4682      	mov	sl, r0
 800c8d8:	460c      	mov	r4, r1
 800c8da:	4690      	mov	r8, r2
 800c8dc:	4633      	mov	r3, r6
 800c8de:	d853      	bhi.n	800c988 <__ssputs_r+0xbc>
 800c8e0:	f9b1 000c 	ldrsh.w	r0, [r1, #12]
 800c8e4:	f410 6f90 	tst.w	r0, #1152	@ 0x480
 800c8e8:	d02b      	beq.n	800c942 <__ssputs_r+0x76>
 800c8ea:	6965      	ldr	r5, [r4, #20]
 800c8ec:	6823      	ldr	r3, [r4, #0]
 800c8ee:	6909      	ldr	r1, [r1, #16]
 800c8f0:	eb05 0545 	add.w	r5, r5, r5, lsl #1
 800c8f4:	eba3 0901 	sub.w	r9, r3, r1
 800c8f8:	eb05 75d5 	add.w	r5, r5, r5, lsr #31
 800c8fc:	1c7b      	adds	r3, r7, #1
 800c8fe:	106d      	asrs	r5, r5, #1
 800c900:	444b      	add	r3, r9
 800c902:	42ab      	cmp	r3, r5
 800c904:	462a      	mov	r2, r5
 800c906:	bf84      	itt	hi
 800c908:	461d      	movhi	r5, r3
 800c90a:	462a      	movhi	r2, r5
 800c90c:	0543      	lsls	r3, r0, #21
 800c90e:	d527      	bpl.n	800c960 <__ssputs_r+0x94>
 800c910:	4611      	mov	r1, r2
 800c912:	4650      	mov	r0, sl
 800c914:	f7ff fe92 	bl	800c63c <_malloc_r>
 800c918:	4606      	mov	r6, r0
 800c91a:	b358      	cbz	r0, 800c974 <__ssputs_r+0xa8>
 800c91c:	6921      	ldr	r1, [r4, #16]
 800c91e:	464a      	mov	r2, r9
 800c920:	f7ff ff7a 	bl	800c818 <memcpy>
 800c924:	89a3      	ldrh	r3, [r4, #12]
 800c926:	f423 6390 	bic.w	r3, r3, #1152	@ 0x480
 800c92a:	f043 0380 	orr.w	r3, r3, #128	@ 0x80
 800c92e:	81a3      	strh	r3, [r4, #12]
 800c930:	6126      	str	r6, [r4, #16]
 800c932:	6165      	str	r5, [r4, #20]
 800c934:	444e      	add	r6, r9
 800c936:	eba5 0509 	sub.w	r5, r5, r9
 800c93a:	6026      	str	r6, [r4, #0]
 800c93c:	60a5      	str	r5, [r4, #8]
 800c93e:	463e      	mov	r6, r7
 800c940:	463b      	mov	r3, r7
 800c942:	461f      	mov	r7, r3
 800c944:	6820      	ldr	r0, [r4, #0]
 800c946:	463a      	mov	r2, r7
 800c948:	4641      	mov	r1, r8
 800c94a:	f000 fab7 	bl	800cebc <memmove>
 800c94e:	68a3      	ldr	r3, [r4, #8]
 800c950:	1b9b      	subs	r3, r3, r6
 800c952:	60a3      	str	r3, [r4, #8]
 800c954:	6823      	ldr	r3, [r4, #0]
 800c956:	443b      	add	r3, r7
 800c958:	6023      	str	r3, [r4, #0]
 800c95a:	2000      	movs	r0, #0
 800c95c:	e8bd 87f0 	ldmia.w	sp!, {r4, r5, r6, r7, r8, r9, sl, pc}
 800c960:	4650      	mov	r0, sl
 800c962:	f000 fac4 	bl	800ceee <_realloc_r>
 800c966:	4606      	mov	r6, r0
 800c968:	2800      	cmp	r0, #0
 800c96a:	d1e1      	bne.n	800c930 <__ssputs_r+0x64>
 800c96c:	6921      	ldr	r1, [r4, #16]
 800c96e:	4650      	mov	r0, sl
 800c970:	f7ff ff60 	bl	800c834 <_free_r>
 800c974:	230c      	movs	r3, #12
 800c976:	f8ca 3000 	str.w	r3, [sl]
 800c97a:	89a3      	ldrh	r3, [r4, #12]
 800c97c:	f043 0340 	orr.w	r3, r3, #64	@ 0x40
 800c980:	81a3      	strh	r3, [r4, #12]
 800c982:	f04f 30ff 	mov.w	r0, #4294967295
 800c986:	e7e9      	b.n	800c95c <__ssputs_r+0x90>
 800c988:	463e      	mov	r6, r7
 800c98a:	e7db      	b.n	800c944 <__ssputs_r+0x78>

0800c98c <_svfiprintf_r>:
 800c98c:	e92d 47f0 	stmdb	sp!, {r4, r5, r6, r7, r8, r9, sl, lr}
 800c990:	461f      	mov	r7, r3
 800c992:	898b      	ldrh	r3, [r1, #12]
 800c994:	061b      	lsls	r3, r3, #24
 800c996:	b09c      	sub	sp, #112	@ 0x70
 800c998:	4606      	mov	r6, r0
 800c99a:	460d      	mov	r5, r1
 800c99c:	4614      	mov	r4, r2
 800c99e:	d510      	bpl.n	800c9c2 <_svfiprintf_r+0x36>
 800c9a0:	690b      	ldr	r3, [r1, #16]
 800c9a2:	b973      	cbnz	r3, 800c9c2 <_svfiprintf_r+0x36>
 800c9a4:	2140      	movs	r1, #64	@ 0x40
 800c9a6:	f7ff fe49 	bl	800c63c <_malloc_r>
 800c9aa:	6028      	str	r0, [r5, #0]
 800c9ac:	6128      	str	r0, [r5, #16]
 800c9ae:	b930      	cbnz	r0, 800c9be <_svfiprintf_r+0x32>
 800c9b0:	230c      	movs	r3, #12
 800c9b2:	6033      	str	r3, [r6, #0]
 800c9b4:	f04f 30ff 	mov.w	r0, #4294967295
 800c9b8:	b01c      	add	sp, #112	@ 0x70
 800c9ba:	e8bd 87f0 	ldmia.w	sp!, {r4, r5, r6, r7, r8, r9, sl, pc}
 800c9be:	2340      	movs	r3, #64	@ 0x40
 800c9c0:	616b      	str	r3, [r5, #20]
 800c9c2:	2300      	movs	r3, #0
 800c9c4:	9309      	str	r3, [sp, #36]	@ 0x24
 800c9c6:	2320      	movs	r3, #32
 800c9c8:	f88d 3029 	strb.w	r3, [sp, #41]	@ 0x29
 800c9cc:	9703      	str	r7, [sp, #12]
 800c9ce:	2330      	movs	r3, #48	@ 0x30
 800c9d0:	4f65      	ldr	r7, [pc, #404]	@ (800cb68 <_svfiprintf_r+0x1dc>)
 800c9d2:	f88d 302a 	strb.w	r3, [sp, #42]	@ 0x2a
 800c9d6:	f04f 0801 	mov.w	r8, #1
 800c9da:	4623      	mov	r3, r4
 800c9dc:	781a      	ldrb	r2, [r3, #0]
 800c9de:	4699      	mov	r9, r3
 800c9e0:	b11a      	cbz	r2, 800c9ea <_svfiprintf_r+0x5e>
 800c9e2:	2a25      	cmp	r2, #37	@ 0x25
 800c9e4:	f103 0301 	add.w	r3, r3, #1
 800c9e8:	d1f8      	bne.n	800c9dc <_svfiprintf_r+0x50>
 800c9ea:	ebb9 0a04 	subs.w	sl, r9, r4
 800c9ee:	d00b      	beq.n	800ca08 <_svfiprintf_r+0x7c>
 800c9f0:	4653      	mov	r3, sl
 800c9f2:	4622      	mov	r2, r4
 800c9f4:	4629      	mov	r1, r5
 800c9f6:	4630      	mov	r0, r6
 800c9f8:	f7ff ff68 	bl	800c8cc <__ssputs_r>
 800c9fc:	3001      	adds	r0, #1
 800c9fe:	f000 80a3 	beq.w	800cb48 <_svfiprintf_r+0x1bc>
 800ca02:	9a09      	ldr	r2, [sp, #36]	@ 0x24
 800ca04:	4452      	add	r2, sl
 800ca06:	9209      	str	r2, [sp, #36]	@ 0x24
 800ca08:	f899 3000 	ldrb.w	r3, [r9]
 800ca0c:	2b00      	cmp	r3, #0
 800ca0e:	f000 809b 	beq.w	800cb48 <_svfiprintf_r+0x1bc>
 800ca12:	2200      	movs	r2, #0
 800ca14:	f04f 33ff 	mov.w	r3, #4294967295
 800ca18:	e9cd 3205 	strd	r3, r2, [sp, #20]
 800ca1c:	f109 0901 	add.w	r9, r9, #1
 800ca20:	9204      	str	r2, [sp, #16]
 800ca22:	9207      	str	r2, [sp, #28]
 800ca24:	f88d 2053 	strb.w	r2, [sp, #83]	@ 0x53
 800ca28:	921a      	str	r2, [sp, #104]	@ 0x68
 800ca2a:	464c      	mov	r4, r9
 800ca2c:	2205      	movs	r2, #5
 800ca2e:	f814 1b01 	ldrb.w	r1, [r4], #1
 800ca32:	484d      	ldr	r0, [pc, #308]	@ (800cb68 <_svfiprintf_r+0x1dc>)
 800ca34:	f7f3 fb8c 	bl	8000150 <memchr>
 800ca38:	9a04      	ldr	r2, [sp, #16]
 800ca3a:	b9d0      	cbnz	r0, 800ca72 <_svfiprintf_r+0xe6>
 800ca3c:	06d0      	lsls	r0, r2, #27
 800ca3e:	bf44      	itt	mi
 800ca40:	2320      	movmi	r3, #32
 800ca42:	f88d 3053 	strbmi.w	r3, [sp, #83]	@ 0x53
 800ca46:	0711      	lsls	r1, r2, #28
 800ca48:	bf44      	itt	mi
 800ca4a:	232b      	movmi	r3, #43	@ 0x2b
 800ca4c:	f88d 3053 	strbmi.w	r3, [sp, #83]	@ 0x53
 800ca50:	f899 3000 	ldrb.w	r3, [r9]
 800ca54:	2b2a      	cmp	r3, #42	@ 0x2a
 800ca56:	d013      	beq.n	800ca80 <_svfiprintf_r+0xf4>
 800ca58:	9907      	ldr	r1, [sp, #28]
 800ca5a:	464b      	mov	r3, r9
 800ca5c:	2000      	movs	r0, #0
 800ca5e:	f04f 0c0a 	mov.w	ip, #10
 800ca62:	781a      	ldrb	r2, [r3, #0]
 800ca64:	3a30      	subs	r2, #48	@ 0x30
 800ca66:	2a09      	cmp	r2, #9
 800ca68:	461c      	mov	r4, r3
 800ca6a:	d94a      	bls.n	800cb02 <_svfiprintf_r+0x176>
 800ca6c:	b1a8      	cbz	r0, 800ca9a <_svfiprintf_r+0x10e>
 800ca6e:	9107      	str	r1, [sp, #28]
 800ca70:	e013      	b.n	800ca9a <_svfiprintf_r+0x10e>
 800ca72:	1bc0      	subs	r0, r0, r7
 800ca74:	fa08 f000 	lsl.w	r0, r8, r0
 800ca78:	4310      	orrs	r0, r2
 800ca7a:	9004      	str	r0, [sp, #16]
 800ca7c:	46a1      	mov	r9, r4
 800ca7e:	e7d4      	b.n	800ca2a <_svfiprintf_r+0x9e>
 800ca80:	9b03      	ldr	r3, [sp, #12]
 800ca82:	1d19      	adds	r1, r3, #4
 800ca84:	681b      	ldr	r3, [r3, #0]
 800ca86:	9103      	str	r1, [sp, #12]
 800ca88:	2b00      	cmp	r3, #0
 800ca8a:	bfbb      	ittet	lt
 800ca8c:	425b      	neglt	r3, r3
 800ca8e:	f042 0202 	orrlt.w	r2, r2, #2
 800ca92:	9307      	strge	r3, [sp, #28]
 800ca94:	9307      	strlt	r3, [sp, #28]
 800ca96:	bfb8      	it	lt
 800ca98:	9204      	strlt	r2, [sp, #16]
 800ca9a:	7823      	ldrb	r3, [r4, #0]
 800ca9c:	2b2e      	cmp	r3, #46	@ 0x2e
 800ca9e:	d10a      	bne.n	800cab6 <_svfiprintf_r+0x12a>
 800caa0:	7863      	ldrb	r3, [r4, #1]
 800caa2:	2b2a      	cmp	r3, #42	@ 0x2a
 800caa4:	d132      	bne.n	800cb0c <_svfiprintf_r+0x180>
 800caa6:	9b03      	ldr	r3, [sp, #12]
 800caa8:	1d1a      	adds	r2, r3, #4
 800caaa:	681b      	ldr	r3, [r3, #0]
 800caac:	9203      	str	r2, [sp, #12]
 800caae:	ea43 73e3 	orr.w	r3, r3, r3, asr #31
 800cab2:	3402      	adds	r4, #2
 800cab4:	9305      	str	r3, [sp, #20]
 800cab6:	f8df 90c0 	ldr.w	r9, [pc, #192]	@ 800cb78 <_svfiprintf_r+0x1ec>
 800caba:	7821      	ldrb	r1, [r4, #0]
 800cabc:	2203      	movs	r2, #3
 800cabe:	4648      	mov	r0, r9
 800cac0:	f7f3 fb46 	bl	8000150 <memchr>
 800cac4:	b138      	cbz	r0, 800cad6 <_svfiprintf_r+0x14a>
 800cac6:	9b04      	ldr	r3, [sp, #16]
 800cac8:	eba0 0009 	sub.w	r0, r0, r9
 800cacc:	2240      	movs	r2, #64	@ 0x40
 800cace:	4082      	lsls	r2, r0
 800cad0:	4313      	orrs	r3, r2
 800cad2:	3401      	adds	r4, #1
 800cad4:	9304      	str	r3, [sp, #16]
 800cad6:	7821      	ldrb	r1, [r4, #0]
 800cad8:	4824      	ldr	r0, [pc, #144]	@ (800cb6c <_svfiprintf_r+0x1e0>)
 800cada:	f88d 1028 	strb.w	r1, [sp, #40]	@ 0x28
 800cade:	2206      	movs	r2, #6
 800cae0:	f7f3 fb36 	bl	8000150 <memchr>
 800cae4:	2800      	cmp	r0, #0
 800cae6:	d035      	beq.n	800cb54 <_svfiprintf_r+0x1c8>
 800cae8:	4821      	ldr	r0, [pc, #132]	@ (800cb70 <_svfiprintf_r+0x1e4>)
 800caea:	bb18      	cbnz	r0, 800cb34 <_svfiprintf_r+0x1a8>
 800caec:	9b03      	ldr	r3, [sp, #12]
 800caee:	3307      	adds	r3, #7
 800caf0:	f023 0307 	bic.w	r3, r3, #7
 800caf4:	3308      	adds	r3, #8
 800caf6:	9303      	str	r3, [sp, #12]
 800caf8:	9b09      	ldr	r3, [sp, #36]	@ 0x24
 800cafa:	4403      	add	r3, r0
 800cafc:	3401      	adds	r4, #1
 800cafe:	9309      	str	r3, [sp, #36]	@ 0x24
 800cb00:	e76b      	b.n	800c9da <_svfiprintf_r+0x4e>
 800cb02:	3301      	adds	r3, #1
 800cb04:	fb0c 2101 	mla	r1, ip, r1, r2
 800cb08:	2001      	movs	r0, #1
 800cb0a:	e7aa      	b.n	800ca62 <_svfiprintf_r+0xd6>
 800cb0c:	2300      	movs	r3, #0
 800cb0e:	9305      	str	r3, [sp, #20]
 800cb10:	1c61      	adds	r1, r4, #1
 800cb12:	4618      	mov	r0, r3
 800cb14:	f04f 0c0a 	mov.w	ip, #10
 800cb18:	780a      	ldrb	r2, [r1, #0]
 800cb1a:	3a30      	subs	r2, #48	@ 0x30
 800cb1c:	2a09      	cmp	r2, #9
 800cb1e:	460c      	mov	r4, r1
 800cb20:	d903      	bls.n	800cb2a <_svfiprintf_r+0x19e>
 800cb22:	2b00      	cmp	r3, #0
 800cb24:	d0c7      	beq.n	800cab6 <_svfiprintf_r+0x12a>
 800cb26:	9005      	str	r0, [sp, #20]
 800cb28:	e7c5      	b.n	800cab6 <_svfiprintf_r+0x12a>
 800cb2a:	3101      	adds	r1, #1
 800cb2c:	fb0c 2000 	mla	r0, ip, r0, r2
 800cb30:	2301      	movs	r3, #1
 800cb32:	e7f1      	b.n	800cb18 <_svfiprintf_r+0x18c>
 800cb34:	ab03      	add	r3, sp, #12
 800cb36:	9300      	str	r3, [sp, #0]
 800cb38:	462a      	mov	r2, r5
 800cb3a:	4b0e      	ldr	r3, [pc, #56]	@ (800cb74 <_svfiprintf_r+0x1e8>)
 800cb3c:	a904      	add	r1, sp, #16
 800cb3e:	4630      	mov	r0, r6
 800cb40:	f3af 8000 	nop.w
 800cb44:	1c42      	adds	r2, r0, #1
 800cb46:	d1d7      	bne.n	800caf8 <_svfiprintf_r+0x16c>
 800cb48:	89ab      	ldrh	r3, [r5, #12]
 800cb4a:	065b      	lsls	r3, r3, #25
 800cb4c:	f53f af32 	bmi.w	800c9b4 <_svfiprintf_r+0x28>
 800cb50:	9809      	ldr	r0, [sp, #36]	@ 0x24
 800cb52:	e731      	b.n	800c9b8 <_svfiprintf_r+0x2c>
 800cb54:	ab03      	add	r3, sp, #12
 800cb56:	9300      	str	r3, [sp, #0]
 800cb58:	462a      	mov	r2, r5
 800cb5a:	4b06      	ldr	r3, [pc, #24]	@ (800cb74 <_svfiprintf_r+0x1e8>)
 800cb5c:	a904      	add	r1, sp, #16
 800cb5e:	4630      	mov	r0, r6
 800cb60:	f000 f882 	bl	800cc68 <_printf_i>
 800cb64:	e7ee      	b.n	800cb44 <_svfiprintf_r+0x1b8>
 800cb66:	bf00      	nop
 800cb68:	0800db8c 	.word	0x0800db8c
 800cb6c:	0800db96 	.word	0x0800db96
 800cb70:	00000000 	.word	0x00000000
 800cb74:	0800c8cd 	.word	0x0800c8cd
 800cb78:	0800db92 	.word	0x0800db92

0800cb7c <_printf_common>:
 800cb7c:	e92d 47f0 	stmdb	sp!, {r4, r5, r6, r7, r8, r9, sl, lr}
 800cb80:	4691      	mov	r9, r2
 800cb82:	4698      	mov	r8, r3
 800cb84:	688a      	ldr	r2, [r1, #8]
 800cb86:	690b      	ldr	r3, [r1, #16]
 800cb88:	9e08      	ldr	r6, [sp, #32]
 800cb8a:	4293      	cmp	r3, r2
 800cb8c:	bfb8      	it	lt
 800cb8e:	4613      	movlt	r3, r2
 800cb90:	f8c9 3000 	str.w	r3, [r9]
 800cb94:	f891 2043 	ldrb.w	r2, [r1, #67]	@ 0x43
 800cb98:	4607      	mov	r7, r0
 800cb9a:	460c      	mov	r4, r1
 800cb9c:	b112      	cbz	r2, 800cba4 <_printf_common+0x28>
 800cb9e:	3301      	adds	r3, #1
 800cba0:	f8c9 3000 	str.w	r3, [r9]
 800cba4:	6823      	ldr	r3, [r4, #0]
 800cba6:	0699      	lsls	r1, r3, #26
 800cba8:	bf42      	ittt	mi
 800cbaa:	f8d9 3000 	ldrmi.w	r3, [r9]
 800cbae:	3302      	addmi	r3, #2
 800cbb0:	f8c9 3000 	strmi.w	r3, [r9]
 800cbb4:	6825      	ldr	r5, [r4, #0]
 800cbb6:	f015 0506 	ands.w	r5, r5, #6
 800cbba:	d107      	bne.n	800cbcc <_printf_common+0x50>
 800cbbc:	f104 0a19 	add.w	sl, r4, #25
 800cbc0:	68e3      	ldr	r3, [r4, #12]
 800cbc2:	f8d9 2000 	ldr.w	r2, [r9]
 800cbc6:	1a9b      	subs	r3, r3, r2
 800cbc8:	42ab      	cmp	r3, r5
 800cbca:	dc29      	bgt.n	800cc20 <_printf_common+0xa4>
 800cbcc:	f894 3043 	ldrb.w	r3, [r4, #67]	@ 0x43
 800cbd0:	6822      	ldr	r2, [r4, #0]
 800cbd2:	3b00      	subs	r3, #0
 800cbd4:	bf18      	it	ne
 800cbd6:	2301      	movne	r3, #1
 800cbd8:	0692      	lsls	r2, r2, #26
 800cbda:	d42e      	bmi.n	800cc3a <_printf_common+0xbe>
 800cbdc:	f104 0243 	add.w	r2, r4, #67	@ 0x43
 800cbe0:	4641      	mov	r1, r8
 800cbe2:	4638      	mov	r0, r7
 800cbe4:	47b0      	blx	r6
 800cbe6:	3001      	adds	r0, #1
 800cbe8:	d021      	beq.n	800cc2e <_printf_common+0xb2>
 800cbea:	6823      	ldr	r3, [r4, #0]
 800cbec:	68a1      	ldr	r1, [r4, #8]
 800cbee:	6922      	ldr	r2, [r4, #16]
 800cbf0:	f003 0306 	and.w	r3, r3, #6
 800cbf4:	2b04      	cmp	r3, #4
 800cbf6:	bf01      	itttt	eq
 800cbf8:	68e5      	ldreq	r5, [r4, #12]
 800cbfa:	f8d9 3000 	ldreq.w	r3, [r9]
 800cbfe:	1aed      	subeq	r5, r5, r3
 800cc00:	ea25 75e5 	biceq.w	r5, r5, r5, asr #31
 800cc04:	bf18      	it	ne
 800cc06:	2500      	movne	r5, #0
 800cc08:	1a8b      	subs	r3, r1, r2
 800cc0a:	442b      	add	r3, r5
 800cc0c:	4291      	cmp	r1, r2
 800cc0e:	bfc8      	it	gt
 800cc10:	461d      	movgt	r5, r3
 800cc12:	f04f 0900 	mov.w	r9, #0
 800cc16:	341a      	adds	r4, #26
 800cc18:	454d      	cmp	r5, r9
 800cc1a:	d11a      	bne.n	800cc52 <_printf_common+0xd6>
 800cc1c:	2000      	movs	r0, #0
 800cc1e:	e008      	b.n	800cc32 <_printf_common+0xb6>
 800cc20:	2301      	movs	r3, #1
 800cc22:	4652      	mov	r2, sl
 800cc24:	4641      	mov	r1, r8
 800cc26:	4638      	mov	r0, r7
 800cc28:	47b0      	blx	r6
 800cc2a:	3001      	adds	r0, #1
 800cc2c:	d103      	bne.n	800cc36 <_printf_common+0xba>
 800cc2e:	f04f 30ff 	mov.w	r0, #4294967295
 800cc32:	e8bd 87f0 	ldmia.w	sp!, {r4, r5, r6, r7, r8, r9, sl, pc}
 800cc36:	3501      	adds	r5, #1
 800cc38:	e7c2      	b.n	800cbc0 <_printf_common+0x44>
 800cc3a:	18e1      	adds	r1, r4, r3
 800cc3c:	1c5a      	adds	r2, r3, #1
 800cc3e:	2030      	movs	r0, #48	@ 0x30
 800cc40:	f881 0043 	strb.w	r0, [r1, #67]	@ 0x43
 800cc44:	4422      	add	r2, r4
 800cc46:	f894 1045 	ldrb.w	r1, [r4, #69]	@ 0x45
 800cc4a:	f882 1043 	strb.w	r1, [r2, #67]	@ 0x43
 800cc4e:	3302      	adds	r3, #2
 800cc50:	e7c4      	b.n	800cbdc <_printf_common+0x60>
 800cc52:	2301      	movs	r3, #1
 800cc54:	4622      	mov	r2, r4
 800cc56:	4641      	mov	r1, r8
 800cc58:	4638      	mov	r0, r7
 800cc5a:	47b0      	blx	r6
 800cc5c:	3001      	adds	r0, #1
 800cc5e:	d0e6      	beq.n	800cc2e <_printf_common+0xb2>
 800cc60:	f109 0901 	add.w	r9, r9, #1
 800cc64:	e7d8      	b.n	800cc18 <_printf_common+0x9c>
	...

0800cc68 <_printf_i>:
 800cc68:	e92d 43f0 	stmdb	sp!, {r4, r5, r6, r7, r8, r9, lr}
 800cc6c:	4698      	mov	r8, r3
 800cc6e:	7e0b      	ldrb	r3, [r1, #24]
 800cc70:	b085      	sub	sp, #20
 800cc72:	2b78      	cmp	r3, #120	@ 0x78
 800cc74:	4617      	mov	r7, r2
 800cc76:	4606      	mov	r6, r0
 800cc78:	9a0c      	ldr	r2, [sp, #48]	@ 0x30
 800cc7a:	460c      	mov	r4, r1
 800cc7c:	d809      	bhi.n	800cc92 <_printf_i+0x2a>
 800cc7e:	2b62      	cmp	r3, #98	@ 0x62
 800cc80:	f101 0143 	add.w	r1, r1, #67	@ 0x43
 800cc84:	d808      	bhi.n	800cc98 <_printf_i+0x30>
 800cc86:	2b00      	cmp	r3, #0
 800cc88:	f000 80dc 	beq.w	800ce44 <_printf_i+0x1dc>
 800cc8c:	2b58      	cmp	r3, #88	@ 0x58
 800cc8e:	f000 80bd 	beq.w	800ce0c <_printf_i+0x1a4>
 800cc92:	f104 0542 	add.w	r5, r4, #66	@ 0x42
 800cc96:	e039      	b.n	800cd0c <_printf_i+0xa4>
 800cc98:	f1a3 0063 	sub.w	r0, r3, #99	@ 0x63
 800cc9c:	2815      	cmp	r0, #21
 800cc9e:	d8f8      	bhi.n	800cc92 <_printf_i+0x2a>
 800cca0:	a501      	add	r5, pc, #4	@ (adr r5, 800cca8 <_printf_i+0x40>)
 800cca2:	f855 f020 	ldr.w	pc, [r5, r0, lsl #2]
 800cca6:	bf00      	nop
 800cca8:	0800cd01 	.word	0x0800cd01
 800ccac:	0800cd15 	.word	0x0800cd15
 800ccb0:	0800cc93 	.word	0x0800cc93
 800ccb4:	0800cc93 	.word	0x0800cc93
 800ccb8:	0800cc93 	.word	0x0800cc93
 800ccbc:	0800cc93 	.word	0x0800cc93
 800ccc0:	0800cd15 	.word	0x0800cd15
 800ccc4:	0800cc93 	.word	0x0800cc93
 800ccc8:	0800cc93 	.word	0x0800cc93
 800cccc:	0800cc93 	.word	0x0800cc93
 800ccd0:	0800cc93 	.word	0x0800cc93
 800ccd4:	0800ce25 	.word	0x0800ce25
 800ccd8:	0800cd41 	.word	0x0800cd41
 800ccdc:	0800cdd3 	.word	0x0800cdd3
 800cce0:	0800cc93 	.word	0x0800cc93
 800cce4:	0800cc93 	.word	0x0800cc93
 800cce8:	0800ce4d 	.word	0x0800ce4d
 800ccec:	0800cc93 	.word	0x0800cc93
 800ccf0:	0800cd41 	.word	0x0800cd41
 800ccf4:	0800cc93 	.word	0x0800cc93
 800ccf8:	0800cc93 	.word	0x0800cc93
 800ccfc:	0800cddb 	.word	0x0800cddb
 800cd00:	6813      	ldr	r3, [r2, #0]
 800cd02:	1d19      	adds	r1, r3, #4
 800cd04:	681b      	ldr	r3, [r3, #0]
 800cd06:	6011      	str	r1, [r2, #0]
 800cd08:	f104 0542 	add.w	r5, r4, #66	@ 0x42
 800cd0c:	f884 3042 	strb.w	r3, [r4, #66]	@ 0x42
 800cd10:	2301      	movs	r3, #1
 800cd12:	e0a8      	b.n	800ce66 <_printf_i+0x1fe>
 800cd14:	6813      	ldr	r3, [r2, #0]
 800cd16:	6825      	ldr	r5, [r4, #0]
 800cd18:	1d18      	adds	r0, r3, #4
 800cd1a:	6010      	str	r0, [r2, #0]
 800cd1c:	0628      	lsls	r0, r5, #24
 800cd1e:	d501      	bpl.n	800cd24 <_printf_i+0xbc>
 800cd20:	681b      	ldr	r3, [r3, #0]
 800cd22:	e003      	b.n	800cd2c <_printf_i+0xc4>
 800cd24:	066a      	lsls	r2, r5, #25
 800cd26:	d5fb      	bpl.n	800cd20 <_printf_i+0xb8>
 800cd28:	f9b3 3000 	ldrsh.w	r3, [r3]
 800cd2c:	2b00      	cmp	r3, #0
 800cd2e:	da03      	bge.n	800cd38 <_printf_i+0xd0>
 800cd30:	222d      	movs	r2, #45	@ 0x2d
 800cd32:	425b      	negs	r3, r3
 800cd34:	f884 2043 	strb.w	r2, [r4, #67]	@ 0x43
 800cd38:	f8df c178 	ldr.w	ip, [pc, #376]	@ 800ceb4 <_printf_i+0x24c>
 800cd3c:	220a      	movs	r2, #10
 800cd3e:	e013      	b.n	800cd68 <_printf_i+0x100>
 800cd40:	6825      	ldr	r5, [r4, #0]
 800cd42:	6810      	ldr	r0, [r2, #0]
 800cd44:	f015 0f80 	tst.w	r5, #128	@ 0x80
 800cd48:	f850 3b04 	ldr.w	r3, [r0], #4
 800cd4c:	d102      	bne.n	800cd54 <_printf_i+0xec>
 800cd4e:	066d      	lsls	r5, r5, #25
 800cd50:	bf48      	it	mi
 800cd52:	b29b      	uxthmi	r3, r3
 800cd54:	6010      	str	r0, [r2, #0]
 800cd56:	7e22      	ldrb	r2, [r4, #24]
 800cd58:	f8df c158 	ldr.w	ip, [pc, #344]	@ 800ceb4 <_printf_i+0x24c>
 800cd5c:	2a6f      	cmp	r2, #111	@ 0x6f
 800cd5e:	d15d      	bne.n	800ce1c <_printf_i+0x1b4>
 800cd60:	2208      	movs	r2, #8
 800cd62:	2000      	movs	r0, #0
 800cd64:	f884 0043 	strb.w	r0, [r4, #67]	@ 0x43
 800cd68:	6865      	ldr	r5, [r4, #4]
 800cd6a:	60a5      	str	r5, [r4, #8]
 800cd6c:	2d00      	cmp	r5, #0
 800cd6e:	db05      	blt.n	800cd7c <_printf_i+0x114>
 800cd70:	6820      	ldr	r0, [r4, #0]
 800cd72:	431d      	orrs	r5, r3
 800cd74:	f020 0004 	bic.w	r0, r0, #4
 800cd78:	6020      	str	r0, [r4, #0]
 800cd7a:	d051      	beq.n	800ce20 <_printf_i+0x1b8>
 800cd7c:	460d      	mov	r5, r1
 800cd7e:	fbb3 f0f2 	udiv	r0, r3, r2
 800cd82:	fb02 3e10 	mls	lr, r2, r0, r3
 800cd86:	429a      	cmp	r2, r3
 800cd88:	f81c e00e 	ldrb.w	lr, [ip, lr]
 800cd8c:	f805 ed01 	strb.w	lr, [r5, #-1]!
 800cd90:	4603      	mov	r3, r0
 800cd92:	d9f4      	bls.n	800cd7e <_printf_i+0x116>
 800cd94:	2a08      	cmp	r2, #8
 800cd96:	d10b      	bne.n	800cdb0 <_printf_i+0x148>
 800cd98:	6823      	ldr	r3, [r4, #0]
 800cd9a:	07da      	lsls	r2, r3, #31
 800cd9c:	d508      	bpl.n	800cdb0 <_printf_i+0x148>
 800cd9e:	6923      	ldr	r3, [r4, #16]
 800cda0:	6862      	ldr	r2, [r4, #4]
 800cda2:	429a      	cmp	r2, r3
 800cda4:	bfde      	ittt	le
 800cda6:	2330      	movle	r3, #48	@ 0x30
 800cda8:	f805 3c01 	strble.w	r3, [r5, #-1]
 800cdac:	f105 35ff 	addle.w	r5, r5, #4294967295
 800cdb0:	1b49      	subs	r1, r1, r5
 800cdb2:	6121      	str	r1, [r4, #16]
 800cdb4:	f8cd 8000 	str.w	r8, [sp]
 800cdb8:	463b      	mov	r3, r7
 800cdba:	aa03      	add	r2, sp, #12
 800cdbc:	4621      	mov	r1, r4
 800cdbe:	4630      	mov	r0, r6
 800cdc0:	f7ff fedc 	bl	800cb7c <_printf_common>
 800cdc4:	3001      	adds	r0, #1
 800cdc6:	d153      	bne.n	800ce70 <_printf_i+0x208>
 800cdc8:	f04f 30ff 	mov.w	r0, #4294967295
 800cdcc:	b005      	add	sp, #20
 800cdce:	e8bd 83f0 	ldmia.w	sp!, {r4, r5, r6, r7, r8, r9, pc}
 800cdd2:	6823      	ldr	r3, [r4, #0]
 800cdd4:	f043 0320 	orr.w	r3, r3, #32
 800cdd8:	6023      	str	r3, [r4, #0]
 800cdda:	f8df c0dc 	ldr.w	ip, [pc, #220]	@ 800ceb8 <_printf_i+0x250>
 800cdde:	2378      	movs	r3, #120	@ 0x78
 800cde0:	f884 3045 	strb.w	r3, [r4, #69]	@ 0x45
 800cde4:	6820      	ldr	r0, [r4, #0]
 800cde6:	6815      	ldr	r5, [r2, #0]
 800cde8:	f010 0f80 	tst.w	r0, #128	@ 0x80
 800cdec:	f855 3b04 	ldr.w	r3, [r5], #4
 800cdf0:	d103      	bne.n	800cdfa <_printf_i+0x192>
 800cdf2:	f010 0f40 	tst.w	r0, #64	@ 0x40
 800cdf6:	bf18      	it	ne
 800cdf8:	b29b      	uxthne	r3, r3
 800cdfa:	6015      	str	r5, [r2, #0]
 800cdfc:	07c5      	lsls	r5, r0, #31
 800cdfe:	bf44      	itt	mi
 800ce00:	f040 0020 	orrmi.w	r0, r0, #32
 800ce04:	6020      	strmi	r0, [r4, #0]
 800ce06:	b123      	cbz	r3, 800ce12 <_printf_i+0x1aa>
 800ce08:	2210      	movs	r2, #16
 800ce0a:	e7aa      	b.n	800cd62 <_printf_i+0xfa>
 800ce0c:	f8df c0a4 	ldr.w	ip, [pc, #164]	@ 800ceb4 <_printf_i+0x24c>
 800ce10:	e7e6      	b.n	800cde0 <_printf_i+0x178>
 800ce12:	6822      	ldr	r2, [r4, #0]
 800ce14:	f022 0220 	bic.w	r2, r2, #32
 800ce18:	6022      	str	r2, [r4, #0]
 800ce1a:	e7f5      	b.n	800ce08 <_printf_i+0x1a0>
 800ce1c:	220a      	movs	r2, #10
 800ce1e:	e7a0      	b.n	800cd62 <_printf_i+0xfa>
 800ce20:	460d      	mov	r5, r1
 800ce22:	e7b7      	b.n	800cd94 <_printf_i+0x12c>
 800ce24:	6813      	ldr	r3, [r2, #0]
 800ce26:	f8d4 c000 	ldr.w	ip, [r4]
 800ce2a:	6960      	ldr	r0, [r4, #20]
 800ce2c:	1d1d      	adds	r5, r3, #4
 800ce2e:	6015      	str	r5, [r2, #0]
 800ce30:	f01c 0f80 	tst.w	ip, #128	@ 0x80
 800ce34:	681b      	ldr	r3, [r3, #0]
 800ce36:	d001      	beq.n	800ce3c <_printf_i+0x1d4>
 800ce38:	6018      	str	r0, [r3, #0]
 800ce3a:	e003      	b.n	800ce44 <_printf_i+0x1dc>
 800ce3c:	f01c 0f40 	tst.w	ip, #64	@ 0x40
 800ce40:	d0fa      	beq.n	800ce38 <_printf_i+0x1d0>
 800ce42:	8018      	strh	r0, [r3, #0]
 800ce44:	2300      	movs	r3, #0
 800ce46:	6123      	str	r3, [r4, #16]
 800ce48:	460d      	mov	r5, r1
 800ce4a:	e7b3      	b.n	800cdb4 <_printf_i+0x14c>
 800ce4c:	6813      	ldr	r3, [r2, #0]
 800ce4e:	1d19      	adds	r1, r3, #4
 800ce50:	6011      	str	r1, [r2, #0]
 800ce52:	681d      	ldr	r5, [r3, #0]
 800ce54:	6862      	ldr	r2, [r4, #4]
 800ce56:	2100      	movs	r1, #0
 800ce58:	4628      	mov	r0, r5
 800ce5a:	f7f3 f979 	bl	8000150 <memchr>
 800ce5e:	b108      	cbz	r0, 800ce64 <_printf_i+0x1fc>
 800ce60:	1b40      	subs	r0, r0, r5
 800ce62:	6060      	str	r0, [r4, #4]
 800ce64:	6863      	ldr	r3, [r4, #4]
 800ce66:	6123      	str	r3, [r4, #16]
 800ce68:	2300      	movs	r3, #0
 800ce6a:	f884 3043 	strb.w	r3, [r4, #67]	@ 0x43
 800ce6e:	e7a1      	b.n	800cdb4 <_printf_i+0x14c>
 800ce70:	6923      	ldr	r3, [r4, #16]
 800ce72:	462a      	mov	r2, r5
 800ce74:	4639      	mov	r1, r7
 800ce76:	4630      	mov	r0, r6
 800ce78:	47c0      	blx	r8
 800ce7a:	3001      	adds	r0, #1
 800ce7c:	d0a4      	beq.n	800cdc8 <_printf_i+0x160>
 800ce7e:	6823      	ldr	r3, [r4, #0]
 800ce80:	079b      	lsls	r3, r3, #30
 800ce82:	d414      	bmi.n	800ceae <_printf_i+0x246>
 800ce84:	68e0      	ldr	r0, [r4, #12]
 800ce86:	9b03      	ldr	r3, [sp, #12]
 800ce88:	4298      	cmp	r0, r3
 800ce8a:	bfb8      	it	lt
 800ce8c:	4618      	movlt	r0, r3
 800ce8e:	e79d      	b.n	800cdcc <_printf_i+0x164>
 800ce90:	2301      	movs	r3, #1
 800ce92:	f104 0219 	add.w	r2, r4, #25
 800ce96:	4639      	mov	r1, r7
 800ce98:	4630      	mov	r0, r6
 800ce9a:	47c0      	blx	r8
 800ce9c:	3001      	adds	r0, #1
 800ce9e:	d093      	beq.n	800cdc8 <_printf_i+0x160>
 800cea0:	3501      	adds	r5, #1
 800cea2:	68e3      	ldr	r3, [r4, #12]
 800cea4:	9903      	ldr	r1, [sp, #12]
 800cea6:	1a5b      	subs	r3, r3, r1
 800cea8:	42ab      	cmp	r3, r5
 800ceaa:	dcf1      	bgt.n	800ce90 <_printf_i+0x228>
 800ceac:	e7ea      	b.n	800ce84 <_printf_i+0x21c>
 800ceae:	2500      	movs	r5, #0
 800ceb0:	e7f7      	b.n	800cea2 <_printf_i+0x23a>
 800ceb2:	bf00      	nop
 800ceb4:	0800db9d 	.word	0x0800db9d
 800ceb8:	0800dbae 	.word	0x0800dbae

0800cebc <memmove>:
 800cebc:	4288      	cmp	r0, r1
 800cebe:	b510      	push	{r4, lr}
 800cec0:	eb01 0402 	add.w	r4, r1, r2
 800cec4:	d902      	bls.n	800cecc <memmove+0x10>
 800cec6:	4284      	cmp	r4, r0
 800cec8:	4623      	mov	r3, r4
 800ceca:	d807      	bhi.n	800cedc <memmove+0x20>
 800cecc:	1e43      	subs	r3, r0, #1
 800cece:	42a1      	cmp	r1, r4
 800ced0:	d007      	beq.n	800cee2 <memmove+0x26>
 800ced2:	f811 2b01 	ldrb.w	r2, [r1], #1
 800ced6:	f803 2f01 	strb.w	r2, [r3, #1]!
 800ceda:	e7f8      	b.n	800cece <memmove+0x12>
 800cedc:	4402      	add	r2, r0
 800cede:	4282      	cmp	r2, r0
 800cee0:	d100      	bne.n	800cee4 <memmove+0x28>
 800cee2:	bd10      	pop	{r4, pc}
 800cee4:	f813 1d01 	ldrb.w	r1, [r3, #-1]!
 800cee8:	f802 1d01 	strb.w	r1, [r2, #-1]!
 800ceec:	e7f7      	b.n	800cede <memmove+0x22>

0800ceee <_realloc_r>:
 800ceee:	e92d 41f0 	stmdb	sp!, {r4, r5, r6, r7, r8, lr}
 800cef2:	4607      	mov	r7, r0
 800cef4:	4615      	mov	r5, r2
 800cef6:	460c      	mov	r4, r1
 800cef8:	b921      	cbnz	r1, 800cf04 <_realloc_r+0x16>
 800cefa:	e8bd 41f0 	ldmia.w	sp!, {r4, r5, r6, r7, r8, lr}
 800cefe:	4611      	mov	r1, r2
 800cf00:	f7ff bb9c 	b.w	800c63c <_malloc_r>
 800cf04:	b92a      	cbnz	r2, 800cf12 <_realloc_r+0x24>
 800cf06:	f7ff fc95 	bl	800c834 <_free_r>
 800cf0a:	462c      	mov	r4, r5
 800cf0c:	4620      	mov	r0, r4
 800cf0e:	e8bd 81f0 	ldmia.w	sp!, {r4, r5, r6, r7, r8, pc}
 800cf12:	f000 f81a 	bl	800cf4a <_malloc_usable_size_r>
 800cf16:	4285      	cmp	r5, r0
 800cf18:	4606      	mov	r6, r0
 800cf1a:	d802      	bhi.n	800cf22 <_realloc_r+0x34>
 800cf1c:	ebb5 0f50 	cmp.w	r5, r0, lsr #1
 800cf20:	d8f4      	bhi.n	800cf0c <_realloc_r+0x1e>
 800cf22:	4629      	mov	r1, r5
 800cf24:	4638      	mov	r0, r7
 800cf26:	f7ff fb89 	bl	800c63c <_malloc_r>
 800cf2a:	4680      	mov	r8, r0
 800cf2c:	b908      	cbnz	r0, 800cf32 <_realloc_r+0x44>
 800cf2e:	4644      	mov	r4, r8
 800cf30:	e7ec      	b.n	800cf0c <_realloc_r+0x1e>
 800cf32:	42b5      	cmp	r5, r6
 800cf34:	462a      	mov	r2, r5
 800cf36:	4621      	mov	r1, r4
 800cf38:	bf28      	it	cs
 800cf3a:	4632      	movcs	r2, r6
 800cf3c:	f7ff fc6c 	bl	800c818 <memcpy>
 800cf40:	4621      	mov	r1, r4
 800cf42:	4638      	mov	r0, r7
 800cf44:	f7ff fc76 	bl	800c834 <_free_r>
 800cf48:	e7f1      	b.n	800cf2e <_realloc_r+0x40>

0800cf4a <_malloc_usable_size_r>:
 800cf4a:	f851 3c04 	ldr.w	r3, [r1, #-4]
 800cf4e:	1f18      	subs	r0, r3, #4
 800cf50:	2b00      	cmp	r3, #0
 800cf52:	bfbc      	itt	lt
 800cf54:	580b      	ldrlt	r3, [r1, r0]
 800cf56:	18c0      	addlt	r0, r0, r3
 800cf58:	4770      	bx	lr
 800cf5a:	0000      	movs	r0, r0
 800cf5c:	0000      	movs	r0, r0
	...

0800cf60 <exp>:
 800cf60:	b508      	push	{r3, lr}
 800cf62:	ed2d 8b04 	vpush	{d8-d9}
 800cf66:	eeb0 9a40 	vmov.f32	s18, s0
 800cf6a:	eef0 9a60 	vmov.f32	s19, s1
 800cf6e:	f000 f8ab 	bl	800d0c8 <__ieee754_exp>
 800cf72:	eeb0 8a40 	vmov.f32	s16, s0
 800cf76:	eef0 8a60 	vmov.f32	s17, s1
 800cf7a:	eeb0 0a49 	vmov.f32	s0, s18
 800cf7e:	eef0 0a69 	vmov.f32	s1, s19
 800cf82:	f000 f83d 	bl	800d000 <finite>
 800cf86:	b178      	cbz	r0, 800cfa8 <exp+0x48>
 800cf88:	a319      	add	r3, pc, #100	@ (adr r3, 800cff0 <exp+0x90>)
 800cf8a:	e9d3 2300 	ldrd	r2, r3, [r3]
 800cf8e:	ec51 0b19 	vmov	r0, r1, d9
 800cf92:	f7f3 fd79 	bl	8000a88 <__aeabi_dcmpgt>
 800cf96:	b970      	cbnz	r0, 800cfb6 <exp+0x56>
 800cf98:	a317      	add	r3, pc, #92	@ (adr r3, 800cff8 <exp+0x98>)
 800cf9a:	e9d3 2300 	ldrd	r2, r3, [r3]
 800cf9e:	ec51 0b19 	vmov	r0, r1, d9
 800cfa2:	f7f3 fd53 	bl	8000a4c <__aeabi_dcmplt>
 800cfa6:	b998      	cbnz	r0, 800cfd0 <exp+0x70>
 800cfa8:	eeb0 0a48 	vmov.f32	s0, s16
 800cfac:	eef0 0a68 	vmov.f32	s1, s17
 800cfb0:	ecbd 8b04 	vpop	{d8-d9}
 800cfb4:	bd08      	pop	{r3, pc}
 800cfb6:	ed9f 8b0a 	vldr	d8, [pc, #40]	@ 800cfe0 <exp+0x80>
 800cfba:	f7ff fc01 	bl	800c7c0 <__errno>
 800cfbe:	eeb0 0a48 	vmov.f32	s0, s16
 800cfc2:	eef0 0a68 	vmov.f32	s1, s17
 800cfc6:	ecbd 8b04 	vpop	{d8-d9}
 800cfca:	2322      	movs	r3, #34	@ 0x22
 800cfcc:	6003      	str	r3, [r0, #0]
 800cfce:	bd08      	pop	{r3, pc}
 800cfd0:	f7ff fbf6 	bl	800c7c0 <__errno>
 800cfd4:	2322      	movs	r3, #34	@ 0x22
 800cfd6:	ed9f 8b04 	vldr	d8, [pc, #16]	@ 800cfe8 <exp+0x88>
 800cfda:	6003      	str	r3, [r0, #0]
 800cfdc:	e7e4      	b.n	800cfa8 <exp+0x48>
 800cfde:	bf00      	nop
 800cfe0:	00000000 	.word	0x00000000
 800cfe4:	7ff00000 	.word	0x7ff00000
	...
 800cff0:	fefa39ef 	.word	0xfefa39ef
 800cff4:	40862e42 	.word	0x40862e42
 800cff8:	d52d3051 	.word	0xd52d3051
 800cffc:	c0874910 	.word	0xc0874910

0800d000 <finite>:
 800d000:	b082      	sub	sp, #8
 800d002:	ed8d 0b00 	vstr	d0, [sp]
 800d006:	9801      	ldr	r0, [sp, #4]
 800d008:	f040 4000 	orr.w	r0, r0, #2147483648	@ 0x80000000
 800d00c:	f500 1080 	add.w	r0, r0, #1048576	@ 0x100000
 800d010:	0fc0      	lsrs	r0, r0, #31
 800d012:	b002      	add	sp, #8
 800d014:	4770      	bx	lr
 800d016:	bf00      	nop

0800d018 <round>:
 800d018:	b500      	push	{lr}
 800d01a:	b083      	sub	sp, #12
 800d01c:	ed8d 0b00 	vstr	d0, [sp]
 800d020:	9901      	ldr	r1, [sp, #4]
 800d022:	f8dd c000 	ldr.w	ip, [sp]
 800d026:	f3c1 520a 	ubfx	r2, r1, #20, #11
 800d02a:	f2a2 33ff 	subw	r3, r2, #1023	@ 0x3ff
 800d02e:	2b13      	cmp	r3, #19
 800d030:	dc0c      	bgt.n	800d04c <round+0x34>
 800d032:	2b00      	cmp	r3, #0
 800d034:	db2c      	blt.n	800d090 <round+0x78>
 800d036:	4823      	ldr	r0, [pc, #140]	@ (800d0c4 <round+0xac>)
 800d038:	4118      	asrs	r0, r3
 800d03a:	ea00 0201 	and.w	r2, r0, r1
 800d03e:	ea52 020c 	orrs.w	r2, r2, ip
 800d042:	d12b      	bne.n	800d09c <round+0x84>
 800d044:	ed9d 0b00 	vldr	d0, [sp]
 800d048:	b003      	add	sp, #12
 800d04a:	bd00      	pop	{pc}
 800d04c:	2b33      	cmp	r3, #51	@ 0x33
 800d04e:	dd0b      	ble.n	800d068 <round+0x50>
 800d050:	f5b3 6f80 	cmp.w	r3, #1024	@ 0x400
 800d054:	d1f6      	bne.n	800d044 <round+0x2c>
 800d056:	e9dd 2300 	ldrd	r2, r3, [sp]
 800d05a:	4610      	mov	r0, r2
 800d05c:	4619      	mov	r1, r3
 800d05e:	f7f3 f8cd 	bl	80001fc <__adddf3>
 800d062:	ec41 0b10 	vmov	d0, r0, r1
 800d066:	e7ef      	b.n	800d048 <round+0x30>
 800d068:	f2a2 4213 	subw	r2, r2, #1043	@ 0x413
 800d06c:	f04f 30ff 	mov.w	r0, #4294967295
 800d070:	fa20 f202 	lsr.w	r2, r0, r2
 800d074:	ea12 0f0c 	tst.w	r2, ip
 800d078:	d0e4      	beq.n	800d044 <round+0x2c>
 800d07a:	f1c3 0333 	rsb	r3, r3, #51	@ 0x33
 800d07e:	2001      	movs	r0, #1
 800d080:	4098      	lsls	r0, r3
 800d082:	eb10 000c 	adds.w	r0, r0, ip
 800d086:	bf28      	it	cs
 800d088:	3101      	addcs	r1, #1
 800d08a:	ea20 0002 	bic.w	r0, r0, r2
 800d08e:	e00d      	b.n	800d0ac <round+0x94>
 800d090:	3301      	adds	r3, #1
 800d092:	f001 4100 	and.w	r1, r1, #2147483648	@ 0x80000000
 800d096:	d00f      	beq.n	800d0b8 <round+0xa0>
 800d098:	2000      	movs	r0, #0
 800d09a:	e007      	b.n	800d0ac <round+0x94>
 800d09c:	f44f 2200 	mov.w	r2, #524288	@ 0x80000
 800d0a0:	fa42 f303 	asr.w	r3, r2, r3
 800d0a4:	440b      	add	r3, r1
 800d0a6:	ea23 0100 	bic.w	r1, r3, r0
 800d0aa:	2000      	movs	r0, #0
 800d0ac:	460b      	mov	r3, r1
 800d0ae:	4602      	mov	r2, r0
 800d0b0:	ec43 2b10 	vmov	d0, r2, r3
 800d0b4:	b003      	add	sp, #12
 800d0b6:	bd00      	pop	{pc}
 800d0b8:	f041 517f 	orr.w	r1, r1, #1069547520	@ 0x3fc00000
 800d0bc:	f441 1140 	orr.w	r1, r1, #3145728	@ 0x300000
 800d0c0:	2000      	movs	r0, #0
 800d0c2:	e7f3      	b.n	800d0ac <round+0x94>
 800d0c4:	000fffff 	.word	0x000fffff

0800d0c8 <__ieee754_exp>:
 800d0c8:	e92d 47f0 	stmdb	sp!, {r4, r5, r6, r7, r8, r9, sl, lr}
 800d0cc:	ec55 4b10 	vmov	r4, r5, d0
 800d0d0:	49d3      	ldr	r1, [pc, #844]	@ (800d420 <__ieee754_exp+0x358>)
 800d0d2:	f025 4200 	bic.w	r2, r5, #2147483648	@ 0x80000000
 800d0d6:	428a      	cmp	r2, r1
 800d0d8:	b086      	sub	sp, #24
 800d0da:	ea4f 76d5 	mov.w	r6, r5, lsr #31
 800d0de:	d90c      	bls.n	800d0fa <__ieee754_exp+0x32>
 800d0e0:	49d0      	ldr	r1, [pc, #832]	@ (800d424 <__ieee754_exp+0x35c>)
 800d0e2:	428a      	cmp	r2, r1
 800d0e4:	d970      	bls.n	800d1c8 <__ieee754_exp+0x100>
 800d0e6:	f3c5 0313 	ubfx	r3, r5, #0, #20
 800d0ea:	4323      	orrs	r3, r4
 800d0ec:	f040 8154 	bne.w	800d398 <__ieee754_exp+0x2d0>
 800d0f0:	2e00      	cmp	r6, #0
 800d0f2:	d066      	beq.n	800d1c2 <__ieee754_exp+0xfa>
 800d0f4:	ed9f 0bb2 	vldr	d0, [pc, #712]	@ 800d3c0 <__ieee754_exp+0x2f8>
 800d0f8:	e063      	b.n	800d1c2 <__ieee754_exp+0xfa>
 800d0fa:	4bcb      	ldr	r3, [pc, #812]	@ (800d428 <__ieee754_exp+0x360>)
 800d0fc:	429a      	cmp	r2, r3
 800d0fe:	f200 811a 	bhi.w	800d336 <__ieee754_exp+0x26e>
 800d102:	4bca      	ldr	r3, [pc, #808]	@ (800d42c <__ieee754_exp+0x364>)
 800d104:	429a      	cmp	r2, r3
 800d106:	f240 8130 	bls.w	800d36a <__ieee754_exp+0x2a2>
 800d10a:	4622      	mov	r2, r4
 800d10c:	462b      	mov	r3, r5
 800d10e:	4620      	mov	r0, r4
 800d110:	4629      	mov	r1, r5
 800d112:	f7f3 fa29 	bl	8000568 <__aeabi_dmul>
 800d116:	a3ac      	add	r3, pc, #688	@ (adr r3, 800d3c8 <__ieee754_exp+0x300>)
 800d118:	e9d3 2300 	ldrd	r2, r3, [r3]
 800d11c:	4606      	mov	r6, r0
 800d11e:	460f      	mov	r7, r1
 800d120:	f7f3 fa22 	bl	8000568 <__aeabi_dmul>
 800d124:	a3aa      	add	r3, pc, #680	@ (adr r3, 800d3d0 <__ieee754_exp+0x308>)
 800d126:	e9d3 2300 	ldrd	r2, r3, [r3]
 800d12a:	f7f3 f865 	bl	80001f8 <__aeabi_dsub>
 800d12e:	4632      	mov	r2, r6
 800d130:	463b      	mov	r3, r7
 800d132:	f7f3 fa19 	bl	8000568 <__aeabi_dmul>
 800d136:	a3a8      	add	r3, pc, #672	@ (adr r3, 800d3d8 <__ieee754_exp+0x310>)
 800d138:	e9d3 2300 	ldrd	r2, r3, [r3]
 800d13c:	f7f3 f85e 	bl	80001fc <__adddf3>
 800d140:	4632      	mov	r2, r6
 800d142:	463b      	mov	r3, r7
 800d144:	f7f3 fa10 	bl	8000568 <__aeabi_dmul>
 800d148:	a3a5      	add	r3, pc, #660	@ (adr r3, 800d3e0 <__ieee754_exp+0x318>)
 800d14a:	e9d3 2300 	ldrd	r2, r3, [r3]
 800d14e:	f7f3 f853 	bl	80001f8 <__aeabi_dsub>
 800d152:	4632      	mov	r2, r6
 800d154:	463b      	mov	r3, r7
 800d156:	f7f3 fa07 	bl	8000568 <__aeabi_dmul>
 800d15a:	a3a3      	add	r3, pc, #652	@ (adr r3, 800d3e8 <__ieee754_exp+0x320>)
 800d15c:	e9d3 2300 	ldrd	r2, r3, [r3]
 800d160:	f7f3 f84c 	bl	80001fc <__adddf3>
 800d164:	4632      	mov	r2, r6
 800d166:	463b      	mov	r3, r7
 800d168:	f7f3 f9fe 	bl	8000568 <__aeabi_dmul>
 800d16c:	4602      	mov	r2, r0
 800d16e:	460b      	mov	r3, r1
 800d170:	4620      	mov	r0, r4
 800d172:	4629      	mov	r1, r5
 800d174:	f7f3 f840 	bl	80001f8 <__aeabi_dsub>
 800d178:	e9cd 0102 	strd	r0, r1, [sp, #8]
 800d17c:	e9dd 8902 	ldrd	r8, r9, [sp, #8]
 800d180:	4620      	mov	r0, r4
 800d182:	4642      	mov	r2, r8
 800d184:	464b      	mov	r3, r9
 800d186:	4629      	mov	r1, r5
 800d188:	f7f3 f9ee 	bl	8000568 <__aeabi_dmul>
 800d18c:	2200      	movs	r2, #0
 800d18e:	4606      	mov	r6, r0
 800d190:	460f      	mov	r7, r1
 800d192:	f04f 4380 	mov.w	r3, #1073741824	@ 0x40000000
 800d196:	4640      	mov	r0, r8
 800d198:	4649      	mov	r1, r9
 800d19a:	f7f3 f82d 	bl	80001f8 <__aeabi_dsub>
 800d19e:	4602      	mov	r2, r0
 800d1a0:	460b      	mov	r3, r1
 800d1a2:	4630      	mov	r0, r6
 800d1a4:	4639      	mov	r1, r7
 800d1a6:	f7f3 fb09 	bl	80007bc <__aeabi_ddiv>
 800d1aa:	4622      	mov	r2, r4
 800d1ac:	462b      	mov	r3, r5
 800d1ae:	f7f3 f823 	bl	80001f8 <__aeabi_dsub>
 800d1b2:	4602      	mov	r2, r0
 800d1b4:	460b      	mov	r3, r1
 800d1b6:	2000      	movs	r0, #0
 800d1b8:	499d      	ldr	r1, [pc, #628]	@ (800d430 <__ieee754_exp+0x368>)
 800d1ba:	f7f3 f81d 	bl	80001f8 <__aeabi_dsub>
 800d1be:	ec41 0b10 	vmov	d0, r0, r1
 800d1c2:	b006      	add	sp, #24
 800d1c4:	e8bd 87f0 	ldmia.w	sp!, {r4, r5, r6, r7, r8, r9, sl, pc}
 800d1c8:	a389      	add	r3, pc, #548	@ (adr r3, 800d3f0 <__ieee754_exp+0x328>)
 800d1ca:	e9d3 2300 	ldrd	r2, r3, [r3]
 800d1ce:	4620      	mov	r0, r4
 800d1d0:	4629      	mov	r1, r5
 800d1d2:	f7f3 fc59 	bl	8000a88 <__aeabi_dcmpgt>
 800d1d6:	4607      	mov	r7, r0
 800d1d8:	2800      	cmp	r0, #0
 800d1da:	f040 80e8 	bne.w	800d3ae <__ieee754_exp+0x2e6>
 800d1de:	a386      	add	r3, pc, #536	@ (adr r3, 800d3f8 <__ieee754_exp+0x330>)
 800d1e0:	e9d3 2300 	ldrd	r2, r3, [r3]
 800d1e4:	4620      	mov	r0, r4
 800d1e6:	4629      	mov	r1, r5
 800d1e8:	f7f3 fc30 	bl	8000a4c <__aeabi_dcmplt>
 800d1ec:	2800      	cmp	r0, #0
 800d1ee:	f040 8137 	bne.w	800d460 <__ieee754_exp+0x398>
 800d1f2:	4b90      	ldr	r3, [pc, #576]	@ (800d434 <__ieee754_exp+0x36c>)
 800d1f4:	4620      	mov	r0, r4
 800d1f6:	eb03 06c6 	add.w	r6, r3, r6, lsl #3
 800d1fa:	4629      	mov	r1, r5
 800d1fc:	a380      	add	r3, pc, #512	@ (adr r3, 800d400 <__ieee754_exp+0x338>)
 800d1fe:	e9d3 2300 	ldrd	r2, r3, [r3]
 800d202:	f7f3 f9b1 	bl	8000568 <__aeabi_dmul>
 800d206:	e9d6 2300 	ldrd	r2, r3, [r6]
 800d20a:	f7f2 fff7 	bl	80001fc <__adddf3>
 800d20e:	f7f3 fc45 	bl	8000a9c <__aeabi_d2iz>
 800d212:	4606      	mov	r6, r0
 800d214:	f7f3 f93e 	bl	8000494 <__aeabi_i2d>
 800d218:	a37b      	add	r3, pc, #492	@ (adr r3, 800d408 <__ieee754_exp+0x340>)
 800d21a:	e9d3 2300 	ldrd	r2, r3, [r3]
 800d21e:	4607      	mov	r7, r0
 800d220:	4688      	mov	r8, r1
 800d222:	f7f3 f9a1 	bl	8000568 <__aeabi_dmul>
 800d226:	4602      	mov	r2, r0
 800d228:	460b      	mov	r3, r1
 800d22a:	4620      	mov	r0, r4
 800d22c:	4629      	mov	r1, r5
 800d22e:	f7f2 ffe3 	bl	80001f8 <__aeabi_dsub>
 800d232:	4602      	mov	r2, r0
 800d234:	460b      	mov	r3, r1
 800d236:	4638      	mov	r0, r7
 800d238:	4641      	mov	r1, r8
 800d23a:	4691      	mov	r9, r2
 800d23c:	469a      	mov	sl, r3
 800d23e:	a374      	add	r3, pc, #464	@ (adr r3, 800d410 <__ieee754_exp+0x348>)
 800d240:	e9d3 2300 	ldrd	r2, r3, [r3]
 800d244:	f7f3 f990 	bl	8000568 <__aeabi_dmul>
 800d248:	e9cd 0100 	strd	r0, r1, [sp]
 800d24c:	e9dd 2300 	ldrd	r2, r3, [sp]
 800d250:	4648      	mov	r0, r9
 800d252:	4651      	mov	r1, sl
 800d254:	f7f2 ffd0 	bl	80001f8 <__aeabi_dsub>
 800d258:	4602      	mov	r2, r0
 800d25a:	460b      	mov	r3, r1
 800d25c:	4604      	mov	r4, r0
 800d25e:	460d      	mov	r5, r1
 800d260:	f7f3 f982 	bl	8000568 <__aeabi_dmul>
 800d264:	a358      	add	r3, pc, #352	@ (adr r3, 800d3c8 <__ieee754_exp+0x300>)
 800d266:	e9d3 2300 	ldrd	r2, r3, [r3]
 800d26a:	4607      	mov	r7, r0
 800d26c:	4688      	mov	r8, r1
 800d26e:	f7f3 f97b 	bl	8000568 <__aeabi_dmul>
 800d272:	a357      	add	r3, pc, #348	@ (adr r3, 800d3d0 <__ieee754_exp+0x308>)
 800d274:	e9d3 2300 	ldrd	r2, r3, [r3]
 800d278:	f7f2 ffbe 	bl	80001f8 <__aeabi_dsub>
 800d27c:	463a      	mov	r2, r7
 800d27e:	4643      	mov	r3, r8
 800d280:	f7f3 f972 	bl	8000568 <__aeabi_dmul>
 800d284:	a354      	add	r3, pc, #336	@ (adr r3, 800d3d8 <__ieee754_exp+0x310>)
 800d286:	e9d3 2300 	ldrd	r2, r3, [r3]
 800d28a:	f7f2 ffb7 	bl	80001fc <__adddf3>
 800d28e:	463a      	mov	r2, r7
 800d290:	4643      	mov	r3, r8
 800d292:	f7f3 f969 	bl	8000568 <__aeabi_dmul>
 800d296:	a352      	add	r3, pc, #328	@ (adr r3, 800d3e0 <__ieee754_exp+0x318>)
 800d298:	e9d3 2300 	ldrd	r2, r3, [r3]
 800d29c:	f7f2 ffac 	bl	80001f8 <__aeabi_dsub>
 800d2a0:	463a      	mov	r2, r7
 800d2a2:	4643      	mov	r3, r8
 800d2a4:	f7f3 f960 	bl	8000568 <__aeabi_dmul>
 800d2a8:	a34f      	add	r3, pc, #316	@ (adr r3, 800d3e8 <__ieee754_exp+0x320>)
 800d2aa:	e9d3 2300 	ldrd	r2, r3, [r3]
 800d2ae:	f7f2 ffa5 	bl	80001fc <__adddf3>
 800d2b2:	463a      	mov	r2, r7
 800d2b4:	4643      	mov	r3, r8
 800d2b6:	f7f3 f957 	bl	8000568 <__aeabi_dmul>
 800d2ba:	4602      	mov	r2, r0
 800d2bc:	460b      	mov	r3, r1
 800d2be:	4620      	mov	r0, r4
 800d2c0:	4629      	mov	r1, r5
 800d2c2:	f7f2 ff99 	bl	80001f8 <__aeabi_dsub>
 800d2c6:	4607      	mov	r7, r0
 800d2c8:	4688      	mov	r8, r1
 800d2ca:	4620      	mov	r0, r4
 800d2cc:	4629      	mov	r1, r5
 800d2ce:	463a      	mov	r2, r7
 800d2d0:	4643      	mov	r3, r8
 800d2d2:	e9cd 7802 	strd	r7, r8, [sp, #8]
 800d2d6:	f7f3 f947 	bl	8000568 <__aeabi_dmul>
 800d2da:	e9cd 0104 	strd	r0, r1, [sp, #16]
 800d2de:	2e00      	cmp	r6, #0
 800d2e0:	f43f af4c 	beq.w	800d17c <__ieee754_exp+0xb4>
 800d2e4:	463a      	mov	r2, r7
 800d2e6:	4643      	mov	r3, r8
 800d2e8:	2000      	movs	r0, #0
 800d2ea:	f04f 4180 	mov.w	r1, #1073741824	@ 0x40000000
 800d2ee:	f7f2 ff83 	bl	80001f8 <__aeabi_dsub>
 800d2f2:	4602      	mov	r2, r0
 800d2f4:	460b      	mov	r3, r1
 800d2f6:	e9dd 0104 	ldrd	r0, r1, [sp, #16]
 800d2fa:	f7f3 fa5f 	bl	80007bc <__aeabi_ddiv>
 800d2fe:	4602      	mov	r2, r0
 800d300:	460b      	mov	r3, r1
 800d302:	e9dd 0100 	ldrd	r0, r1, [sp]
 800d306:	f7f2 ff77 	bl	80001f8 <__aeabi_dsub>
 800d30a:	464a      	mov	r2, r9
 800d30c:	4653      	mov	r3, sl
 800d30e:	f7f2 ff73 	bl	80001f8 <__aeabi_dsub>
 800d312:	460b      	mov	r3, r1
 800d314:	4602      	mov	r2, r0
 800d316:	4946      	ldr	r1, [pc, #280]	@ (800d430 <__ieee754_exp+0x368>)
 800d318:	2000      	movs	r0, #0
 800d31a:	f7f2 ff6d 	bl	80001f8 <__aeabi_dsub>
 800d31e:	f46f 737f 	mvn.w	r3, #1020	@ 0x3fc
 800d322:	429e      	cmp	r6, r3
 800d324:	f2c0 808e 	blt.w	800d444 <__ieee754_exp+0x37c>
 800d328:	eb01 5106 	add.w	r1, r1, r6, lsl #20
 800d32c:	ec41 0b10 	vmov	d0, r0, r1
 800d330:	b006      	add	sp, #24
 800d332:	e8bd 87f0 	ldmia.w	sp!, {r4, r5, r6, r7, r8, r9, sl, pc}
 800d336:	4b40      	ldr	r3, [pc, #256]	@ (800d438 <__ieee754_exp+0x370>)
 800d338:	429a      	cmp	r2, r3
 800d33a:	f63f af5a 	bhi.w	800d1f2 <__ieee754_exp+0x12a>
 800d33e:	4b3f      	ldr	r3, [pc, #252]	@ (800d43c <__ieee754_exp+0x374>)
 800d340:	eb03 03c6 	add.w	r3, r3, r6, lsl #3
 800d344:	e9d3 2300 	ldrd	r2, r3, [r3]
 800d348:	4620      	mov	r0, r4
 800d34a:	4629      	mov	r1, r5
 800d34c:	f7f2 ff54 	bl	80001f8 <__aeabi_dsub>
 800d350:	4b3b      	ldr	r3, [pc, #236]	@ (800d440 <__ieee754_exp+0x378>)
 800d352:	eb03 03c6 	add.w	r3, r3, r6, lsl #3
 800d356:	ed93 7b00 	vldr	d7, [r3]
 800d35a:	f086 0301 	eor.w	r3, r6, #1
 800d35e:	ed8d 7b00 	vstr	d7, [sp]
 800d362:	4681      	mov	r9, r0
 800d364:	468a      	mov	sl, r1
 800d366:	1b9e      	subs	r6, r3, r6
 800d368:	e770      	b.n	800d24c <__ieee754_exp+0x184>
 800d36a:	a32b      	add	r3, pc, #172	@ (adr r3, 800d418 <__ieee754_exp+0x350>)
 800d36c:	e9d3 2300 	ldrd	r2, r3, [r3]
 800d370:	4620      	mov	r0, r4
 800d372:	4629      	mov	r1, r5
 800d374:	f7f2 ff42 	bl	80001fc <__adddf3>
 800d378:	4b2d      	ldr	r3, [pc, #180]	@ (800d430 <__ieee754_exp+0x368>)
 800d37a:	2200      	movs	r2, #0
 800d37c:	f7f3 fb84 	bl	8000a88 <__aeabi_dcmpgt>
 800d380:	2800      	cmp	r0, #0
 800d382:	f43f aec2 	beq.w	800d10a <__ieee754_exp+0x42>
 800d386:	4b2a      	ldr	r3, [pc, #168]	@ (800d430 <__ieee754_exp+0x368>)
 800d388:	2200      	movs	r2, #0
 800d38a:	4620      	mov	r0, r4
 800d38c:	4629      	mov	r1, r5
 800d38e:	f7f2 ff35 	bl	80001fc <__adddf3>
 800d392:	ec41 0b10 	vmov	d0, r0, r1
 800d396:	e714      	b.n	800d1c2 <__ieee754_exp+0xfa>
 800d398:	4622      	mov	r2, r4
 800d39a:	462b      	mov	r3, r5
 800d39c:	4620      	mov	r0, r4
 800d39e:	4629      	mov	r1, r5
 800d3a0:	f7f2 ff2c 	bl	80001fc <__adddf3>
 800d3a4:	ec41 0b10 	vmov	d0, r0, r1
 800d3a8:	b006      	add	sp, #24
 800d3aa:	e8bd 87f0 	ldmia.w	sp!, {r4, r5, r6, r7, r8, r9, sl, pc}
 800d3ae:	2000      	movs	r0, #0
 800d3b0:	b006      	add	sp, #24
 800d3b2:	e8bd 47f0 	ldmia.w	sp!, {r4, r5, r6, r7, r8, r9, sl, lr}
 800d3b6:	f000 b887 	b.w	800d4c8 <__math_oflow>
 800d3ba:	bf00      	nop
 800d3bc:	f3af 8000 	nop.w
	...
 800d3c8:	72bea4d0 	.word	0x72bea4d0
 800d3cc:	3e663769 	.word	0x3e663769
 800d3d0:	c5d26bf1 	.word	0xc5d26bf1
 800d3d4:	3ebbbd41 	.word	0x3ebbbd41
 800d3d8:	af25de2c 	.word	0xaf25de2c
 800d3dc:	3f11566a 	.word	0x3f11566a
 800d3e0:	16bebd93 	.word	0x16bebd93
 800d3e4:	3f66c16c 	.word	0x3f66c16c
 800d3e8:	5555553e 	.word	0x5555553e
 800d3ec:	3fc55555 	.word	0x3fc55555
 800d3f0:	fefa39ef 	.word	0xfefa39ef
 800d3f4:	40862e42 	.word	0x40862e42
 800d3f8:	d52d3051 	.word	0xd52d3051
 800d3fc:	c0874910 	.word	0xc0874910
 800d400:	652b82fe 	.word	0x652b82fe
 800d404:	3ff71547 	.word	0x3ff71547
 800d408:	fee00000 	.word	0xfee00000
 800d40c:	3fe62e42 	.word	0x3fe62e42
 800d410:	35793c76 	.word	0x35793c76
 800d414:	3dea39ef 	.word	0x3dea39ef
 800d418:	8800759c 	.word	0x8800759c
 800d41c:	7e37e43c 	.word	0x7e37e43c
 800d420:	40862e41 	.word	0x40862e41
 800d424:	7fefffff 	.word	0x7fefffff
 800d428:	3fd62e42 	.word	0x3fd62e42
 800d42c:	3defffff 	.word	0x3defffff
 800d430:	3ff00000 	.word	0x3ff00000
 800d434:	0800dbe0 	.word	0x0800dbe0
 800d438:	3ff0a2b1 	.word	0x3ff0a2b1
 800d43c:	0800dbd0 	.word	0x0800dbd0
 800d440:	0800dbc0 	.word	0x0800dbc0
 800d444:	f506 737a 	add.w	r3, r6, #1000	@ 0x3e8
 800d448:	eb01 5103 	add.w	r1, r1, r3, lsl #20
 800d44c:	2200      	movs	r2, #0
 800d44e:	f04f 73b8 	mov.w	r3, #24117248	@ 0x1700000
 800d452:	f7f3 f889 	bl	8000568 <__aeabi_dmul>
 800d456:	ec41 0b10 	vmov	d0, r0, r1
 800d45a:	b006      	add	sp, #24
 800d45c:	e8bd 87f0 	ldmia.w	sp!, {r4, r5, r6, r7, r8, r9, sl, pc}
 800d460:	4638      	mov	r0, r7
 800d462:	b006      	add	sp, #24
 800d464:	e8bd 47f0 	ldmia.w	sp!, {r4, r5, r6, r7, r8, r9, sl, lr}
 800d468:	f000 b826 	b.w	800d4b8 <__math_uflow>

0800d46c <with_errno>:
 800d46c:	b510      	push	{r4, lr}
 800d46e:	b082      	sub	sp, #8
 800d470:	ed8d 0b00 	vstr	d0, [sp]
 800d474:	4604      	mov	r4, r0
 800d476:	f7ff f9a3 	bl	800c7c0 <__errno>
 800d47a:	ed9d 0b00 	vldr	d0, [sp]
 800d47e:	6004      	str	r4, [r0, #0]
 800d480:	b002      	add	sp, #8
 800d482:	bd10      	pop	{r4, pc}

0800d484 <xflow>:
 800d484:	b500      	push	{lr}
 800d486:	4603      	mov	r3, r0
 800d488:	b083      	sub	sp, #12
 800d48a:	ec51 0b10 	vmov	r0, r1, d0
 800d48e:	b183      	cbz	r3, 800d4b2 <xflow+0x2e>
 800d490:	4602      	mov	r2, r0
 800d492:	f101 4300 	add.w	r3, r1, #2147483648	@ 0x80000000
 800d496:	e9cd 2300 	strd	r2, r3, [sp]
 800d49a:	e9dd 2300 	ldrd	r2, r3, [sp]
 800d49e:	f7f3 f863 	bl	8000568 <__aeabi_dmul>
 800d4a2:	ec41 0b10 	vmov	d0, r0, r1
 800d4a6:	2022      	movs	r0, #34	@ 0x22
 800d4a8:	b003      	add	sp, #12
 800d4aa:	f85d eb04 	ldr.w	lr, [sp], #4
 800d4ae:	f7ff bfdd 	b.w	800d46c <with_errno>
 800d4b2:	4602      	mov	r2, r0
 800d4b4:	460b      	mov	r3, r1
 800d4b6:	e7ee      	b.n	800d496 <xflow+0x12>

0800d4b8 <__math_uflow>:
 800d4b8:	ed9f 0b01 	vldr	d0, [pc, #4]	@ 800d4c0 <__math_uflow+0x8>
 800d4bc:	f7ff bfe2 	b.w	800d484 <xflow>
 800d4c0:	00000000 	.word	0x00000000
 800d4c4:	10000000 	.word	0x10000000

0800d4c8 <__math_oflow>:
 800d4c8:	ed9f 0b01 	vldr	d0, [pc, #4]	@ 800d4d0 <__math_oflow+0x8>
 800d4cc:	f7ff bfda 	b.w	800d484 <xflow>
 800d4d0:	00000000 	.word	0x00000000
 800d4d4:	70000000 	.word	0x70000000

0800d4d8 <__udivmoddi4>:
 800d4d8:	e92d 47f0 	stmdb	sp!, {r4, r5, r6, r7, r8, r9, sl, lr}
 800d4dc:	b082      	sub	sp, #8
 800d4de:	4606      	mov	r6, r0
 800d4e0:	f8dd e028 	ldr.w	lr, [sp, #40]	@ 0x28
 800d4e4:	4608      	mov	r0, r1
 800d4e6:	46b4      	mov	ip, r6
 800d4e8:	460d      	mov	r5, r1
 800d4ea:	2b00      	cmp	r3, #0
 800d4ec:	d14e      	bne.n	800d58c <__udivmoddi4+0xb4>
 800d4ee:	428a      	cmp	r2, r1
 800d4f0:	4614      	mov	r4, r2
 800d4f2:	d96d      	bls.n	800d5d0 <__udivmoddi4+0xf8>
 800d4f4:	fab2 f282 	clz	r2, r2
 800d4f8:	b142      	cbz	r2, 800d50c <__udivmoddi4+0x34>
 800d4fa:	f1c2 0320 	rsb	r3, r2, #32
 800d4fe:	4095      	lsls	r5, r2
 800d500:	fa26 f303 	lsr.w	r3, r6, r3
 800d504:	4094      	lsls	r4, r2
 800d506:	431d      	orrs	r5, r3
 800d508:	fa06 fc02 	lsl.w	ip, r6, r2
 800d50c:	0c26      	lsrs	r6, r4, #16
 800d50e:	b2a7      	uxth	r7, r4
 800d510:	fbb5 f1f6 	udiv	r1, r5, r6
 800d514:	ea4f 431c 	mov.w	r3, ip, lsr #16
 800d518:	fb06 5511 	mls	r5, r6, r1, r5
 800d51c:	ea43 4305 	orr.w	r3, r3, r5, lsl #16
 800d520:	fb01 f007 	mul.w	r0, r1, r7
 800d524:	4298      	cmp	r0, r3
 800d526:	d909      	bls.n	800d53c <__udivmoddi4+0x64>
 800d528:	18e3      	adds	r3, r4, r3
 800d52a:	f101 35ff 	add.w	r5, r1, #4294967295
 800d52e:	f080 8103 	bcs.w	800d738 <__udivmoddi4+0x260>
 800d532:	4298      	cmp	r0, r3
 800d534:	f240 8100 	bls.w	800d738 <__udivmoddi4+0x260>
 800d538:	3902      	subs	r1, #2
 800d53a:	4423      	add	r3, r4
 800d53c:	1a1b      	subs	r3, r3, r0
 800d53e:	fa1f fc8c 	uxth.w	ip, ip
 800d542:	fbb3 f0f6 	udiv	r0, r3, r6
 800d546:	fb06 3310 	mls	r3, r6, r0, r3
 800d54a:	ea4c 4c03 	orr.w	ip, ip, r3, lsl #16
 800d54e:	fb00 f307 	mul.w	r3, r0, r7
 800d552:	4563      	cmp	r3, ip
 800d554:	d90a      	bls.n	800d56c <__udivmoddi4+0x94>
 800d556:	eb14 0c0c 	adds.w	ip, r4, ip
 800d55a:	f100 35ff 	add.w	r5, r0, #4294967295
 800d55e:	f080 80ed 	bcs.w	800d73c <__udivmoddi4+0x264>
 800d562:	4563      	cmp	r3, ip
 800d564:	f240 80ea 	bls.w	800d73c <__udivmoddi4+0x264>
 800d568:	44a4      	add	ip, r4
 800d56a:	3802      	subs	r0, #2
 800d56c:	ea40 4001 	orr.w	r0, r0, r1, lsl #16
 800d570:	ebac 0c03 	sub.w	ip, ip, r3
 800d574:	2100      	movs	r1, #0
 800d576:	f1be 0f00 	cmp.w	lr, #0
 800d57a:	d004      	beq.n	800d586 <__udivmoddi4+0xae>
 800d57c:	fa2c f302 	lsr.w	r3, ip, r2
 800d580:	2200      	movs	r2, #0
 800d582:	e9ce 3200 	strd	r3, r2, [lr]
 800d586:	b002      	add	sp, #8
 800d588:	e8bd 87f0 	ldmia.w	sp!, {r4, r5, r6, r7, r8, r9, sl, pc}
 800d58c:	428b      	cmp	r3, r1
 800d58e:	d909      	bls.n	800d5a4 <__udivmoddi4+0xcc>
 800d590:	f1be 0f00 	cmp.w	lr, #0
 800d594:	d001      	beq.n	800d59a <__udivmoddi4+0xc2>
 800d596:	e9ce 6100 	strd	r6, r1, [lr]
 800d59a:	2100      	movs	r1, #0
 800d59c:	4608      	mov	r0, r1
 800d59e:	b002      	add	sp, #8
 800d5a0:	e8bd 87f0 	ldmia.w	sp!, {r4, r5, r6, r7, r8, r9, sl, pc}
 800d5a4:	fab3 f183 	clz	r1, r3
 800d5a8:	4617      	mov	r7, r2
 800d5aa:	2900      	cmp	r1, #0
 800d5ac:	d14d      	bne.n	800d64a <__udivmoddi4+0x172>
 800d5ae:	4283      	cmp	r3, r0
 800d5b0:	d302      	bcc.n	800d5b8 <__udivmoddi4+0xe0>
 800d5b2:	42b2      	cmp	r2, r6
 800d5b4:	f200 810f 	bhi.w	800d7d6 <__udivmoddi4+0x2fe>
 800d5b8:	ebb6 0c07 	subs.w	ip, r6, r7
 800d5bc:	eb60 0303 	sbc.w	r3, r0, r3
 800d5c0:	2001      	movs	r0, #1
 800d5c2:	461d      	mov	r5, r3
 800d5c4:	f1be 0f00 	cmp.w	lr, #0
 800d5c8:	d0dd      	beq.n	800d586 <__udivmoddi4+0xae>
 800d5ca:	e9ce c500 	strd	ip, r5, [lr]
 800d5ce:	e7da      	b.n	800d586 <__udivmoddi4+0xae>
 800d5d0:	2a00      	cmp	r2, #0
 800d5d2:	f000 8098 	beq.w	800d706 <__udivmoddi4+0x22e>
 800d5d6:	461a      	mov	r2, r3
 800d5d8:	fab4 f384 	clz	r3, r4
 800d5dc:	2b00      	cmp	r3, #0
 800d5de:	f040 80af 	bne.w	800d740 <__udivmoddi4+0x268>
 800d5e2:	1b0b      	subs	r3, r1, r4
 800d5e4:	0c27      	lsrs	r7, r4, #16
 800d5e6:	b2a6      	uxth	r6, r4
 800d5e8:	2101      	movs	r1, #1
 800d5ea:	fbb3 f5f7 	udiv	r5, r3, r7
 800d5ee:	ea4f 401c 	mov.w	r0, ip, lsr #16
 800d5f2:	fb07 3315 	mls	r3, r7, r5, r3
 800d5f6:	ea40 4303 	orr.w	r3, r0, r3, lsl #16
 800d5fa:	fb06 f805 	mul.w	r8, r6, r5
 800d5fe:	4598      	cmp	r8, r3
 800d600:	d907      	bls.n	800d612 <__udivmoddi4+0x13a>
 800d602:	18e3      	adds	r3, r4, r3
 800d604:	f105 30ff 	add.w	r0, r5, #4294967295
 800d608:	d202      	bcs.n	800d610 <__udivmoddi4+0x138>
 800d60a:	4598      	cmp	r8, r3
 800d60c:	f200 80e8 	bhi.w	800d7e0 <__udivmoddi4+0x308>
 800d610:	4605      	mov	r5, r0
 800d612:	eba3 0308 	sub.w	r3, r3, r8
 800d616:	fa1f fc8c 	uxth.w	ip, ip
 800d61a:	fbb3 f0f7 	udiv	r0, r3, r7
 800d61e:	fb07 3310 	mls	r3, r7, r0, r3
 800d622:	ea4c 4c03 	orr.w	ip, ip, r3, lsl #16
 800d626:	fb06 f300 	mul.w	r3, r6, r0
 800d62a:	4563      	cmp	r3, ip
 800d62c:	d908      	bls.n	800d640 <__udivmoddi4+0x168>
 800d62e:	eb14 0c0c 	adds.w	ip, r4, ip
 800d632:	f100 36ff 	add.w	r6, r0, #4294967295
 800d636:	d202      	bcs.n	800d63e <__udivmoddi4+0x166>
 800d638:	4563      	cmp	r3, ip
 800d63a:	f200 80ce 	bhi.w	800d7da <__udivmoddi4+0x302>
 800d63e:	4630      	mov	r0, r6
 800d640:	ebac 0c03 	sub.w	ip, ip, r3
 800d644:	ea40 4005 	orr.w	r0, r0, r5, lsl #16
 800d648:	e795      	b.n	800d576 <__udivmoddi4+0x9e>
 800d64a:	f1c1 0520 	rsb	r5, r1, #32
 800d64e:	408b      	lsls	r3, r1
 800d650:	fa22 fc05 	lsr.w	ip, r2, r5
 800d654:	ea4c 0c03 	orr.w	ip, ip, r3
 800d658:	fa00 f401 	lsl.w	r4, r0, r1
 800d65c:	fa26 f305 	lsr.w	r3, r6, r5
 800d660:	40e8      	lsrs	r0, r5
 800d662:	fa02 f901 	lsl.w	r9, r2, r1
 800d666:	ea43 0804 	orr.w	r8, r3, r4
 800d66a:	ea4f 421c 	mov.w	r2, ip, lsr #16
 800d66e:	fa06 fa01 	lsl.w	sl, r6, r1
 800d672:	fbb0 f7f2 	udiv	r7, r0, r2
 800d676:	fa1f f68c 	uxth.w	r6, ip
 800d67a:	fb02 0017 	mls	r0, r2, r7, r0
 800d67e:	ea4f 4418 	mov.w	r4, r8, lsr #16
 800d682:	ea44 4400 	orr.w	r4, r4, r0, lsl #16
 800d686:	fb07 f006 	mul.w	r0, r7, r6
 800d68a:	42a0      	cmp	r0, r4
 800d68c:	d90a      	bls.n	800d6a4 <__udivmoddi4+0x1cc>
 800d68e:	eb1c 0404 	adds.w	r4, ip, r4
 800d692:	f107 33ff 	add.w	r3, r7, #4294967295
 800d696:	f080 809c 	bcs.w	800d7d2 <__udivmoddi4+0x2fa>
 800d69a:	42a0      	cmp	r0, r4
 800d69c:	f240 8099 	bls.w	800d7d2 <__udivmoddi4+0x2fa>
 800d6a0:	3f02      	subs	r7, #2
 800d6a2:	4464      	add	r4, ip
 800d6a4:	1a24      	subs	r4, r4, r0
 800d6a6:	fa1f f388 	uxth.w	r3, r8
 800d6aa:	fbb4 f0f2 	udiv	r0, r4, r2
 800d6ae:	fb02 4410 	mls	r4, r2, r0, r4
 800d6b2:	ea43 4304 	orr.w	r3, r3, r4, lsl #16
 800d6b6:	fb00 f606 	mul.w	r6, r0, r6
 800d6ba:	429e      	cmp	r6, r3
 800d6bc:	d909      	bls.n	800d6d2 <__udivmoddi4+0x1fa>
 800d6be:	eb1c 0303 	adds.w	r3, ip, r3
 800d6c2:	f100 34ff 	add.w	r4, r0, #4294967295
 800d6c6:	f080 8082 	bcs.w	800d7ce <__udivmoddi4+0x2f6>
 800d6ca:	429e      	cmp	r6, r3
 800d6cc:	d97f      	bls.n	800d7ce <__udivmoddi4+0x2f6>
 800d6ce:	3802      	subs	r0, #2
 800d6d0:	4463      	add	r3, ip
 800d6d2:	ea40 4007 	orr.w	r0, r0, r7, lsl #16
 800d6d6:	fba0 7409 	umull	r7, r4, r0, r9
 800d6da:	1b9b      	subs	r3, r3, r6
 800d6dc:	42a3      	cmp	r3, r4
 800d6de:	463e      	mov	r6, r7
 800d6e0:	46a0      	mov	r8, r4
 800d6e2:	d364      	bcc.n	800d7ae <__udivmoddi4+0x2d6>
 800d6e4:	d061      	beq.n	800d7aa <__udivmoddi4+0x2d2>
 800d6e6:	f1be 0f00 	cmp.w	lr, #0
 800d6ea:	d00a      	beq.n	800d702 <__udivmoddi4+0x22a>
 800d6ec:	ebba 0206 	subs.w	r2, sl, r6
 800d6f0:	eb63 0308 	sbc.w	r3, r3, r8
 800d6f4:	fa03 f505 	lsl.w	r5, r3, r5
 800d6f8:	40ca      	lsrs	r2, r1
 800d6fa:	4315      	orrs	r5, r2
 800d6fc:	40cb      	lsrs	r3, r1
 800d6fe:	e9ce 5300 	strd	r5, r3, [lr]
 800d702:	2100      	movs	r1, #0
 800d704:	e73f      	b.n	800d586 <__udivmoddi4+0xae>
 800d706:	0873      	lsrs	r3, r6, #1
 800d708:	ea43 73c1 	orr.w	r3, r3, r1, lsl #31
 800d70c:	084a      	lsrs	r2, r1, #1
 800d70e:	0c19      	lsrs	r1, r3, #16
 800d710:	ea41 4102 	orr.w	r1, r1, r2, lsl #16
 800d714:	ea4f 7cc6 	mov.w	ip, r6, lsl #31
 800d718:	b29b      	uxth	r3, r3
 800d71a:	fbb2 f0f4 	udiv	r0, r2, r4
 800d71e:	4626      	mov	r6, r4
 800d720:	46a0      	mov	r8, r4
 800d722:	4627      	mov	r7, r4
 800d724:	221f      	movs	r2, #31
 800d726:	ea43 4301 	orr.w	r3, r3, r1, lsl #16
 800d72a:	fbb1 f1f4 	udiv	r1, r1, r4
 800d72e:	eba3 0308 	sub.w	r3, r3, r8
 800d732:	ea41 4100 	orr.w	r1, r1, r0, lsl #16
 800d736:	e758      	b.n	800d5ea <__udivmoddi4+0x112>
 800d738:	4629      	mov	r1, r5
 800d73a:	e6ff      	b.n	800d53c <__udivmoddi4+0x64>
 800d73c:	4628      	mov	r0, r5
 800d73e:	e715      	b.n	800d56c <__udivmoddi4+0x94>
 800d740:	461a      	mov	r2, r3
 800d742:	f1c3 0120 	rsb	r1, r3, #32
 800d746:	409c      	lsls	r4, r3
 800d748:	fa26 f301 	lsr.w	r3, r6, r1
 800d74c:	fa20 f101 	lsr.w	r1, r0, r1
 800d750:	4090      	lsls	r0, r2
 800d752:	4303      	orrs	r3, r0
 800d754:	0c27      	lsrs	r7, r4, #16
 800d756:	fa06 fc02 	lsl.w	ip, r6, r2
 800d75a:	fbb1 f0f7 	udiv	r0, r1, r7
 800d75e:	b2a6      	uxth	r6, r4
 800d760:	fb07 1510 	mls	r5, r7, r0, r1
 800d764:	0c19      	lsrs	r1, r3, #16
 800d766:	ea41 4105 	orr.w	r1, r1, r5, lsl #16
 800d76a:	fb00 f506 	mul.w	r5, r0, r6
 800d76e:	428d      	cmp	r5, r1
 800d770:	d93b      	bls.n	800d7ea <__udivmoddi4+0x312>
 800d772:	1861      	adds	r1, r4, r1
 800d774:	d201      	bcs.n	800d77a <__udivmoddi4+0x2a2>
 800d776:	428d      	cmp	r5, r1
 800d778:	d820      	bhi.n	800d7bc <__udivmoddi4+0x2e4>
 800d77a:	1b49      	subs	r1, r1, r5
 800d77c:	3801      	subs	r0, #1
 800d77e:	fbb1 f5f7 	udiv	r5, r1, r7
 800d782:	9501      	str	r5, [sp, #4]
 800d784:	fb05 f806 	mul.w	r8, r5, r6
 800d788:	9d01      	ldr	r5, [sp, #4]
 800d78a:	b29b      	uxth	r3, r3
 800d78c:	fb07 1115 	mls	r1, r7, r5, r1
 800d790:	ea43 4301 	orr.w	r3, r3, r1, lsl #16
 800d794:	4543      	cmp	r3, r8
 800d796:	d226      	bcs.n	800d7e6 <__udivmoddi4+0x30e>
 800d798:	18e3      	adds	r3, r4, r3
 800d79a:	f105 31ff 	add.w	r1, r5, #4294967295
 800d79e:	d2c6      	bcs.n	800d72e <__udivmoddi4+0x256>
 800d7a0:	4543      	cmp	r3, r8
 800d7a2:	d2c4      	bcs.n	800d72e <__udivmoddi4+0x256>
 800d7a4:	1ea9      	subs	r1, r5, #2
 800d7a6:	4423      	add	r3, r4
 800d7a8:	e7c1      	b.n	800d72e <__udivmoddi4+0x256>
 800d7aa:	45ba      	cmp	sl, r7
 800d7ac:	d29b      	bcs.n	800d6e6 <__udivmoddi4+0x20e>
 800d7ae:	ebb7 0609 	subs.w	r6, r7, r9
 800d7b2:	eb64 040c 	sbc.w	r4, r4, ip
 800d7b6:	3801      	subs	r0, #1
 800d7b8:	46a0      	mov	r8, r4
 800d7ba:	e794      	b.n	800d6e6 <__udivmoddi4+0x20e>
 800d7bc:	1b65      	subs	r5, r4, r5
 800d7be:	4429      	add	r1, r5
 800d7c0:	3802      	subs	r0, #2
 800d7c2:	fbb1 f5f7 	udiv	r5, r1, r7
 800d7c6:	9501      	str	r5, [sp, #4]
 800d7c8:	fb05 f806 	mul.w	r8, r5, r6
 800d7cc:	e7dc      	b.n	800d788 <__udivmoddi4+0x2b0>
 800d7ce:	4620      	mov	r0, r4
 800d7d0:	e77f      	b.n	800d6d2 <__udivmoddi4+0x1fa>
 800d7d2:	461f      	mov	r7, r3
 800d7d4:	e766      	b.n	800d6a4 <__udivmoddi4+0x1cc>
 800d7d6:	4608      	mov	r0, r1
 800d7d8:	e6f4      	b.n	800d5c4 <__udivmoddi4+0xec>
 800d7da:	44a4      	add	ip, r4
 800d7dc:	3802      	subs	r0, #2
 800d7de:	e72f      	b.n	800d640 <__udivmoddi4+0x168>
 800d7e0:	3d02      	subs	r5, #2
 800d7e2:	4423      	add	r3, r4
 800d7e4:	e715      	b.n	800d612 <__udivmoddi4+0x13a>
 800d7e6:	9901      	ldr	r1, [sp, #4]
 800d7e8:	e7a1      	b.n	800d72e <__udivmoddi4+0x256>
 800d7ea:	1b49      	subs	r1, r1, r5
 800d7ec:	fbb1 f5f7 	udiv	r5, r1, r7
 800d7f0:	9501      	str	r5, [sp, #4]
 800d7f2:	fb05 f806 	mul.w	r8, r5, r6
 800d7f6:	e7c7      	b.n	800d788 <__udivmoddi4+0x2b0>

0800d7f8 <_init>:
 800d7f8:	b5f8      	push	{r3, r4, r5, r6, r7, lr}
 800d7fa:	bf00      	nop
 800d7fc:	bcf8      	pop	{r3, r4, r5, r6, r7}
 800d7fe:	bc08      	pop	{r3}
 800d800:	469e      	mov	lr, r3
 800d802:	4770      	bx	lr

0800d804 <_fini>:
 800d804:	b5f8      	push	{r3, r4, r5, r6, r7, lr}
 800d806:	bf00      	nop
 800d808:	bcf8      	pop	{r3, r4, r5, r6, r7}
 800d80a:	bc08      	pop	{r3}
 800d80c:	469e      	mov	lr, r3
 800d80e:	4770      	bx	lr
