ARM GAS  C:\Users\Nathan\AppData\Local\Temp\ccfpsmze.s 			page 1


   1              		.cpu cortex-m4
   2              		.arch armv7e-m
   3              		.fpu fpv4-sp-d16
   4              		.eabi_attribute 27, 1
   5              		.eabi_attribute 28, 1
   6              		.eabi_attribute 20, 1
   7              		.eabi_attribute 21, 1
   8              		.eabi_attribute 23, 3
   9              		.eabi_attribute 24, 1
  10              		.eabi_attribute 25, 1
  11              		.eabi_attribute 26, 1
  12              		.eabi_attribute 30, 1
  13              		.eabi_attribute 34, 1
  14              		.eabi_attribute 18, 4
  15              		.file	"stm32wbxx_hal_uart.c"
  16              		.text
  17              		.section	.text.HAL_UART_MspInit,"ax",%progbits
  18              		.align	1
  19              		.weak	HAL_UART_MspInit
  20              		.syntax unified
  21              		.thumb
  22              		.thumb_func
  24              	HAL_UART_MspInit:
  25              		@ args = 0, pretend = 0, frame = 0
  26              		@ frame_needed = 0, uses_anonymous_args = 0
  27              		@ link register save eliminated.
  28 0000 7047     		bx	lr
  30              		.section	.text.HAL_UART_MspDeInit,"ax",%progbits
  31              		.align	1
  32              		.weak	HAL_UART_MspDeInit
  33              		.syntax unified
  34              		.thumb
  35              		.thumb_func
  37              	HAL_UART_MspDeInit:
  38              		@ args = 0, pretend = 0, frame = 0
  39              		@ frame_needed = 0, uses_anonymous_args = 0
  40              		@ link register save eliminated.
  41 0000 7047     		bx	lr
  43              		.section	.text.HAL_UART_TxCpltCallback,"ax",%progbits
  44              		.align	1
  45              		.weak	HAL_UART_TxCpltCallback
  46              		.syntax unified
  47              		.thumb
  48              		.thumb_func
  50              	HAL_UART_TxCpltCallback:
  51              		@ args = 0, pretend = 0, frame = 0
  52              		@ frame_needed = 0, uses_anonymous_args = 0
  53              		@ link register save eliminated.
  54 0000 7047     		bx	lr
  56              		.section	.text.HAL_UART_TxHalfCpltCallback,"ax",%progbits
  57              		.align	1
  58              		.weak	HAL_UART_TxHalfCpltCallback
  59              		.syntax unified
  60              		.thumb
  61              		.thumb_func
  63              	HAL_UART_TxHalfCpltCallback:
  64              		@ args = 0, pretend = 0, frame = 0
ARM GAS  C:\Users\Nathan\AppData\Local\Temp\ccfpsmze.s 			page 2


  65              		@ frame_needed = 0, uses_anonymous_args = 0
  66              		@ link register save eliminated.
  67 0000 7047     		bx	lr
  69              		.section	.text.HAL_UART_RxCpltCallback,"ax",%progbits
  70              		.align	1
  71              		.weak	HAL_UART_RxCpltCallback
  72              		.syntax unified
  73              		.thumb
  74              		.thumb_func
  76              	HAL_UART_RxCpltCallback:
  77              		@ args = 0, pretend = 0, frame = 0
  78              		@ frame_needed = 0, uses_anonymous_args = 0
  79              		@ link register save eliminated.
  80 0000 7047     		bx	lr
  82              		.section	.text.HAL_UART_RxHalfCpltCallback,"ax",%progbits
  83              		.align	1
  84              		.weak	HAL_UART_RxHalfCpltCallback
  85              		.syntax unified
  86              		.thumb
  87              		.thumb_func
  89              	HAL_UART_RxHalfCpltCallback:
  90              		@ args = 0, pretend = 0, frame = 0
  91              		@ frame_needed = 0, uses_anonymous_args = 0
  92              		@ link register save eliminated.
  93 0000 7047     		bx	lr
  95              		.section	.text.HAL_UART_ErrorCallback,"ax",%progbits
  96              		.align	1
  97              		.weak	HAL_UART_ErrorCallback
  98              		.syntax unified
  99              		.thumb
 100              		.thumb_func
 102              	HAL_UART_ErrorCallback:
 103              		@ args = 0, pretend = 0, frame = 0
 104              		@ frame_needed = 0, uses_anonymous_args = 0
 105              		@ link register save eliminated.
 106 0000 7047     		bx	lr
 108              		.section	.text.HAL_UART_AbortCpltCallback,"ax",%progbits
 109              		.align	1
 110              		.weak	HAL_UART_AbortCpltCallback
 111              		.syntax unified
 112              		.thumb
 113              		.thumb_func
 115              	HAL_UART_AbortCpltCallback:
 116              		@ args = 0, pretend = 0, frame = 0
 117              		@ frame_needed = 0, uses_anonymous_args = 0
 118              		@ link register save eliminated.
 119 0000 7047     		bx	lr
 121              		.section	.text.HAL_UART_AbortTransmitCpltCallback,"ax",%progbits
 122              		.align	1
 123              		.weak	HAL_UART_AbortTransmitCpltCallback
 124              		.syntax unified
 125              		.thumb
 126              		.thumb_func
 128              	HAL_UART_AbortTransmitCpltCallback:
 129              		@ args = 0, pretend = 0, frame = 0
 130              		@ frame_needed = 0, uses_anonymous_args = 0
 131              		@ link register save eliminated.
ARM GAS  C:\Users\Nathan\AppData\Local\Temp\ccfpsmze.s 			page 3


 132 0000 7047     		bx	lr
 134              		.section	.text.HAL_UART_AbortReceiveCpltCallback,"ax",%progbits
 135              		.align	1
 136              		.weak	HAL_UART_AbortReceiveCpltCallback
 137              		.syntax unified
 138              		.thumb
 139              		.thumb_func
 141              	HAL_UART_AbortReceiveCpltCallback:
 142              		@ args = 0, pretend = 0, frame = 0
 143              		@ frame_needed = 0, uses_anonymous_args = 0
 144              		@ link register save eliminated.
 145 0000 7047     		bx	lr
 147              		.section	.text.HAL_UARTEx_RxEventCallback,"ax",%progbits
 148              		.align	1
 149              		.weak	HAL_UARTEx_RxEventCallback
 150              		.syntax unified
 151              		.thumb
 152              		.thumb_func
 154              	HAL_UARTEx_RxEventCallback:
 155              		@ args = 0, pretend = 0, frame = 0
 156              		@ frame_needed = 0, uses_anonymous_args = 0
 157              		@ link register save eliminated.
 158 0000 7047     		bx	lr
 160              		.section	.text.UART_EndTxTransfer,"ax",%progbits
 161              		.align	1
 162              		.syntax unified
 163              		.thumb
 164              		.thumb_func
 166              	UART_EndTxTransfer:
 167              		@ args = 0, pretend = 0, frame = 0
 168              		@ frame_needed = 0, uses_anonymous_args = 0
 169              		@ link register save eliminated.
 170              	.L13:
 171 0000 0268     		ldr	r2, [r0]
 172              		.syntax unified
 173              	@ 1155 "Drivers/CMSIS/Include/cmsis_gcc.h" 1
 174 0002 52E8003F 		ldrex r3, [r2]
 175              	@ 0 "" 2
 176              		.thumb
 177              		.syntax unified
 178 0006 23F0C003 		bic	r3, r3, #192
 179              		.syntax unified
 180              	@ 1206 "Drivers/CMSIS/Include/cmsis_gcc.h" 1
 181 000a 42E80031 		strex r1, r3, [r2]
 182              	@ 0 "" 2
 183              		.thumb
 184              		.syntax unified
 185 000e 0029     		cmp	r1, #0
 186 0010 F6D1     		bne	.L13
 187              	.L14:
 188 0012 0268     		ldr	r2, [r0]
 189 0014 02F10803 		add	r3, r2, #8
 190              		.syntax unified
 191              	@ 1155 "Drivers/CMSIS/Include/cmsis_gcc.h" 1
 192 0018 53E8003F 		ldrex r3, [r3]
 193              	@ 0 "" 2
 194              		.thumb
ARM GAS  C:\Users\Nathan\AppData\Local\Temp\ccfpsmze.s 			page 4


 195              		.syntax unified
 196 001c 23F40003 		bic	r3, r3, #8388608
 197 0020 0832     		adds	r2, r2, #8
 198              		.syntax unified
 199              	@ 1206 "Drivers/CMSIS/Include/cmsis_gcc.h" 1
 200 0022 42E80031 		strex r1, r3, [r2]
 201              	@ 0 "" 2
 202              		.thumb
 203              		.syntax unified
 204 0026 0029     		cmp	r1, #0
 205 0028 F3D1     		bne	.L14
 206 002a 2023     		movs	r3, #32
 207 002c C0F88830 		str	r3, [r0, #136]
 208 0030 7047     		bx	lr
 210              		.section	.text.UART_EndRxTransfer,"ax",%progbits
 211              		.align	1
 212              		.syntax unified
 213              		.thumb
 214              		.thumb_func
 216              	UART_EndRxTransfer:
 217              		@ args = 0, pretend = 0, frame = 0
 218              		@ frame_needed = 0, uses_anonymous_args = 0
 219              		@ link register save eliminated.
 220              	.L16:
 221 0000 0268     		ldr	r2, [r0]
 222              		.syntax unified
 223              	@ 1155 "Drivers/CMSIS/Include/cmsis_gcc.h" 1
 224 0002 52E8003F 		ldrex r3, [r2]
 225              	@ 0 "" 2
 226              		.thumb
 227              		.syntax unified
 228 0006 23F49073 		bic	r3, r3, #288
 229              		.syntax unified
 230              	@ 1206 "Drivers/CMSIS/Include/cmsis_gcc.h" 1
 231 000a 42E80031 		strex r1, r3, [r2]
 232              	@ 0 "" 2
 233              		.thumb
 234              		.syntax unified
 235 000e 0029     		cmp	r1, #0
 236 0010 F6D1     		bne	.L16
 237              	.L17:
 238 0012 0268     		ldr	r2, [r0]
 239 0014 02F10803 		add	r3, r2, #8
 240              		.syntax unified
 241              	@ 1155 "Drivers/CMSIS/Include/cmsis_gcc.h" 1
 242 0018 53E8003F 		ldrex r3, [r3]
 243              	@ 0 "" 2
 244              		.thumb
 245              		.syntax unified
 246 001c 23F08053 		bic	r3, r3, #268435456
 247 0020 23F00103 		bic	r3, r3, #1
 248 0024 0832     		adds	r2, r2, #8
 249              		.syntax unified
 250              	@ 1206 "Drivers/CMSIS/Include/cmsis_gcc.h" 1
 251 0026 42E80031 		strex r1, r3, [r2]
 252              	@ 0 "" 2
 253              		.thumb
ARM GAS  C:\Users\Nathan\AppData\Local\Temp\ccfpsmze.s 			page 5


 254              		.syntax unified
 255 002a 0029     		cmp	r1, #0
 256 002c F1D1     		bne	.L17
 257 002e C36E     		ldr	r3, [r0, #108]
 258 0030 012B     		cmp	r3, #1
 259 0032 06D0     		beq	.L19
 260              	.L18:
 261 0034 2023     		movs	r3, #32
 262 0036 C0F88C30 		str	r3, [r0, #140]
 263 003a 0023     		movs	r3, #0
 264 003c C366     		str	r3, [r0, #108]
 265 003e 4367     		str	r3, [r0, #116]
 266 0040 7047     		bx	lr
 267              	.L19:
 268 0042 0268     		ldr	r2, [r0]
 269              		.syntax unified
 270              	@ 1155 "Drivers/CMSIS/Include/cmsis_gcc.h" 1
 271 0044 52E8003F 		ldrex r3, [r2]
 272              	@ 0 "" 2
 273              		.thumb
 274              		.syntax unified
 275 0048 23F01003 		bic	r3, r3, #16
 276              		.syntax unified
 277              	@ 1206 "Drivers/CMSIS/Include/cmsis_gcc.h" 1
 278 004c 42E80031 		strex r1, r3, [r2]
 279              	@ 0 "" 2
 280              		.thumb
 281              		.syntax unified
 282 0050 0029     		cmp	r1, #0
 283 0052 F6D1     		bne	.L19
 284 0054 EEE7     		b	.L18
 286              		.section	.text.UART_DMATransmitCplt,"ax",%progbits
 287              		.align	1
 288              		.syntax unified
 289              		.thumb
 290              		.thumb_func
 292              	UART_DMATransmitCplt:
 293              		@ args = 0, pretend = 0, frame = 0
 294              		@ frame_needed = 0, uses_anonymous_args = 0
 295 0000 08B5     		push	{r3, lr}
 296 0002 0346     		mov	r3, r0
 297 0004 806A     		ldr	r0, [r0, #40]
 298 0006 1B68     		ldr	r3, [r3]
 299 0008 1B68     		ldr	r3, [r3]
 300 000a 13F0200F 		tst	r3, #32
 301 000e 18D1     		bne	.L21
 302 0010 0023     		movs	r3, #0
 303 0012 A0F85630 		strh	r3, [r0, #86]	@ movhi
 304              	.L22:
 305 0016 0268     		ldr	r2, [r0]
 306 0018 02F10803 		add	r3, r2, #8
 307              		.syntax unified
 308              	@ 1155 "Drivers/CMSIS/Include/cmsis_gcc.h" 1
 309 001c 53E8003F 		ldrex r3, [r3]
 310              	@ 0 "" 2
 311              		.thumb
 312              		.syntax unified
ARM GAS  C:\Users\Nathan\AppData\Local\Temp\ccfpsmze.s 			page 6


 313 0020 23F08003 		bic	r3, r3, #128
 314 0024 0832     		adds	r2, r2, #8
 315              		.syntax unified
 316              	@ 1206 "Drivers/CMSIS/Include/cmsis_gcc.h" 1
 317 0026 42E80031 		strex r1, r3, [r2]
 318              	@ 0 "" 2
 319              		.thumb
 320              		.syntax unified
 321 002a 0029     		cmp	r1, #0
 322 002c F3D1     		bne	.L22
 323              	.L23:
 324 002e 0268     		ldr	r2, [r0]
 325              		.syntax unified
 326              	@ 1155 "Drivers/CMSIS/Include/cmsis_gcc.h" 1
 327 0030 52E8003F 		ldrex r3, [r2]
 328              	@ 0 "" 2
 329              		.thumb
 330              		.syntax unified
 331 0034 43F04003 		orr	r3, r3, #64
 332              		.syntax unified
 333              	@ 1206 "Drivers/CMSIS/Include/cmsis_gcc.h" 1
 334 0038 42E80031 		strex r1, r3, [r2]
 335              	@ 0 "" 2
 336              		.thumb
 337              		.syntax unified
 338 003c 0029     		cmp	r1, #0
 339 003e F6D1     		bne	.L23
 340              	.L20:
 341 0040 08BD     		pop	{r3, pc}
 342              	.L21:
 343 0042 D0F89830 		ldr	r3, [r0, #152]
 344 0046 9847     		blx	r3
 345 0048 FAE7     		b	.L20
 347              		.section	.text.UART_DMATxHalfCplt,"ax",%progbits
 348              		.align	1
 349              		.syntax unified
 350              		.thumb
 351              		.thumb_func
 353              	UART_DMATxHalfCplt:
 354              		@ args = 0, pretend = 0, frame = 0
 355              		@ frame_needed = 0, uses_anonymous_args = 0
 356 0000 08B5     		push	{r3, lr}
 357 0002 806A     		ldr	r0, [r0, #40]
 358 0004 D0F89430 		ldr	r3, [r0, #148]
 359 0008 9847     		blx	r3
 360 000a 08BD     		pop	{r3, pc}
 362              		.section	.text.UART_DMAReceiveCplt,"ax",%progbits
 363              		.align	1
 364              		.syntax unified
 365              		.thumb
 366              		.thumb_func
 368              	UART_DMAReceiveCplt:
 369              		@ args = 0, pretend = 0, frame = 0
 370              		@ frame_needed = 0, uses_anonymous_args = 0
 371 0000 08B5     		push	{r3, lr}
 372 0002 8446     		mov	ip, r0
 373 0004 806A     		ldr	r0, [r0, #40]
ARM GAS  C:\Users\Nathan\AppData\Local\Temp\ccfpsmze.s 			page 7


 374 0006 DCF80030 		ldr	r3, [ip]
 375 000a 1B68     		ldr	r3, [r3]
 376 000c 13F0200F 		tst	r3, #32
 377 0010 29D1     		bne	.L29
 378 0012 0023     		movs	r3, #0
 379 0014 A0F85E30 		strh	r3, [r0, #94]	@ movhi
 380              	.L30:
 381 0018 0268     		ldr	r2, [r0]
 382              		.syntax unified
 383              	@ 1155 "Drivers/CMSIS/Include/cmsis_gcc.h" 1
 384 001a 52E8003F 		ldrex r3, [r2]
 385              	@ 0 "" 2
 386              		.thumb
 387              		.syntax unified
 388 001e 23F48073 		bic	r3, r3, #256
 389              		.syntax unified
 390              	@ 1206 "Drivers/CMSIS/Include/cmsis_gcc.h" 1
 391 0022 42E80031 		strex r1, r3, [r2]
 392              	@ 0 "" 2
 393              		.thumb
 394              		.syntax unified
 395 0026 0029     		cmp	r1, #0
 396 0028 F6D1     		bne	.L30
 397              	.L31:
 398 002a 0268     		ldr	r2, [r0]
 399 002c 02F10803 		add	r3, r2, #8
 400              		.syntax unified
 401              	@ 1155 "Drivers/CMSIS/Include/cmsis_gcc.h" 1
 402 0030 53E8003F 		ldrex r3, [r3]
 403              	@ 0 "" 2
 404              		.thumb
 405              		.syntax unified
 406 0034 23F00103 		bic	r3, r3, #1
 407 0038 0832     		adds	r2, r2, #8
 408              		.syntax unified
 409              	@ 1206 "Drivers/CMSIS/Include/cmsis_gcc.h" 1
 410 003a 42E80031 		strex r1, r3, [r2]
 411              	@ 0 "" 2
 412              		.thumb
 413              		.syntax unified
 414 003e 0029     		cmp	r1, #0
 415 0040 F3D1     		bne	.L31
 416              	.L32:
 417 0042 0268     		ldr	r2, [r0]
 418 0044 02F10803 		add	r3, r2, #8
 419              		.syntax unified
 420              	@ 1155 "Drivers/CMSIS/Include/cmsis_gcc.h" 1
 421 0048 53E8003F 		ldrex r3, [r3]
 422              	@ 0 "" 2
 423              		.thumb
 424              		.syntax unified
 425 004c 23F04003 		bic	r3, r3, #64
 426 0050 0832     		adds	r2, r2, #8
 427              		.syntax unified
 428              	@ 1206 "Drivers/CMSIS/Include/cmsis_gcc.h" 1
 429 0052 42E80031 		strex r1, r3, [r2]
 430              	@ 0 "" 2
ARM GAS  C:\Users\Nathan\AppData\Local\Temp\ccfpsmze.s 			page 8


 431              		.thumb
 432              		.syntax unified
 433 0056 0029     		cmp	r1, #0
 434 0058 F3D1     		bne	.L32
 435 005a 2023     		movs	r3, #32
 436 005c C0F88C30 		str	r3, [r0, #140]
 437 0060 C36E     		ldr	r3, [r0, #108]
 438 0062 012B     		cmp	r3, #1
 439 0064 08D0     		beq	.L33
 440              	.L29:
 441 0066 0023     		movs	r3, #0
 442 0068 0367     		str	r3, [r0, #112]
 443 006a C36E     		ldr	r3, [r0, #108]
 444 006c 012B     		cmp	r3, #1
 445 006e 0DD0     		beq	.L38
 446 0070 D0F8A030 		ldr	r3, [r0, #160]
 447 0074 9847     		blx	r3
 448              	.L28:
 449 0076 08BD     		pop	{r3, pc}
 450              	.L33:
 451 0078 0268     		ldr	r2, [r0]
 452              		.syntax unified
 453              	@ 1155 "Drivers/CMSIS/Include/cmsis_gcc.h" 1
 454 007a 52E8003F 		ldrex r3, [r2]
 455              	@ 0 "" 2
 456              		.thumb
 457              		.syntax unified
 458 007e 23F01003 		bic	r3, r3, #16
 459              		.syntax unified
 460              	@ 1206 "Drivers/CMSIS/Include/cmsis_gcc.h" 1
 461 0082 42E80031 		strex r1, r3, [r2]
 462              	@ 0 "" 2
 463              		.thumb
 464              		.syntax unified
 465 0086 0029     		cmp	r1, #0
 466 0088 F6D1     		bne	.L33
 467 008a ECE7     		b	.L29
 468              	.L38:
 469 008c 0023     		movs	r3, #0
 470 008e A0F85E30 		strh	r3, [r0, #94]	@ movhi
 471 0092 DCF80030 		ldr	r3, [ip]
 472 0096 5B68     		ldr	r3, [r3, #4]
 473 0098 9BB2     		uxth	r3, r3
 474 009a B0F85C10 		ldrh	r1, [r0, #92]
 475 009e 9942     		cmp	r1, r3
 476 00a0 01D9     		bls	.L35
 477 00a2 A0F85E30 		strh	r3, [r0, #94]	@ movhi
 478              	.L35:
 479 00a6 D0F8C020 		ldr	r2, [r0, #192]
 480 00aa B0F85E30 		ldrh	r3, [r0, #94]
 481 00ae 9BB2     		uxth	r3, r3
 482 00b0 C91A     		subs	r1, r1, r3
 483 00b2 89B2     		uxth	r1, r1
 484 00b4 9047     		blx	r2
 485 00b6 DEE7     		b	.L28
 487              		.section	.text.UART_DMARxHalfCplt,"ax",%progbits
 488              		.align	1
ARM GAS  C:\Users\Nathan\AppData\Local\Temp\ccfpsmze.s 			page 9


 489              		.syntax unified
 490              		.thumb
 491              		.thumb_func
 493              	UART_DMARxHalfCplt:
 494              		@ args = 0, pretend = 0, frame = 0
 495              		@ frame_needed = 0, uses_anonymous_args = 0
 496 0000 08B5     		push	{r3, lr}
 497 0002 0346     		mov	r3, r0
 498 0004 806A     		ldr	r0, [r0, #40]
 499 0006 0122     		movs	r2, #1
 500 0008 0267     		str	r2, [r0, #112]
 501 000a C26E     		ldr	r2, [r0, #108]
 502 000c 012A     		cmp	r2, #1
 503 000e 03D0     		beq	.L44
 504 0010 D0F89C30 		ldr	r3, [r0, #156]
 505 0014 9847     		blx	r3
 506              	.L39:
 507 0016 08BD     		pop	{r3, pc}
 508              	.L44:
 509 0018 B0F85C10 		ldrh	r1, [r0, #92]
 510 001c 4A08     		lsrs	r2, r1, #1
 511 001e A0F85E20 		strh	r2, [r0, #94]	@ movhi
 512 0022 1B68     		ldr	r3, [r3]
 513 0024 5B68     		ldr	r3, [r3, #4]
 514 0026 9BB2     		uxth	r3, r3
 515 0028 9942     		cmp	r1, r3
 516 002a 01D3     		bcc	.L41
 517 002c A0F85E30 		strh	r3, [r0, #94]	@ movhi
 518              	.L41:
 519 0030 D0F8C020 		ldr	r2, [r0, #192]
 520 0034 B0F85E30 		ldrh	r3, [r0, #94]
 521 0038 9BB2     		uxth	r3, r3
 522 003a C91A     		subs	r1, r1, r3
 523 003c 89B2     		uxth	r1, r1
 524 003e 9047     		blx	r2
 525 0040 E9E7     		b	.L39
 527              		.section	.text.UART_DMAError,"ax",%progbits
 528              		.align	1
 529              		.syntax unified
 530              		.thumb
 531              		.thumb_func
 533              	UART_DMAError:
 534              		@ args = 0, pretend = 0, frame = 0
 535              		@ frame_needed = 0, uses_anonymous_args = 0
 536 0000 38B5     		push	{r3, r4, r5, lr}
 537 0002 846A     		ldr	r4, [r0, #40]
 538 0004 D4F88820 		ldr	r2, [r4, #136]
 539 0008 D4F88C30 		ldr	r3, [r4, #140]
 540 000c 1D46     		mov	r5, r3
 541 000e 2368     		ldr	r3, [r4]
 542 0010 9B68     		ldr	r3, [r3, #8]
 543 0012 13F0800F 		tst	r3, #128
 544 0016 01D0     		beq	.L46
 545 0018 212A     		cmp	r2, #33
 546 001a 11D0     		beq	.L49
 547              	.L46:
 548 001c 2368     		ldr	r3, [r4]
ARM GAS  C:\Users\Nathan\AppData\Local\Temp\ccfpsmze.s 			page 10


 549 001e 9B68     		ldr	r3, [r3, #8]
 550 0020 13F0400F 		tst	r3, #64
 551 0024 01D0     		beq	.L47
 552 0026 222D     		cmp	r5, #34
 553 0028 11D0     		beq	.L50
 554              	.L47:
 555 002a D4F89030 		ldr	r3, [r4, #144]
 556 002e 43F01003 		orr	r3, r3, #16
 557 0032 C4F89030 		str	r3, [r4, #144]
 558 0036 D4F8A430 		ldr	r3, [r4, #164]
 559 003a 2046     		mov	r0, r4
 560 003c 9847     		blx	r3
 561 003e 38BD     		pop	{r3, r4, r5, pc}
 562              	.L49:
 563 0040 0023     		movs	r3, #0
 564 0042 A4F85630 		strh	r3, [r4, #86]	@ movhi
 565 0046 2046     		mov	r0, r4
 566 0048 FFF7FEFF 		bl	UART_EndTxTransfer
 567 004c E6E7     		b	.L46
 568              	.L50:
 569 004e 0023     		movs	r3, #0
 570 0050 A4F85E30 		strh	r3, [r4, #94]	@ movhi
 571 0054 2046     		mov	r0, r4
 572 0056 FFF7FEFF 		bl	UART_EndRxTransfer
 573 005a E6E7     		b	.L47
 575              		.section	.text.UART_DMAAbortOnError,"ax",%progbits
 576              		.align	1
 577              		.syntax unified
 578              		.thumb
 579              		.thumb_func
 581              	UART_DMAAbortOnError:
 582              		@ args = 0, pretend = 0, frame = 0
 583              		@ frame_needed = 0, uses_anonymous_args = 0
 584 0000 08B5     		push	{r3, lr}
 585 0002 806A     		ldr	r0, [r0, #40]
 586 0004 0023     		movs	r3, #0
 587 0006 A0F85E30 		strh	r3, [r0, #94]	@ movhi
 588 000a D0F8A430 		ldr	r3, [r0, #164]
 589 000e 9847     		blx	r3
 590 0010 08BD     		pop	{r3, pc}
 592              		.section	.text.UART_DMATxAbortCallback,"ax",%progbits
 593              		.align	1
 594              		.syntax unified
 595              		.thumb
 596              		.thumb_func
 598              	UART_DMATxAbortCallback:
 599              		@ args = 0, pretend = 0, frame = 0
 600              		@ frame_needed = 0, uses_anonymous_args = 0
 601 0000 08B5     		push	{r3, lr}
 602 0002 806A     		ldr	r0, [r0, #40]
 603 0004 C36F     		ldr	r3, [r0, #124]
 604 0006 0022     		movs	r2, #0
 605 0008 9A63     		str	r2, [r3, #56]
 606 000a D0F88030 		ldr	r3, [r0, #128]
 607 000e 0BB1     		cbz	r3, .L54
 608 0010 9B6B     		ldr	r3, [r3, #56]
 609 0012 B3B9     		cbnz	r3, .L53
ARM GAS  C:\Users\Nathan\AppData\Local\Temp\ccfpsmze.s 			page 11


 610              	.L54:
 611 0014 A0F85630 		strh	r3, [r0, #86]	@ movhi
 612 0018 A0F85E30 		strh	r3, [r0, #94]	@ movhi
 613 001c C0F89030 		str	r3, [r0, #144]
 614 0020 0368     		ldr	r3, [r0]
 615 0022 0F22     		movs	r2, #15
 616 0024 1A62     		str	r2, [r3, #32]
 617 0026 436E     		ldr	r3, [r0, #100]
 618 0028 B3F1005F 		cmp	r3, #536870912
 619 002c 0AD0     		beq	.L58
 620              	.L56:
 621 002e 2023     		movs	r3, #32
 622 0030 C0F88830 		str	r3, [r0, #136]
 623 0034 C0F88C30 		str	r3, [r0, #140]
 624 0038 0023     		movs	r3, #0
 625 003a C366     		str	r3, [r0, #108]
 626 003c D0F8A830 		ldr	r3, [r0, #168]
 627 0040 9847     		blx	r3
 628              	.L53:
 629 0042 08BD     		pop	{r3, pc}
 630              	.L58:
 631 0044 0268     		ldr	r2, [r0]
 632 0046 9369     		ldr	r3, [r2, #24]
 633 0048 43F01003 		orr	r3, r3, #16
 634 004c 9361     		str	r3, [r2, #24]
 635 004e EEE7     		b	.L56
 637              		.section	.text.UART_DMARxAbortCallback,"ax",%progbits
 638              		.align	1
 639              		.syntax unified
 640              		.thumb
 641              		.thumb_func
 643              	UART_DMARxAbortCallback:
 644              		@ args = 0, pretend = 0, frame = 0
 645              		@ frame_needed = 0, uses_anonymous_args = 0
 646 0000 08B5     		push	{r3, lr}
 647 0002 806A     		ldr	r0, [r0, #40]
 648 0004 D0F88030 		ldr	r3, [r0, #128]
 649 0008 0022     		movs	r2, #0
 650 000a 9A63     		str	r2, [r3, #56]
 651 000c C36F     		ldr	r3, [r0, #124]
 652 000e 0BB1     		cbz	r3, .L60
 653 0010 9B6B     		ldr	r3, [r3, #56]
 654 0012 B3B9     		cbnz	r3, .L59
 655              	.L60:
 656 0014 A0F85630 		strh	r3, [r0, #86]	@ movhi
 657 0018 A0F85E30 		strh	r3, [r0, #94]	@ movhi
 658 001c C0F89030 		str	r3, [r0, #144]
 659 0020 0268     		ldr	r2, [r0]
 660 0022 0F21     		movs	r1, #15
 661 0024 1162     		str	r1, [r2, #32]
 662 0026 0168     		ldr	r1, [r0]
 663 0028 8A69     		ldr	r2, [r1, #24]
 664 002a 42F00802 		orr	r2, r2, #8
 665 002e 8A61     		str	r2, [r1, #24]
 666 0030 2022     		movs	r2, #32
 667 0032 C0F88820 		str	r2, [r0, #136]
 668 0036 C0F88C20 		str	r2, [r0, #140]
ARM GAS  C:\Users\Nathan\AppData\Local\Temp\ccfpsmze.s 			page 12


 669 003a C366     		str	r3, [r0, #108]
 670 003c D0F8A830 		ldr	r3, [r0, #168]
 671 0040 9847     		blx	r3
 672              	.L59:
 673 0042 08BD     		pop	{r3, pc}
 675              		.section	.text.UART_DMATxOnlyAbortCallback,"ax",%progbits
 676              		.align	1
 677              		.syntax unified
 678              		.thumb
 679              		.thumb_func
 681              	UART_DMATxOnlyAbortCallback:
 682              		@ args = 0, pretend = 0, frame = 0
 683              		@ frame_needed = 0, uses_anonymous_args = 0
 684 0000 08B5     		push	{r3, lr}
 685 0002 806A     		ldr	r0, [r0, #40]
 686 0004 0023     		movs	r3, #0
 687 0006 A0F85630 		strh	r3, [r0, #86]	@ movhi
 688 000a 436E     		ldr	r3, [r0, #100]
 689 000c B3F1005F 		cmp	r3, #536870912
 690 0010 06D0     		beq	.L66
 691              	.L64:
 692 0012 2023     		movs	r3, #32
 693 0014 C0F88830 		str	r3, [r0, #136]
 694 0018 D0F8AC30 		ldr	r3, [r0, #172]
 695 001c 9847     		blx	r3
 696 001e 08BD     		pop	{r3, pc}
 697              	.L66:
 698 0020 0268     		ldr	r2, [r0]
 699 0022 9369     		ldr	r3, [r2, #24]
 700 0024 43F01003 		orr	r3, r3, #16
 701 0028 9361     		str	r3, [r2, #24]
 702 002a F2E7     		b	.L64
 704              		.section	.text.UART_DMARxOnlyAbortCallback,"ax",%progbits
 705              		.align	1
 706              		.syntax unified
 707              		.thumb
 708              		.thumb_func
 710              	UART_DMARxOnlyAbortCallback:
 711              		@ args = 0, pretend = 0, frame = 0
 712              		@ frame_needed = 0, uses_anonymous_args = 0
 713 0000 08B5     		push	{r3, lr}
 714 0002 806A     		ldr	r0, [r0, #40]
 715 0004 0022     		movs	r2, #0
 716 0006 A0F85E20 		strh	r2, [r0, #94]	@ movhi
 717 000a 0368     		ldr	r3, [r0]
 718 000c 0F21     		movs	r1, #15
 719 000e 1962     		str	r1, [r3, #32]
 720 0010 0168     		ldr	r1, [r0]
 721 0012 8B69     		ldr	r3, [r1, #24]
 722 0014 43F00803 		orr	r3, r3, #8
 723 0018 8B61     		str	r3, [r1, #24]
 724 001a 2023     		movs	r3, #32
 725 001c C0F88C30 		str	r3, [r0, #140]
 726 0020 C266     		str	r2, [r0, #108]
 727 0022 D0F8B030 		ldr	r3, [r0, #176]
 728 0026 9847     		blx	r3
 729 0028 08BD     		pop	{r3, pc}
ARM GAS  C:\Users\Nathan\AppData\Local\Temp\ccfpsmze.s 			page 13


 731              		.section	.text.UART_TxISR_8BIT,"ax",%progbits
 732              		.align	1
 733              		.syntax unified
 734              		.thumb
 735              		.thumb_func
 737              	UART_TxISR_8BIT:
 738              		@ args = 0, pretend = 0, frame = 0
 739              		@ frame_needed = 0, uses_anonymous_args = 0
 740              		@ link register save eliminated.
 741 0000 D0F88830 		ldr	r3, [r0, #136]
 742 0004 212B     		cmp	r3, #33
 743 0006 00D0     		beq	.L74
 744              	.L69:
 745 0008 7047     		bx	lr
 746              	.L74:
 747 000a B0F85630 		ldrh	r3, [r0, #86]
 748 000e 9BB2     		uxth	r3, r3
 749 0010 93B9     		cbnz	r3, .L71
 750              	.L72:
 751 0012 0268     		ldr	r2, [r0]
 752              		.syntax unified
 753              	@ 1155 "Drivers/CMSIS/Include/cmsis_gcc.h" 1
 754 0014 52E8003F 		ldrex r3, [r2]
 755              	@ 0 "" 2
 756              		.thumb
 757              		.syntax unified
 758 0018 23F08003 		bic	r3, r3, #128
 759              		.syntax unified
 760              	@ 1206 "Drivers/CMSIS/Include/cmsis_gcc.h" 1
 761 001c 42E80031 		strex r1, r3, [r2]
 762              	@ 0 "" 2
 763              		.thumb
 764              		.syntax unified
 765 0020 0029     		cmp	r1, #0
 766 0022 F6D1     		bne	.L72
 767              	.L73:
 768 0024 0268     		ldr	r2, [r0]
 769              		.syntax unified
 770              	@ 1155 "Drivers/CMSIS/Include/cmsis_gcc.h" 1
 771 0026 52E8003F 		ldrex r3, [r2]
 772              	@ 0 "" 2
 773              		.thumb
 774              		.syntax unified
 775 002a 43F04003 		orr	r3, r3, #64
 776              		.syntax unified
 777              	@ 1206 "Drivers/CMSIS/Include/cmsis_gcc.h" 1
 778 002e 42E80031 		strex r1, r3, [r2]
 779              	@ 0 "" 2
 780              		.thumb
 781              		.syntax unified
 782 0032 0029     		cmp	r1, #0
 783 0034 F6D1     		bne	.L73
 784 0036 7047     		bx	lr
 785              	.L71:
 786 0038 036D     		ldr	r3, [r0, #80]
 787 003a 1A78     		ldrb	r2, [r3]	@ zero_extendqisi2
 788 003c 0368     		ldr	r3, [r0]
ARM GAS  C:\Users\Nathan\AppData\Local\Temp\ccfpsmze.s 			page 14


 789 003e 9A62     		str	r2, [r3, #40]
 790 0040 036D     		ldr	r3, [r0, #80]
 791 0042 0133     		adds	r3, r3, #1
 792 0044 0365     		str	r3, [r0, #80]
 793 0046 B0F85630 		ldrh	r3, [r0, #86]
 794 004a 9BB2     		uxth	r3, r3
 795 004c 013B     		subs	r3, r3, #1
 796 004e 9BB2     		uxth	r3, r3
 797 0050 A0F85630 		strh	r3, [r0, #86]	@ movhi
 798 0054 D8E7     		b	.L69
 800              		.section	.text.UART_TxISR_16BIT,"ax",%progbits
 801              		.align	1
 802              		.syntax unified
 803              		.thumb
 804              		.thumb_func
 806              	UART_TxISR_16BIT:
 807              		@ args = 0, pretend = 0, frame = 0
 808              		@ frame_needed = 0, uses_anonymous_args = 0
 809              		@ link register save eliminated.
 810 0000 D0F88830 		ldr	r3, [r0, #136]
 811 0004 212B     		cmp	r3, #33
 812 0006 00D0     		beq	.L80
 813              	.L75:
 814 0008 7047     		bx	lr
 815              	.L80:
 816 000a B0F85630 		ldrh	r3, [r0, #86]
 817 000e 9BB2     		uxth	r3, r3
 818 0010 93B9     		cbnz	r3, .L77
 819              	.L78:
 820 0012 0268     		ldr	r2, [r0]
 821              		.syntax unified
 822              	@ 1155 "Drivers/CMSIS/Include/cmsis_gcc.h" 1
 823 0014 52E8003F 		ldrex r3, [r2]
 824              	@ 0 "" 2
 825              		.thumb
 826              		.syntax unified
 827 0018 23F08003 		bic	r3, r3, #128
 828              		.syntax unified
 829              	@ 1206 "Drivers/CMSIS/Include/cmsis_gcc.h" 1
 830 001c 42E80031 		strex r1, r3, [r2]
 831              	@ 0 "" 2
 832              		.thumb
 833              		.syntax unified
 834 0020 0029     		cmp	r1, #0
 835 0022 F6D1     		bne	.L78
 836              	.L79:
 837 0024 0268     		ldr	r2, [r0]
 838              		.syntax unified
 839              	@ 1155 "Drivers/CMSIS/Include/cmsis_gcc.h" 1
 840 0026 52E8003F 		ldrex r3, [r2]
 841              	@ 0 "" 2
 842              		.thumb
 843              		.syntax unified
 844 002a 43F04003 		orr	r3, r3, #64
 845              		.syntax unified
 846              	@ 1206 "Drivers/CMSIS/Include/cmsis_gcc.h" 1
 847 002e 42E80031 		strex r1, r3, [r2]
ARM GAS  C:\Users\Nathan\AppData\Local\Temp\ccfpsmze.s 			page 15


 848              	@ 0 "" 2
 849              		.thumb
 850              		.syntax unified
 851 0032 0029     		cmp	r1, #0
 852 0034 F6D1     		bne	.L79
 853 0036 7047     		bx	lr
 854              	.L77:
 855 0038 036D     		ldr	r3, [r0, #80]
 856 003a 1B88     		ldrh	r3, [r3]
 857 003c 0268     		ldr	r2, [r0]
 858 003e C3F30803 		ubfx	r3, r3, #0, #9
 859 0042 9362     		str	r3, [r2, #40]
 860 0044 036D     		ldr	r3, [r0, #80]
 861 0046 0233     		adds	r3, r3, #2
 862 0048 0365     		str	r3, [r0, #80]
 863 004a B0F85630 		ldrh	r3, [r0, #86]
 864 004e 9BB2     		uxth	r3, r3
 865 0050 013B     		subs	r3, r3, #1
 866 0052 9BB2     		uxth	r3, r3
 867 0054 A0F85630 		strh	r3, [r0, #86]	@ movhi
 868 0058 D6E7     		b	.L75
 870              		.section	.text.UART_TxISR_8BIT_FIFOEN,"ax",%progbits
 871              		.align	1
 872              		.syntax unified
 873              		.thumb
 874              		.thumb_func
 876              	UART_TxISR_8BIT_FIFOEN:
 877              		@ args = 0, pretend = 0, frame = 0
 878              		@ frame_needed = 0, uses_anonymous_args = 0
 879              		@ link register save eliminated.
 880 0000 D0F88830 		ldr	r3, [r0, #136]
 881 0004 212B     		cmp	r3, #33
 882 0006 00D0     		beq	.L89
 883              	.L81:
 884 0008 7047     		bx	lr
 885              	.L89:
 886 000a B0F86A30 		ldrh	r3, [r0, #106]
 887 000e 17E0     		b	.L83
 888              	.L85:
 889 0010 0268     		ldr	r2, [r0]
 890 0012 02F10803 		add	r3, r2, #8
 891              		.syntax unified
 892              	@ 1155 "Drivers/CMSIS/Include/cmsis_gcc.h" 1
 893 0016 53E8003F 		ldrex r3, [r3]
 894              	@ 0 "" 2
 895              		.thumb
 896              		.syntax unified
 897 001a 23F40003 		bic	r3, r3, #8388608
 898 001e 0832     		adds	r2, r2, #8
 899              		.syntax unified
 900              	@ 1206 "Drivers/CMSIS/Include/cmsis_gcc.h" 1
 901 0020 42E80031 		strex r1, r3, [r2]
 902              	@ 0 "" 2
 903              		.thumb
 904              		.syntax unified
 905 0024 0029     		cmp	r1, #0
 906 0026 F3D1     		bne	.L85
ARM GAS  C:\Users\Nathan\AppData\Local\Temp\ccfpsmze.s 			page 16


 907              	.L86:
 908 0028 0268     		ldr	r2, [r0]
 909              		.syntax unified
 910              	@ 1155 "Drivers/CMSIS/Include/cmsis_gcc.h" 1
 911 002a 52E8003F 		ldrex r3, [r2]
 912              	@ 0 "" 2
 913              		.thumb
 914              		.syntax unified
 915 002e 43F04003 		orr	r3, r3, #64
 916              		.syntax unified
 917              	@ 1206 "Drivers/CMSIS/Include/cmsis_gcc.h" 1
 918 0032 42E80031 		strex r1, r3, [r2]
 919              	@ 0 "" 2
 920              		.thumb
 921              		.syntax unified
 922 0036 0029     		cmp	r1, #0
 923 0038 F6D1     		bne	.L86
 924 003a 7047     		bx	lr
 925              	.L87:
 926 003c 013B     		subs	r3, r3, #1
 927 003e 9BB2     		uxth	r3, r3
 928              	.L83:
 929 0040 002B     		cmp	r3, #0
 930 0042 E1D0     		beq	.L81
 931 0044 B0F85620 		ldrh	r2, [r0, #86]
 932 0048 92B2     		uxth	r2, r2
 933 004a 002A     		cmp	r2, #0
 934 004c E0D0     		beq	.L85
 935 004e 0268     		ldr	r2, [r0]
 936 0050 D169     		ldr	r1, [r2, #28]
 937 0052 11F0800F 		tst	r1, #128
 938 0056 F1D0     		beq	.L87
 939 0058 016D     		ldr	r1, [r0, #80]
 940 005a 0978     		ldrb	r1, [r1]	@ zero_extendqisi2
 941 005c 9162     		str	r1, [r2, #40]
 942 005e 026D     		ldr	r2, [r0, #80]
 943 0060 0132     		adds	r2, r2, #1
 944 0062 0265     		str	r2, [r0, #80]
 945 0064 B0F85620 		ldrh	r2, [r0, #86]
 946 0068 92B2     		uxth	r2, r2
 947 006a 013A     		subs	r2, r2, #1
 948 006c 92B2     		uxth	r2, r2
 949 006e A0F85620 		strh	r2, [r0, #86]	@ movhi
 950 0072 E3E7     		b	.L87
 952              		.section	.text.UART_TxISR_16BIT_FIFOEN,"ax",%progbits
 953              		.align	1
 954              		.syntax unified
 955              		.thumb
 956              		.thumb_func
 958              	UART_TxISR_16BIT_FIFOEN:
 959              		@ args = 0, pretend = 0, frame = 0
 960              		@ frame_needed = 0, uses_anonymous_args = 0
 961              		@ link register save eliminated.
 962 0000 D0F88830 		ldr	r3, [r0, #136]
 963 0004 212B     		cmp	r3, #33
 964 0006 00D0     		beq	.L98
 965              	.L90:
ARM GAS  C:\Users\Nathan\AppData\Local\Temp\ccfpsmze.s 			page 17


 966 0008 7047     		bx	lr
 967              	.L98:
 968 000a B0F86A30 		ldrh	r3, [r0, #106]
 969 000e 17E0     		b	.L92
 970              	.L94:
 971 0010 0268     		ldr	r2, [r0]
 972 0012 02F10803 		add	r3, r2, #8
 973              		.syntax unified
 974              	@ 1155 "Drivers/CMSIS/Include/cmsis_gcc.h" 1
 975 0016 53E8003F 		ldrex r3, [r3]
 976              	@ 0 "" 2
 977              		.thumb
 978              		.syntax unified
 979 001a 23F40003 		bic	r3, r3, #8388608
 980 001e 0832     		adds	r2, r2, #8
 981              		.syntax unified
 982              	@ 1206 "Drivers/CMSIS/Include/cmsis_gcc.h" 1
 983 0020 42E80031 		strex r1, r3, [r2]
 984              	@ 0 "" 2
 985              		.thumb
 986              		.syntax unified
 987 0024 0029     		cmp	r1, #0
 988 0026 F3D1     		bne	.L94
 989              	.L95:
 990 0028 0268     		ldr	r2, [r0]
 991              		.syntax unified
 992              	@ 1155 "Drivers/CMSIS/Include/cmsis_gcc.h" 1
 993 002a 52E8003F 		ldrex r3, [r2]
 994              	@ 0 "" 2
 995              		.thumb
 996              		.syntax unified
 997 002e 43F04003 		orr	r3, r3, #64
 998              		.syntax unified
 999              	@ 1206 "Drivers/CMSIS/Include/cmsis_gcc.h" 1
 1000 0032 42E80031 		strex r1, r3, [r2]
 1001              	@ 0 "" 2
 1002              		.thumb
 1003              		.syntax unified
 1004 0036 0029     		cmp	r1, #0
 1005 0038 F6D1     		bne	.L95
 1006 003a 7047     		bx	lr
 1007              	.L96:
 1008 003c 013B     		subs	r3, r3, #1
 1009 003e 9BB2     		uxth	r3, r3
 1010              	.L92:
 1011 0040 002B     		cmp	r3, #0
 1012 0042 E1D0     		beq	.L90
 1013 0044 B0F85620 		ldrh	r2, [r0, #86]
 1014 0048 92B2     		uxth	r2, r2
 1015 004a 002A     		cmp	r2, #0
 1016 004c E0D0     		beq	.L94
 1017 004e 0268     		ldr	r2, [r0]
 1018 0050 D169     		ldr	r1, [r2, #28]
 1019 0052 11F0800F 		tst	r1, #128
 1020 0056 F1D0     		beq	.L96
 1021 0058 016D     		ldr	r1, [r0, #80]
 1022 005a 0988     		ldrh	r1, [r1]
ARM GAS  C:\Users\Nathan\AppData\Local\Temp\ccfpsmze.s 			page 18


 1023 005c C1F30801 		ubfx	r1, r1, #0, #9
 1024 0060 9162     		str	r1, [r2, #40]
 1025 0062 026D     		ldr	r2, [r0, #80]
 1026 0064 0232     		adds	r2, r2, #2
 1027 0066 0265     		str	r2, [r0, #80]
 1028 0068 B0F85620 		ldrh	r2, [r0, #86]
 1029 006c 92B2     		uxth	r2, r2
 1030 006e 013A     		subs	r2, r2, #1
 1031 0070 92B2     		uxth	r2, r2
 1032 0072 A0F85620 		strh	r2, [r0, #86]	@ movhi
 1033 0076 E1E7     		b	.L96
 1035              		.section	.text.UART_EndTransmit_IT,"ax",%progbits
 1036              		.align	1
 1037              		.syntax unified
 1038              		.thumb
 1039              		.thumb_func
 1041              	UART_EndTransmit_IT:
 1042              		@ args = 0, pretend = 0, frame = 0
 1043              		@ frame_needed = 0, uses_anonymous_args = 0
 1044 0000 08B5     		push	{r3, lr}
 1045              	.L100:
 1046 0002 0268     		ldr	r2, [r0]
 1047              		.syntax unified
 1048              	@ 1155 "Drivers/CMSIS/Include/cmsis_gcc.h" 1
 1049 0004 52E8003F 		ldrex r3, [r2]
 1050              	@ 0 "" 2
 1051              		.thumb
 1052              		.syntax unified
 1053 0008 23F04003 		bic	r3, r3, #64
 1054              		.syntax unified
 1055              	@ 1206 "Drivers/CMSIS/Include/cmsis_gcc.h" 1
 1056 000c 42E80031 		strex r1, r3, [r2]
 1057              	@ 0 "" 2
 1058              		.thumb
 1059              		.syntax unified
 1060 0010 0029     		cmp	r1, #0
 1061 0012 F6D1     		bne	.L100
 1062 0014 2023     		movs	r3, #32
 1063 0016 C0F88830 		str	r3, [r0, #136]
 1064 001a 8167     		str	r1, [r0, #120]
 1065 001c D0F89830 		ldr	r3, [r0, #152]
 1066 0020 9847     		blx	r3
 1067 0022 08BD     		pop	{r3, pc}
 1069              		.section	.text.UART_RxISR_8BIT,"ax",%progbits
 1070              		.align	1
 1071              		.syntax unified
 1072              		.thumb
 1073              		.thumb_func
 1075              	UART_RxISR_8BIT:
 1076              		@ args = 0, pretend = 0, frame = 0
 1077              		@ frame_needed = 0, uses_anonymous_args = 0
 1078 0000 08B5     		push	{r3, lr}
 1079 0002 B0F86030 		ldrh	r3, [r0, #96]
 1080 0006 D0F88C20 		ldr	r2, [r0, #140]
 1081 000a 222A     		cmp	r2, #34
 1082 000c 05D0     		beq	.L113
 1083 000e 0268     		ldr	r2, [r0]
ARM GAS  C:\Users\Nathan\AppData\Local\Temp\ccfpsmze.s 			page 19


 1084 0010 9369     		ldr	r3, [r2, #24]
 1085 0012 43F00803 		orr	r3, r3, #8
 1086 0016 9361     		str	r3, [r2, #24]
 1087              	.L102:
 1088 0018 08BD     		pop	{r3, pc}
 1089              	.L113:
 1090 001a 0268     		ldr	r2, [r0]
 1091 001c 516A     		ldr	r1, [r2, #36]
 1092 001e DBB2     		uxtb	r3, r3
 1093 0020 826D     		ldr	r2, [r0, #88]
 1094 0022 0B40     		ands	r3, r3, r1
 1095 0024 1370     		strb	r3, [r2]
 1096 0026 836D     		ldr	r3, [r0, #88]
 1097 0028 0133     		adds	r3, r3, #1
 1098 002a 8365     		str	r3, [r0, #88]
 1099 002c B0F85E30 		ldrh	r3, [r0, #94]
 1100 0030 9BB2     		uxth	r3, r3
 1101 0032 013B     		subs	r3, r3, #1
 1102 0034 9BB2     		uxth	r3, r3
 1103 0036 A0F85E30 		strh	r3, [r0, #94]	@ movhi
 1104 003a B0F85E30 		ldrh	r3, [r0, #94]
 1105 003e 9BB2     		uxth	r3, r3
 1106 0040 002B     		cmp	r3, #0
 1107 0042 E9D1     		bne	.L102
 1108              	.L105:
 1109 0044 0268     		ldr	r2, [r0]
 1110              		.syntax unified
 1111              	@ 1155 "Drivers/CMSIS/Include/cmsis_gcc.h" 1
 1112 0046 52E8003F 		ldrex r3, [r2]
 1113              	@ 0 "" 2
 1114              		.thumb
 1115              		.syntax unified
 1116 004a 23F49073 		bic	r3, r3, #288
 1117              		.syntax unified
 1118              	@ 1206 "Drivers/CMSIS/Include/cmsis_gcc.h" 1
 1119 004e 42E80031 		strex r1, r3, [r2]
 1120              	@ 0 "" 2
 1121              		.thumb
 1122              		.syntax unified
 1123 0052 0029     		cmp	r1, #0
 1124 0054 F6D1     		bne	.L105
 1125              	.L106:
 1126 0056 0268     		ldr	r2, [r0]
 1127 0058 02F10803 		add	r3, r2, #8
 1128              		.syntax unified
 1129              	@ 1155 "Drivers/CMSIS/Include/cmsis_gcc.h" 1
 1130 005c 53E8003F 		ldrex r3, [r3]
 1131              	@ 0 "" 2
 1132              		.thumb
 1133              		.syntax unified
 1134 0060 23F00103 		bic	r3, r3, #1
 1135 0064 0832     		adds	r2, r2, #8
 1136              		.syntax unified
 1137              	@ 1206 "Drivers/CMSIS/Include/cmsis_gcc.h" 1
 1138 0066 42E80031 		strex r1, r3, [r2]
 1139              	@ 0 "" 2
 1140              		.thumb
ARM GAS  C:\Users\Nathan\AppData\Local\Temp\ccfpsmze.s 			page 20


 1141              		.syntax unified
 1142 006a 0029     		cmp	r1, #0
 1143 006c F3D1     		bne	.L106
 1144 006e 2023     		movs	r3, #32
 1145 0070 C0F88C30 		str	r3, [r0, #140]
 1146 0074 4167     		str	r1, [r0, #116]
 1147 0076 0167     		str	r1, [r0, #112]
 1148 0078 0368     		ldr	r3, [r0]
 1149 007a 174A     		ldr	r2, .L115
 1150 007c 9342     		cmp	r3, r2
 1151 007e 0CD0     		beq	.L107
 1152 0080 5B68     		ldr	r3, [r3, #4]
 1153 0082 13F4000F 		tst	r3, #8388608
 1154 0086 08D0     		beq	.L107
 1155              	.L108:
 1156 0088 0268     		ldr	r2, [r0]
 1157              		.syntax unified
 1158              	@ 1155 "Drivers/CMSIS/Include/cmsis_gcc.h" 1
 1159 008a 52E8003F 		ldrex r3, [r2]
 1160              	@ 0 "" 2
 1161              		.thumb
 1162              		.syntax unified
 1163 008e 23F08063 		bic	r3, r3, #67108864
 1164              		.syntax unified
 1165              	@ 1206 "Drivers/CMSIS/Include/cmsis_gcc.h" 1
 1166 0092 42E80031 		strex r1, r3, [r2]
 1167              	@ 0 "" 2
 1168              		.thumb
 1169              		.syntax unified
 1170 0096 0029     		cmp	r1, #0
 1171 0098 F6D1     		bne	.L108
 1172              	.L107:
 1173 009a C36E     		ldr	r3, [r0, #108]
 1174 009c 012B     		cmp	r3, #1
 1175 009e 03D0     		beq	.L114
 1176 00a0 D0F8A030 		ldr	r3, [r0, #160]
 1177 00a4 9847     		blx	r3
 1178 00a6 B7E7     		b	.L102
 1179              	.L114:
 1180 00a8 0023     		movs	r3, #0
 1181 00aa C366     		str	r3, [r0, #108]
 1182              	.L110:
 1183 00ac 0268     		ldr	r2, [r0]
 1184              		.syntax unified
 1185              	@ 1155 "Drivers/CMSIS/Include/cmsis_gcc.h" 1
 1186 00ae 52E8003F 		ldrex r3, [r2]
 1187              	@ 0 "" 2
 1188              		.thumb
 1189              		.syntax unified
 1190 00b2 23F01003 		bic	r3, r3, #16
 1191              		.syntax unified
 1192              	@ 1206 "Drivers/CMSIS/Include/cmsis_gcc.h" 1
 1193 00b6 42E80031 		strex r1, r3, [r2]
 1194              	@ 0 "" 2
 1195              		.thumb
 1196              		.syntax unified
 1197 00ba 0029     		cmp	r1, #0
ARM GAS  C:\Users\Nathan\AppData\Local\Temp\ccfpsmze.s 			page 21


 1198 00bc F6D1     		bne	.L110
 1199 00be 0368     		ldr	r3, [r0]
 1200 00c0 DA69     		ldr	r2, [r3, #28]
 1201 00c2 12F0100F 		tst	r2, #16
 1202 00c6 01D0     		beq	.L111
 1203 00c8 1022     		movs	r2, #16
 1204 00ca 1A62     		str	r2, [r3, #32]
 1205              	.L111:
 1206 00cc D0F8C030 		ldr	r3, [r0, #192]
 1207 00d0 B0F85C10 		ldrh	r1, [r0, #92]
 1208 00d4 9847     		blx	r3
 1209 00d6 9FE7     		b	.L102
 1210              	.L116:
 1211              		.align	2
 1212              	.L115:
 1213 00d8 00800040 		.word	1073774592
 1215              		.section	.text.UART_RxISR_16BIT,"ax",%progbits
 1216              		.align	1
 1217              		.syntax unified
 1218              		.thumb
 1219              		.thumb_func
 1221              	UART_RxISR_16BIT:
 1222              		@ args = 0, pretend = 0, frame = 0
 1223              		@ frame_needed = 0, uses_anonymous_args = 0
 1224 0000 08B5     		push	{r3, lr}
 1225 0002 B0F86020 		ldrh	r2, [r0, #96]
 1226 0006 D0F88C30 		ldr	r3, [r0, #140]
 1227 000a 222B     		cmp	r3, #34
 1228 000c 05D0     		beq	.L128
 1229 000e 0268     		ldr	r2, [r0]
 1230 0010 9369     		ldr	r3, [r2, #24]
 1231 0012 43F00803 		orr	r3, r3, #8
 1232 0016 9361     		str	r3, [r2, #24]
 1233              	.L117:
 1234 0018 08BD     		pop	{r3, pc}
 1235              	.L128:
 1236 001a 0368     		ldr	r3, [r0]
 1237 001c 5B6A     		ldr	r3, [r3, #36]
 1238 001e 816D     		ldr	r1, [r0, #88]
 1239 0020 1340     		ands	r3, r3, r2
 1240 0022 0B80     		strh	r3, [r1]	@ movhi
 1241 0024 836D     		ldr	r3, [r0, #88]
 1242 0026 0233     		adds	r3, r3, #2
 1243 0028 8365     		str	r3, [r0, #88]
 1244 002a B0F85E30 		ldrh	r3, [r0, #94]
 1245 002e 9BB2     		uxth	r3, r3
 1246 0030 013B     		subs	r3, r3, #1
 1247 0032 9BB2     		uxth	r3, r3
 1248 0034 A0F85E30 		strh	r3, [r0, #94]	@ movhi
 1249 0038 B0F85E30 		ldrh	r3, [r0, #94]
 1250 003c 9BB2     		uxth	r3, r3
 1251 003e 002B     		cmp	r3, #0
 1252 0040 EAD1     		bne	.L117
 1253              	.L120:
 1254 0042 0268     		ldr	r2, [r0]
 1255              		.syntax unified
 1256              	@ 1155 "Drivers/CMSIS/Include/cmsis_gcc.h" 1
ARM GAS  C:\Users\Nathan\AppData\Local\Temp\ccfpsmze.s 			page 22


 1257 0044 52E8003F 		ldrex r3, [r2]
 1258              	@ 0 "" 2
 1259              		.thumb
 1260              		.syntax unified
 1261 0048 23F49073 		bic	r3, r3, #288
 1262              		.syntax unified
 1263              	@ 1206 "Drivers/CMSIS/Include/cmsis_gcc.h" 1
 1264 004c 42E80031 		strex r1, r3, [r2]
 1265              	@ 0 "" 2
 1266              		.thumb
 1267              		.syntax unified
 1268 0050 0029     		cmp	r1, #0
 1269 0052 F6D1     		bne	.L120
 1270              	.L121:
 1271 0054 0268     		ldr	r2, [r0]
 1272 0056 02F10803 		add	r3, r2, #8
 1273              		.syntax unified
 1274              	@ 1155 "Drivers/CMSIS/Include/cmsis_gcc.h" 1
 1275 005a 53E8003F 		ldrex r3, [r3]
 1276              	@ 0 "" 2
 1277              		.thumb
 1278              		.syntax unified
 1279 005e 23F00103 		bic	r3, r3, #1
 1280 0062 0832     		adds	r2, r2, #8
 1281              		.syntax unified
 1282              	@ 1206 "Drivers/CMSIS/Include/cmsis_gcc.h" 1
 1283 0064 42E80031 		strex r1, r3, [r2]
 1284              	@ 0 "" 2
 1285              		.thumb
 1286              		.syntax unified
 1287 0068 0029     		cmp	r1, #0
 1288 006a F3D1     		bne	.L121
 1289 006c 2023     		movs	r3, #32
 1290 006e C0F88C30 		str	r3, [r0, #140]
 1291 0072 4167     		str	r1, [r0, #116]
 1292 0074 0167     		str	r1, [r0, #112]
 1293 0076 0368     		ldr	r3, [r0]
 1294 0078 174A     		ldr	r2, .L130
 1295 007a 9342     		cmp	r3, r2
 1296 007c 0CD0     		beq	.L122
 1297 007e 5B68     		ldr	r3, [r3, #4]
 1298 0080 13F4000F 		tst	r3, #8388608
 1299 0084 08D0     		beq	.L122
 1300              	.L123:
 1301 0086 0268     		ldr	r2, [r0]
 1302              		.syntax unified
 1303              	@ 1155 "Drivers/CMSIS/Include/cmsis_gcc.h" 1
 1304 0088 52E8003F 		ldrex r3, [r2]
 1305              	@ 0 "" 2
 1306              		.thumb
 1307              		.syntax unified
 1308 008c 23F08063 		bic	r3, r3, #67108864
 1309              		.syntax unified
 1310              	@ 1206 "Drivers/CMSIS/Include/cmsis_gcc.h" 1
 1311 0090 42E80031 		strex r1, r3, [r2]
 1312              	@ 0 "" 2
 1313              		.thumb
ARM GAS  C:\Users\Nathan\AppData\Local\Temp\ccfpsmze.s 			page 23


 1314              		.syntax unified
 1315 0094 0029     		cmp	r1, #0
 1316 0096 F6D1     		bne	.L123
 1317              	.L122:
 1318 0098 C36E     		ldr	r3, [r0, #108]
 1319 009a 012B     		cmp	r3, #1
 1320 009c 03D0     		beq	.L129
 1321 009e D0F8A030 		ldr	r3, [r0, #160]
 1322 00a2 9847     		blx	r3
 1323 00a4 B8E7     		b	.L117
 1324              	.L129:
 1325 00a6 0023     		movs	r3, #0
 1326 00a8 C366     		str	r3, [r0, #108]
 1327              	.L125:
 1328 00aa 0268     		ldr	r2, [r0]
 1329              		.syntax unified
 1330              	@ 1155 "Drivers/CMSIS/Include/cmsis_gcc.h" 1
 1331 00ac 52E8003F 		ldrex r3, [r2]
 1332              	@ 0 "" 2
 1333              		.thumb
 1334              		.syntax unified
 1335 00b0 23F01003 		bic	r3, r3, #16
 1336              		.syntax unified
 1337              	@ 1206 "Drivers/CMSIS/Include/cmsis_gcc.h" 1
 1338 00b4 42E80031 		strex r1, r3, [r2]
 1339              	@ 0 "" 2
 1340              		.thumb
 1341              		.syntax unified
 1342 00b8 0029     		cmp	r1, #0
 1343 00ba F6D1     		bne	.L125
 1344 00bc 0368     		ldr	r3, [r0]
 1345 00be DA69     		ldr	r2, [r3, #28]
 1346 00c0 12F0100F 		tst	r2, #16
 1347 00c4 01D0     		beq	.L126
 1348 00c6 1022     		movs	r2, #16
 1349 00c8 1A62     		str	r2, [r3, #32]
 1350              	.L126:
 1351 00ca D0F8C030 		ldr	r3, [r0, #192]
 1352 00ce B0F85C10 		ldrh	r1, [r0, #92]
 1353 00d2 9847     		blx	r3
 1354 00d4 A0E7     		b	.L117
 1355              	.L131:
 1356 00d6 00BF     		.align	2
 1357              	.L130:
 1358 00d8 00800040 		.word	1073774592
 1360              		.section	.text.UART_RxISR_8BIT_FIFOEN,"ax",%progbits
 1361              		.align	1
 1362              		.syntax unified
 1363              		.thumb
 1364              		.thumb_func
 1366              	UART_RxISR_8BIT_FIFOEN:
 1367              		@ args = 0, pretend = 0, frame = 0
 1368              		@ frame_needed = 0, uses_anonymous_args = 0
 1369 0000 2DE9F843 		push	{r3, r4, r5, r6, r7, r8, r9, lr}
 1370 0004 B0F86030 		ldrh	r3, [r0, #96]
 1371 0008 9846     		mov	r8, r3
 1372 000a 0368     		ldr	r3, [r0]
ARM GAS  C:\Users\Nathan\AppData\Local\Temp\ccfpsmze.s 			page 24


 1373 000c DF69     		ldr	r7, [r3, #28]
 1374 000e 1A68     		ldr	r2, [r3]
 1375 0010 9146     		mov	r9, r2
 1376 0012 9E68     		ldr	r6, [r3, #8]
 1377 0014 D0F88C20 		ldr	r2, [r0, #140]
 1378 0018 222A     		cmp	r2, #34
 1379 001a 05D0     		beq	.L152
 1380 001c 9A69     		ldr	r2, [r3, #24]
 1381 001e 42F00802 		orr	r2, r2, #8
 1382 0022 9A61     		str	r2, [r3, #24]
 1383              	.L132:
 1384 0024 BDE8F883 		pop	{r3, r4, r5, r6, r7, r8, r9, pc}
 1385              	.L152:
 1386 0028 0446     		mov	r4, r0
 1387 002a B0F86850 		ldrh	r5, [r0, #104]
 1388 002e 0EE0     		b	.L134
 1389              	.L138:
 1390 0030 D4F89030 		ldr	r3, [r4, #144]
 1391 0034 33B1     		cbz	r3, .L135
 1392 0036 D4F8A430 		ldr	r3, [r4, #164]
 1393 003a 2046     		mov	r0, r4
 1394 003c 9847     		blx	r3
 1395 003e 0023     		movs	r3, #0
 1396 0040 C4F89030 		str	r3, [r4, #144]
 1397              	.L135:
 1398 0044 B4F85E30 		ldrh	r3, [r4, #94]
 1399 0048 9BB2     		uxth	r3, r3
 1400 004a 002B     		cmp	r3, #0
 1401 004c 46D0     		beq	.L139
 1402              	.L134:
 1403 004e 002D     		cmp	r5, #0
 1404 0050 78D0     		beq	.L146
 1405 0052 17F0200F 		tst	r7, #32
 1406 0056 75D0     		beq	.L146
 1407 0058 2368     		ldr	r3, [r4]
 1408 005a 596A     		ldr	r1, [r3, #36]
 1409 005c 5FFA88F3 		uxtb	r3, r8
 1410 0060 A26D     		ldr	r2, [r4, #88]
 1411 0062 0B40     		ands	r3, r3, r1
 1412 0064 1370     		strb	r3, [r2]
 1413 0066 A36D     		ldr	r3, [r4, #88]
 1414 0068 0133     		adds	r3, r3, #1
 1415 006a A365     		str	r3, [r4, #88]
 1416 006c B4F85E30 		ldrh	r3, [r4, #94]
 1417 0070 9BB2     		uxth	r3, r3
 1418 0072 013B     		subs	r3, r3, #1
 1419 0074 9BB2     		uxth	r3, r3
 1420 0076 A4F85E30 		strh	r3, [r4, #94]	@ movhi
 1421 007a 2368     		ldr	r3, [r4]
 1422 007c DF69     		ldr	r7, [r3, #28]
 1423 007e 17F0070F 		tst	r7, #7
 1424 0082 DFD0     		beq	.L135
 1425 0084 17F0010F 		tst	r7, #1
 1426 0088 09D0     		beq	.L136
 1427 008a 19F4807F 		tst	r9, #256
 1428 008e 06D0     		beq	.L136
 1429 0090 0122     		movs	r2, #1
ARM GAS  C:\Users\Nathan\AppData\Local\Temp\ccfpsmze.s 			page 25


 1430 0092 1A62     		str	r2, [r3, #32]
 1431 0094 D4F89030 		ldr	r3, [r4, #144]
 1432 0098 1343     		orrs	r3, r3, r2
 1433 009a C4F89030 		str	r3, [r4, #144]
 1434              	.L136:
 1435 009e 17F0020F 		tst	r7, #2
 1436 00a2 0BD0     		beq	.L137
 1437 00a4 16F0010F 		tst	r6, #1
 1438 00a8 08D0     		beq	.L137
 1439 00aa 2368     		ldr	r3, [r4]
 1440 00ac 0222     		movs	r2, #2
 1441 00ae 1A62     		str	r2, [r3, #32]
 1442 00b0 D4F89030 		ldr	r3, [r4, #144]
 1443 00b4 43F00403 		orr	r3, r3, #4
 1444 00b8 C4F89030 		str	r3, [r4, #144]
 1445              	.L137:
 1446 00bc 17F0040F 		tst	r7, #4
 1447 00c0 B6D0     		beq	.L138
 1448 00c2 16F0010F 		tst	r6, #1
 1449 00c6 B3D0     		beq	.L138
 1450 00c8 2368     		ldr	r3, [r4]
 1451 00ca 0422     		movs	r2, #4
 1452 00cc 1A62     		str	r2, [r3, #32]
 1453 00ce D4F89030 		ldr	r3, [r4, #144]
 1454 00d2 43F00203 		orr	r3, r3, #2
 1455 00d6 C4F89030 		str	r3, [r4, #144]
 1456 00da A9E7     		b	.L138
 1457              	.L139:
 1458 00dc 2268     		ldr	r2, [r4]
 1459              		.syntax unified
 1460              	@ 1155 "Drivers/CMSIS/Include/cmsis_gcc.h" 1
 1461 00de 52E8003F 		ldrex r3, [r2]
 1462              	@ 0 "" 2
 1463              		.thumb
 1464              		.syntax unified
 1465 00e2 23F48073 		bic	r3, r3, #256
 1466              		.syntax unified
 1467              	@ 1206 "Drivers/CMSIS/Include/cmsis_gcc.h" 1
 1468 00e6 42E80031 		strex r1, r3, [r2]
 1469              	@ 0 "" 2
 1470              		.thumb
 1471              		.syntax unified
 1472 00ea 0029     		cmp	r1, #0
 1473 00ec F6D1     		bne	.L139
 1474              	.L140:
 1475 00ee 2268     		ldr	r2, [r4]
 1476 00f0 02F10803 		add	r3, r2, #8
 1477              		.syntax unified
 1478              	@ 1155 "Drivers/CMSIS/Include/cmsis_gcc.h" 1
 1479 00f4 53E8003F 		ldrex r3, [r3]
 1480              	@ 0 "" 2
 1481              		.thumb
 1482              		.syntax unified
 1483 00f8 23F08053 		bic	r3, r3, #268435456
 1484 00fc 23F00103 		bic	r3, r3, #1
 1485 0100 0832     		adds	r2, r2, #8
 1486              		.syntax unified
ARM GAS  C:\Users\Nathan\AppData\Local\Temp\ccfpsmze.s 			page 26


 1487              	@ 1206 "Drivers/CMSIS/Include/cmsis_gcc.h" 1
 1488 0102 42E80031 		strex r1, r3, [r2]
 1489              	@ 0 "" 2
 1490              		.thumb
 1491              		.syntax unified
 1492 0106 0029     		cmp	r1, #0
 1493 0108 F1D1     		bne	.L140
 1494 010a 2023     		movs	r3, #32
 1495 010c C4F88C30 		str	r3, [r4, #140]
 1496 0110 6167     		str	r1, [r4, #116]
 1497 0112 2167     		str	r1, [r4, #112]
 1498 0114 2368     		ldr	r3, [r4]
 1499 0116 294A     		ldr	r2, .L154
 1500 0118 9342     		cmp	r3, r2
 1501 011a 0CD0     		beq	.L141
 1502 011c 5B68     		ldr	r3, [r3, #4]
 1503 011e 13F4000F 		tst	r3, #8388608
 1504 0122 08D0     		beq	.L141
 1505              	.L142:
 1506 0124 2268     		ldr	r2, [r4]
 1507              		.syntax unified
 1508              	@ 1155 "Drivers/CMSIS/Include/cmsis_gcc.h" 1
 1509 0126 52E8003F 		ldrex r3, [r2]
 1510              	@ 0 "" 2
 1511              		.thumb
 1512              		.syntax unified
 1513 012a 23F08063 		bic	r3, r3, #67108864
 1514              		.syntax unified
 1515              	@ 1206 "Drivers/CMSIS/Include/cmsis_gcc.h" 1
 1516 012e 42E80031 		strex r1, r3, [r2]
 1517              	@ 0 "" 2
 1518              		.thumb
 1519              		.syntax unified
 1520 0132 0029     		cmp	r1, #0
 1521 0134 F6D1     		bne	.L142
 1522              	.L141:
 1523 0136 E36E     		ldr	r3, [r4, #108]
 1524 0138 012B     		cmp	r3, #1
 1525 013a 26D0     		beq	.L153
 1526 013c D4F8A030 		ldr	r3, [r4, #160]
 1527 0140 2046     		mov	r0, r4
 1528 0142 9847     		blx	r3
 1529              	.L146:
 1530 0144 B4F85E30 		ldrh	r3, [r4, #94]
 1531 0148 9BB2     		uxth	r3, r3
 1532 014a 002B     		cmp	r3, #0
 1533 014c 3FF46AAF 		beq	.L132
 1534 0150 B4F86820 		ldrh	r2, [r4, #104]
 1535 0154 9A42     		cmp	r2, r3
 1536 0156 7FF665AF 		bls	.L132
 1537              	.L149:
 1538 015a 2268     		ldr	r2, [r4]
 1539 015c 02F10803 		add	r3, r2, #8
 1540              		.syntax unified
 1541              	@ 1155 "Drivers/CMSIS/Include/cmsis_gcc.h" 1
 1542 0160 53E8003F 		ldrex r3, [r3]
 1543              	@ 0 "" 2
ARM GAS  C:\Users\Nathan\AppData\Local\Temp\ccfpsmze.s 			page 27


 1544              		.thumb
 1545              		.syntax unified
 1546 0164 23F08053 		bic	r3, r3, #268435456
 1547 0168 0832     		adds	r2, r2, #8
 1548              		.syntax unified
 1549              	@ 1206 "Drivers/CMSIS/Include/cmsis_gcc.h" 1
 1550 016a 42E80031 		strex r1, r3, [r2]
 1551              	@ 0 "" 2
 1552              		.thumb
 1553              		.syntax unified
 1554 016e 0029     		cmp	r1, #0
 1555 0170 F3D1     		bne	.L149
 1556 0172 134B     		ldr	r3, .L154+4
 1557 0174 6367     		str	r3, [r4, #116]
 1558              	.L150:
 1559 0176 2268     		ldr	r2, [r4]
 1560              		.syntax unified
 1561              	@ 1155 "Drivers/CMSIS/Include/cmsis_gcc.h" 1
 1562 0178 52E8003F 		ldrex r3, [r2]
 1563              	@ 0 "" 2
 1564              		.thumb
 1565              		.syntax unified
 1566 017c 43F02003 		orr	r3, r3, #32
 1567              		.syntax unified
 1568              	@ 1206 "Drivers/CMSIS/Include/cmsis_gcc.h" 1
 1569 0180 42E80031 		strex r1, r3, [r2]
 1570              	@ 0 "" 2
 1571              		.thumb
 1572              		.syntax unified
 1573 0184 0029     		cmp	r1, #0
 1574 0186 F6D1     		bne	.L150
 1575 0188 4CE7     		b	.L132
 1576              	.L153:
 1577 018a 0023     		movs	r3, #0
 1578 018c E366     		str	r3, [r4, #108]
 1579              	.L144:
 1580 018e 2268     		ldr	r2, [r4]
 1581              		.syntax unified
 1582              	@ 1155 "Drivers/CMSIS/Include/cmsis_gcc.h" 1
 1583 0190 52E8003F 		ldrex r3, [r2]
 1584              	@ 0 "" 2
 1585              		.thumb
 1586              		.syntax unified
 1587 0194 23F01003 		bic	r3, r3, #16
 1588              		.syntax unified
 1589              	@ 1206 "Drivers/CMSIS/Include/cmsis_gcc.h" 1
 1590 0198 42E80031 		strex r1, r3, [r2]
 1591              	@ 0 "" 2
 1592              		.thumb
 1593              		.syntax unified
 1594 019c 0029     		cmp	r1, #0
 1595 019e F6D1     		bne	.L144
 1596 01a0 2368     		ldr	r3, [r4]
 1597 01a2 DA69     		ldr	r2, [r3, #28]
 1598 01a4 12F0100F 		tst	r2, #16
 1599 01a8 01D0     		beq	.L145
 1600 01aa 1022     		movs	r2, #16
ARM GAS  C:\Users\Nathan\AppData\Local\Temp\ccfpsmze.s 			page 28


 1601 01ac 1A62     		str	r2, [r3, #32]
 1602              	.L145:
 1603 01ae D4F8C030 		ldr	r3, [r4, #192]
 1604 01b2 B4F85C10 		ldrh	r1, [r4, #92]
 1605 01b6 2046     		mov	r0, r4
 1606 01b8 9847     		blx	r3
 1607 01ba C3E7     		b	.L146
 1608              	.L155:
 1609              		.align	2
 1610              	.L154:
 1611 01bc 00800040 		.word	1073774592
 1612 01c0 00000000 		.word	UART_RxISR_8BIT
 1614              		.section	.text.UART_RxISR_16BIT_FIFOEN,"ax",%progbits
 1615              		.align	1
 1616              		.syntax unified
 1617              		.thumb
 1618              		.thumb_func
 1620              	UART_RxISR_16BIT_FIFOEN:
 1621              		@ args = 0, pretend = 0, frame = 0
 1622              		@ frame_needed = 0, uses_anonymous_args = 0
 1623 0000 2DE9F843 		push	{r3, r4, r5, r6, r7, r8, r9, lr}
 1624 0004 B0F86050 		ldrh	r5, [r0, #96]
 1625 0008 0368     		ldr	r3, [r0]
 1626 000a D3F81C80 		ldr	r8, [r3, #28]
 1627 000e 1A68     		ldr	r2, [r3]
 1628 0010 9146     		mov	r9, r2
 1629 0012 9F68     		ldr	r7, [r3, #8]
 1630 0014 D0F88C20 		ldr	r2, [r0, #140]
 1631 0018 222A     		cmp	r2, #34
 1632 001a 05D0     		beq	.L176
 1633 001c 9A69     		ldr	r2, [r3, #24]
 1634 001e 42F00802 		orr	r2, r2, #8
 1635 0022 9A61     		str	r2, [r3, #24]
 1636              	.L156:
 1637 0024 BDE8F883 		pop	{r3, r4, r5, r6, r7, r8, r9, pc}
 1638              	.L176:
 1639 0028 0446     		mov	r4, r0
 1640 002a B0F86860 		ldrh	r6, [r0, #104]
 1641 002e 0EE0     		b	.L158
 1642              	.L162:
 1643 0030 D4F89030 		ldr	r3, [r4, #144]
 1644 0034 33B1     		cbz	r3, .L159
 1645 0036 D4F8A430 		ldr	r3, [r4, #164]
 1646 003a 2046     		mov	r0, r4
 1647 003c 9847     		blx	r3
 1648 003e 0023     		movs	r3, #0
 1649 0040 C4F89030 		str	r3, [r4, #144]
 1650              	.L159:
 1651 0044 B4F85E30 		ldrh	r3, [r4, #94]
 1652 0048 9BB2     		uxth	r3, r3
 1653 004a 002B     		cmp	r3, #0
 1654 004c 45D0     		beq	.L163
 1655              	.L158:
 1656 004e 002E     		cmp	r6, #0
 1657 0050 77D0     		beq	.L170
 1658 0052 18F0200F 		tst	r8, #32
 1659 0056 74D0     		beq	.L170
ARM GAS  C:\Users\Nathan\AppData\Local\Temp\ccfpsmze.s 			page 29


 1660 0058 2368     		ldr	r3, [r4]
 1661 005a 5B6A     		ldr	r3, [r3, #36]
 1662 005c A26D     		ldr	r2, [r4, #88]
 1663 005e 2B40     		ands	r3, r3, r5
 1664 0060 1380     		strh	r3, [r2]	@ movhi
 1665 0062 A36D     		ldr	r3, [r4, #88]
 1666 0064 0233     		adds	r3, r3, #2
 1667 0066 A365     		str	r3, [r4, #88]
 1668 0068 B4F85E30 		ldrh	r3, [r4, #94]
 1669 006c 9BB2     		uxth	r3, r3
 1670 006e 013B     		subs	r3, r3, #1
 1671 0070 9BB2     		uxth	r3, r3
 1672 0072 A4F85E30 		strh	r3, [r4, #94]	@ movhi
 1673 0076 2368     		ldr	r3, [r4]
 1674 0078 D3F81C80 		ldr	r8, [r3, #28]
 1675 007c 18F0070F 		tst	r8, #7
 1676 0080 E0D0     		beq	.L159
 1677 0082 18F0010F 		tst	r8, #1
 1678 0086 09D0     		beq	.L160
 1679 0088 19F4807F 		tst	r9, #256
 1680 008c 06D0     		beq	.L160
 1681 008e 0122     		movs	r2, #1
 1682 0090 1A62     		str	r2, [r3, #32]
 1683 0092 D4F89030 		ldr	r3, [r4, #144]
 1684 0096 1343     		orrs	r3, r3, r2
 1685 0098 C4F89030 		str	r3, [r4, #144]
 1686              	.L160:
 1687 009c 18F0020F 		tst	r8, #2
 1688 00a0 0BD0     		beq	.L161
 1689 00a2 17F0010F 		tst	r7, #1
 1690 00a6 08D0     		beq	.L161
 1691 00a8 2368     		ldr	r3, [r4]
 1692 00aa 0222     		movs	r2, #2
 1693 00ac 1A62     		str	r2, [r3, #32]
 1694 00ae D4F89030 		ldr	r3, [r4, #144]
 1695 00b2 43F00403 		orr	r3, r3, #4
 1696 00b6 C4F89030 		str	r3, [r4, #144]
 1697              	.L161:
 1698 00ba 18F0040F 		tst	r8, #4
 1699 00be B7D0     		beq	.L162
 1700 00c0 17F0010F 		tst	r7, #1
 1701 00c4 B4D0     		beq	.L162
 1702 00c6 2368     		ldr	r3, [r4]
 1703 00c8 0422     		movs	r2, #4
 1704 00ca 1A62     		str	r2, [r3, #32]
 1705 00cc D4F89030 		ldr	r3, [r4, #144]
 1706 00d0 43F00203 		orr	r3, r3, #2
 1707 00d4 C4F89030 		str	r3, [r4, #144]
 1708 00d8 AAE7     		b	.L162
 1709              	.L163:
 1710 00da 2268     		ldr	r2, [r4]
 1711              		.syntax unified
 1712              	@ 1155 "Drivers/CMSIS/Include/cmsis_gcc.h" 1
 1713 00dc 52E8003F 		ldrex r3, [r2]
 1714              	@ 0 "" 2
 1715              		.thumb
 1716              		.syntax unified
ARM GAS  C:\Users\Nathan\AppData\Local\Temp\ccfpsmze.s 			page 30


 1717 00e0 23F48073 		bic	r3, r3, #256
 1718              		.syntax unified
 1719              	@ 1206 "Drivers/CMSIS/Include/cmsis_gcc.h" 1
 1720 00e4 42E80031 		strex r1, r3, [r2]
 1721              	@ 0 "" 2
 1722              		.thumb
 1723              		.syntax unified
 1724 00e8 0029     		cmp	r1, #0
 1725 00ea F6D1     		bne	.L163
 1726              	.L164:
 1727 00ec 2268     		ldr	r2, [r4]
 1728 00ee 02F10803 		add	r3, r2, #8
 1729              		.syntax unified
 1730              	@ 1155 "Drivers/CMSIS/Include/cmsis_gcc.h" 1
 1731 00f2 53E8003F 		ldrex r3, [r3]
 1732              	@ 0 "" 2
 1733              		.thumb
 1734              		.syntax unified
 1735 00f6 23F08053 		bic	r3, r3, #268435456
 1736 00fa 23F00103 		bic	r3, r3, #1
 1737 00fe 0832     		adds	r2, r2, #8
 1738              		.syntax unified
 1739              	@ 1206 "Drivers/CMSIS/Include/cmsis_gcc.h" 1
 1740 0100 42E80031 		strex r1, r3, [r2]
 1741              	@ 0 "" 2
 1742              		.thumb
 1743              		.syntax unified
 1744 0104 0029     		cmp	r1, #0
 1745 0106 F1D1     		bne	.L164
 1746 0108 2023     		movs	r3, #32
 1747 010a C4F88C30 		str	r3, [r4, #140]
 1748 010e 6167     		str	r1, [r4, #116]
 1749 0110 2167     		str	r1, [r4, #112]
 1750 0112 2368     		ldr	r3, [r4]
 1751 0114 294A     		ldr	r2, .L178
 1752 0116 9342     		cmp	r3, r2
 1753 0118 0CD0     		beq	.L165
 1754 011a 5B68     		ldr	r3, [r3, #4]
 1755 011c 13F4000F 		tst	r3, #8388608
 1756 0120 08D0     		beq	.L165
 1757              	.L166:
 1758 0122 2268     		ldr	r2, [r4]
 1759              		.syntax unified
 1760              	@ 1155 "Drivers/CMSIS/Include/cmsis_gcc.h" 1
 1761 0124 52E8003F 		ldrex r3, [r2]
 1762              	@ 0 "" 2
 1763              		.thumb
 1764              		.syntax unified
 1765 0128 23F08063 		bic	r3, r3, #67108864
 1766              		.syntax unified
 1767              	@ 1206 "Drivers/CMSIS/Include/cmsis_gcc.h" 1
 1768 012c 42E80031 		strex r1, r3, [r2]
 1769              	@ 0 "" 2
 1770              		.thumb
 1771              		.syntax unified
 1772 0130 0029     		cmp	r1, #0
 1773 0132 F6D1     		bne	.L166
ARM GAS  C:\Users\Nathan\AppData\Local\Temp\ccfpsmze.s 			page 31


 1774              	.L165:
 1775 0134 E36E     		ldr	r3, [r4, #108]
 1776 0136 012B     		cmp	r3, #1
 1777 0138 26D0     		beq	.L177
 1778 013a D4F8A030 		ldr	r3, [r4, #160]
 1779 013e 2046     		mov	r0, r4
 1780 0140 9847     		blx	r3
 1781              	.L170:
 1782 0142 B4F85E30 		ldrh	r3, [r4, #94]
 1783 0146 9BB2     		uxth	r3, r3
 1784 0148 002B     		cmp	r3, #0
 1785 014a 3FF46BAF 		beq	.L156
 1786 014e B4F86820 		ldrh	r2, [r4, #104]
 1787 0152 9A42     		cmp	r2, r3
 1788 0154 7FF666AF 		bls	.L156
 1789              	.L173:
 1790 0158 2268     		ldr	r2, [r4]
 1791 015a 02F10803 		add	r3, r2, #8
 1792              		.syntax unified
 1793              	@ 1155 "Drivers/CMSIS/Include/cmsis_gcc.h" 1
 1794 015e 53E8003F 		ldrex r3, [r3]
 1795              	@ 0 "" 2
 1796              		.thumb
 1797              		.syntax unified
 1798 0162 23F08053 		bic	r3, r3, #268435456
 1799 0166 0832     		adds	r2, r2, #8
 1800              		.syntax unified
 1801              	@ 1206 "Drivers/CMSIS/Include/cmsis_gcc.h" 1
 1802 0168 42E80031 		strex r1, r3, [r2]
 1803              	@ 0 "" 2
 1804              		.thumb
 1805              		.syntax unified
 1806 016c 0029     		cmp	r1, #0
 1807 016e F3D1     		bne	.L173
 1808 0170 134B     		ldr	r3, .L178+4
 1809 0172 6367     		str	r3, [r4, #116]
 1810              	.L174:
 1811 0174 2268     		ldr	r2, [r4]
 1812              		.syntax unified
 1813              	@ 1155 "Drivers/CMSIS/Include/cmsis_gcc.h" 1
 1814 0176 52E8003F 		ldrex r3, [r2]
 1815              	@ 0 "" 2
 1816              		.thumb
 1817              		.syntax unified
 1818 017a 43F02003 		orr	r3, r3, #32
 1819              		.syntax unified
 1820              	@ 1206 "Drivers/CMSIS/Include/cmsis_gcc.h" 1
 1821 017e 42E80031 		strex r1, r3, [r2]
 1822              	@ 0 "" 2
 1823              		.thumb
 1824              		.syntax unified
 1825 0182 0029     		cmp	r1, #0
 1826 0184 F6D1     		bne	.L174
 1827 0186 4DE7     		b	.L156
 1828              	.L177:
 1829 0188 0023     		movs	r3, #0
 1830 018a E366     		str	r3, [r4, #108]
ARM GAS  C:\Users\Nathan\AppData\Local\Temp\ccfpsmze.s 			page 32


 1831              	.L168:
 1832 018c 2268     		ldr	r2, [r4]
 1833              		.syntax unified
 1834              	@ 1155 "Drivers/CMSIS/Include/cmsis_gcc.h" 1
 1835 018e 52E8003F 		ldrex r3, [r2]
 1836              	@ 0 "" 2
 1837              		.thumb
 1838              		.syntax unified
 1839 0192 23F01003 		bic	r3, r3, #16
 1840              		.syntax unified
 1841              	@ 1206 "Drivers/CMSIS/Include/cmsis_gcc.h" 1
 1842 0196 42E80031 		strex r1, r3, [r2]
 1843              	@ 0 "" 2
 1844              		.thumb
 1845              		.syntax unified
 1846 019a 0029     		cmp	r1, #0
 1847 019c F6D1     		bne	.L168
 1848 019e 2368     		ldr	r3, [r4]
 1849 01a0 DA69     		ldr	r2, [r3, #28]
 1850 01a2 12F0100F 		tst	r2, #16
 1851 01a6 01D0     		beq	.L169
 1852 01a8 1022     		movs	r2, #16
 1853 01aa 1A62     		str	r2, [r3, #32]
 1854              	.L169:
 1855 01ac D4F8C030 		ldr	r3, [r4, #192]
 1856 01b0 B4F85C10 		ldrh	r1, [r4, #92]
 1857 01b4 2046     		mov	r0, r4
 1858 01b6 9847     		blx	r3
 1859 01b8 C3E7     		b	.L170
 1860              	.L179:
 1861 01ba 00BF     		.align	2
 1862              	.L178:
 1863 01bc 00800040 		.word	1073774592
 1864 01c0 00000000 		.word	UART_RxISR_16BIT
 1866              		.section	.text.HAL_UART_DeInit,"ax",%progbits
 1867              		.align	1
 1868              		.global	HAL_UART_DeInit
 1869              		.syntax unified
 1870              		.thumb
 1871              		.thumb_func
 1873              	HAL_UART_DeInit:
 1874              		@ args = 0, pretend = 0, frame = 0
 1875              		@ frame_needed = 0, uses_anonymous_args = 0
 1876 0000 38B3     		cbz	r0, .L183
 1877 0002 10B5     		push	{r4, lr}
 1878 0004 0446     		mov	r4, r0
 1879 0006 2423     		movs	r3, #36
 1880 0008 C0F88830 		str	r3, [r0, #136]
 1881 000c 0268     		ldr	r2, [r0]
 1882 000e 1368     		ldr	r3, [r2]
 1883 0010 23F00103 		bic	r3, r3, #1
 1884 0014 1360     		str	r3, [r2]
 1885 0016 0268     		ldr	r2, [r0]
 1886 0018 0023     		movs	r3, #0
 1887 001a 1360     		str	r3, [r2]
 1888 001c 0268     		ldr	r2, [r0]
 1889 001e 5360     		str	r3, [r2, #4]
ARM GAS  C:\Users\Nathan\AppData\Local\Temp\ccfpsmze.s 			page 33


 1890 0020 0268     		ldr	r2, [r0]
 1891 0022 9360     		str	r3, [r2, #8]
 1892 0024 D0F8C830 		ldr	r3, [r0, #200]
 1893 0028 7BB1     		cbz	r3, .L188
 1894              	.L182:
 1895 002a D4F8C830 		ldr	r3, [r4, #200]
 1896 002e 2046     		mov	r0, r4
 1897 0030 9847     		blx	r3
 1898 0032 0020     		movs	r0, #0
 1899 0034 C4F89000 		str	r0, [r4, #144]
 1900 0038 C4F88800 		str	r0, [r4, #136]
 1901 003c C4F88C00 		str	r0, [r4, #140]
 1902 0040 E066     		str	r0, [r4, #108]
 1903 0042 2067     		str	r0, [r4, #112]
 1904 0044 84F88400 		strb	r0, [r4, #132]
 1905 0048 10BD     		pop	{r4, pc}
 1906              	.L188:
 1907 004a 034B     		ldr	r3, .L189
 1908 004c C0F8C830 		str	r3, [r0, #200]
 1909 0050 EBE7     		b	.L182
 1910              	.L183:
 1911 0052 0120     		movs	r0, #1
 1912 0054 7047     		bx	lr
 1913              	.L190:
 1914 0056 00BF     		.align	2
 1915              	.L189:
 1916 0058 00000000 		.word	HAL_UART_MspDeInit
 1918              		.section	.text.HAL_UART_RegisterCallback,"ax",%progbits
 1919              		.align	1
 1920              		.global	HAL_UART_RegisterCallback
 1921              		.syntax unified
 1922              		.thumb
 1923              		.thumb_func
 1925              	HAL_UART_RegisterCallback:
 1926              		@ args = 0, pretend = 0, frame = 0
 1927              		@ frame_needed = 0, uses_anonymous_args = 0
 1928              		@ link register save eliminated.
 1929 0000 9AB1     		cbz	r2, .L217
 1930 0002 D0F88830 		ldr	r3, [r0, #136]
 1931 0006 202B     		cmp	r3, #32
 1932 0008 17D0     		beq	.L218
 1933 000a D0F88830 		ldr	r3, [r0, #136]
 1934 000e 002B     		cmp	r3, #0
 1935 0010 74D1     		bne	.L212
 1936 0012 0B29     		cmp	r1, #11
 1937 0014 6AD0     		beq	.L213
 1938 0016 0C29     		cmp	r1, #12
 1939 0018 6CD0     		beq	.L214
 1940 001a D0F89030 		ldr	r3, [r0, #144]
 1941 001e 43F04003 		orr	r3, r3, #64
 1942 0022 C0F89030 		str	r3, [r0, #144]
 1943 0026 0120     		movs	r0, #1
 1944 0028 7047     		bx	lr
 1945              	.L217:
 1946 002a D0F89030 		ldr	r3, [r0, #144]
 1947 002e 43F04003 		orr	r3, r3, #64
 1948 0032 C0F89030 		str	r3, [r0, #144]
ARM GAS  C:\Users\Nathan\AppData\Local\Temp\ccfpsmze.s 			page 34


 1949 0036 0120     		movs	r0, #1
 1950 0038 7047     		bx	lr
 1951              	.L218:
 1952 003a 0629     		cmp	r1, #6
 1953 003c 3AD0     		beq	.L195
 1954 003e 0CD9     		bls	.L219
 1955 0040 0A29     		cmp	r1, #10
 1956 0042 43D0     		beq	.L205
 1957 0044 1ED8     		bhi	.L206
 1958 0046 0829     		cmp	r1, #8
 1959 0048 38D0     		beq	.L207
 1960 004a 0929     		cmp	r1, #9
 1961 004c 3AD0     		beq	.L208
 1962 004e 0729     		cmp	r1, #7
 1963 0050 44D1     		bne	.L202
 1964 0052 C0F8B020 		str	r2, [r0, #176]
 1965 0056 0020     		movs	r0, #0
 1966 0058 7047     		bx	lr
 1967              	.L219:
 1968 005a 0329     		cmp	r1, #3
 1969 005c 22D0     		beq	.L197
 1970 005e 09D8     		bhi	.L198
 1971 0060 0129     		cmp	r1, #1
 1972 0062 17D0     		beq	.L199
 1973 0064 0229     		cmp	r1, #2
 1974 0066 19D0     		beq	.L200
 1975 0068 0029     		cmp	r1, #0
 1976 006a 37D1     		bne	.L202
 1977 006c C0F89420 		str	r2, [r0, #148]
 1978 0070 0846     		mov	r0, r1
 1979 0072 7047     		bx	lr
 1980              	.L198:
 1981 0074 0429     		cmp	r1, #4
 1982 0076 19D0     		beq	.L203
 1983 0078 0529     		cmp	r1, #5
 1984 007a 2FD1     		bne	.L202
 1985 007c C0F8A820 		str	r2, [r0, #168]
 1986 0080 0020     		movs	r0, #0
 1987 0082 7047     		bx	lr
 1988              	.L206:
 1989 0084 0B29     		cmp	r1, #11
 1990 0086 25D0     		beq	.L210
 1991 0088 0C29     		cmp	r1, #12
 1992 008a 27D1     		bne	.L202
 1993 008c C0F8C820 		str	r2, [r0, #200]
 1994 0090 0020     		movs	r0, #0
 1995 0092 7047     		bx	lr
 1996              	.L199:
 1997 0094 C0F89820 		str	r2, [r0, #152]
 1998 0098 0020     		movs	r0, #0
 1999 009a 7047     		bx	lr
 2000              	.L200:
 2001 009c C0F89C20 		str	r2, [r0, #156]
 2002 00a0 0020     		movs	r0, #0
 2003 00a2 7047     		bx	lr
 2004              	.L197:
 2005 00a4 C0F8A020 		str	r2, [r0, #160]
ARM GAS  C:\Users\Nathan\AppData\Local\Temp\ccfpsmze.s 			page 35


 2006 00a8 0020     		movs	r0, #0
 2007 00aa 7047     		bx	lr
 2008              	.L203:
 2009 00ac C0F8A420 		str	r2, [r0, #164]
 2010 00b0 0020     		movs	r0, #0
 2011 00b2 7047     		bx	lr
 2012              	.L195:
 2013 00b4 C0F8AC20 		str	r2, [r0, #172]
 2014 00b8 0020     		movs	r0, #0
 2015 00ba 7047     		bx	lr
 2016              	.L207:
 2017 00bc C0F8B420 		str	r2, [r0, #180]
 2018 00c0 0020     		movs	r0, #0
 2019 00c2 7047     		bx	lr
 2020              	.L208:
 2021 00c4 C0F8B820 		str	r2, [r0, #184]
 2022 00c8 0020     		movs	r0, #0
 2023 00ca 7047     		bx	lr
 2024              	.L205:
 2025 00cc C0F8BC20 		str	r2, [r0, #188]
 2026 00d0 0020     		movs	r0, #0
 2027 00d2 7047     		bx	lr
 2028              	.L210:
 2029 00d4 C0F8C420 		str	r2, [r0, #196]
 2030 00d8 0020     		movs	r0, #0
 2031 00da 7047     		bx	lr
 2032              	.L202:
 2033 00dc D0F89030 		ldr	r3, [r0, #144]
 2034 00e0 43F04003 		orr	r3, r3, #64
 2035 00e4 C0F89030 		str	r3, [r0, #144]
 2036 00e8 0120     		movs	r0, #1
 2037 00ea 7047     		bx	lr
 2038              	.L213:
 2039 00ec C0F8C420 		str	r2, [r0, #196]
 2040 00f0 0020     		movs	r0, #0
 2041 00f2 7047     		bx	lr
 2042              	.L214:
 2043 00f4 C0F8C820 		str	r2, [r0, #200]
 2044 00f8 0020     		movs	r0, #0
 2045 00fa 7047     		bx	lr
 2046              	.L212:
 2047 00fc D0F89030 		ldr	r3, [r0, #144]
 2048 0100 43F04003 		orr	r3, r3, #64
 2049 0104 C0F89030 		str	r3, [r0, #144]
 2050 0108 0120     		movs	r0, #1
 2051 010a 7047     		bx	lr
 2053              		.section	.text.HAL_UART_UnRegisterCallback,"ax",%progbits
 2054              		.align	1
 2055              		.global	HAL_UART_UnRegisterCallback
 2056              		.syntax unified
 2057              		.thumb
 2058              		.thumb_func
 2060              	HAL_UART_UnRegisterCallback:
 2061              		@ args = 0, pretend = 0, frame = 0
 2062              		@ frame_needed = 0, uses_anonymous_args = 0
 2063              		@ link register save eliminated.
 2064 0000 D0F88830 		ldr	r3, [r0, #136]
ARM GAS  C:\Users\Nathan\AppData\Local\Temp\ccfpsmze.s 			page 36


 2065 0004 202B     		cmp	r3, #32
 2066 0006 0FD0     		beq	.L245
 2067 0008 D0F88830 		ldr	r3, [r0, #136]
 2068 000c 002B     		cmp	r3, #0
 2069 000e 7BD1     		bne	.L240
 2070 0010 0B29     		cmp	r1, #11
 2071 0012 6FD0     		beq	.L241
 2072 0014 0C29     		cmp	r1, #12
 2073 0016 72D0     		beq	.L242
 2074 0018 D0F89030 		ldr	r3, [r0, #144]
 2075 001c 43F04003 		orr	r3, r3, #64
 2076 0020 C0F89030 		str	r3, [r0, #144]
 2077 0024 0120     		movs	r0, #1
 2078 0026 7047     		bx	lr
 2079              	.L245:
 2080 0028 0629     		cmp	r1, #6
 2081 002a 42D0     		beq	.L222
 2082 002c 0DD9     		bls	.L246
 2083 002e 0A29     		cmp	r1, #10
 2084 0030 4ED0     		beq	.L232
 2085 0032 21D8     		bhi	.L233
 2086 0034 0829     		cmp	r1, #8
 2087 0036 41D0     		beq	.L234
 2088 0038 0929     		cmp	r1, #9
 2089 003a 44D0     		beq	.L235
 2090 003c 0729     		cmp	r1, #7
 2091 003e 51D1     		bne	.L229
 2092 0040 354B     		ldr	r3, .L247
 2093 0042 C0F8B030 		str	r3, [r0, #176]
 2094 0046 0020     		movs	r0, #0
 2095 0048 7047     		bx	lr
 2096              	.L246:
 2097 004a 0329     		cmp	r1, #3
 2098 004c 27D0     		beq	.L224
 2099 004e 0AD8     		bhi	.L225
 2100 0050 0129     		cmp	r1, #1
 2101 0052 1AD0     		beq	.L226
 2102 0054 0229     		cmp	r1, #2
 2103 0056 1DD0     		beq	.L227
 2104 0058 0029     		cmp	r1, #0
 2105 005a 43D1     		bne	.L229
 2106 005c 2F4B     		ldr	r3, .L247+4
 2107 005e C0F89430 		str	r3, [r0, #148]
 2108 0062 0846     		mov	r0, r1
 2109 0064 7047     		bx	lr
 2110              	.L225:
 2111 0066 0429     		cmp	r1, #4
 2112 0068 1ED0     		beq	.L230
 2113 006a 0529     		cmp	r1, #5
 2114 006c 3AD1     		bne	.L229
 2115 006e 2C4B     		ldr	r3, .L247+8
 2116 0070 C0F8A830 		str	r3, [r0, #168]
 2117 0074 0020     		movs	r0, #0
 2118 0076 7047     		bx	lr
 2119              	.L233:
 2120 0078 0B29     		cmp	r1, #11
 2121 007a 2ED0     		beq	.L237
ARM GAS  C:\Users\Nathan\AppData\Local\Temp\ccfpsmze.s 			page 37


 2122 007c 0C29     		cmp	r1, #12
 2123 007e 31D1     		bne	.L229
 2124 0080 284B     		ldr	r3, .L247+12
 2125 0082 C0F8C830 		str	r3, [r0, #200]
 2126 0086 0020     		movs	r0, #0
 2127 0088 7047     		bx	lr
 2128              	.L226:
 2129 008a 274B     		ldr	r3, .L247+16
 2130 008c C0F89830 		str	r3, [r0, #152]
 2131 0090 0020     		movs	r0, #0
 2132 0092 7047     		bx	lr
 2133              	.L227:
 2134 0094 254B     		ldr	r3, .L247+20
 2135 0096 C0F89C30 		str	r3, [r0, #156]
 2136 009a 0020     		movs	r0, #0
 2137 009c 7047     		bx	lr
 2138              	.L224:
 2139 009e 244B     		ldr	r3, .L247+24
 2140 00a0 C0F8A030 		str	r3, [r0, #160]
 2141 00a4 0020     		movs	r0, #0
 2142 00a6 7047     		bx	lr
 2143              	.L230:
 2144 00a8 224B     		ldr	r3, .L247+28
 2145 00aa C0F8A430 		str	r3, [r0, #164]
 2146 00ae 0020     		movs	r0, #0
 2147 00b0 7047     		bx	lr
 2148              	.L222:
 2149 00b2 214B     		ldr	r3, .L247+32
 2150 00b4 C0F8AC30 		str	r3, [r0, #172]
 2151 00b8 0020     		movs	r0, #0
 2152 00ba 7047     		bx	lr
 2153              	.L234:
 2154 00bc 1F4B     		ldr	r3, .L247+36
 2155 00be C0F8B430 		str	r3, [r0, #180]
 2156 00c2 0020     		movs	r0, #0
 2157 00c4 7047     		bx	lr
 2158              	.L235:
 2159 00c6 1E4B     		ldr	r3, .L247+40
 2160 00c8 C0F8B830 		str	r3, [r0, #184]
 2161 00cc 0020     		movs	r0, #0
 2162 00ce 7047     		bx	lr
 2163              	.L232:
 2164 00d0 1C4B     		ldr	r3, .L247+44
 2165 00d2 C0F8BC30 		str	r3, [r0, #188]
 2166 00d6 0020     		movs	r0, #0
 2167 00d8 7047     		bx	lr
 2168              	.L237:
 2169 00da 1B4B     		ldr	r3, .L247+48
 2170 00dc C0F8C430 		str	r3, [r0, #196]
 2171 00e0 0020     		movs	r0, #0
 2172 00e2 7047     		bx	lr
 2173              	.L229:
 2174 00e4 D0F89030 		ldr	r3, [r0, #144]
 2175 00e8 43F04003 		orr	r3, r3, #64
 2176 00ec C0F89030 		str	r3, [r0, #144]
 2177 00f0 0120     		movs	r0, #1
 2178 00f2 7047     		bx	lr
ARM GAS  C:\Users\Nathan\AppData\Local\Temp\ccfpsmze.s 			page 38


 2179              	.L241:
 2180 00f4 144B     		ldr	r3, .L247+48
 2181 00f6 C0F8C430 		str	r3, [r0, #196]
 2182 00fa 0020     		movs	r0, #0
 2183 00fc 7047     		bx	lr
 2184              	.L242:
 2185 00fe 094B     		ldr	r3, .L247+12
 2186 0100 C0F8C830 		str	r3, [r0, #200]
 2187 0104 0020     		movs	r0, #0
 2188 0106 7047     		bx	lr
 2189              	.L240:
 2190 0108 D0F89030 		ldr	r3, [r0, #144]
 2191 010c 43F04003 		orr	r3, r3, #64
 2192 0110 C0F89030 		str	r3, [r0, #144]
 2193 0114 0120     		movs	r0, #1
 2194 0116 7047     		bx	lr
 2195              	.L248:
 2196              		.align	2
 2197              	.L247:
 2198 0118 00000000 		.word	HAL_UART_AbortReceiveCpltCallback
 2199 011c 00000000 		.word	HAL_UART_TxHalfCpltCallback
 2200 0120 00000000 		.word	HAL_UART_AbortCpltCallback
 2201 0124 00000000 		.word	HAL_UART_MspDeInit
 2202 0128 00000000 		.word	HAL_UART_TxCpltCallback
 2203 012c 00000000 		.word	HAL_UART_RxHalfCpltCallback
 2204 0130 00000000 		.word	HAL_UART_RxCpltCallback
 2205 0134 00000000 		.word	HAL_UART_ErrorCallback
 2206 0138 00000000 		.word	HAL_UART_AbortTransmitCpltCallback
 2207 013c 00000000 		.word	HAL_UARTEx_WakeupCallback
 2208 0140 00000000 		.word	HAL_UARTEx_RxFifoFullCallback
 2209 0144 00000000 		.word	HAL_UARTEx_TxFifoEmptyCallback
 2210 0148 00000000 		.word	HAL_UART_MspInit
 2212              		.section	.text.HAL_UART_RegisterRxEventCallback,"ax",%progbits
 2213              		.align	1
 2214              		.global	HAL_UART_RegisterRxEventCallback
 2215              		.syntax unified
 2216              		.thumb
 2217              		.thumb_func
 2219              	HAL_UART_RegisterRxEventCallback:
 2220              		@ args = 0, pretend = 0, frame = 0
 2221              		@ frame_needed = 0, uses_anonymous_args = 0
 2222              		@ link register save eliminated.
 2223 0000 59B1     		cbz	r1, .L253
 2224 0002 D0F88C30 		ldr	r3, [r0, #140]
 2225 0006 202B     		cmp	r3, #32
 2226 0008 0FD0     		beq	.L254
 2227 000a D0F89030 		ldr	r3, [r0, #144]
 2228 000e 43F04003 		orr	r3, r3, #64
 2229 0012 C0F89030 		str	r3, [r0, #144]
 2230 0016 0120     		movs	r0, #1
 2231 0018 7047     		bx	lr
 2232              	.L253:
 2233 001a D0F89030 		ldr	r3, [r0, #144]
 2234 001e 43F04003 		orr	r3, r3, #64
 2235 0022 C0F89030 		str	r3, [r0, #144]
 2236 0026 0120     		movs	r0, #1
 2237 0028 7047     		bx	lr
ARM GAS  C:\Users\Nathan\AppData\Local\Temp\ccfpsmze.s 			page 39


 2238              	.L254:
 2239 002a C0F8C010 		str	r1, [r0, #192]
 2240 002e 0020     		movs	r0, #0
 2241 0030 7047     		bx	lr
 2243              		.section	.text.HAL_UART_UnRegisterRxEventCallback,"ax",%progbits
 2244              		.align	1
 2245              		.global	HAL_UART_UnRegisterRxEventCallback
 2246              		.syntax unified
 2247              		.thumb
 2248              		.thumb_func
 2250              	HAL_UART_UnRegisterRxEventCallback:
 2251              		@ args = 0, pretend = 0, frame = 0
 2252              		@ frame_needed = 0, uses_anonymous_args = 0
 2253              		@ link register save eliminated.
 2254 0000 D0F88C30 		ldr	r3, [r0, #140]
 2255 0004 202B     		cmp	r3, #32
 2256 0006 07D0     		beq	.L258
 2257 0008 D0F89030 		ldr	r3, [r0, #144]
 2258 000c 43F04003 		orr	r3, r3, #64
 2259 0010 C0F89030 		str	r3, [r0, #144]
 2260 0014 0120     		movs	r0, #1
 2261 0016 7047     		bx	lr
 2262              	.L258:
 2263 0018 024B     		ldr	r3, .L259
 2264 001a C0F8C030 		str	r3, [r0, #192]
 2265 001e 0020     		movs	r0, #0
 2266 0020 7047     		bx	lr
 2267              	.L260:
 2268 0022 00BF     		.align	2
 2269              	.L259:
 2270 0024 00000000 		.word	HAL_UARTEx_RxEventCallback
 2272              		.section	.text.HAL_UART_Transmit_IT,"ax",%progbits
 2273              		.align	1
 2274              		.global	HAL_UART_Transmit_IT
 2275              		.syntax unified
 2276              		.thumb
 2277              		.thumb_func
 2279              	HAL_UART_Transmit_IT:
 2280              		@ args = 0, pretend = 0, frame = 0
 2281              		@ frame_needed = 0, uses_anonymous_args = 0
 2282              		@ link register save eliminated.
 2283 0000 D0F88830 		ldr	r3, [r0, #136]
 2284 0004 202B     		cmp	r3, #32
 2285 0006 43D1     		bne	.L271
 2286 0008 0029     		cmp	r1, #0
 2287 000a 43D0     		beq	.L272
 2288 000c 002A     		cmp	r2, #0
 2289 000e 43D0     		beq	.L273
 2290 0010 0165     		str	r1, [r0, #80]
 2291 0012 A0F85420 		strh	r2, [r0, #84]	@ movhi
 2292 0016 A0F85620 		strh	r2, [r0, #86]	@ movhi
 2293 001a 0023     		movs	r3, #0
 2294 001c 8367     		str	r3, [r0, #120]
 2295 001e C0F89030 		str	r3, [r0, #144]
 2296 0022 2123     		movs	r3, #33
 2297 0024 C0F88830 		str	r3, [r0, #136]
 2298 0028 436E     		ldr	r3, [r0, #100]
ARM GAS  C:\Users\Nathan\AppData\Local\Temp\ccfpsmze.s 			page 40


 2299 002a B3F1005F 		cmp	r3, #536870912
 2300 002e 10D0     		beq	.L274
 2301 0030 8368     		ldr	r3, [r0, #8]
 2302 0032 B3F5805F 		cmp	r3, #4096
 2303 0036 25D0     		beq	.L275
 2304              	.L268:
 2305 0038 184B     		ldr	r3, .L277
 2306 003a 8367     		str	r3, [r0, #120]
 2307              	.L270:
 2308 003c 0268     		ldr	r2, [r0]
 2309              		.syntax unified
 2310              	@ 1155 "Drivers/CMSIS/Include/cmsis_gcc.h" 1
 2311 003e 52E8003F 		ldrex r3, [r2]
 2312              	@ 0 "" 2
 2313              		.thumb
 2314              		.syntax unified
 2315 0042 43F08003 		orr	r3, r3, #128
 2316              		.syntax unified
 2317              	@ 1206 "Drivers/CMSIS/Include/cmsis_gcc.h" 1
 2318 0046 42E80031 		strex r1, r3, [r2]
 2319              	@ 0 "" 2
 2320              		.thumb
 2321              		.syntax unified
 2322 004a 0029     		cmp	r1, #0
 2323 004c F6D1     		bne	.L270
 2324              	.L267:
 2325 004e 0020     		movs	r0, #0
 2326 0050 7047     		bx	lr
 2327              	.L274:
 2328 0052 8368     		ldr	r3, [r0, #8]
 2329 0054 B3F5805F 		cmp	r3, #4096
 2330 0058 0ED0     		beq	.L276
 2331              	.L264:
 2332 005a 114B     		ldr	r3, .L277+4
 2333 005c 8367     		str	r3, [r0, #120]
 2334              	.L266:
 2335 005e 0268     		ldr	r2, [r0]
 2336 0060 02F10803 		add	r3, r2, #8
 2337              		.syntax unified
 2338              	@ 1155 "Drivers/CMSIS/Include/cmsis_gcc.h" 1
 2339 0064 53E8003F 		ldrex r3, [r3]
 2340              	@ 0 "" 2
 2341              		.thumb
 2342              		.syntax unified
 2343 0068 43F40003 		orr	r3, r3, #8388608
 2344 006c 0832     		adds	r2, r2, #8
 2345              		.syntax unified
 2346              	@ 1206 "Drivers/CMSIS/Include/cmsis_gcc.h" 1
 2347 006e 42E80031 		strex r1, r3, [r2]
 2348              	@ 0 "" 2
 2349              		.thumb
 2350              		.syntax unified
 2351 0072 0029     		cmp	r1, #0
 2352 0074 F3D1     		bne	.L266
 2353 0076 EAE7     		b	.L267
 2354              	.L276:
 2355 0078 0369     		ldr	r3, [r0, #16]
ARM GAS  C:\Users\Nathan\AppData\Local\Temp\ccfpsmze.s 			page 41


 2356 007a 002B     		cmp	r3, #0
 2357 007c EDD1     		bne	.L264
 2358 007e 094B     		ldr	r3, .L277+8
 2359 0080 8367     		str	r3, [r0, #120]
 2360 0082 ECE7     		b	.L266
 2361              	.L275:
 2362 0084 0369     		ldr	r3, [r0, #16]
 2363 0086 002B     		cmp	r3, #0
 2364 0088 D6D1     		bne	.L268
 2365 008a 074B     		ldr	r3, .L277+12
 2366 008c 8367     		str	r3, [r0, #120]
 2367 008e D5E7     		b	.L270
 2368              	.L271:
 2369 0090 0220     		movs	r0, #2
 2370 0092 7047     		bx	lr
 2371              	.L272:
 2372 0094 0120     		movs	r0, #1
 2373 0096 7047     		bx	lr
 2374              	.L273:
 2375 0098 0120     		movs	r0, #1
 2376 009a 7047     		bx	lr
 2377              	.L278:
 2378              		.align	2
 2379              	.L277:
 2380 009c 00000000 		.word	UART_TxISR_8BIT
 2381 00a0 00000000 		.word	UART_TxISR_8BIT_FIFOEN
 2382 00a4 00000000 		.word	UART_TxISR_16BIT_FIFOEN
 2383 00a8 00000000 		.word	UART_TxISR_16BIT
 2385              		.section	.text.HAL_UART_Transmit_DMA,"ax",%progbits
 2386              		.align	1
 2387              		.global	HAL_UART_Transmit_DMA
 2388              		.syntax unified
 2389              		.thumb
 2390              		.thumb_func
 2392              	HAL_UART_Transmit_DMA:
 2393              		@ args = 0, pretend = 0, frame = 0
 2394              		@ frame_needed = 0, uses_anonymous_args = 0
 2395 0000 1346     		mov	r3, r2
 2396 0002 D0F88820 		ldr	r2, [r0, #136]
 2397 0006 202A     		cmp	r2, #32
 2398 0008 3DD1     		bne	.L283
 2399 000a 10B5     		push	{r4, lr}
 2400 000c 0446     		mov	r4, r0
 2401 000e 0029     		cmp	r1, #0
 2402 0010 3BD0     		beq	.L284
 2403 0012 002B     		cmp	r3, #0
 2404 0014 3BD0     		beq	.L285
 2405 0016 0165     		str	r1, [r0, #80]
 2406 0018 A0F85430 		strh	r3, [r0, #84]	@ movhi
 2407 001c A0F85630 		strh	r3, [r0, #86]	@ movhi
 2408 0020 0022     		movs	r2, #0
 2409 0022 C0F89020 		str	r2, [r0, #144]
 2410 0026 2122     		movs	r2, #33
 2411 0028 C0F88820 		str	r2, [r0, #136]
 2412 002c C26F     		ldr	r2, [r0, #124]
 2413 002e CAB1     		cbz	r2, .L281
 2414 0030 1849     		ldr	r1, .L290
ARM GAS  C:\Users\Nathan\AppData\Local\Temp\ccfpsmze.s 			page 42


 2415 0032 D162     		str	r1, [r2, #44]
 2416 0034 C26F     		ldr	r2, [r0, #124]
 2417 0036 1849     		ldr	r1, .L290+4
 2418 0038 1163     		str	r1, [r2, #48]
 2419 003a C26F     		ldr	r2, [r0, #124]
 2420 003c 1749     		ldr	r1, .L290+8
 2421 003e 5163     		str	r1, [r2, #52]
 2422 0040 C26F     		ldr	r2, [r0, #124]
 2423 0042 0021     		movs	r1, #0
 2424 0044 9163     		str	r1, [r2, #56]
 2425 0046 0268     		ldr	r2, [r0]
 2426 0048 2832     		adds	r2, r2, #40
 2427 004a 016D     		ldr	r1, [r0, #80]
 2428 004c C06F     		ldr	r0, [r0, #124]
 2429 004e FFF7FEFF 		bl	HAL_DMA_Start_IT
 2430 0052 38B1     		cbz	r0, .L281
 2431 0054 1023     		movs	r3, #16
 2432 0056 C4F89030 		str	r3, [r4, #144]
 2433 005a 2023     		movs	r3, #32
 2434 005c C4F88830 		str	r3, [r4, #136]
 2435 0060 0120     		movs	r0, #1
 2436 0062 0FE0     		b	.L280
 2437              	.L281:
 2438 0064 2368     		ldr	r3, [r4]
 2439 0066 4022     		movs	r2, #64
 2440 0068 1A62     		str	r2, [r3, #32]
 2441              	.L282:
 2442 006a 2268     		ldr	r2, [r4]
 2443 006c 02F10803 		add	r3, r2, #8
 2444              		.syntax unified
 2445              	@ 1155 "Drivers/CMSIS/Include/cmsis_gcc.h" 1
 2446 0070 53E8003F 		ldrex r3, [r3]
 2447              	@ 0 "" 2
 2448              		.thumb
 2449              		.syntax unified
 2450 0074 43F08003 		orr	r3, r3, #128
 2451 0078 0832     		adds	r2, r2, #8
 2452              		.syntax unified
 2453              	@ 1206 "Drivers/CMSIS/Include/cmsis_gcc.h" 1
 2454 007a 42E80031 		strex r1, r3, [r2]
 2455              	@ 0 "" 2
 2456              		.thumb
 2457              		.syntax unified
 2458 007e 0029     		cmp	r1, #0
 2459 0080 F3D1     		bne	.L282
 2460 0082 0846     		mov	r0, r1
 2461              	.L280:
 2462 0084 10BD     		pop	{r4, pc}
 2463              	.L283:
 2464 0086 0220     		movs	r0, #2
 2465 0088 7047     		bx	lr
 2466              	.L284:
 2467 008a 0120     		movs	r0, #1
 2468 008c FAE7     		b	.L280
 2469              	.L285:
 2470 008e 0120     		movs	r0, #1
 2471 0090 F8E7     		b	.L280
ARM GAS  C:\Users\Nathan\AppData\Local\Temp\ccfpsmze.s 			page 43


 2472              	.L291:
 2473 0092 00BF     		.align	2
 2474              	.L290:
 2475 0094 00000000 		.word	UART_DMATransmitCplt
 2476 0098 00000000 		.word	UART_DMATxHalfCplt
 2477 009c 00000000 		.word	UART_DMAError
 2479              		.section	.text.HAL_UART_DMAPause,"ax",%progbits
 2480              		.align	1
 2481              		.global	HAL_UART_DMAPause
 2482              		.syntax unified
 2483              		.thumb
 2484              		.thumb_func
 2486              	HAL_UART_DMAPause:
 2487              		@ args = 0, pretend = 0, frame = 0
 2488              		@ frame_needed = 0, uses_anonymous_args = 0
 2489              		@ link register save eliminated.
 2490 0000 D0F88820 		ldr	r2, [r0, #136]
 2491 0004 D0F88CC0 		ldr	ip, [r0, #140]
 2492 0008 0368     		ldr	r3, [r0]
 2493 000a 9B68     		ldr	r3, [r3, #8]
 2494 000c 13F0800F 		tst	r3, #128
 2495 0010 01D0     		beq	.L293
 2496 0012 212A     		cmp	r2, #33
 2497 0014 09D0     		beq	.L294
 2498              	.L293:
 2499 0016 0368     		ldr	r3, [r0]
 2500 0018 9B68     		ldr	r3, [r3, #8]
 2501 001a 13F0400F 		tst	r3, #64
 2502 001e 02D0     		beq	.L295
 2503 0020 BCF1220F 		cmp	ip, #34
 2504 0024 0ED0     		beq	.L296
 2505              	.L295:
 2506 0026 0020     		movs	r0, #0
 2507 0028 7047     		bx	lr
 2508              	.L294:
 2509 002a 0268     		ldr	r2, [r0]
 2510 002c 02F10803 		add	r3, r2, #8
 2511              		.syntax unified
 2512              	@ 1155 "Drivers/CMSIS/Include/cmsis_gcc.h" 1
 2513 0030 53E8003F 		ldrex r3, [r3]
 2514              	@ 0 "" 2
 2515              		.thumb
 2516              		.syntax unified
 2517 0034 23F08003 		bic	r3, r3, #128
 2518 0038 0832     		adds	r2, r2, #8
 2519              		.syntax unified
 2520              	@ 1206 "Drivers/CMSIS/Include/cmsis_gcc.h" 1
 2521 003a 42E80031 		strex r1, r3, [r2]
 2522              	@ 0 "" 2
 2523              		.thumb
 2524              		.syntax unified
 2525 003e 0029     		cmp	r1, #0
 2526 0040 F3D1     		bne	.L294
 2527 0042 E8E7     		b	.L293
 2528              	.L296:
 2529 0044 0268     		ldr	r2, [r0]
 2530              		.syntax unified
ARM GAS  C:\Users\Nathan\AppData\Local\Temp\ccfpsmze.s 			page 44


 2531              	@ 1155 "Drivers/CMSIS/Include/cmsis_gcc.h" 1
 2532 0046 52E8003F 		ldrex r3, [r2]
 2533              	@ 0 "" 2
 2534              		.thumb
 2535              		.syntax unified
 2536 004a 23F48073 		bic	r3, r3, #256
 2537              		.syntax unified
 2538              	@ 1206 "Drivers/CMSIS/Include/cmsis_gcc.h" 1
 2539 004e 42E80031 		strex r1, r3, [r2]
 2540              	@ 0 "" 2
 2541              		.thumb
 2542              		.syntax unified
 2543 0052 0029     		cmp	r1, #0
 2544 0054 F6D1     		bne	.L296
 2545              	.L297:
 2546 0056 0268     		ldr	r2, [r0]
 2547 0058 02F10803 		add	r3, r2, #8
 2548              		.syntax unified
 2549              	@ 1155 "Drivers/CMSIS/Include/cmsis_gcc.h" 1
 2550 005c 53E8003F 		ldrex r3, [r3]
 2551              	@ 0 "" 2
 2552              		.thumb
 2553              		.syntax unified
 2554 0060 23F00103 		bic	r3, r3, #1
 2555 0064 0832     		adds	r2, r2, #8
 2556              		.syntax unified
 2557              	@ 1206 "Drivers/CMSIS/Include/cmsis_gcc.h" 1
 2558 0066 42E80031 		strex r1, r3, [r2]
 2559              	@ 0 "" 2
 2560              		.thumb
 2561              		.syntax unified
 2562 006a 0029     		cmp	r1, #0
 2563 006c F3D1     		bne	.L297
 2564              	.L298:
 2565 006e 0268     		ldr	r2, [r0]
 2566 0070 02F10803 		add	r3, r2, #8
 2567              		.syntax unified
 2568              	@ 1155 "Drivers/CMSIS/Include/cmsis_gcc.h" 1
 2569 0074 53E8003F 		ldrex r3, [r3]
 2570              	@ 0 "" 2
 2571              		.thumb
 2572              		.syntax unified
 2573 0078 23F04003 		bic	r3, r3, #64
 2574 007c 0832     		adds	r2, r2, #8
 2575              		.syntax unified
 2576              	@ 1206 "Drivers/CMSIS/Include/cmsis_gcc.h" 1
 2577 007e 42E80031 		strex r1, r3, [r2]
 2578              	@ 0 "" 2
 2579              		.thumb
 2580              		.syntax unified
 2581 0082 0029     		cmp	r1, #0
 2582 0084 F3D1     		bne	.L298
 2583 0086 CEE7     		b	.L295
 2585              		.section	.text.HAL_UART_DMAResume,"ax",%progbits
 2586              		.align	1
 2587              		.global	HAL_UART_DMAResume
 2588              		.syntax unified
ARM GAS  C:\Users\Nathan\AppData\Local\Temp\ccfpsmze.s 			page 45


 2589              		.thumb
 2590              		.thumb_func
 2592              	HAL_UART_DMAResume:
 2593              		@ args = 0, pretend = 0, frame = 0
 2594              		@ frame_needed = 0, uses_anonymous_args = 0
 2595              		@ link register save eliminated.
 2596 0000 D0F88830 		ldr	r3, [r0, #136]
 2597 0004 212B     		cmp	r3, #33
 2598 0006 05D0     		beq	.L301
 2599              	.L300:
 2600 0008 D0F88C30 		ldr	r3, [r0, #140]
 2601 000c 222B     		cmp	r3, #34
 2602 000e 0ED0     		beq	.L307
 2603              	.L302:
 2604 0010 0020     		movs	r0, #0
 2605 0012 7047     		bx	lr
 2606              	.L301:
 2607 0014 0268     		ldr	r2, [r0]
 2608 0016 02F10803 		add	r3, r2, #8
 2609              		.syntax unified
 2610              	@ 1155 "Drivers/CMSIS/Include/cmsis_gcc.h" 1
 2611 001a 53E8003F 		ldrex r3, [r3]
 2612              	@ 0 "" 2
 2613              		.thumb
 2614              		.syntax unified
 2615 001e 43F08003 		orr	r3, r3, #128
 2616 0022 0832     		adds	r2, r2, #8
 2617              		.syntax unified
 2618              	@ 1206 "Drivers/CMSIS/Include/cmsis_gcc.h" 1
 2619 0024 42E80031 		strex r1, r3, [r2]
 2620              	@ 0 "" 2
 2621              		.thumb
 2622              		.syntax unified
 2623 0028 0029     		cmp	r1, #0
 2624 002a F3D1     		bne	.L301
 2625 002c ECE7     		b	.L300
 2626              	.L307:
 2627 002e 0368     		ldr	r3, [r0]
 2628 0030 0822     		movs	r2, #8
 2629 0032 1A62     		str	r2, [r3, #32]
 2630 0034 0369     		ldr	r3, [r0, #16]
 2631 0036 43B1     		cbz	r3, .L305
 2632              	.L304:
 2633 0038 0268     		ldr	r2, [r0]
 2634              		.syntax unified
 2635              	@ 1155 "Drivers/CMSIS/Include/cmsis_gcc.h" 1
 2636 003a 52E8003F 		ldrex r3, [r2]
 2637              	@ 0 "" 2
 2638              		.thumb
 2639              		.syntax unified
 2640 003e 43F48073 		orr	r3, r3, #256
 2641              		.syntax unified
 2642              	@ 1206 "Drivers/CMSIS/Include/cmsis_gcc.h" 1
 2643 0042 42E80031 		strex r1, r3, [r2]
 2644              	@ 0 "" 2
 2645              		.thumb
 2646              		.syntax unified
ARM GAS  C:\Users\Nathan\AppData\Local\Temp\ccfpsmze.s 			page 46


 2647 0046 0029     		cmp	r1, #0
 2648 0048 F6D1     		bne	.L304
 2649              	.L305:
 2650 004a 0268     		ldr	r2, [r0]
 2651 004c 02F10803 		add	r3, r2, #8
 2652              		.syntax unified
 2653              	@ 1155 "Drivers/CMSIS/Include/cmsis_gcc.h" 1
 2654 0050 53E8003F 		ldrex r3, [r3]
 2655              	@ 0 "" 2
 2656              		.thumb
 2657              		.syntax unified
 2658 0054 43F00103 		orr	r3, r3, #1
 2659 0058 0832     		adds	r2, r2, #8
 2660              		.syntax unified
 2661              	@ 1206 "Drivers/CMSIS/Include/cmsis_gcc.h" 1
 2662 005a 42E80031 		strex r1, r3, [r2]
 2663              	@ 0 "" 2
 2664              		.thumb
 2665              		.syntax unified
 2666 005e 0029     		cmp	r1, #0
 2667 0060 F3D1     		bne	.L305
 2668              	.L306:
 2669 0062 0268     		ldr	r2, [r0]
 2670 0064 02F10803 		add	r3, r2, #8
 2671              		.syntax unified
 2672              	@ 1155 "Drivers/CMSIS/Include/cmsis_gcc.h" 1
 2673 0068 53E8003F 		ldrex r3, [r3]
 2674              	@ 0 "" 2
 2675              		.thumb
 2676              		.syntax unified
 2677 006c 43F04003 		orr	r3, r3, #64
 2678 0070 0832     		adds	r2, r2, #8
 2679              		.syntax unified
 2680              	@ 1206 "Drivers/CMSIS/Include/cmsis_gcc.h" 1
 2681 0072 42E80031 		strex r1, r3, [r2]
 2682              	@ 0 "" 2
 2683              		.thumb
 2684              		.syntax unified
 2685 0076 0029     		cmp	r1, #0
 2686 0078 F3D1     		bne	.L306
 2687 007a C9E7     		b	.L302
 2689              		.section	.text.HAL_UART_DMAStop,"ax",%progbits
 2690              		.align	1
 2691              		.global	HAL_UART_DMAStop
 2692              		.syntax unified
 2693              		.thumb
 2694              		.thumb_func
 2696              	HAL_UART_DMAStop:
 2697              		@ args = 0, pretend = 0, frame = 0
 2698              		@ frame_needed = 0, uses_anonymous_args = 0
 2699 0000 38B5     		push	{r3, r4, r5, lr}
 2700 0002 0446     		mov	r4, r0
 2701 0004 D0F88820 		ldr	r2, [r0, #136]
 2702 0008 D0F88C30 		ldr	r3, [r0, #140]
 2703 000c 1D46     		mov	r5, r3
 2704 000e 0368     		ldr	r3, [r0]
 2705 0010 9B68     		ldr	r3, [r3, #8]
ARM GAS  C:\Users\Nathan\AppData\Local\Temp\ccfpsmze.s 			page 47


 2706 0012 13F0800F 		tst	r3, #128
 2707 0016 01D0     		beq	.L309
 2708 0018 212A     		cmp	r2, #33
 2709 001a 08D0     		beq	.L310
 2710              	.L309:
 2711 001c 2368     		ldr	r3, [r4]
 2712 001e 9B68     		ldr	r3, [r3, #8]
 2713 0020 13F0400F 		tst	r3, #64
 2714 0024 44D0     		beq	.L315
 2715 0026 222D     		cmp	r5, #34
 2716 0028 20D0     		beq	.L313
 2717 002a 0020     		movs	r0, #0
 2718 002c 41E0     		b	.L312
 2719              	.L310:
 2720 002e 2268     		ldr	r2, [r4]
 2721 0030 02F10803 		add	r3, r2, #8
 2722              		.syntax unified
 2723              	@ 1155 "Drivers/CMSIS/Include/cmsis_gcc.h" 1
 2724 0034 53E8003F 		ldrex r3, [r3]
 2725              	@ 0 "" 2
 2726              		.thumb
 2727              		.syntax unified
 2728 0038 23F08003 		bic	r3, r3, #128
 2729 003c 0832     		adds	r2, r2, #8
 2730              		.syntax unified
 2731              	@ 1206 "Drivers/CMSIS/Include/cmsis_gcc.h" 1
 2732 003e 42E80031 		strex r1, r3, [r2]
 2733              	@ 0 "" 2
 2734              		.thumb
 2735              		.syntax unified
 2736 0042 0029     		cmp	r1, #0
 2737 0044 F3D1     		bne	.L310
 2738 0046 E06F     		ldr	r0, [r4, #124]
 2739 0048 10B1     		cbz	r0, .L311
 2740 004a FFF7FEFF 		bl	HAL_DMA_Abort
 2741 004e 18B9     		cbnz	r0, .L318
 2742              	.L311:
 2743 0050 2046     		mov	r0, r4
 2744 0052 FFF7FEFF 		bl	UART_EndTxTransfer
 2745 0056 E1E7     		b	.L309
 2746              	.L318:
 2747 0058 E06F     		ldr	r0, [r4, #124]
 2748 005a FFF7FEFF 		bl	HAL_DMA_GetError
 2749 005e 2028     		cmp	r0, #32
 2750 0060 F6D1     		bne	.L311
 2751 0062 1023     		movs	r3, #16
 2752 0064 C4F89030 		str	r3, [r4, #144]
 2753 0068 0320     		movs	r0, #3
 2754 006a 22E0     		b	.L312
 2755              	.L313:
 2756 006c 2268     		ldr	r2, [r4]
 2757 006e 02F10803 		add	r3, r2, #8
 2758              		.syntax unified
 2759              	@ 1155 "Drivers/CMSIS/Include/cmsis_gcc.h" 1
 2760 0072 53E8003F 		ldrex r3, [r3]
 2761              	@ 0 "" 2
 2762              		.thumb
ARM GAS  C:\Users\Nathan\AppData\Local\Temp\ccfpsmze.s 			page 48


 2763              		.syntax unified
 2764 0076 23F04003 		bic	r3, r3, #64
 2765 007a 0832     		adds	r2, r2, #8
 2766              		.syntax unified
 2767              	@ 1206 "Drivers/CMSIS/Include/cmsis_gcc.h" 1
 2768 007c 42E80031 		strex r1, r3, [r2]
 2769              	@ 0 "" 2
 2770              		.thumb
 2771              		.syntax unified
 2772 0080 0029     		cmp	r1, #0
 2773 0082 F3D1     		bne	.L313
 2774 0084 D4F88000 		ldr	r0, [r4, #128]
 2775 0088 10B1     		cbz	r0, .L314
 2776 008a FFF7FEFF 		bl	HAL_DMA_Abort
 2777 008e 20B9     		cbnz	r0, .L319
 2778              	.L314:
 2779 0090 2046     		mov	r0, r4
 2780 0092 FFF7FEFF 		bl	UART_EndRxTransfer
 2781 0096 0020     		movs	r0, #0
 2782 0098 0BE0     		b	.L312
 2783              	.L319:
 2784 009a D4F88000 		ldr	r0, [r4, #128]
 2785 009e FFF7FEFF 		bl	HAL_DMA_GetError
 2786 00a2 2028     		cmp	r0, #32
 2787 00a4 F4D1     		bne	.L314
 2788 00a6 1023     		movs	r3, #16
 2789 00a8 C4F89030 		str	r3, [r4, #144]
 2790 00ac 0320     		movs	r0, #3
 2791 00ae 00E0     		b	.L312
 2792              	.L315:
 2793 00b0 0020     		movs	r0, #0
 2794              	.L312:
 2795 00b2 38BD     		pop	{r3, r4, r5, pc}
 2797              		.section	.text.HAL_UART_Abort,"ax",%progbits
 2798              		.align	1
 2799              		.global	HAL_UART_Abort
 2800              		.syntax unified
 2801              		.thumb
 2802              		.thumb_func
 2804              	HAL_UART_Abort:
 2805              		@ args = 0, pretend = 0, frame = 0
 2806              		@ frame_needed = 0, uses_anonymous_args = 0
 2807 0000 10B5     		push	{r4, lr}
 2808 0002 0446     		mov	r4, r0
 2809              	.L321:
 2810 0004 2268     		ldr	r2, [r4]
 2811              		.syntax unified
 2812              	@ 1155 "Drivers/CMSIS/Include/cmsis_gcc.h" 1
 2813 0006 52E8003F 		ldrex r3, [r2]
 2814              	@ 0 "" 2
 2815              		.thumb
 2816              		.syntax unified
 2817 000a 23F4F073 		bic	r3, r3, #480
 2818              		.syntax unified
 2819              	@ 1206 "Drivers/CMSIS/Include/cmsis_gcc.h" 1
 2820 000e 42E80031 		strex r1, r3, [r2]
 2821              	@ 0 "" 2
ARM GAS  C:\Users\Nathan\AppData\Local\Temp\ccfpsmze.s 			page 49


 2822              		.thumb
 2823              		.syntax unified
 2824 0012 0029     		cmp	r1, #0
 2825 0014 F6D1     		bne	.L321
 2826              	.L322:
 2827 0016 2268     		ldr	r2, [r4]
 2828 0018 02F10803 		add	r3, r2, #8
 2829              		.syntax unified
 2830              	@ 1155 "Drivers/CMSIS/Include/cmsis_gcc.h" 1
 2831 001c 53E8003F 		ldrex r3, [r3]
 2832              	@ 0 "" 2
 2833              		.thumb
 2834              		.syntax unified
 2835 0020 23F08453 		bic	r3, r3, #276824064
 2836 0024 23F00103 		bic	r3, r3, #1
 2837 0028 0832     		adds	r2, r2, #8
 2838              		.syntax unified
 2839              	@ 1206 "Drivers/CMSIS/Include/cmsis_gcc.h" 1
 2840 002a 42E80031 		strex r1, r3, [r2]
 2841              	@ 0 "" 2
 2842              		.thumb
 2843              		.syntax unified
 2844 002e 0029     		cmp	r1, #0
 2845 0030 F1D1     		bne	.L322
 2846 0032 E36E     		ldr	r3, [r4, #108]
 2847 0034 012B     		cmp	r3, #1
 2848 0036 4DD0     		beq	.L324
 2849              	.L323:
 2850 0038 2368     		ldr	r3, [r4]
 2851 003a 9B68     		ldr	r3, [r3, #8]
 2852 003c 13F0800F 		tst	r3, #128
 2853 0040 13D0     		beq	.L325
 2854              	.L326:
 2855 0042 2268     		ldr	r2, [r4]
 2856 0044 02F10803 		add	r3, r2, #8
 2857              		.syntax unified
 2858              	@ 1155 "Drivers/CMSIS/Include/cmsis_gcc.h" 1
 2859 0048 53E8003F 		ldrex r3, [r3]
 2860              	@ 0 "" 2
 2861              		.thumb
 2862              		.syntax unified
 2863 004c 23F08003 		bic	r3, r3, #128
 2864 0050 0832     		adds	r2, r2, #8
 2865              		.syntax unified
 2866              	@ 1206 "Drivers/CMSIS/Include/cmsis_gcc.h" 1
 2867 0052 42E80031 		strex r1, r3, [r2]
 2868              	@ 0 "" 2
 2869              		.thumb
 2870              		.syntax unified
 2871 0056 0029     		cmp	r1, #0
 2872 0058 F3D1     		bne	.L326
 2873 005a E36F     		ldr	r3, [r4, #124]
 2874 005c 2BB1     		cbz	r3, .L325
 2875 005e 9963     		str	r1, [r3, #56]
 2876 0060 E06F     		ldr	r0, [r4, #124]
 2877 0062 FFF7FEFF 		bl	HAL_DMA_Abort
 2878 0066 0028     		cmp	r0, #0
ARM GAS  C:\Users\Nathan\AppData\Local\Temp\ccfpsmze.s 			page 50


 2879 0068 3ED1     		bne	.L332
 2880              	.L325:
 2881 006a 2368     		ldr	r3, [r4]
 2882 006c 9B68     		ldr	r3, [r3, #8]
 2883 006e 13F0400F 		tst	r3, #64
 2884 0072 14D0     		beq	.L328
 2885              	.L329:
 2886 0074 2268     		ldr	r2, [r4]
 2887 0076 02F10803 		add	r3, r2, #8
 2888              		.syntax unified
 2889              	@ 1155 "Drivers/CMSIS/Include/cmsis_gcc.h" 1
 2890 007a 53E8003F 		ldrex r3, [r3]
 2891              	@ 0 "" 2
 2892              		.thumb
 2893              		.syntax unified
 2894 007e 23F04003 		bic	r3, r3, #64
 2895 0082 0832     		adds	r2, r2, #8
 2896              		.syntax unified
 2897              	@ 1206 "Drivers/CMSIS/Include/cmsis_gcc.h" 1
 2898 0084 42E80031 		strex r1, r3, [r2]
 2899              	@ 0 "" 2
 2900              		.thumb
 2901              		.syntax unified
 2902 0088 0029     		cmp	r1, #0
 2903 008a F3D1     		bne	.L329
 2904 008c D4F88030 		ldr	r3, [r4, #128]
 2905 0090 2BB1     		cbz	r3, .L328
 2906 0092 9963     		str	r1, [r3, #56]
 2907 0094 D4F88000 		ldr	r0, [r4, #128]
 2908 0098 FFF7FEFF 		bl	HAL_DMA_Abort
 2909 009c 70BB     		cbnz	r0, .L333
 2910              	.L328:
 2911 009e 0023     		movs	r3, #0
 2912 00a0 A4F85630 		strh	r3, [r4, #86]	@ movhi
 2913 00a4 A4F85E30 		strh	r3, [r4, #94]	@ movhi
 2914 00a8 2368     		ldr	r3, [r4]
 2915 00aa 0F22     		movs	r2, #15
 2916 00ac 1A62     		str	r2, [r3, #32]
 2917 00ae 636E     		ldr	r3, [r4, #100]
 2918 00b0 B3F1005F 		cmp	r3, #536870912
 2919 00b4 2DD0     		beq	.L334
 2920              	.L330:
 2921 00b6 2268     		ldr	r2, [r4]
 2922 00b8 9369     		ldr	r3, [r2, #24]
 2923 00ba 43F00803 		orr	r3, r3, #8
 2924 00be 9361     		str	r3, [r2, #24]
 2925 00c0 2023     		movs	r3, #32
 2926 00c2 C4F88830 		str	r3, [r4, #136]
 2927 00c6 C4F88C30 		str	r3, [r4, #140]
 2928 00ca 0020     		movs	r0, #0
 2929 00cc E066     		str	r0, [r4, #108]
 2930 00ce C4F89000 		str	r0, [r4, #144]
 2931              	.L327:
 2932 00d2 10BD     		pop	{r4, pc}
 2933              	.L324:
 2934 00d4 2268     		ldr	r2, [r4]
 2935              		.syntax unified
ARM GAS  C:\Users\Nathan\AppData\Local\Temp\ccfpsmze.s 			page 51


 2936              	@ 1155 "Drivers/CMSIS/Include/cmsis_gcc.h" 1
 2937 00d6 52E8003F 		ldrex r3, [r2]
 2938              	@ 0 "" 2
 2939              		.thumb
 2940              		.syntax unified
 2941 00da 23F01003 		bic	r3, r3, #16
 2942              		.syntax unified
 2943              	@ 1206 "Drivers/CMSIS/Include/cmsis_gcc.h" 1
 2944 00de 42E80031 		strex r1, r3, [r2]
 2945              	@ 0 "" 2
 2946              		.thumb
 2947              		.syntax unified
 2948 00e2 0029     		cmp	r1, #0
 2949 00e4 F6D1     		bne	.L324
 2950 00e6 A7E7     		b	.L323
 2951              	.L332:
 2952 00e8 E06F     		ldr	r0, [r4, #124]
 2953 00ea FFF7FEFF 		bl	HAL_DMA_GetError
 2954 00ee 2028     		cmp	r0, #32
 2955 00f0 BBD1     		bne	.L325
 2956 00f2 1023     		movs	r3, #16
 2957 00f4 C4F89030 		str	r3, [r4, #144]
 2958 00f8 0320     		movs	r0, #3
 2959 00fa EAE7     		b	.L327
 2960              	.L333:
 2961 00fc D4F88000 		ldr	r0, [r4, #128]
 2962 0100 FFF7FEFF 		bl	HAL_DMA_GetError
 2963 0104 2028     		cmp	r0, #32
 2964 0106 CAD1     		bne	.L328
 2965 0108 1023     		movs	r3, #16
 2966 010a C4F89030 		str	r3, [r4, #144]
 2967 010e 0320     		movs	r0, #3
 2968 0110 DFE7     		b	.L327
 2969              	.L334:
 2970 0112 2268     		ldr	r2, [r4]
 2971 0114 9369     		ldr	r3, [r2, #24]
 2972 0116 43F01003 		orr	r3, r3, #16
 2973 011a 9361     		str	r3, [r2, #24]
 2974 011c CBE7     		b	.L330
 2976              		.section	.text.HAL_UART_AbortTransmit,"ax",%progbits
 2977              		.align	1
 2978              		.global	HAL_UART_AbortTransmit
 2979              		.syntax unified
 2980              		.thumb
 2981              		.thumb_func
 2983              	HAL_UART_AbortTransmit:
 2984              		@ args = 0, pretend = 0, frame = 0
 2985              		@ frame_needed = 0, uses_anonymous_args = 0
 2986 0000 10B5     		push	{r4, lr}
 2987 0002 0446     		mov	r4, r0
 2988              	.L336:
 2989 0004 2268     		ldr	r2, [r4]
 2990              		.syntax unified
 2991              	@ 1155 "Drivers/CMSIS/Include/cmsis_gcc.h" 1
 2992 0006 52E8003F 		ldrex r3, [r2]
 2993              	@ 0 "" 2
 2994              		.thumb
ARM GAS  C:\Users\Nathan\AppData\Local\Temp\ccfpsmze.s 			page 52


 2995              		.syntax unified
 2996 000a 23F0C003 		bic	r3, r3, #192
 2997              		.syntax unified
 2998              	@ 1206 "Drivers/CMSIS/Include/cmsis_gcc.h" 1
 2999 000e 42E80031 		strex r1, r3, [r2]
 3000              	@ 0 "" 2
 3001              		.thumb
 3002              		.syntax unified
 3003 0012 0029     		cmp	r1, #0
 3004 0014 F6D1     		bne	.L336
 3005              	.L337:
 3006 0016 2268     		ldr	r2, [r4]
 3007 0018 02F10803 		add	r3, r2, #8
 3008              		.syntax unified
 3009              	@ 1155 "Drivers/CMSIS/Include/cmsis_gcc.h" 1
 3010 001c 53E8003F 		ldrex r3, [r3]
 3011              	@ 0 "" 2
 3012              		.thumb
 3013              		.syntax unified
 3014 0020 23F40003 		bic	r3, r3, #8388608
 3015 0024 0832     		adds	r2, r2, #8
 3016              		.syntax unified
 3017              	@ 1206 "Drivers/CMSIS/Include/cmsis_gcc.h" 1
 3018 0026 42E80031 		strex r1, r3, [r2]
 3019              	@ 0 "" 2
 3020              		.thumb
 3021              		.syntax unified
 3022 002a 0029     		cmp	r1, #0
 3023 002c F3D1     		bne	.L337
 3024 002e 2368     		ldr	r3, [r4]
 3025 0030 9B68     		ldr	r3, [r3, #8]
 3026 0032 13F0800F 		tst	r3, #128
 3027 0036 12D0     		beq	.L338
 3028              	.L339:
 3029 0038 2268     		ldr	r2, [r4]
 3030 003a 02F10803 		add	r3, r2, #8
 3031              		.syntax unified
 3032              	@ 1155 "Drivers/CMSIS/Include/cmsis_gcc.h" 1
 3033 003e 53E8003F 		ldrex r3, [r3]
 3034              	@ 0 "" 2
 3035              		.thumb
 3036              		.syntax unified
 3037 0042 23F08003 		bic	r3, r3, #128
 3038 0046 0832     		adds	r2, r2, #8
 3039              		.syntax unified
 3040              	@ 1206 "Drivers/CMSIS/Include/cmsis_gcc.h" 1
 3041 0048 42E80031 		strex r1, r3, [r2]
 3042              	@ 0 "" 2
 3043              		.thumb
 3044              		.syntax unified
 3045 004c 0029     		cmp	r1, #0
 3046 004e F3D1     		bne	.L339
 3047 0050 E36F     		ldr	r3, [r4, #124]
 3048 0052 23B1     		cbz	r3, .L338
 3049 0054 9963     		str	r1, [r3, #56]
 3050 0056 E06F     		ldr	r0, [r4, #124]
 3051 0058 FFF7FEFF 		bl	HAL_DMA_Abort
ARM GAS  C:\Users\Nathan\AppData\Local\Temp\ccfpsmze.s 			page 53


 3052 005c 58B9     		cbnz	r0, .L343
 3053              	.L338:
 3054 005e 0023     		movs	r3, #0
 3055 0060 A4F85630 		strh	r3, [r4, #86]	@ movhi
 3056 0064 636E     		ldr	r3, [r4, #100]
 3057 0066 B3F1005F 		cmp	r3, #536870912
 3058 006a 0ED0     		beq	.L344
 3059              	.L341:
 3060 006c 2023     		movs	r3, #32
 3061 006e C4F88830 		str	r3, [r4, #136]
 3062 0072 0020     		movs	r0, #0
 3063              	.L340:
 3064 0074 10BD     		pop	{r4, pc}
 3065              	.L343:
 3066 0076 E06F     		ldr	r0, [r4, #124]
 3067 0078 FFF7FEFF 		bl	HAL_DMA_GetError
 3068 007c 2028     		cmp	r0, #32
 3069 007e EED1     		bne	.L338
 3070 0080 1023     		movs	r3, #16
 3071 0082 C4F89030 		str	r3, [r4, #144]
 3072 0086 0320     		movs	r0, #3
 3073 0088 F4E7     		b	.L340
 3074              	.L344:
 3075 008a 2268     		ldr	r2, [r4]
 3076 008c 9369     		ldr	r3, [r2, #24]
 3077 008e 43F01003 		orr	r3, r3, #16
 3078 0092 9361     		str	r3, [r2, #24]
 3079 0094 EAE7     		b	.L341
 3081              		.section	.text.HAL_UART_AbortReceive,"ax",%progbits
 3082              		.align	1
 3083              		.global	HAL_UART_AbortReceive
 3084              		.syntax unified
 3085              		.thumb
 3086              		.thumb_func
 3088              	HAL_UART_AbortReceive:
 3089              		@ args = 0, pretend = 0, frame = 0
 3090              		@ frame_needed = 0, uses_anonymous_args = 0
 3091 0000 10B5     		push	{r4, lr}
 3092 0002 0446     		mov	r4, r0
 3093              	.L346:
 3094 0004 2268     		ldr	r2, [r4]
 3095              		.syntax unified
 3096              	@ 1155 "Drivers/CMSIS/Include/cmsis_gcc.h" 1
 3097 0006 52E8003F 		ldrex r3, [r2]
 3098              	@ 0 "" 2
 3099              		.thumb
 3100              		.syntax unified
 3101 000a 23F49073 		bic	r3, r3, #288
 3102              		.syntax unified
 3103              	@ 1206 "Drivers/CMSIS/Include/cmsis_gcc.h" 1
 3104 000e 42E80031 		strex r1, r3, [r2]
 3105              	@ 0 "" 2
 3106              		.thumb
 3107              		.syntax unified
 3108 0012 0029     		cmp	r1, #0
 3109 0014 F6D1     		bne	.L346
 3110              	.L347:
ARM GAS  C:\Users\Nathan\AppData\Local\Temp\ccfpsmze.s 			page 54


 3111 0016 2268     		ldr	r2, [r4]
 3112 0018 02F10803 		add	r3, r2, #8
 3113              		.syntax unified
 3114              	@ 1155 "Drivers/CMSIS/Include/cmsis_gcc.h" 1
 3115 001c 53E8003F 		ldrex r3, [r3]
 3116              	@ 0 "" 2
 3117              		.thumb
 3118              		.syntax unified
 3119 0020 23F08053 		bic	r3, r3, #268435456
 3120 0024 23F00103 		bic	r3, r3, #1
 3121 0028 0832     		adds	r2, r2, #8
 3122              		.syntax unified
 3123              	@ 1206 "Drivers/CMSIS/Include/cmsis_gcc.h" 1
 3124 002a 42E80031 		strex r1, r3, [r2]
 3125              	@ 0 "" 2
 3126              		.thumb
 3127              		.syntax unified
 3128 002e 0029     		cmp	r1, #0
 3129 0030 F1D1     		bne	.L347
 3130 0032 E36E     		ldr	r3, [r4, #108]
 3131 0034 012B     		cmp	r3, #1
 3132 0036 29D0     		beq	.L349
 3133              	.L348:
 3134 0038 2368     		ldr	r3, [r4]
 3135 003a 9B68     		ldr	r3, [r3, #8]
 3136 003c 13F0400F 		tst	r3, #64
 3137 0040 14D0     		beq	.L350
 3138              	.L351:
 3139 0042 2268     		ldr	r2, [r4]
 3140 0044 02F10803 		add	r3, r2, #8
 3141              		.syntax unified
 3142              	@ 1155 "Drivers/CMSIS/Include/cmsis_gcc.h" 1
 3143 0048 53E8003F 		ldrex r3, [r3]
 3144              	@ 0 "" 2
 3145              		.thumb
 3146              		.syntax unified
 3147 004c 23F04003 		bic	r3, r3, #64
 3148 0050 0832     		adds	r2, r2, #8
 3149              		.syntax unified
 3150              	@ 1206 "Drivers/CMSIS/Include/cmsis_gcc.h" 1
 3151 0052 42E80031 		strex r1, r3, [r2]
 3152              	@ 0 "" 2
 3153              		.thumb
 3154              		.syntax unified
 3155 0056 0029     		cmp	r1, #0
 3156 0058 F3D1     		bne	.L351
 3157 005a D4F88030 		ldr	r3, [r4, #128]
 3158 005e 2BB1     		cbz	r3, .L350
 3159 0060 9963     		str	r1, [r3, #56]
 3160 0062 D4F88000 		ldr	r0, [r4, #128]
 3161 0066 FFF7FEFF 		bl	HAL_DMA_Abort
 3162 006a C8B9     		cbnz	r0, .L354
 3163              	.L350:
 3164 006c 0020     		movs	r0, #0
 3165 006e A4F85E00 		strh	r0, [r4, #94]	@ movhi
 3166 0072 2368     		ldr	r3, [r4]
 3167 0074 0F22     		movs	r2, #15
ARM GAS  C:\Users\Nathan\AppData\Local\Temp\ccfpsmze.s 			page 55


 3168 0076 1A62     		str	r2, [r3, #32]
 3169 0078 2268     		ldr	r2, [r4]
 3170 007a 9369     		ldr	r3, [r2, #24]
 3171 007c 43F00803 		orr	r3, r3, #8
 3172 0080 9361     		str	r3, [r2, #24]
 3173 0082 2023     		movs	r3, #32
 3174 0084 C4F88C30 		str	r3, [r4, #140]
 3175 0088 E066     		str	r0, [r4, #108]
 3176              	.L352:
 3177 008a 10BD     		pop	{r4, pc}
 3178              	.L349:
 3179 008c 2268     		ldr	r2, [r4]
 3180              		.syntax unified
 3181              	@ 1155 "Drivers/CMSIS/Include/cmsis_gcc.h" 1
 3182 008e 52E8003F 		ldrex r3, [r2]
 3183              	@ 0 "" 2
 3184              		.thumb
 3185              		.syntax unified
 3186 0092 23F01003 		bic	r3, r3, #16
 3187              		.syntax unified
 3188              	@ 1206 "Drivers/CMSIS/Include/cmsis_gcc.h" 1
 3189 0096 42E80031 		strex r1, r3, [r2]
 3190              	@ 0 "" 2
 3191              		.thumb
 3192              		.syntax unified
 3193 009a 0029     		cmp	r1, #0
 3194 009c F6D1     		bne	.L349
 3195 009e CBE7     		b	.L348
 3196              	.L354:
 3197 00a0 D4F88000 		ldr	r0, [r4, #128]
 3198 00a4 FFF7FEFF 		bl	HAL_DMA_GetError
 3199 00a8 2028     		cmp	r0, #32
 3200 00aa DFD1     		bne	.L350
 3201 00ac 1023     		movs	r3, #16
 3202 00ae C4F89030 		str	r3, [r4, #144]
 3203 00b2 0320     		movs	r0, #3
 3204 00b4 E9E7     		b	.L352
 3206              		.section	.text.HAL_UART_Abort_IT,"ax",%progbits
 3207              		.align	1
 3208              		.global	HAL_UART_Abort_IT
 3209              		.syntax unified
 3210              		.thumb
 3211              		.thumb_func
 3213              	HAL_UART_Abort_IT:
 3214              		@ args = 0, pretend = 0, frame = 0
 3215              		@ frame_needed = 0, uses_anonymous_args = 0
 3216 0000 38B5     		push	{r3, r4, r5, lr}
 3217 0002 0446     		mov	r4, r0
 3218              	.L356:
 3219 0004 2268     		ldr	r2, [r4]
 3220              		.syntax unified
 3221              	@ 1155 "Drivers/CMSIS/Include/cmsis_gcc.h" 1
 3222 0006 52E8003F 		ldrex r3, [r2]
 3223              	@ 0 "" 2
 3224              		.thumb
 3225              		.syntax unified
 3226 000a 23F4F073 		bic	r3, r3, #480
ARM GAS  C:\Users\Nathan\AppData\Local\Temp\ccfpsmze.s 			page 56


 3227              		.syntax unified
 3228              	@ 1206 "Drivers/CMSIS/Include/cmsis_gcc.h" 1
 3229 000e 42E80031 		strex r1, r3, [r2]
 3230              	@ 0 "" 2
 3231              		.thumb
 3232              		.syntax unified
 3233 0012 0029     		cmp	r1, #0
 3234 0014 F6D1     		bne	.L356
 3235              	.L357:
 3236 0016 2268     		ldr	r2, [r4]
 3237 0018 02F10803 		add	r3, r2, #8
 3238              		.syntax unified
 3239              	@ 1155 "Drivers/CMSIS/Include/cmsis_gcc.h" 1
 3240 001c 53E8003F 		ldrex r3, [r3]
 3241              	@ 0 "" 2
 3242              		.thumb
 3243              		.syntax unified
 3244 0020 23F08453 		bic	r3, r3, #276824064
 3245 0024 23F00103 		bic	r3, r3, #1
 3246 0028 0832     		adds	r2, r2, #8
 3247              		.syntax unified
 3248              	@ 1206 "Drivers/CMSIS/Include/cmsis_gcc.h" 1
 3249 002a 42E80031 		strex r1, r3, [r2]
 3250              	@ 0 "" 2
 3251              		.thumb
 3252              		.syntax unified
 3253 002e 0029     		cmp	r1, #0
 3254 0030 F1D1     		bne	.L357
 3255 0032 E36E     		ldr	r3, [r4, #108]
 3256 0034 012B     		cmp	r3, #1
 3257 0036 30D0     		beq	.L359
 3258              	.L358:
 3259 0038 E36F     		ldr	r3, [r4, #124]
 3260 003a 33B1     		cbz	r3, .L360
 3261 003c 2268     		ldr	r2, [r4]
 3262 003e 9268     		ldr	r2, [r2, #8]
 3263 0040 12F0800F 		tst	r2, #128
 3264 0044 33D0     		beq	.L361
 3265 0046 424A     		ldr	r2, .L375
 3266 0048 9A63     		str	r2, [r3, #56]
 3267              	.L360:
 3268 004a D4F88030 		ldr	r3, [r4, #128]
 3269 004e 33B1     		cbz	r3, .L362
 3270 0050 2268     		ldr	r2, [r4]
 3271 0052 9268     		ldr	r2, [r2, #8]
 3272 0054 12F0400F 		tst	r2, #64
 3273 0058 2CD0     		beq	.L363
 3274 005a 3E4A     		ldr	r2, .L375+4
 3275 005c 9A63     		str	r2, [r3, #56]
 3276              	.L362:
 3277 005e 2368     		ldr	r3, [r4]
 3278 0060 9B68     		ldr	r3, [r3, #8]
 3279 0062 13F0800F 		tst	r3, #128
 3280 0066 28D0     		beq	.L371
 3281              	.L365:
 3282 0068 2168     		ldr	r1, [r4]
 3283 006a 01F10803 		add	r3, r1, #8
ARM GAS  C:\Users\Nathan\AppData\Local\Temp\ccfpsmze.s 			page 57


 3284              		.syntax unified
 3285              	@ 1155 "Drivers/CMSIS/Include/cmsis_gcc.h" 1
 3286 006e 53E8003F 		ldrex r3, [r3]
 3287              	@ 0 "" 2
 3288              		.thumb
 3289              		.syntax unified
 3290 0072 23F08003 		bic	r3, r3, #128
 3291 0076 0831     		adds	r1, r1, #8
 3292              		.syntax unified
 3293              	@ 1206 "Drivers/CMSIS/Include/cmsis_gcc.h" 1
 3294 0078 41E80032 		strex r2, r3, [r1]
 3295              	@ 0 "" 2
 3296              		.thumb
 3297              		.syntax unified
 3298 007c 1546     		mov	r5, r2
 3299 007e 002A     		cmp	r2, #0
 3300 0080 F2D1     		bne	.L365
 3301 0082 E06F     		ldr	r0, [r4, #124]
 3302 0084 0028     		cmp	r0, #0
 3303 0086 56D0     		beq	.L372
 3304 0088 FFF7FEFF 		bl	HAL_DMA_Abort_IT
 3305 008c B8B1     		cbz	r0, .L364
 3306 008e E36F     		ldr	r3, [r4, #124]
 3307 0090 0022     		movs	r2, #0
 3308 0092 9A63     		str	r2, [r3, #56]
 3309 0094 0123     		movs	r3, #1
 3310 0096 1D46     		mov	r5, r3
 3311 0098 11E0     		b	.L364
 3312              	.L359:
 3313 009a 2268     		ldr	r2, [r4]
 3314              		.syntax unified
 3315              	@ 1155 "Drivers/CMSIS/Include/cmsis_gcc.h" 1
 3316 009c 52E8003F 		ldrex r3, [r2]
 3317              	@ 0 "" 2
 3318              		.thumb
 3319              		.syntax unified
 3320 00a0 23F01003 		bic	r3, r3, #16
 3321              		.syntax unified
 3322              	@ 1206 "Drivers/CMSIS/Include/cmsis_gcc.h" 1
 3323 00a4 42E80031 		strex r1, r3, [r2]
 3324              	@ 0 "" 2
 3325              		.thumb
 3326              		.syntax unified
 3327 00a8 0029     		cmp	r1, #0
 3328 00aa F6D1     		bne	.L359
 3329 00ac C4E7     		b	.L358
 3330              	.L361:
 3331 00ae 0022     		movs	r2, #0
 3332 00b0 9A63     		str	r2, [r3, #56]
 3333 00b2 CAE7     		b	.L360
 3334              	.L363:
 3335 00b4 0022     		movs	r2, #0
 3336 00b6 9A63     		str	r2, [r3, #56]
 3337 00b8 D1E7     		b	.L362
 3338              	.L371:
 3339 00ba 0123     		movs	r3, #1
 3340 00bc 1D46     		mov	r5, r3
ARM GAS  C:\Users\Nathan\AppData\Local\Temp\ccfpsmze.s 			page 58


 3341              	.L364:
 3342 00be 2368     		ldr	r3, [r4]
 3343 00c0 9B68     		ldr	r3, [r3, #8]
 3344 00c2 13F0400F 		tst	r3, #64
 3345 00c6 39D0     		beq	.L366
 3346              	.L367:
 3347 00c8 2268     		ldr	r2, [r4]
 3348 00ca 02F10803 		add	r3, r2, #8
 3349              		.syntax unified
 3350              	@ 1155 "Drivers/CMSIS/Include/cmsis_gcc.h" 1
 3351 00ce 53E8003F 		ldrex r3, [r3]
 3352              	@ 0 "" 2
 3353              		.thumb
 3354              		.syntax unified
 3355 00d2 23F04003 		bic	r3, r3, #64
 3356 00d6 0832     		adds	r2, r2, #8
 3357              		.syntax unified
 3358              	@ 1206 "Drivers/CMSIS/Include/cmsis_gcc.h" 1
 3359 00d8 42E80031 		strex r1, r3, [r2]
 3360              	@ 0 "" 2
 3361              		.thumb
 3362              		.syntax unified
 3363 00dc 0029     		cmp	r1, #0
 3364 00de F3D1     		bne	.L367
 3365 00e0 D4F88000 		ldr	r0, [r4, #128]
 3366 00e4 50B3     		cbz	r0, .L366
 3367 00e6 FFF7FEFF 		bl	HAL_DMA_Abort_IT
 3368 00ea 48B3     		cbz	r0, .L368
 3369 00ec D4F88030 		ldr	r3, [r4, #128]
 3370 00f0 0022     		movs	r2, #0
 3371 00f2 9A63     		str	r2, [r3, #56]
 3372              	.L369:
 3373 00f4 0023     		movs	r3, #0
 3374 00f6 A4F85630 		strh	r3, [r4, #86]	@ movhi
 3375 00fa A4F85E30 		strh	r3, [r4, #94]	@ movhi
 3376 00fe 6367     		str	r3, [r4, #116]
 3377 0100 A367     		str	r3, [r4, #120]
 3378 0102 C4F89030 		str	r3, [r4, #144]
 3379 0106 2368     		ldr	r3, [r4]
 3380 0108 0F22     		movs	r2, #15
 3381 010a 1A62     		str	r2, [r3, #32]
 3382 010c 636E     		ldr	r3, [r4, #100]
 3383 010e B3F1005F 		cmp	r3, #536870912
 3384 0112 17D0     		beq	.L374
 3385              	.L370:
 3386 0114 2268     		ldr	r2, [r4]
 3387 0116 9369     		ldr	r3, [r2, #24]
 3388 0118 43F00803 		orr	r3, r3, #8
 3389 011c 9361     		str	r3, [r2, #24]
 3390 011e 2023     		movs	r3, #32
 3391 0120 C4F88830 		str	r3, [r4, #136]
 3392 0124 C4F88C30 		str	r3, [r4, #140]
 3393 0128 0023     		movs	r3, #0
 3394 012a E366     		str	r3, [r4, #108]
 3395 012c D4F8A830 		ldr	r3, [r4, #168]
 3396 0130 2046     		mov	r0, r4
 3397 0132 9847     		blx	r3
ARM GAS  C:\Users\Nathan\AppData\Local\Temp\ccfpsmze.s 			page 59


 3398 0134 04E0     		b	.L368
 3399              	.L372:
 3400 0136 0123     		movs	r3, #1
 3401 0138 1D46     		mov	r5, r3
 3402 013a C0E7     		b	.L364
 3403              	.L366:
 3404 013c 012D     		cmp	r5, #1
 3405 013e D9D0     		beq	.L369
 3406              	.L368:
 3407 0140 0020     		movs	r0, #0
 3408 0142 38BD     		pop	{r3, r4, r5, pc}
 3409              	.L374:
 3410 0144 2268     		ldr	r2, [r4]
 3411 0146 9369     		ldr	r3, [r2, #24]
 3412 0148 43F01003 		orr	r3, r3, #16
 3413 014c 9361     		str	r3, [r2, #24]
 3414 014e E1E7     		b	.L370
 3415              	.L376:
 3416              		.align	2
 3417              	.L375:
 3418 0150 00000000 		.word	UART_DMATxAbortCallback
 3419 0154 00000000 		.word	UART_DMARxAbortCallback
 3421              		.section	.text.HAL_UART_AbortTransmit_IT,"ax",%progbits
 3422              		.align	1
 3423              		.global	HAL_UART_AbortTransmit_IT
 3424              		.syntax unified
 3425              		.thumb
 3426              		.thumb_func
 3428              	HAL_UART_AbortTransmit_IT:
 3429              		@ args = 0, pretend = 0, frame = 0
 3430              		@ frame_needed = 0, uses_anonymous_args = 0
 3431 0000 10B5     		push	{r4, lr}
 3432 0002 0446     		mov	r4, r0
 3433              	.L378:
 3434 0004 2268     		ldr	r2, [r4]
 3435              		.syntax unified
 3436              	@ 1155 "Drivers/CMSIS/Include/cmsis_gcc.h" 1
 3437 0006 52E8003F 		ldrex r3, [r2]
 3438              	@ 0 "" 2
 3439              		.thumb
 3440              		.syntax unified
 3441 000a 23F0C003 		bic	r3, r3, #192
 3442              		.syntax unified
 3443              	@ 1206 "Drivers/CMSIS/Include/cmsis_gcc.h" 1
 3444 000e 42E80031 		strex r1, r3, [r2]
 3445              	@ 0 "" 2
 3446              		.thumb
 3447              		.syntax unified
 3448 0012 0029     		cmp	r1, #0
 3449 0014 F6D1     		bne	.L378
 3450              	.L379:
 3451 0016 2268     		ldr	r2, [r4]
 3452 0018 02F10803 		add	r3, r2, #8
 3453              		.syntax unified
 3454              	@ 1155 "Drivers/CMSIS/Include/cmsis_gcc.h" 1
 3455 001c 53E8003F 		ldrex r3, [r3]
 3456              	@ 0 "" 2
ARM GAS  C:\Users\Nathan\AppData\Local\Temp\ccfpsmze.s 			page 60


 3457              		.thumb
 3458              		.syntax unified
 3459 0020 23F40003 		bic	r3, r3, #8388608
 3460 0024 0832     		adds	r2, r2, #8
 3461              		.syntax unified
 3462              	@ 1206 "Drivers/CMSIS/Include/cmsis_gcc.h" 1
 3463 0026 42E80031 		strex r1, r3, [r2]
 3464              	@ 0 "" 2
 3465              		.thumb
 3466              		.syntax unified
 3467 002a 0029     		cmp	r1, #0
 3468 002c F3D1     		bne	.L379
 3469 002e 2368     		ldr	r3, [r4]
 3470 0030 9A68     		ldr	r2, [r3, #8]
 3471 0032 12F0800F 		tst	r2, #128
 3472 0036 22D0     		beq	.L380
 3473              	.L381:
 3474 0038 2268     		ldr	r2, [r4]
 3475 003a 02F10803 		add	r3, r2, #8
 3476              		.syntax unified
 3477              	@ 1155 "Drivers/CMSIS/Include/cmsis_gcc.h" 1
 3478 003e 53E8003F 		ldrex r3, [r3]
 3479              	@ 0 "" 2
 3480              		.thumb
 3481              		.syntax unified
 3482 0042 23F08003 		bic	r3, r3, #128
 3483 0046 0832     		adds	r2, r2, #8
 3484              		.syntax unified
 3485              	@ 1206 "Drivers/CMSIS/Include/cmsis_gcc.h" 1
 3486 0048 42E80031 		strex r1, r3, [r2]
 3487              	@ 0 "" 2
 3488              		.thumb
 3489              		.syntax unified
 3490 004c 0029     		cmp	r1, #0
 3491 004e F3D1     		bne	.L381
 3492 0050 E36F     		ldr	r3, [r4, #124]
 3493 0052 4BB1     		cbz	r3, .L382
 3494 0054 154A     		ldr	r2, .L387
 3495 0056 9A63     		str	r2, [r3, #56]
 3496 0058 E06F     		ldr	r0, [r4, #124]
 3497 005a FFF7FEFF 		bl	HAL_DMA_Abort_IT
 3498 005e E8B1     		cbz	r0, .L383
 3499 0060 E06F     		ldr	r0, [r4, #124]
 3500 0062 836B     		ldr	r3, [r0, #56]
 3501 0064 9847     		blx	r3
 3502 0066 19E0     		b	.L383
 3503              	.L382:
 3504 0068 A4F85630 		strh	r3, [r4, #86]	@ movhi
 3505 006c A367     		str	r3, [r4, #120]
 3506 006e 2023     		movs	r3, #32
 3507 0070 C4F88830 		str	r3, [r4, #136]
 3508 0074 D4F8AC30 		ldr	r3, [r4, #172]
 3509 0078 2046     		mov	r0, r4
 3510 007a 9847     		blx	r3
 3511 007c 0EE0     		b	.L383
 3512              	.L380:
 3513 007e 0022     		movs	r2, #0
ARM GAS  C:\Users\Nathan\AppData\Local\Temp\ccfpsmze.s 			page 61


 3514 0080 A4F85620 		strh	r2, [r4, #86]	@ movhi
 3515 0084 A267     		str	r2, [r4, #120]
 3516 0086 626E     		ldr	r2, [r4, #100]
 3517 0088 B2F1005F 		cmp	r2, #536870912
 3518 008c 08D0     		beq	.L386
 3519              	.L384:
 3520 008e 2023     		movs	r3, #32
 3521 0090 C4F88830 		str	r3, [r4, #136]
 3522 0094 D4F8AC30 		ldr	r3, [r4, #172]
 3523 0098 2046     		mov	r0, r4
 3524 009a 9847     		blx	r3
 3525              	.L383:
 3526 009c 0020     		movs	r0, #0
 3527 009e 10BD     		pop	{r4, pc}
 3528              	.L386:
 3529 00a0 9A69     		ldr	r2, [r3, #24]
 3530 00a2 42F01002 		orr	r2, r2, #16
 3531 00a6 9A61     		str	r2, [r3, #24]
 3532 00a8 F1E7     		b	.L384
 3533              	.L388:
 3534 00aa 00BF     		.align	2
 3535              	.L387:
 3536 00ac 00000000 		.word	UART_DMATxOnlyAbortCallback
 3538              		.section	.text.HAL_UART_AbortReceive_IT,"ax",%progbits
 3539              		.align	1
 3540              		.global	HAL_UART_AbortReceive_IT
 3541              		.syntax unified
 3542              		.thumb
 3543              		.thumb_func
 3545              	HAL_UART_AbortReceive_IT:
 3546              		@ args = 0, pretend = 0, frame = 0
 3547              		@ frame_needed = 0, uses_anonymous_args = 0
 3548 0000 10B5     		push	{r4, lr}
 3549 0002 0446     		mov	r4, r0
 3550              	.L390:
 3551 0004 2268     		ldr	r2, [r4]
 3552              		.syntax unified
 3553              	@ 1155 "Drivers/CMSIS/Include/cmsis_gcc.h" 1
 3554 0006 52E8003F 		ldrex r3, [r2]
 3555              	@ 0 "" 2
 3556              		.thumb
 3557              		.syntax unified
 3558 000a 23F49073 		bic	r3, r3, #288
 3559              		.syntax unified
 3560              	@ 1206 "Drivers/CMSIS/Include/cmsis_gcc.h" 1
 3561 000e 42E80031 		strex r1, r3, [r2]
 3562              	@ 0 "" 2
 3563              		.thumb
 3564              		.syntax unified
 3565 0012 0029     		cmp	r1, #0
 3566 0014 F6D1     		bne	.L390
 3567              	.L391:
 3568 0016 2268     		ldr	r2, [r4]
 3569 0018 02F10803 		add	r3, r2, #8
 3570              		.syntax unified
 3571              	@ 1155 "Drivers/CMSIS/Include/cmsis_gcc.h" 1
 3572 001c 53E8003F 		ldrex r3, [r3]
ARM GAS  C:\Users\Nathan\AppData\Local\Temp\ccfpsmze.s 			page 62


 3573              	@ 0 "" 2
 3574              		.thumb
 3575              		.syntax unified
 3576 0020 23F08053 		bic	r3, r3, #268435456
 3577 0024 23F00103 		bic	r3, r3, #1
 3578 0028 0832     		adds	r2, r2, #8
 3579              		.syntax unified
 3580              	@ 1206 "Drivers/CMSIS/Include/cmsis_gcc.h" 1
 3581 002a 42E80031 		strex r1, r3, [r2]
 3582              	@ 0 "" 2
 3583              		.thumb
 3584              		.syntax unified
 3585 002e 0029     		cmp	r1, #0
 3586 0030 F1D1     		bne	.L391
 3587 0032 E36E     		ldr	r3, [r4, #108]
 3588 0034 012B     		cmp	r3, #1
 3589 0036 20D0     		beq	.L393
 3590              	.L392:
 3591 0038 2368     		ldr	r3, [r4]
 3592 003a 9A68     		ldr	r2, [r3, #8]
 3593 003c 12F0400F 		tst	r2, #64
 3594 0040 39D0     		beq	.L394
 3595              	.L395:
 3596 0042 2268     		ldr	r2, [r4]
 3597 0044 02F10803 		add	r3, r2, #8
 3598              		.syntax unified
 3599              	@ 1155 "Drivers/CMSIS/Include/cmsis_gcc.h" 1
 3600 0048 53E8003F 		ldrex r3, [r3]
 3601              	@ 0 "" 2
 3602              		.thumb
 3603              		.syntax unified
 3604 004c 23F04003 		bic	r3, r3, #64
 3605 0050 0832     		adds	r2, r2, #8
 3606              		.syntax unified
 3607              	@ 1206 "Drivers/CMSIS/Include/cmsis_gcc.h" 1
 3608 0052 42E80031 		strex r1, r3, [r2]
 3609              	@ 0 "" 2
 3610              		.thumb
 3611              		.syntax unified
 3612 0056 0029     		cmp	r1, #0
 3613 0058 F3D1     		bne	.L395
 3614 005a D4F88030 		ldr	r3, [r4, #128]
 3615 005e B3B1     		cbz	r3, .L396
 3616 0060 1D4A     		ldr	r2, .L399
 3617 0062 9A63     		str	r2, [r3, #56]
 3618 0064 D4F88000 		ldr	r0, [r4, #128]
 3619 0068 FFF7FEFF 		bl	HAL_DMA_Abort_IT
 3620 006c 0028     		cmp	r0, #0
 3621 006e 30D0     		beq	.L397
 3622 0070 D4F88000 		ldr	r0, [r4, #128]
 3623 0074 836B     		ldr	r3, [r0, #56]
 3624 0076 9847     		blx	r3
 3625 0078 2BE0     		b	.L397
 3626              	.L393:
 3627 007a 2268     		ldr	r2, [r4]
 3628              		.syntax unified
 3629              	@ 1155 "Drivers/CMSIS/Include/cmsis_gcc.h" 1
ARM GAS  C:\Users\Nathan\AppData\Local\Temp\ccfpsmze.s 			page 63


 3630 007c 52E8003F 		ldrex r3, [r2]
 3631              	@ 0 "" 2
 3632              		.thumb
 3633              		.syntax unified
 3634 0080 23F01003 		bic	r3, r3, #16
 3635              		.syntax unified
 3636              	@ 1206 "Drivers/CMSIS/Include/cmsis_gcc.h" 1
 3637 0084 42E80031 		strex r1, r3, [r2]
 3638              	@ 0 "" 2
 3639              		.thumb
 3640              		.syntax unified
 3641 0088 0029     		cmp	r1, #0
 3642 008a F6D1     		bne	.L393
 3643 008c D4E7     		b	.L392
 3644              	.L396:
 3645 008e A4F85E30 		strh	r3, [r4, #94]	@ movhi
 3646 0092 A365     		str	r3, [r4, #88]
 3647 0094 2268     		ldr	r2, [r4]
 3648 0096 0F21     		movs	r1, #15
 3649 0098 1162     		str	r1, [r2, #32]
 3650 009a 2168     		ldr	r1, [r4]
 3651 009c 8A69     		ldr	r2, [r1, #24]
 3652 009e 42F00802 		orr	r2, r2, #8
 3653 00a2 8A61     		str	r2, [r1, #24]
 3654 00a4 2022     		movs	r2, #32
 3655 00a6 C4F88C20 		str	r2, [r4, #140]
 3656 00aa E366     		str	r3, [r4, #108]
 3657 00ac D4F8B030 		ldr	r3, [r4, #176]
 3658 00b0 2046     		mov	r0, r4
 3659 00b2 9847     		blx	r3
 3660 00b4 0DE0     		b	.L397
 3661              	.L394:
 3662 00b6 0022     		movs	r2, #0
 3663 00b8 A4F85E20 		strh	r2, [r4, #94]	@ movhi
 3664 00bc A265     		str	r2, [r4, #88]
 3665 00be 0F21     		movs	r1, #15
 3666 00c0 1962     		str	r1, [r3, #32]
 3667 00c2 2023     		movs	r3, #32
 3668 00c4 C4F88C30 		str	r3, [r4, #140]
 3669 00c8 E266     		str	r2, [r4, #108]
 3670 00ca D4F8B030 		ldr	r3, [r4, #176]
 3671 00ce 2046     		mov	r0, r4
 3672 00d0 9847     		blx	r3
 3673              	.L397:
 3674 00d2 0020     		movs	r0, #0
 3675 00d4 10BD     		pop	{r4, pc}
 3676              	.L400:
 3677 00d6 00BF     		.align	2
 3678              	.L399:
 3679 00d8 00000000 		.word	UART_DMARxOnlyAbortCallback
 3681              		.section	.text.HAL_UART_IRQHandler,"ax",%progbits
 3682              		.align	1
 3683              		.global	HAL_UART_IRQHandler
 3684              		.syntax unified
 3685              		.thumb
 3686              		.thumb_func
 3688              	HAL_UART_IRQHandler:
ARM GAS  C:\Users\Nathan\AppData\Local\Temp\ccfpsmze.s 			page 64


 3689              		@ args = 0, pretend = 0, frame = 0
 3690              		@ frame_needed = 0, uses_anonymous_args = 0
 3691 0000 38B5     		push	{r3, r4, r5, lr}
 3692 0002 0446     		mov	r4, r0
 3693 0004 0268     		ldr	r2, [r0]
 3694 0006 D369     		ldr	r3, [r2, #28]
 3695 0008 1068     		ldr	r0, [r2]
 3696 000a 9168     		ldr	r1, [r2, #8]
 3697 000c 40F60F0C 		movw	ip, #2063
 3698 0010 13EA0C0F 		tst	r3, ip
 3699 0014 0DD1     		bne	.L402
 3700 0016 13F0200F 		tst	r3, #32
 3701 001a 14D0     		beq	.L403
 3702 001c 10F0200F 		tst	r0, #32
 3703 0020 02D1     		bne	.L404
 3704 0022 11F0805F 		tst	r1, #268435456
 3705 0026 0ED0     		beq	.L403
 3706              	.L404:
 3707 0028 636F     		ldr	r3, [r4, #116]
 3708 002a 0BB1     		cbz	r3, .L401
 3709 002c 2046     		mov	r0, r4
 3710 002e 9847     		blx	r3
 3711              	.L401:
 3712 0030 38BD     		pop	{r3, r4, r5, pc}
 3713              	.L402:
 3714 0032 DFF848C3 		ldr	ip, .L446+4
 3715 0036 11EA0C0C 		ands	ip, r1, ip
 3716 003a 34D1     		bne	.L407
 3717 003c DFF840E3 		ldr	lr, .L446+8
 3718 0040 10EA0E0F 		tst	r0, lr
 3719 0044 2FD1     		bne	.L407
 3720              	.L403:
 3721 0046 D4F86CC0 		ldr	ip, [r4, #108]
 3722 004a BCF1010F 		cmp	ip, #1
 3723 004e 00F0CD80 		beq	.L442
 3724              	.L422:
 3725 0052 13F4801F 		tst	r3, #1048576
 3726 0056 03D0     		beq	.L435
 3727 0058 11F4800F 		tst	r1, #4194304
 3728 005c 40F07481 		bne	.L443
 3729              	.L435:
 3730 0060 13F0800F 		tst	r3, #128
 3731 0064 07D0     		beq	.L436
 3732 0066 10F0800F 		tst	r0, #128
 3733 006a 40F07581 		bne	.L437
 3734 006e 11F4000F 		tst	r1, #8388608
 3735 0072 40F07181 		bne	.L437
 3736              	.L436:
 3737 0076 13F0400F 		tst	r3, #64
 3738 007a 03D0     		beq	.L439
 3739 007c 10F0400F 		tst	r0, #64
 3740 0080 40F07181 		bne	.L444
 3741              	.L439:
 3742 0084 13F4000F 		tst	r3, #8388608
 3743 0088 03D0     		beq	.L440
 3744 008a 10F0804F 		tst	r0, #1073741824
 3745 008e 40F06E81 		bne	.L445
ARM GAS  C:\Users\Nathan\AppData\Local\Temp\ccfpsmze.s 			page 65


 3746              	.L440:
 3747 0092 13F0807F 		tst	r3, #16777216
 3748 0096 CBD0     		beq	.L401
 3749 0098 0028     		cmp	r0, #0
 3750 009a C9DA     		bge	.L401
 3751 009c D4F8B830 		ldr	r3, [r4, #184]
 3752 00a0 2046     		mov	r0, r4
 3753 00a2 9847     		blx	r3
 3754 00a4 C4E7     		b	.L401
 3755              	.L407:
 3756 00a6 13F0010F 		tst	r3, #1
 3757 00aa 0CD0     		beq	.L408
 3758 00ac 10F4807F 		tst	r0, #256
 3759 00b0 09D0     		beq	.L408
 3760 00b2 4FF0010E 		mov	lr, #1
 3761 00b6 C2F820E0 		str	lr, [r2, #32]
 3762 00ba D4F89020 		ldr	r2, [r4, #144]
 3763 00be 42EA0E02 		orr	r2, r2, lr
 3764 00c2 C4F89020 		str	r2, [r4, #144]
 3765              	.L408:
 3766 00c6 13F0020F 		tst	r3, #2
 3767 00ca 0BD0     		beq	.L409
 3768 00cc 11F0010F 		tst	r1, #1
 3769 00d0 08D0     		beq	.L409
 3770 00d2 0222     		movs	r2, #2
 3771 00d4 2568     		ldr	r5, [r4]
 3772 00d6 2A62     		str	r2, [r5, #32]
 3773 00d8 D4F89020 		ldr	r2, [r4, #144]
 3774 00dc 42F00402 		orr	r2, r2, #4
 3775 00e0 C4F89020 		str	r2, [r4, #144]
 3776              	.L409:
 3777 00e4 13F0040F 		tst	r3, #4
 3778 00e8 0BD0     		beq	.L410
 3779 00ea 11F0010F 		tst	r1, #1
 3780 00ee 08D0     		beq	.L410
 3781 00f0 0422     		movs	r2, #4
 3782 00f2 2568     		ldr	r5, [r4]
 3783 00f4 2A62     		str	r2, [r5, #32]
 3784 00f6 D4F89020 		ldr	r2, [r4, #144]
 3785 00fa 42F00202 		orr	r2, r2, #2
 3786 00fe C4F89020 		str	r2, [r4, #144]
 3787              	.L410:
 3788 0102 13F0080F 		tst	r3, #8
 3789 0106 0ED0     		beq	.L411
 3790 0108 10F0200F 		tst	r0, #32
 3791 010c 02D1     		bne	.L412
 3792 010e BCF1000F 		cmp	ip, #0
 3793 0112 08D0     		beq	.L411
 3794              	.L412:
 3795 0114 0822     		movs	r2, #8
 3796 0116 2568     		ldr	r5, [r4]
 3797 0118 2A62     		str	r2, [r5, #32]
 3798 011a D4F89020 		ldr	r2, [r4, #144]
 3799 011e 42F00802 		orr	r2, r2, #8
 3800 0122 C4F89020 		str	r2, [r4, #144]
 3801              	.L411:
 3802 0126 13F4006F 		tst	r3, #2048
ARM GAS  C:\Users\Nathan\AppData\Local\Temp\ccfpsmze.s 			page 66


 3803 012a 0CD0     		beq	.L413
 3804 012c 10F0806F 		tst	r0, #67108864
 3805 0130 09D0     		beq	.L413
 3806 0132 4FF40062 		mov	r2, #2048
 3807 0136 2568     		ldr	r5, [r4]
 3808 0138 2A62     		str	r2, [r5, #32]
 3809 013a D4F89020 		ldr	r2, [r4, #144]
 3810 013e 42F02002 		orr	r2, r2, #32
 3811 0142 C4F89020 		str	r2, [r4, #144]
 3812              	.L413:
 3813 0146 D4F89020 		ldr	r2, [r4, #144]
 3814 014a 002A     		cmp	r2, #0
 3815 014c 3FF470AF 		beq	.L401
 3816 0150 13F0200F 		tst	r3, #32
 3817 0154 09D0     		beq	.L415
 3818 0156 10F0200F 		tst	r0, #32
 3819 015a 02D1     		bne	.L416
 3820 015c 11F0805F 		tst	r1, #268435456
 3821 0160 03D0     		beq	.L415
 3822              	.L416:
 3823 0162 636F     		ldr	r3, [r4, #116]
 3824 0164 0BB1     		cbz	r3, .L415
 3825 0166 2046     		mov	r0, r4
 3826 0168 9847     		blx	r3
 3827              	.L415:
 3828 016a D4F89020 		ldr	r2, [r4, #144]
 3829 016e 2368     		ldr	r3, [r4]
 3830 0170 9B68     		ldr	r3, [r3, #8]
 3831 0172 13F0400F 		tst	r3, #64
 3832 0176 02D1     		bne	.L417
 3833 0178 12F0280F 		tst	r2, #40
 3834 017c 2ED0     		beq	.L418
 3835              	.L417:
 3836 017e 2046     		mov	r0, r4
 3837 0180 FFF7FEFF 		bl	UART_EndRxTransfer
 3838 0184 2368     		ldr	r3, [r4]
 3839 0186 9B68     		ldr	r3, [r3, #8]
 3840 0188 13F0400F 		tst	r3, #64
 3841 018c 21D0     		beq	.L419
 3842              	.L420:
 3843 018e 2268     		ldr	r2, [r4]
 3844 0190 02F10803 		add	r3, r2, #8
 3845              		.syntax unified
 3846              	@ 1155 "Drivers/CMSIS/Include/cmsis_gcc.h" 1
 3847 0194 53E8003F 		ldrex r3, [r3]
 3848              	@ 0 "" 2
 3849              		.thumb
 3850              		.syntax unified
 3851 0198 23F04003 		bic	r3, r3, #64
 3852 019c 0832     		adds	r2, r2, #8
 3853              		.syntax unified
 3854              	@ 1206 "Drivers/CMSIS/Include/cmsis_gcc.h" 1
 3855 019e 42E80031 		strex r1, r3, [r2]
 3856              	@ 0 "" 2
 3857              		.thumb
 3858              		.syntax unified
 3859 01a2 0029     		cmp	r1, #0
ARM GAS  C:\Users\Nathan\AppData\Local\Temp\ccfpsmze.s 			page 67


 3860 01a4 F3D1     		bne	.L420
 3861 01a6 D4F88030 		ldr	r3, [r4, #128]
 3862 01aa 6BB1     		cbz	r3, .L421
 3863 01ac 724A     		ldr	r2, .L446
 3864 01ae 9A63     		str	r2, [r3, #56]
 3865 01b0 D4F88000 		ldr	r0, [r4, #128]
 3866 01b4 FFF7FEFF 		bl	HAL_DMA_Abort_IT
 3867 01b8 0028     		cmp	r0, #0
 3868 01ba 3FF439AF 		beq	.L401
 3869 01be D4F88000 		ldr	r0, [r4, #128]
 3870 01c2 836B     		ldr	r3, [r0, #56]
 3871 01c4 9847     		blx	r3
 3872 01c6 33E7     		b	.L401
 3873              	.L421:
 3874 01c8 D4F8A430 		ldr	r3, [r4, #164]
 3875 01cc 2046     		mov	r0, r4
 3876 01ce 9847     		blx	r3
 3877 01d0 2EE7     		b	.L401
 3878              	.L419:
 3879 01d2 D4F8A430 		ldr	r3, [r4, #164]
 3880 01d6 2046     		mov	r0, r4
 3881 01d8 9847     		blx	r3
 3882 01da 29E7     		b	.L401
 3883              	.L418:
 3884 01dc D4F8A430 		ldr	r3, [r4, #164]
 3885 01e0 2046     		mov	r0, r4
 3886 01e2 9847     		blx	r3
 3887 01e4 0023     		movs	r3, #0
 3888 01e6 C4F89030 		str	r3, [r4, #144]
 3889 01ea 21E7     		b	.L401
 3890              	.L442:
 3891 01ec 13F0100F 		tst	r3, #16
 3892 01f0 3FF42FAF 		beq	.L422
 3893 01f4 10F0100F 		tst	r0, #16
 3894 01f8 3FF42BAF 		beq	.L422
 3895 01fc 1023     		movs	r3, #16
 3896 01fe 1362     		str	r3, [r2, #32]
 3897 0200 2368     		ldr	r3, [r4]
 3898 0202 9B68     		ldr	r3, [r3, #8]
 3899 0204 13F0400F 		tst	r3, #64
 3900 0208 62D0     		beq	.L423
 3901 020a D4F88010 		ldr	r1, [r4, #128]
 3902 020e 0A68     		ldr	r2, [r1]
 3903 0210 5368     		ldr	r3, [r2, #4]
 3904 0212 9BB2     		uxth	r3, r3
 3905 0214 002B     		cmp	r3, #0
 3906 0216 4AD0     		beq	.L424
 3907 0218 B4F85C00 		ldrh	r0, [r4, #92]
 3908 021c 9842     		cmp	r0, r3
 3909 021e 46D9     		bls	.L424
 3910 0220 A4F85E30 		strh	r3, [r4, #94]	@ movhi
 3911 0224 0B68     		ldr	r3, [r1]
 3912 0226 1B68     		ldr	r3, [r3]
 3913 0228 13F0200F 		tst	r3, #32
 3914 022c 31D1     		bne	.L425
 3915              	.L426:
 3916 022e 2268     		ldr	r2, [r4]
ARM GAS  C:\Users\Nathan\AppData\Local\Temp\ccfpsmze.s 			page 68


 3917              		.syntax unified
 3918              	@ 1155 "Drivers/CMSIS/Include/cmsis_gcc.h" 1
 3919 0230 52E8003F 		ldrex r3, [r2]
 3920              	@ 0 "" 2
 3921              		.thumb
 3922              		.syntax unified
 3923 0234 23F48073 		bic	r3, r3, #256
 3924              		.syntax unified
 3925              	@ 1206 "Drivers/CMSIS/Include/cmsis_gcc.h" 1
 3926 0238 42E80031 		strex r1, r3, [r2]
 3927              	@ 0 "" 2
 3928              		.thumb
 3929              		.syntax unified
 3930 023c 0029     		cmp	r1, #0
 3931 023e F6D1     		bne	.L426
 3932              	.L427:
 3933 0240 2268     		ldr	r2, [r4]
 3934 0242 02F10803 		add	r3, r2, #8
 3935              		.syntax unified
 3936              	@ 1155 "Drivers/CMSIS/Include/cmsis_gcc.h" 1
 3937 0246 53E8003F 		ldrex r3, [r3]
 3938              	@ 0 "" 2
 3939              		.thumb
 3940              		.syntax unified
 3941 024a 23F00103 		bic	r3, r3, #1
 3942 024e 0832     		adds	r2, r2, #8
 3943              		.syntax unified
 3944              	@ 1206 "Drivers/CMSIS/Include/cmsis_gcc.h" 1
 3945 0250 42E80031 		strex r1, r3, [r2]
 3946              	@ 0 "" 2
 3947              		.thumb
 3948              		.syntax unified
 3949 0254 0029     		cmp	r1, #0
 3950 0256 F3D1     		bne	.L427
 3951              	.L428:
 3952 0258 2268     		ldr	r2, [r4]
 3953 025a 02F10803 		add	r3, r2, #8
 3954              		.syntax unified
 3955              	@ 1155 "Drivers/CMSIS/Include/cmsis_gcc.h" 1
 3956 025e 53E8003F 		ldrex r3, [r3]
 3957              	@ 0 "" 2
 3958              		.thumb
 3959              		.syntax unified
 3960 0262 23F04003 		bic	r3, r3, #64
 3961 0266 0832     		adds	r2, r2, #8
 3962              		.syntax unified
 3963              	@ 1206 "Drivers/CMSIS/Include/cmsis_gcc.h" 1
 3964 0268 42E80031 		strex r1, r3, [r2]
 3965              	@ 0 "" 2
 3966              		.thumb
 3967              		.syntax unified
 3968 026c 0029     		cmp	r1, #0
 3969 026e F3D1     		bne	.L428
 3970 0270 2023     		movs	r3, #32
 3971 0272 C4F88C30 		str	r3, [r4, #140]
 3972 0276 E166     		str	r1, [r4, #108]
 3973              	.L429:
ARM GAS  C:\Users\Nathan\AppData\Local\Temp\ccfpsmze.s 			page 69


 3974 0278 2268     		ldr	r2, [r4]
 3975              		.syntax unified
 3976              	@ 1155 "Drivers/CMSIS/Include/cmsis_gcc.h" 1
 3977 027a 52E8003F 		ldrex r3, [r2]
 3978              	@ 0 "" 2
 3979              		.thumb
 3980              		.syntax unified
 3981 027e 23F01003 		bic	r3, r3, #16
 3982              		.syntax unified
 3983              	@ 1206 "Drivers/CMSIS/Include/cmsis_gcc.h" 1
 3984 0282 42E80031 		strex r1, r3, [r2]
 3985              	@ 0 "" 2
 3986              		.thumb
 3987              		.syntax unified
 3988 0286 0029     		cmp	r1, #0
 3989 0288 F6D1     		bne	.L429
 3990 028a D4F88000 		ldr	r0, [r4, #128]
 3991 028e FFF7FEFF 		bl	HAL_DMA_Abort
 3992              	.L425:
 3993 0292 0223     		movs	r3, #2
 3994 0294 2367     		str	r3, [r4, #112]
 3995 0296 D4F8C020 		ldr	r2, [r4, #192]
 3996 029a B4F85C10 		ldrh	r1, [r4, #92]
 3997 029e B4F85E30 		ldrh	r3, [r4, #94]
 3998 02a2 9BB2     		uxth	r3, r3
 3999 02a4 C91A     		subs	r1, r1, r3
 4000 02a6 89B2     		uxth	r1, r1
 4001 02a8 2046     		mov	r0, r4
 4002 02aa 9047     		blx	r2
 4003 02ac C0E6     		b	.L401
 4004              	.L424:
 4005 02ae B4F85C10 		ldrh	r1, [r4, #92]
 4006 02b2 9942     		cmp	r1, r3
 4007 02b4 7FF4BCAE 		bne	.L401
 4008 02b8 1368     		ldr	r3, [r2]
 4009 02ba 13F0200F 		tst	r3, #32
 4010 02be 3FF4B7AE 		beq	.L401
 4011 02c2 0223     		movs	r3, #2
 4012 02c4 2367     		str	r3, [r4, #112]
 4013 02c6 D4F8C030 		ldr	r3, [r4, #192]
 4014 02ca 2046     		mov	r0, r4
 4015 02cc 9847     		blx	r3
 4016 02ce AFE6     		b	.L401
 4017              	.L423:
 4018 02d0 B4F85C10 		ldrh	r1, [r4, #92]
 4019 02d4 B4F85E30 		ldrh	r3, [r4, #94]
 4020 02d8 9BB2     		uxth	r3, r3
 4021 02da C91A     		subs	r1, r1, r3
 4022 02dc 89B2     		uxth	r1, r1
 4023 02de B4F85E30 		ldrh	r3, [r4, #94]
 4024 02e2 9BB2     		uxth	r3, r3
 4025 02e4 002B     		cmp	r3, #0
 4026 02e6 3FF4A3AE 		beq	.L401
 4027 02ea 0029     		cmp	r1, #0
 4028 02ec 3FF4A0AE 		beq	.L401
 4029              	.L432:
 4030 02f0 2268     		ldr	r2, [r4]
ARM GAS  C:\Users\Nathan\AppData\Local\Temp\ccfpsmze.s 			page 70


 4031              		.syntax unified
 4032              	@ 1155 "Drivers/CMSIS/Include/cmsis_gcc.h" 1
 4033 02f2 52E8003F 		ldrex r3, [r2]
 4034              	@ 0 "" 2
 4035              		.thumb
 4036              		.syntax unified
 4037 02f6 23F49073 		bic	r3, r3, #288
 4038              		.syntax unified
 4039              	@ 1206 "Drivers/CMSIS/Include/cmsis_gcc.h" 1
 4040 02fa 42E80030 		strex r0, r3, [r2]
 4041              	@ 0 "" 2
 4042              		.thumb
 4043              		.syntax unified
 4044 02fe 0028     		cmp	r0, #0
 4045 0300 F6D1     		bne	.L432
 4046              	.L433:
 4047 0302 2268     		ldr	r2, [r4]
 4048 0304 02F10803 		add	r3, r2, #8
 4049              		.syntax unified
 4050              	@ 1155 "Drivers/CMSIS/Include/cmsis_gcc.h" 1
 4051 0308 53E8003F 		ldrex r3, [r3]
 4052              	@ 0 "" 2
 4053              		.thumb
 4054              		.syntax unified
 4055 030c 23F08053 		bic	r3, r3, #268435456
 4056 0310 23F00103 		bic	r3, r3, #1
 4057 0314 0832     		adds	r2, r2, #8
 4058              		.syntax unified
 4059              	@ 1206 "Drivers/CMSIS/Include/cmsis_gcc.h" 1
 4060 0316 42E80030 		strex r0, r3, [r2]
 4061              	@ 0 "" 2
 4062              		.thumb
 4063              		.syntax unified
 4064 031a 0028     		cmp	r0, #0
 4065 031c F1D1     		bne	.L433
 4066 031e 2023     		movs	r3, #32
 4067 0320 C4F88C30 		str	r3, [r4, #140]
 4068 0324 E066     		str	r0, [r4, #108]
 4069 0326 6067     		str	r0, [r4, #116]
 4070              	.L434:
 4071 0328 2268     		ldr	r2, [r4]
 4072              		.syntax unified
 4073              	@ 1155 "Drivers/CMSIS/Include/cmsis_gcc.h" 1
 4074 032a 52E8003F 		ldrex r3, [r2]
 4075              	@ 0 "" 2
 4076              		.thumb
 4077              		.syntax unified
 4078 032e 23F01003 		bic	r3, r3, #16
 4079              		.syntax unified
 4080              	@ 1206 "Drivers/CMSIS/Include/cmsis_gcc.h" 1
 4081 0332 42E80030 		strex r0, r3, [r2]
 4082              	@ 0 "" 2
 4083              		.thumb
 4084              		.syntax unified
 4085 0336 0028     		cmp	r0, #0
 4086 0338 F6D1     		bne	.L434
 4087 033a 0223     		movs	r3, #2
ARM GAS  C:\Users\Nathan\AppData\Local\Temp\ccfpsmze.s 			page 71


 4088 033c 2367     		str	r3, [r4, #112]
 4089 033e D4F8C030 		ldr	r3, [r4, #192]
 4090 0342 2046     		mov	r0, r4
 4091 0344 9847     		blx	r3
 4092 0346 73E6     		b	.L401
 4093              	.L443:
 4094 0348 4FF48013 		mov	r3, #1048576
 4095 034c 1362     		str	r3, [r2, #32]
 4096 034e D4F8B430 		ldr	r3, [r4, #180]
 4097 0352 2046     		mov	r0, r4
 4098 0354 9847     		blx	r3
 4099 0356 6BE6     		b	.L401
 4100              	.L437:
 4101 0358 A36F     		ldr	r3, [r4, #120]
 4102 035a 002B     		cmp	r3, #0
 4103 035c 3FF468AE 		beq	.L401
 4104 0360 2046     		mov	r0, r4
 4105 0362 9847     		blx	r3
 4106 0364 64E6     		b	.L401
 4107              	.L444:
 4108 0366 2046     		mov	r0, r4
 4109 0368 FFF7FEFF 		bl	UART_EndTransmit_IT
 4110 036c 60E6     		b	.L401
 4111              	.L445:
 4112 036e D4F8BC30 		ldr	r3, [r4, #188]
 4113 0372 2046     		mov	r0, r4
 4114 0374 9847     		blx	r3
 4115 0376 5BE6     		b	.L401
 4116              	.L447:
 4117              		.align	2
 4118              	.L446:
 4119 0378 00000000 		.word	UART_DMAAbortOnError
 4120 037c 01000010 		.word	268435457
 4121 0380 20010004 		.word	67109152
 4123              		.section	.text.HAL_UART_ReceiverTimeout_Config,"ax",%progbits
 4124              		.align	1
 4125              		.global	HAL_UART_ReceiverTimeout_Config
 4126              		.syntax unified
 4127              		.thumb
 4128              		.thumb_func
 4130              	HAL_UART_ReceiverTimeout_Config:
 4131              		@ args = 0, pretend = 0, frame = 0
 4132              		@ frame_needed = 0, uses_anonymous_args = 0
 4133              		@ link register save eliminated.
 4134 0000 0268     		ldr	r2, [r0]
 4135 0002 044B     		ldr	r3, .L450
 4136 0004 9A42     		cmp	r2, r3
 4137 0006 04D0     		beq	.L448
 4138 0008 5369     		ldr	r3, [r2, #20]
 4139 000a 03F07F43 		and	r3, r3, #-16777216
 4140 000e 1943     		orrs	r1, r1, r3
 4141 0010 5161     		str	r1, [r2, #20]
 4142              	.L448:
 4143 0012 7047     		bx	lr
 4144              	.L451:
 4145              		.align	2
 4146              	.L450:
ARM GAS  C:\Users\Nathan\AppData\Local\Temp\ccfpsmze.s 			page 72


 4147 0014 00800040 		.word	1073774592
 4149              		.section	.text.HAL_UART_EnableReceiverTimeout,"ax",%progbits
 4150              		.align	1
 4151              		.global	HAL_UART_EnableReceiverTimeout
 4152              		.syntax unified
 4153              		.thumb
 4154              		.thumb_func
 4156              	HAL_UART_EnableReceiverTimeout:
 4157              		@ args = 0, pretend = 0, frame = 0
 4158              		@ frame_needed = 0, uses_anonymous_args = 0
 4159              		@ link register save eliminated.
 4160 0000 0368     		ldr	r3, [r0]
 4161 0002 114A     		ldr	r2, .L457
 4162 0004 9342     		cmp	r3, r2
 4163 0006 19D0     		beq	.L454
 4164 0008 D0F88820 		ldr	r2, [r0, #136]
 4165 000c 202A     		cmp	r2, #32
 4166 000e 17D1     		bne	.L455
 4167 0010 90F88420 		ldrb	r2, [r0, #132]	@ zero_extendqisi2
 4168 0014 012A     		cmp	r2, #1
 4169 0016 15D0     		beq	.L456
 4170 0018 0122     		movs	r2, #1
 4171 001a 80F88420 		strb	r2, [r0, #132]
 4172 001e 2422     		movs	r2, #36
 4173 0020 C0F88820 		str	r2, [r0, #136]
 4174 0024 5A68     		ldr	r2, [r3, #4]
 4175 0026 42F40002 		orr	r2, r2, #8388608
 4176 002a 5A60     		str	r2, [r3, #4]
 4177 002c 2023     		movs	r3, #32
 4178 002e C0F88830 		str	r3, [r0, #136]
 4179 0032 0023     		movs	r3, #0
 4180 0034 80F88430 		strb	r3, [r0, #132]
 4181 0038 1846     		mov	r0, r3
 4182 003a 7047     		bx	lr
 4183              	.L454:
 4184 003c 0120     		movs	r0, #1
 4185 003e 7047     		bx	lr
 4186              	.L455:
 4187 0040 0220     		movs	r0, #2
 4188 0042 7047     		bx	lr
 4189              	.L456:
 4190 0044 0220     		movs	r0, #2
 4191 0046 7047     		bx	lr
 4192              	.L458:
 4193              		.align	2
 4194              	.L457:
 4195 0048 00800040 		.word	1073774592
 4197              		.section	.text.HAL_UART_DisableReceiverTimeout,"ax",%progbits
 4198              		.align	1
 4199              		.global	HAL_UART_DisableReceiverTimeout
 4200              		.syntax unified
 4201              		.thumb
 4202              		.thumb_func
 4204              	HAL_UART_DisableReceiverTimeout:
 4205              		@ args = 0, pretend = 0, frame = 0
 4206              		@ frame_needed = 0, uses_anonymous_args = 0
 4207              		@ link register save eliminated.
ARM GAS  C:\Users\Nathan\AppData\Local\Temp\ccfpsmze.s 			page 73


 4208 0000 0368     		ldr	r3, [r0]
 4209 0002 114A     		ldr	r2, .L464
 4210 0004 9342     		cmp	r3, r2
 4211 0006 19D0     		beq	.L461
 4212 0008 D0F88820 		ldr	r2, [r0, #136]
 4213 000c 202A     		cmp	r2, #32
 4214 000e 17D1     		bne	.L462
 4215 0010 90F88420 		ldrb	r2, [r0, #132]	@ zero_extendqisi2
 4216 0014 012A     		cmp	r2, #1
 4217 0016 15D0     		beq	.L463
 4218 0018 0122     		movs	r2, #1
 4219 001a 80F88420 		strb	r2, [r0, #132]
 4220 001e 2422     		movs	r2, #36
 4221 0020 C0F88820 		str	r2, [r0, #136]
 4222 0024 5A68     		ldr	r2, [r3, #4]
 4223 0026 22F40002 		bic	r2, r2, #8388608
 4224 002a 5A60     		str	r2, [r3, #4]
 4225 002c 2023     		movs	r3, #32
 4226 002e C0F88830 		str	r3, [r0, #136]
 4227 0032 0023     		movs	r3, #0
 4228 0034 80F88430 		strb	r3, [r0, #132]
 4229 0038 1846     		mov	r0, r3
 4230 003a 7047     		bx	lr
 4231              	.L461:
 4232 003c 0120     		movs	r0, #1
 4233 003e 7047     		bx	lr
 4234              	.L462:
 4235 0040 0220     		movs	r0, #2
 4236 0042 7047     		bx	lr
 4237              	.L463:
 4238 0044 0220     		movs	r0, #2
 4239 0046 7047     		bx	lr
 4240              	.L465:
 4241              		.align	2
 4242              	.L464:
 4243 0048 00800040 		.word	1073774592
 4245              		.section	.text.HAL_MultiProcessor_EnterMuteMode,"ax",%progbits
 4246              		.align	1
 4247              		.global	HAL_MultiProcessor_EnterMuteMode
 4248              		.syntax unified
 4249              		.thumb
 4250              		.thumb_func
 4252              	HAL_MultiProcessor_EnterMuteMode:
 4253              		@ args = 0, pretend = 0, frame = 0
 4254              		@ frame_needed = 0, uses_anonymous_args = 0
 4255              		@ link register save eliminated.
 4256 0000 0268     		ldr	r2, [r0]
 4257 0002 9369     		ldr	r3, [r2, #24]
 4258 0004 43F00403 		orr	r3, r3, #4
 4259 0008 9361     		str	r3, [r2, #24]
 4260 000a 7047     		bx	lr
 4262              		.section	.text.HAL_HalfDuplex_EnableTransmitter,"ax",%progbits
 4263              		.align	1
 4264              		.global	HAL_HalfDuplex_EnableTransmitter
 4265              		.syntax unified
 4266              		.thumb
 4267              		.thumb_func
ARM GAS  C:\Users\Nathan\AppData\Local\Temp\ccfpsmze.s 			page 74


 4269              	HAL_HalfDuplex_EnableTransmitter:
 4270              		@ args = 0, pretend = 0, frame = 0
 4271              		@ frame_needed = 0, uses_anonymous_args = 0
 4272              		@ link register save eliminated.
 4273 0000 90F88430 		ldrb	r3, [r0, #132]	@ zero_extendqisi2
 4274 0004 012B     		cmp	r3, #1
 4275 0006 1ED0     		beq	.L471
 4276 0008 0123     		movs	r3, #1
 4277 000a 80F88430 		strb	r3, [r0, #132]
 4278 000e 2423     		movs	r3, #36
 4279 0010 C0F88830 		str	r3, [r0, #136]
 4280              	.L469:
 4281 0014 0268     		ldr	r2, [r0]
 4282              		.syntax unified
 4283              	@ 1155 "Drivers/CMSIS/Include/cmsis_gcc.h" 1
 4284 0016 52E8003F 		ldrex r3, [r2]
 4285              	@ 0 "" 2
 4286              		.thumb
 4287              		.syntax unified
 4288 001a 23F00C03 		bic	r3, r3, #12
 4289              		.syntax unified
 4290              	@ 1206 "Drivers/CMSIS/Include/cmsis_gcc.h" 1
 4291 001e 42E80031 		strex r1, r3, [r2]
 4292              	@ 0 "" 2
 4293              		.thumb
 4294              		.syntax unified
 4295 0022 0029     		cmp	r1, #0
 4296 0024 F6D1     		bne	.L469
 4297              	.L470:
 4298 0026 0268     		ldr	r2, [r0]
 4299              		.syntax unified
 4300              	@ 1155 "Drivers/CMSIS/Include/cmsis_gcc.h" 1
 4301 0028 52E8003F 		ldrex r3, [r2]
 4302              	@ 0 "" 2
 4303              		.thumb
 4304              		.syntax unified
 4305 002c 43F00803 		orr	r3, r3, #8
 4306              		.syntax unified
 4307              	@ 1206 "Drivers/CMSIS/Include/cmsis_gcc.h" 1
 4308 0030 42E80031 		strex r1, r3, [r2]
 4309              	@ 0 "" 2
 4310              		.thumb
 4311              		.syntax unified
 4312 0034 0029     		cmp	r1, #0
 4313 0036 F6D1     		bne	.L470
 4314 0038 2023     		movs	r3, #32
 4315 003a C0F88830 		str	r3, [r0, #136]
 4316 003e 80F88410 		strb	r1, [r0, #132]
 4317 0042 0846     		mov	r0, r1
 4318 0044 7047     		bx	lr
 4319              	.L471:
 4320 0046 0220     		movs	r0, #2
 4321 0048 7047     		bx	lr
 4323              		.section	.text.HAL_HalfDuplex_EnableReceiver,"ax",%progbits
 4324              		.align	1
 4325              		.global	HAL_HalfDuplex_EnableReceiver
 4326              		.syntax unified
ARM GAS  C:\Users\Nathan\AppData\Local\Temp\ccfpsmze.s 			page 75


 4327              		.thumb
 4328              		.thumb_func
 4330              	HAL_HalfDuplex_EnableReceiver:
 4331              		@ args = 0, pretend = 0, frame = 0
 4332              		@ frame_needed = 0, uses_anonymous_args = 0
 4333              		@ link register save eliminated.
 4334 0000 90F88430 		ldrb	r3, [r0, #132]	@ zero_extendqisi2
 4335 0004 012B     		cmp	r3, #1
 4336 0006 1ED0     		beq	.L476
 4337 0008 0123     		movs	r3, #1
 4338 000a 80F88430 		strb	r3, [r0, #132]
 4339 000e 2423     		movs	r3, #36
 4340 0010 C0F88830 		str	r3, [r0, #136]
 4341              	.L474:
 4342 0014 0268     		ldr	r2, [r0]
 4343              		.syntax unified
 4344              	@ 1155 "Drivers/CMSIS/Include/cmsis_gcc.h" 1
 4345 0016 52E8003F 		ldrex r3, [r2]
 4346              	@ 0 "" 2
 4347              		.thumb
 4348              		.syntax unified
 4349 001a 23F00C03 		bic	r3, r3, #12
 4350              		.syntax unified
 4351              	@ 1206 "Drivers/CMSIS/Include/cmsis_gcc.h" 1
 4352 001e 42E80031 		strex r1, r3, [r2]
 4353              	@ 0 "" 2
 4354              		.thumb
 4355              		.syntax unified
 4356 0022 0029     		cmp	r1, #0
 4357 0024 F6D1     		bne	.L474
 4358              	.L475:
 4359 0026 0268     		ldr	r2, [r0]
 4360              		.syntax unified
 4361              	@ 1155 "Drivers/CMSIS/Include/cmsis_gcc.h" 1
 4362 0028 52E8003F 		ldrex r3, [r2]
 4363              	@ 0 "" 2
 4364              		.thumb
 4365              		.syntax unified
 4366 002c 43F00403 		orr	r3, r3, #4
 4367              		.syntax unified
 4368              	@ 1206 "Drivers/CMSIS/Include/cmsis_gcc.h" 1
 4369 0030 42E80031 		strex r1, r3, [r2]
 4370              	@ 0 "" 2
 4371              		.thumb
 4372              		.syntax unified
 4373 0034 0029     		cmp	r1, #0
 4374 0036 F6D1     		bne	.L475
 4375 0038 2023     		movs	r3, #32
 4376 003a C0F88830 		str	r3, [r0, #136]
 4377 003e 80F88410 		strb	r1, [r0, #132]
 4378 0042 0846     		mov	r0, r1
 4379 0044 7047     		bx	lr
 4380              	.L476:
 4381 0046 0220     		movs	r0, #2
 4382 0048 7047     		bx	lr
 4384              		.section	.text.HAL_LIN_SendBreak,"ax",%progbits
 4385              		.align	1
ARM GAS  C:\Users\Nathan\AppData\Local\Temp\ccfpsmze.s 			page 76


 4386              		.global	HAL_LIN_SendBreak
 4387              		.syntax unified
 4388              		.thumb
 4389              		.thumb_func
 4391              	HAL_LIN_SendBreak:
 4392              		@ args = 0, pretend = 0, frame = 0
 4393              		@ frame_needed = 0, uses_anonymous_args = 0
 4394              		@ link register save eliminated.
 4395 0000 90F88430 		ldrb	r3, [r0, #132]	@ zero_extendqisi2
 4396 0004 012B     		cmp	r3, #1
 4397 0006 12D0     		beq	.L479
 4398 0008 0123     		movs	r3, #1
 4399 000a 80F88430 		strb	r3, [r0, #132]
 4400 000e 2423     		movs	r3, #36
 4401 0010 C0F88830 		str	r3, [r0, #136]
 4402 0014 0268     		ldr	r2, [r0]
 4403 0016 9369     		ldr	r3, [r2, #24]
 4404 0018 43F00203 		orr	r3, r3, #2
 4405 001c 9361     		str	r3, [r2, #24]
 4406 001e 2023     		movs	r3, #32
 4407 0020 C0F88830 		str	r3, [r0, #136]
 4408 0024 0023     		movs	r3, #0
 4409 0026 80F88430 		strb	r3, [r0, #132]
 4410 002a 1846     		mov	r0, r3
 4411 002c 7047     		bx	lr
 4412              	.L479:
 4413 002e 0220     		movs	r0, #2
 4414 0030 7047     		bx	lr
 4416              		.section	.text.HAL_UART_GetState,"ax",%progbits
 4417              		.align	1
 4418              		.global	HAL_UART_GetState
 4419              		.syntax unified
 4420              		.thumb
 4421              		.thumb_func
 4423              	HAL_UART_GetState:
 4424              		@ args = 0, pretend = 0, frame = 0
 4425              		@ frame_needed = 0, uses_anonymous_args = 0
 4426              		@ link register save eliminated.
 4427 0000 D0F88820 		ldr	r2, [r0, #136]
 4428 0004 D0F88C00 		ldr	r0, [r0, #140]
 4429 0008 1043     		orrs	r0, r0, r2
 4430 000a 7047     		bx	lr
 4432              		.section	.text.HAL_UART_GetError,"ax",%progbits
 4433              		.align	1
 4434              		.global	HAL_UART_GetError
 4435              		.syntax unified
 4436              		.thumb
 4437              		.thumb_func
 4439              	HAL_UART_GetError:
 4440              		@ args = 0, pretend = 0, frame = 0
 4441              		@ frame_needed = 0, uses_anonymous_args = 0
 4442              		@ link register save eliminated.
 4443 0000 D0F89000 		ldr	r0, [r0, #144]
 4444 0004 7047     		bx	lr
 4446              		.section	.text.UART_InitCallbacksToDefault,"ax",%progbits
 4447              		.align	1
 4448              		.global	UART_InitCallbacksToDefault
ARM GAS  C:\Users\Nathan\AppData\Local\Temp\ccfpsmze.s 			page 77


 4449              		.syntax unified
 4450              		.thumb
 4451              		.thumb_func
 4453              	UART_InitCallbacksToDefault:
 4454              		@ args = 0, pretend = 0, frame = 0
 4455              		@ frame_needed = 0, uses_anonymous_args = 0
 4456              		@ link register save eliminated.
 4457 0000 124B     		ldr	r3, .L483
 4458 0002 C0F89430 		str	r3, [r0, #148]
 4459 0006 124B     		ldr	r3, .L483+4
 4460 0008 C0F89830 		str	r3, [r0, #152]
 4461 000c 114B     		ldr	r3, .L483+8
 4462 000e C0F89C30 		str	r3, [r0, #156]
 4463 0012 114B     		ldr	r3, .L483+12
 4464 0014 C0F8A030 		str	r3, [r0, #160]
 4465 0018 104B     		ldr	r3, .L483+16
 4466 001a C0F8A430 		str	r3, [r0, #164]
 4467 001e 104B     		ldr	r3, .L483+20
 4468 0020 C0F8A830 		str	r3, [r0, #168]
 4469 0024 0F4B     		ldr	r3, .L483+24
 4470 0026 C0F8AC30 		str	r3, [r0, #172]
 4471 002a 0F4B     		ldr	r3, .L483+28
 4472 002c C0F8B030 		str	r3, [r0, #176]
 4473 0030 0E4B     		ldr	r3, .L483+32
 4474 0032 C0F8B430 		str	r3, [r0, #180]
 4475 0036 0E4B     		ldr	r3, .L483+36
 4476 0038 C0F8B830 		str	r3, [r0, #184]
 4477 003c 0D4B     		ldr	r3, .L483+40
 4478 003e C0F8BC30 		str	r3, [r0, #188]
 4479 0042 0D4B     		ldr	r3, .L483+44
 4480 0044 C0F8C030 		str	r3, [r0, #192]
 4481 0048 7047     		bx	lr
 4482              	.L484:
 4483 004a 00BF     		.align	2
 4484              	.L483:
 4485 004c 00000000 		.word	HAL_UART_TxHalfCpltCallback
 4486 0050 00000000 		.word	HAL_UART_TxCpltCallback
 4487 0054 00000000 		.word	HAL_UART_RxHalfCpltCallback
 4488 0058 00000000 		.word	HAL_UART_RxCpltCallback
 4489 005c 00000000 		.word	HAL_UART_ErrorCallback
 4490 0060 00000000 		.word	HAL_UART_AbortCpltCallback
 4491 0064 00000000 		.word	HAL_UART_AbortTransmitCpltCallback
 4492 0068 00000000 		.word	HAL_UART_AbortReceiveCpltCallback
 4493 006c 00000000 		.word	HAL_UARTEx_WakeupCallback
 4494 0070 00000000 		.word	HAL_UARTEx_RxFifoFullCallback
 4495 0074 00000000 		.word	HAL_UARTEx_TxFifoEmptyCallback
 4496 0078 00000000 		.word	HAL_UARTEx_RxEventCallback
 4498              		.section	.text.UART_SetConfig,"ax",%progbits
 4499              		.align	1
 4500              		.global	UART_SetConfig
 4501              		.syntax unified
 4502              		.thumb
 4503              		.thumb_func
 4505              	UART_SetConfig:
 4506              		@ args = 0, pretend = 0, frame = 0
 4507              		@ frame_needed = 0, uses_anonymous_args = 0
 4508 0000 38B5     		push	{r3, r4, r5, lr}
ARM GAS  C:\Users\Nathan\AppData\Local\Temp\ccfpsmze.s 			page 78


 4509 0002 0446     		mov	r4, r0
 4510 0004 8368     		ldr	r3, [r0, #8]
 4511 0006 0269     		ldr	r2, [r0, #16]
 4512 0008 1343     		orrs	r3, r3, r2
 4513 000a 4269     		ldr	r2, [r0, #20]
 4514 000c 1343     		orrs	r3, r3, r2
 4515 000e C269     		ldr	r2, [r0, #28]
 4516 0010 1343     		orrs	r3, r3, r2
 4517 0012 0168     		ldr	r1, [r0]
 4518 0014 0868     		ldr	r0, [r1]
 4519 0016 8E4A     		ldr	r2, .L541
 4520 0018 0240     		ands	r2, r2, r0
 4521 001a 1A43     		orrs	r2, r2, r3
 4522 001c 0A60     		str	r2, [r1]
 4523 001e 2268     		ldr	r2, [r4]
 4524 0020 5368     		ldr	r3, [r2, #4]
 4525 0022 23F44053 		bic	r3, r3, #12288
 4526 0026 E168     		ldr	r1, [r4, #12]
 4527 0028 0B43     		orrs	r3, r3, r1
 4528 002a 5360     		str	r3, [r2, #4]
 4529 002c A169     		ldr	r1, [r4, #24]
 4530 002e 2268     		ldr	r2, [r4]
 4531 0030 884B     		ldr	r3, .L541+4
 4532 0032 9A42     		cmp	r2, r3
 4533 0034 01D0     		beq	.L486
 4534 0036 236A     		ldr	r3, [r4, #32]
 4535 0038 1943     		orrs	r1, r1, r3
 4536              	.L486:
 4537 003a 9368     		ldr	r3, [r2, #8]
 4538 003c 23F06E43 		bic	r3, r3, #-301989888
 4539 0040 23F43063 		bic	r3, r3, #2816
 4540 0044 0B43     		orrs	r3, r3, r1
 4541 0046 9360     		str	r3, [r2, #8]
 4542 0048 2268     		ldr	r2, [r4]
 4543 004a D36A     		ldr	r3, [r2, #44]
 4544 004c 23F00F03 		bic	r3, r3, #15
 4545 0050 616A     		ldr	r1, [r4, #36]
 4546 0052 0B43     		orrs	r3, r3, r1
 4547 0054 D362     		str	r3, [r2, #44]
 4548 0056 2268     		ldr	r2, [r4]
 4549 0058 7F4B     		ldr	r3, .L541+8
 4550 005a 9A42     		cmp	r2, r3
 4551 005c 18D0     		beq	.L532
 4552 005e 7D4B     		ldr	r3, .L541+4
 4553 0060 9A42     		cmp	r2, r3
 4554 0062 27D0     		beq	.L533
 4555 0064 1023     		movs	r3, #16
 4556              	.L488:
 4557 0066 7B49     		ldr	r1, .L541+4
 4558 0068 8A42     		cmp	r2, r1
 4559 006a 47D0     		beq	.L534
 4560 006c E069     		ldr	r0, [r4, #28]
 4561 006e B0F5004F 		cmp	r0, #32768
 4562 0072 00F08480 		beq	.L535
 4563 0076 042B     		cmp	r3, #4
 4564 0078 00F0D580 		beq	.L504
 4565 007c 00F2B380 		bhi	.L505
ARM GAS  C:\Users\Nathan\AppData\Local\Temp\ccfpsmze.s 			page 79


 4566 0080 012B     		cmp	r3, #1
 4567 0082 00F0B780 		beq	.L506
 4568 0086 022B     		cmp	r3, #2
 4569 0088 40F0AB80 		bne	.L536
 4570 008c 7348     		ldr	r0, .L541+12
 4571 008e B4E0     		b	.L507
 4572              	.L532:
 4573 0090 4FF0B043 		mov	r3, #1476395008
 4574 0094 D3F88830 		ldr	r3, [r3, #136]
 4575 0098 03F00303 		and	r3, r3, #3
 4576 009c 022B     		cmp	r3, #2
 4577 009e 1FD0     		beq	.L509
 4578 00a0 04D8     		bhi	.L489
 4579 00a2 FBB1     		cbz	r3, .L510
 4580 00a4 012B     		cmp	r3, #1
 4581 00a6 1FD1     		bne	.L511
 4582 00a8 0423     		movs	r3, #4
 4583 00aa DCE7     		b	.L488
 4584              	.L489:
 4585 00ac 032B     		cmp	r3, #3
 4586 00ae 1DD1     		bne	.L512
 4587 00b0 0823     		movs	r3, #8
 4588 00b2 D8E7     		b	.L488
 4589              	.L533:
 4590 00b4 4FF0B043 		mov	r3, #1476395008
 4591 00b8 D3F88830 		ldr	r3, [r3, #136]
 4592 00bc 03F44063 		and	r3, r3, #3072
 4593 00c0 B3F5006F 		cmp	r3, #2048
 4594 00c4 14D0     		beq	.L514
 4595 00c6 06D8     		bhi	.L490
 4596 00c8 002B     		cmp	r3, #0
 4597 00ca CCD0     		beq	.L488
 4598 00cc B3F5806F 		cmp	r3, #1024
 4599 00d0 10D1     		bne	.L516
 4600 00d2 0423     		movs	r3, #4
 4601 00d4 C7E7     		b	.L488
 4602              	.L490:
 4603 00d6 B3F5406F 		cmp	r3, #3072
 4604 00da 0DD1     		bne	.L517
 4605 00dc 0823     		movs	r3, #8
 4606 00de C2E7     		b	.L488
 4607              	.L509:
 4608 00e0 0223     		movs	r3, #2
 4609 00e2 C0E7     		b	.L488
 4610              	.L510:
 4611 00e4 0123     		movs	r3, #1
 4612 00e6 BEE7     		b	.L488
 4613              	.L511:
 4614 00e8 1023     		movs	r3, #16
 4615 00ea BCE7     		b	.L488
 4616              	.L512:
 4617 00ec 1023     		movs	r3, #16
 4618 00ee BAE7     		b	.L488
 4619              	.L514:
 4620 00f0 0223     		movs	r3, #2
 4621 00f2 B8E7     		b	.L488
 4622              	.L516:
ARM GAS  C:\Users\Nathan\AppData\Local\Temp\ccfpsmze.s 			page 80


 4623 00f4 1023     		movs	r3, #16
 4624 00f6 B6E7     		b	.L488
 4625              	.L517:
 4626 00f8 1023     		movs	r3, #16
 4627 00fa B4E7     		b	.L488
 4628              	.L534:
 4629 00fc 042B     		cmp	r3, #4
 4630 00fe 3BD0     		beq	.L492
 4631 0100 06D8     		bhi	.L493
 4632 0102 63B1     		cbz	r3, .L494
 4633 0104 022B     		cmp	r3, #2
 4634 0106 01D1     		bne	.L537
 4635 0108 5448     		ldr	r0, .L541+12
 4636 010a 0DE0     		b	.L495
 4637              	.L537:
 4638 010c 0120     		movs	r0, #1
 4639 010e 96E0     		b	.L496
 4640              	.L493:
 4641 0110 082B     		cmp	r3, #8
 4642 0112 02D1     		bne	.L538
 4643 0114 4FF40040 		mov	r0, #32768
 4644 0118 06E0     		b	.L495
 4645              	.L538:
 4646 011a 0120     		movs	r0, #1
 4647 011c 8FE0     		b	.L496
 4648              	.L494:
 4649 011e FFF7FEFF 		bl	HAL_RCC_GetPCLK1Freq
 4650              	.L497:
 4651 0122 0028     		cmp	r0, #0
 4652 0124 00F08B80 		beq	.L496
 4653              	.L495:
 4654 0128 626A     		ldr	r2, [r4, #36]
 4655 012a 4D4B     		ldr	r3, .L541+16
 4656 012c 33F81220 		ldrh	r2, [r3, r2, lsl #1]
 4657 0130 B0FBF2F3 		udiv	r3, r0, r2
 4658 0134 6568     		ldr	r5, [r4, #4]
 4659 0136 05EB4501 		add	r1, r5, r5, lsl #1
 4660 013a 9942     		cmp	r1, r3
 4661 013c 76D8     		bhi	.L521
 4662 013e B3EB053F 		cmp	r3, r5, lsl #12
 4663 0142 75D8     		bhi	.L522
 4664 0144 0023     		movs	r3, #0
 4665 0146 1946     		mov	r1, r3
 4666 0148 FFF7FEFF 		bl	__aeabi_uldivmod
 4667 014c 0902     		lsls	r1, r1, #8
 4668 014e 41EA1061 		orr	r1, r1, r0, lsr #24
 4669 0152 0002     		lsls	r0, r0, #8
 4670 0154 2A46     		mov	r2, r5
 4671 0156 6B08     		lsrs	r3, r5, #1
 4672 0158 C018     		adds	r0, r0, r3
 4673 015a 4FF00003 		mov	r3, #0
 4674 015e 41F10001 		adc	r1, r1, #0
 4675 0162 FFF7FEFF 		bl	__aeabi_uldivmod
 4676 0166 A0F54072 		sub	r2, r0, #768
 4677 016a 3E4B     		ldr	r3, .L541+20
 4678 016c 9A42     		cmp	r2, r3
 4679 016e 61D8     		bhi	.L523
ARM GAS  C:\Users\Nathan\AppData\Local\Temp\ccfpsmze.s 			page 81


 4680 0170 2368     		ldr	r3, [r4]
 4681 0172 D860     		str	r0, [r3, #12]
 4682 0174 0020     		movs	r0, #0
 4683 0176 62E0     		b	.L496
 4684              	.L492:
 4685 0178 FFF7FEFF 		bl	HAL_RCC_GetSysClockFreq
 4686 017c D1E7     		b	.L497
 4687              	.L535:
 4688 017e 042B     		cmp	r3, #4
 4689 0180 2CD0     		beq	.L499
 4690 0182 07D8     		bhi	.L500
 4691 0184 012B     		cmp	r3, #1
 4692 0186 09D0     		beq	.L501
 4693 0188 022B     		cmp	r3, #2
 4694 018a 01D1     		bne	.L539
 4695 018c 3348     		ldr	r0, .L541+12
 4696 018e 09E0     		b	.L502
 4697              	.L539:
 4698 0190 0120     		movs	r0, #1
 4699 0192 54E0     		b	.L496
 4700              	.L500:
 4701 0194 082B     		cmp	r3, #8
 4702 0196 05D0     		beq	.L502
 4703 0198 0120     		movs	r0, #1
 4704 019a 50E0     		b	.L496
 4705              	.L501:
 4706 019c FFF7FEFF 		bl	HAL_RCC_GetPCLK2Freq
 4707              	.L503:
 4708 01a0 0028     		cmp	r0, #0
 4709 01a2 4CD0     		beq	.L496
 4710              	.L502:
 4711 01a4 626A     		ldr	r2, [r4, #36]
 4712 01a6 2E4B     		ldr	r3, .L541+16
 4713 01a8 33F81230 		ldrh	r3, [r3, r2, lsl #1]
 4714 01ac B0FBF3F0 		udiv	r0, r0, r3
 4715 01b0 6268     		ldr	r2, [r4, #4]
 4716 01b2 5308     		lsrs	r3, r2, #1
 4717 01b4 03EB4003 		add	r3, r3, r0, lsl #1
 4718 01b8 B3FBF2F3 		udiv	r3, r3, r2
 4719 01bc A3F11001 		sub	r1, r3, #16
 4720 01c0 4FF6EF72 		movw	r2, #65519
 4721 01c4 9142     		cmp	r1, r2
 4722 01c6 37D8     		bhi	.L526
 4723 01c8 9AB2     		uxth	r2, r3
 4724 01ca 22F00F02 		bic	r2, r2, #15
 4725 01ce C3F34203 		ubfx	r3, r3, #1, #3
 4726 01d2 1343     		orrs	r3, r3, r2
 4727 01d4 2268     		ldr	r2, [r4]
 4728 01d6 D360     		str	r3, [r2, #12]
 4729 01d8 0020     		movs	r0, #0
 4730 01da 30E0     		b	.L496
 4731              	.L499:
 4732 01dc FFF7FEFF 		bl	HAL_RCC_GetSysClockFreq
 4733 01e0 DEE7     		b	.L503
 4734              	.L536:
 4735 01e2 0120     		movs	r0, #1
 4736 01e4 2BE0     		b	.L496
ARM GAS  C:\Users\Nathan\AppData\Local\Temp\ccfpsmze.s 			page 82


 4737              	.L505:
 4738 01e6 082B     		cmp	r3, #8
 4739 01e8 02D1     		bne	.L540
 4740 01ea 4FF40040 		mov	r0, #32768
 4741 01ee 04E0     		b	.L507
 4742              	.L540:
 4743 01f0 0120     		movs	r0, #1
 4744 01f2 24E0     		b	.L496
 4745              	.L506:
 4746 01f4 FFF7FEFF 		bl	HAL_RCC_GetPCLK2Freq
 4747              	.L508:
 4748 01f8 08B3     		cbz	r0, .L496
 4749              	.L507:
 4750 01fa 626A     		ldr	r2, [r4, #36]
 4751 01fc 184B     		ldr	r3, .L541+16
 4752 01fe 33F81230 		ldrh	r3, [r3, r2, lsl #1]
 4753 0202 B0FBF3F0 		udiv	r0, r0, r3
 4754 0206 6368     		ldr	r3, [r4, #4]
 4755 0208 00EB5300 		add	r0, r0, r3, lsr #1
 4756 020c B0FBF3F0 		udiv	r0, r0, r3
 4757 0210 A0F11002 		sub	r2, r0, #16
 4758 0214 4FF6EF73 		movw	r3, #65519
 4759 0218 9A42     		cmp	r2, r3
 4760 021a 0FD8     		bhi	.L530
 4761 021c 2368     		ldr	r3, [r4]
 4762 021e 80B2     		uxth	r0, r0
 4763 0220 D860     		str	r0, [r3, #12]
 4764 0222 0020     		movs	r0, #0
 4765 0224 0BE0     		b	.L496
 4766              	.L504:
 4767 0226 FFF7FEFF 		bl	HAL_RCC_GetSysClockFreq
 4768 022a E5E7     		b	.L508
 4769              	.L521:
 4770 022c 0120     		movs	r0, #1
 4771 022e 06E0     		b	.L496
 4772              	.L522:
 4773 0230 0120     		movs	r0, #1
 4774 0232 04E0     		b	.L496
 4775              	.L523:
 4776 0234 0120     		movs	r0, #1
 4777 0236 02E0     		b	.L496
 4778              	.L526:
 4779 0238 0120     		movs	r0, #1
 4780 023a 00E0     		b	.L496
 4781              	.L530:
 4782 023c 0120     		movs	r0, #1
 4783              	.L496:
 4784 023e 0123     		movs	r3, #1
 4785 0240 A4F86A30 		strh	r3, [r4, #106]	@ movhi
 4786 0244 A4F86830 		strh	r3, [r4, #104]	@ movhi
 4787 0248 0023     		movs	r3, #0
 4788 024a 6367     		str	r3, [r4, #116]
 4789 024c A367     		str	r3, [r4, #120]
 4790 024e 38BD     		pop	{r3, r4, r5, pc}
 4791              	.L542:
 4792              		.align	2
 4793              	.L541:
ARM GAS  C:\Users\Nathan\AppData\Local\Temp\ccfpsmze.s 			page 83


 4794 0250 F369FFCF 		.word	-805344781
 4795 0254 00800040 		.word	1073774592
 4796 0258 00380140 		.word	1073821696
 4797 025c 0024F400 		.word	16000000
 4798 0260 00000000 		.word	UARTPrescTable
 4799 0264 FFFC0F00 		.word	1047807
 4801              		.section	.text.UART_AdvFeatureConfig,"ax",%progbits
 4802              		.align	1
 4803              		.global	UART_AdvFeatureConfig
 4804              		.syntax unified
 4805              		.thumb
 4806              		.thumb_func
 4808              	UART_AdvFeatureConfig:
 4809              		@ args = 0, pretend = 0, frame = 0
 4810              		@ frame_needed = 0, uses_anonymous_args = 0
 4811              		@ link register save eliminated.
 4812 0000 836A     		ldr	r3, [r0, #40]
 4813 0002 13F0080F 		tst	r3, #8
 4814 0006 06D0     		beq	.L544
 4815 0008 0268     		ldr	r2, [r0]
 4816 000a 5368     		ldr	r3, [r2, #4]
 4817 000c 23F40043 		bic	r3, r3, #32768
 4818 0010 816B     		ldr	r1, [r0, #56]
 4819 0012 0B43     		orrs	r3, r3, r1
 4820 0014 5360     		str	r3, [r2, #4]
 4821              	.L544:
 4822 0016 836A     		ldr	r3, [r0, #40]
 4823 0018 13F0010F 		tst	r3, #1
 4824 001c 06D0     		beq	.L545
 4825 001e 0268     		ldr	r2, [r0]
 4826 0020 5368     		ldr	r3, [r2, #4]
 4827 0022 23F40033 		bic	r3, r3, #131072
 4828 0026 C16A     		ldr	r1, [r0, #44]
 4829 0028 0B43     		orrs	r3, r3, r1
 4830 002a 5360     		str	r3, [r2, #4]
 4831              	.L545:
 4832 002c 836A     		ldr	r3, [r0, #40]
 4833 002e 13F0020F 		tst	r3, #2
 4834 0032 06D0     		beq	.L546
 4835 0034 0268     		ldr	r2, [r0]
 4836 0036 5368     		ldr	r3, [r2, #4]
 4837 0038 23F48033 		bic	r3, r3, #65536
 4838 003c 016B     		ldr	r1, [r0, #48]
 4839 003e 0B43     		orrs	r3, r3, r1
 4840 0040 5360     		str	r3, [r2, #4]
 4841              	.L546:
 4842 0042 836A     		ldr	r3, [r0, #40]
 4843 0044 13F0040F 		tst	r3, #4
 4844 0048 06D0     		beq	.L547
 4845 004a 0268     		ldr	r2, [r0]
 4846 004c 5368     		ldr	r3, [r2, #4]
 4847 004e 23F48023 		bic	r3, r3, #262144
 4848 0052 416B     		ldr	r1, [r0, #52]
 4849 0054 0B43     		orrs	r3, r3, r1
 4850 0056 5360     		str	r3, [r2, #4]
 4851              	.L547:
 4852 0058 836A     		ldr	r3, [r0, #40]
ARM GAS  C:\Users\Nathan\AppData\Local\Temp\ccfpsmze.s 			page 84


 4853 005a 13F0100F 		tst	r3, #16
 4854 005e 06D0     		beq	.L548
 4855 0060 0268     		ldr	r2, [r0]
 4856 0062 9368     		ldr	r3, [r2, #8]
 4857 0064 23F48053 		bic	r3, r3, #4096
 4858 0068 C16B     		ldr	r1, [r0, #60]
 4859 006a 0B43     		orrs	r3, r3, r1
 4860 006c 9360     		str	r3, [r2, #8]
 4861              	.L548:
 4862 006e 836A     		ldr	r3, [r0, #40]
 4863 0070 13F0200F 		tst	r3, #32
 4864 0074 06D0     		beq	.L549
 4865 0076 0268     		ldr	r2, [r0]
 4866 0078 9368     		ldr	r3, [r2, #8]
 4867 007a 23F40053 		bic	r3, r3, #8192
 4868 007e 016C     		ldr	r1, [r0, #64]
 4869 0080 0B43     		orrs	r3, r3, r1
 4870 0082 9360     		str	r3, [r2, #8]
 4871              	.L549:
 4872 0084 836A     		ldr	r3, [r0, #40]
 4873 0086 13F0400F 		tst	r3, #64
 4874 008a 0AD0     		beq	.L550
 4875 008c 0268     		ldr	r2, [r0]
 4876 008e 5368     		ldr	r3, [r2, #4]
 4877 0090 23F48013 		bic	r3, r3, #1048576
 4878 0094 416C     		ldr	r1, [r0, #68]
 4879 0096 0B43     		orrs	r3, r3, r1
 4880 0098 5360     		str	r3, [r2, #4]
 4881 009a 436C     		ldr	r3, [r0, #68]
 4882 009c B3F5801F 		cmp	r3, #1048576
 4883 00a0 0BD0     		beq	.L552
 4884              	.L550:
 4885 00a2 836A     		ldr	r3, [r0, #40]
 4886 00a4 13F0800F 		tst	r3, #128
 4887 00a8 06D0     		beq	.L543
 4888 00aa 0268     		ldr	r2, [r0]
 4889 00ac 5368     		ldr	r3, [r2, #4]
 4890 00ae 23F40023 		bic	r3, r3, #524288
 4891 00b2 C16C     		ldr	r1, [r0, #76]
 4892 00b4 0B43     		orrs	r3, r3, r1
 4893 00b6 5360     		str	r3, [r2, #4]
 4894              	.L543:
 4895 00b8 7047     		bx	lr
 4896              	.L552:
 4897 00ba 0268     		ldr	r2, [r0]
 4898 00bc 5368     		ldr	r3, [r2, #4]
 4899 00be 23F4C003 		bic	r3, r3, #6291456
 4900 00c2 816C     		ldr	r1, [r0, #72]
 4901 00c4 0B43     		orrs	r3, r3, r1
 4902 00c6 5360     		str	r3, [r2, #4]
 4903 00c8 EBE7     		b	.L550
 4905              		.section	.text.UART_WaitOnFlagUntilTimeout,"ax",%progbits
 4906              		.align	1
 4907              		.global	UART_WaitOnFlagUntilTimeout
 4908              		.syntax unified
 4909              		.thumb
 4910              		.thumb_func
ARM GAS  C:\Users\Nathan\AppData\Local\Temp\ccfpsmze.s 			page 85


 4912              	UART_WaitOnFlagUntilTimeout:
 4913              		@ args = 4, pretend = 0, frame = 0
 4914              		@ frame_needed = 0, uses_anonymous_args = 0
 4915 0000 2DE9F041 		push	{r4, r5, r6, r7, r8, lr}
 4916 0004 0446     		mov	r4, r0
 4917 0006 0D46     		mov	r5, r1
 4918 0008 1646     		mov	r6, r2
 4919 000a 9846     		mov	r8, r3
 4920 000c 069F     		ldr	r7, [sp, #24]
 4921              	.L555:
 4922 000e 2368     		ldr	r3, [r4]
 4923 0010 DB69     		ldr	r3, [r3, #28]
 4924 0012 35EA0303 		bics	r3, r5, r3
 4925 0016 0CBF     		ite	eq
 4926 0018 4FF0010C 		moveq	ip, #1
 4927 001c 4FF0000C 		movne	ip, #0
 4928 0020 B445     		cmp	ip, r6
 4929 0022 34D1     		bne	.L562
 4930 0024 B7F1FF3F 		cmp	r7, #-1
 4931 0028 F1D0     		beq	.L555
 4932 002a FFF7FEFF 		bl	HAL_GetTick
 4933 002e 4346     		mov	r3, r8
 4934 0030 C01A     		subs	r0, r0, r3
 4935 0032 B842     		cmp	r0, r7
 4936 0034 2ED8     		bhi	.L559
 4937 0036 7FB3     		cbz	r7, .L560
 4938 0038 2368     		ldr	r3, [r4]
 4939 003a 1A68     		ldr	r2, [r3]
 4940 003c 12F0040F 		tst	r2, #4
 4941 0040 E5D0     		beq	.L555
 4942 0042 802D     		cmp	r5, #128
 4943 0044 E3D0     		beq	.L555
 4944 0046 402D     		cmp	r5, #64
 4945 0048 E1D0     		beq	.L555
 4946 004a DA69     		ldr	r2, [r3, #28]
 4947 004c 12F0080F 		tst	r2, #8
 4948 0050 11D1     		bne	.L563
 4949 0052 DA69     		ldr	r2, [r3, #28]
 4950 0054 12F4006F 		tst	r2, #2048
 4951 0058 D9D0     		beq	.L555
 4952 005a 4FF40062 		mov	r2, #2048
 4953 005e 1A62     		str	r2, [r3, #32]
 4954 0060 2046     		mov	r0, r4
 4955 0062 FFF7FEFF 		bl	UART_EndRxTransfer
 4956 0066 2023     		movs	r3, #32
 4957 0068 C4F89030 		str	r3, [r4, #144]
 4958 006c 0023     		movs	r3, #0
 4959 006e 84F88430 		strb	r3, [r4, #132]
 4960 0072 0320     		movs	r0, #3
 4961 0074 0CE0     		b	.L556
 4962              	.L563:
 4963 0076 0825     		movs	r5, #8
 4964 0078 1D62     		str	r5, [r3, #32]
 4965 007a 2046     		mov	r0, r4
 4966 007c FFF7FEFF 		bl	UART_EndRxTransfer
 4967 0080 C4F89050 		str	r5, [r4, #144]
 4968 0084 0023     		movs	r3, #0
ARM GAS  C:\Users\Nathan\AppData\Local\Temp\ccfpsmze.s 			page 86


 4969 0086 84F88430 		strb	r3, [r4, #132]
 4970 008a 0120     		movs	r0, #1
 4971 008c 00E0     		b	.L556
 4972              	.L562:
 4973 008e 0020     		movs	r0, #0
 4974              	.L556:
 4975 0090 BDE8F081 		pop	{r4, r5, r6, r7, r8, pc}
 4976              	.L559:
 4977 0094 0320     		movs	r0, #3
 4978 0096 FBE7     		b	.L556
 4979              	.L560:
 4980 0098 0320     		movs	r0, #3
 4981 009a F9E7     		b	.L556
 4983              		.section	.text.HAL_UART_Transmit,"ax",%progbits
 4984              		.align	1
 4985              		.global	HAL_UART_Transmit
 4986              		.syntax unified
 4987              		.thumb
 4988              		.thumb_func
 4990              	HAL_UART_Transmit:
 4991              		@ args = 0, pretend = 0, frame = 8
 4992              		@ frame_needed = 0, uses_anonymous_args = 0
 4993 0000 2DE9F041 		push	{r4, r5, r6, r7, r8, lr}
 4994 0004 84B0     		sub	sp, sp, #16
 4995 0006 1E46     		mov	r6, r3
 4996 0008 D0F88830 		ldr	r3, [r0, #136]
 4997 000c 202B     		cmp	r3, #32
 4998 000e 5DD1     		bne	.L573
 4999 0010 0446     		mov	r4, r0
 5000 0012 0D46     		mov	r5, r1
 5001 0014 0029     		cmp	r1, #0
 5002 0016 5DD0     		beq	.L574
 5003 0018 0392     		str	r2, [sp, #12]
 5004 001a 0AB9     		cbnz	r2, .L579
 5005 001c 0120     		movs	r0, #1
 5006 001e 56E0     		b	.L565
 5007              	.L579:
 5008 0020 0023     		movs	r3, #0
 5009 0022 C0F89030 		str	r3, [r0, #144]
 5010 0026 2123     		movs	r3, #33
 5011 0028 C0F88830 		str	r3, [r0, #136]
 5012 002c FFF7FEFF 		bl	HAL_GetTick
 5013 0030 0746     		mov	r7, r0
 5014 0032 039B     		ldr	r3, [sp, #12]
 5015 0034 A4F85430 		strh	r3, [r4, #84]	@ movhi
 5016 0038 A4F85630 		strh	r3, [r4, #86]	@ movhi
 5017 003c A368     		ldr	r3, [r4, #8]
 5018 003e B3F5805F 		cmp	r3, #4096
 5019 0042 02D0     		beq	.L580
 5020 0044 0023     		movs	r3, #0
 5021 0046 9846     		mov	r8, r3
 5022 0048 18E0     		b	.L570
 5023              	.L580:
 5024 004a 2369     		ldr	r3, [r4, #16]
 5025 004c 53B3     		cbz	r3, .L577
 5026 004e 0023     		movs	r3, #0
 5027 0050 9846     		mov	r8, r3
ARM GAS  C:\Users\Nathan\AppData\Local\Temp\ccfpsmze.s 			page 87


 5028 0052 13E0     		b	.L570
 5029              	.L582:
 5030 0054 2023     		movs	r3, #32
 5031 0056 C4F88830 		str	r3, [r4, #136]
 5032 005a 0320     		movs	r0, #3
 5033 005c 37E0     		b	.L565
 5034              	.L583:
 5035 005e 4246     		mov	r2, r8
 5036 0060 32F8023B 		ldrh	r3, [r2], #2
 5037 0064 9046     		mov	r8, r2
 5038 0066 2268     		ldr	r2, [r4]
 5039 0068 C3F30803 		ubfx	r3, r3, #0, #9
 5040 006c 9362     		str	r3, [r2, #40]
 5041              	.L569:
 5042 006e B4F85620 		ldrh	r2, [r4, #86]
 5043 0072 92B2     		uxth	r2, r2
 5044 0074 013A     		subs	r2, r2, #1
 5045 0076 92B2     		uxth	r2, r2
 5046 0078 A4F85620 		strh	r2, [r4, #86]	@ movhi
 5047              	.L570:
 5048 007c B4F85630 		ldrh	r3, [r4, #86]
 5049 0080 9BB2     		uxth	r3, r3
 5050 0082 93B1     		cbz	r3, .L581
 5051 0084 0096     		str	r6, [sp]
 5052 0086 3B46     		mov	r3, r7
 5053 0088 0022     		movs	r2, #0
 5054 008a 8021     		movs	r1, #128
 5055 008c 2046     		mov	r0, r4
 5056 008e FFF7FEFF 		bl	UART_WaitOnFlagUntilTimeout
 5057 0092 0028     		cmp	r0, #0
 5058 0094 DED1     		bne	.L582
 5059 0096 002D     		cmp	r5, #0
 5060 0098 E1D0     		beq	.L583
 5061 009a 15F8012B 		ldrb	r2, [r5], #1	@ zero_extendqisi2
 5062 009e 2368     		ldr	r3, [r4]
 5063 00a0 9A62     		str	r2, [r3, #40]
 5064 00a2 E4E7     		b	.L569
 5065              	.L577:
 5066 00a4 A846     		mov	r8, r5
 5067 00a6 1D46     		mov	r5, r3
 5068 00a8 E8E7     		b	.L570
 5069              	.L581:
 5070 00aa 0096     		str	r6, [sp]
 5071 00ac 3B46     		mov	r3, r7
 5072 00ae 0022     		movs	r2, #0
 5073 00b0 4021     		movs	r1, #64
 5074 00b2 2046     		mov	r0, r4
 5075 00b4 FFF7FEFF 		bl	UART_WaitOnFlagUntilTimeout
 5076 00b8 18B9     		cbnz	r0, .L584
 5077 00ba 2023     		movs	r3, #32
 5078 00bc C4F88830 		str	r3, [r4, #136]
 5079 00c0 05E0     		b	.L565
 5080              	.L584:
 5081 00c2 2023     		movs	r3, #32
 5082 00c4 C4F88830 		str	r3, [r4, #136]
 5083 00c8 0320     		movs	r0, #3
 5084 00ca 00E0     		b	.L565
ARM GAS  C:\Users\Nathan\AppData\Local\Temp\ccfpsmze.s 			page 88


 5085              	.L573:
 5086 00cc 0220     		movs	r0, #2
 5087              	.L565:
 5088 00ce 04B0     		add	sp, sp, #16
 5089              		@ sp needed
 5090 00d0 BDE8F081 		pop	{r4, r5, r6, r7, r8, pc}
 5091              	.L574:
 5092 00d4 0120     		movs	r0, #1
 5093 00d6 FAE7     		b	.L565
 5095              		.section	.text.HAL_UART_Receive,"ax",%progbits
 5096              		.align	1
 5097              		.global	HAL_UART_Receive
 5098              		.syntax unified
 5099              		.thumb
 5100              		.thumb_func
 5102              	HAL_UART_Receive:
 5103              		@ args = 0, pretend = 0, frame = 0
 5104              		@ frame_needed = 0, uses_anonymous_args = 0
 5105 0000 2DE9F043 		push	{r4, r5, r6, r7, r8, r9, lr}
 5106 0004 83B0     		sub	sp, sp, #12
 5107 0006 1E46     		mov	r6, r3
 5108 0008 D0F88C30 		ldr	r3, [r0, #140]
 5109 000c 202B     		cmp	r3, #32
 5110 000e 7ED1     		bne	.L600
 5111 0010 0446     		mov	r4, r0
 5112 0012 0D46     		mov	r5, r1
 5113 0014 1746     		mov	r7, r2
 5114 0016 0029     		cmp	r1, #0
 5115 0018 7DD0     		beq	.L601
 5116 001a 0AB9     		cbnz	r2, .L606
 5117 001c 0120     		movs	r0, #1
 5118 001e 77E0     		b	.L586
 5119              	.L606:
 5120 0020 0023     		movs	r3, #0
 5121 0022 C0F89030 		str	r3, [r0, #144]
 5122 0026 2222     		movs	r2, #34
 5123 0028 C0F88C20 		str	r2, [r0, #140]
 5124 002c C366     		str	r3, [r0, #108]
 5125 002e FFF7FEFF 		bl	HAL_GetTick
 5126 0032 8046     		mov	r8, r0
 5127 0034 A4F85C70 		strh	r7, [r4, #92]	@ movhi
 5128 0038 A4F85E70 		strh	r7, [r4, #94]	@ movhi
 5129 003c A368     		ldr	r3, [r4, #8]
 5130 003e B3F5805F 		cmp	r3, #4096
 5131 0042 06D0     		beq	.L607
 5132 0044 A3B9     		cbnz	r3, .L590
 5133 0046 2269     		ldr	r2, [r4, #16]
 5134 0048 72B9     		cbnz	r2, .L591
 5135 004a FF22     		movs	r2, #255
 5136 004c A4F86020 		strh	r2, [r4, #96]	@ movhi
 5137 0050 14E0     		b	.L589
 5138              	.L607:
 5139 0052 2269     		ldr	r2, [r4, #16]
 5140 0054 22B9     		cbnz	r2, .L588
 5141 0056 40F2FF12 		movw	r2, #511
 5142 005a A4F86020 		strh	r2, [r4, #96]	@ movhi
 5143 005e 0DE0     		b	.L589
ARM GAS  C:\Users\Nathan\AppData\Local\Temp\ccfpsmze.s 			page 89


 5144              	.L588:
 5145 0060 FF22     		movs	r2, #255
 5146 0062 A4F86020 		strh	r2, [r4, #96]	@ movhi
 5147 0066 09E0     		b	.L589
 5148              	.L591:
 5149 0068 7F22     		movs	r2, #127
 5150 006a A4F86020 		strh	r2, [r4, #96]	@ movhi
 5151 006e 05E0     		b	.L589
 5152              	.L590:
 5153 0070 B3F1805F 		cmp	r3, #268435456
 5154 0074 0BD0     		beq	.L608
 5155 0076 0022     		movs	r2, #0
 5156 0078 A4F86020 		strh	r2, [r4, #96]	@ movhi
 5157              	.L589:
 5158 007c B4F86020 		ldrh	r2, [r4, #96]
 5159 0080 1746     		mov	r7, r2
 5160 0082 B3F5805F 		cmp	r3, #4096
 5161 0086 0CD0     		beq	.L609
 5162 0088 0023     		movs	r3, #0
 5163 008a 9946     		mov	r9, r3
 5164 008c 21E0     		b	.L598
 5165              	.L608:
 5166 008e 2269     		ldr	r2, [r4, #16]
 5167 0090 1AB9     		cbnz	r2, .L593
 5168 0092 7F22     		movs	r2, #127
 5169 0094 A4F86020 		strh	r2, [r4, #96]	@ movhi
 5170 0098 F0E7     		b	.L589
 5171              	.L593:
 5172 009a 3F22     		movs	r2, #63
 5173 009c A4F86020 		strh	r2, [r4, #96]	@ movhi
 5174 00a0 ECE7     		b	.L589
 5175              	.L609:
 5176 00a2 2369     		ldr	r3, [r4, #16]
 5177 00a4 5BB3     		cbz	r3, .L604
 5178 00a6 0023     		movs	r3, #0
 5179 00a8 9946     		mov	r9, r3
 5180 00aa 12E0     		b	.L598
 5181              	.L611:
 5182 00ac 2023     		movs	r3, #32
 5183 00ae C4F88C30 		str	r3, [r4, #140]
 5184 00b2 0320     		movs	r0, #3
 5185 00b4 2CE0     		b	.L586
 5186              	.L612:
 5187 00b6 2368     		ldr	r3, [r4]
 5188 00b8 5B6A     		ldr	r3, [r3, #36]
 5189 00ba 3B40     		ands	r3, r3, r7
 5190 00bc 4A46     		mov	r2, r9
 5191 00be 22F8023B 		strh	r3, [r2], #2	@ movhi
 5192 00c2 9146     		mov	r9, r2
 5193              	.L597:
 5194 00c4 B4F85E20 		ldrh	r2, [r4, #94]
 5195 00c8 92B2     		uxth	r2, r2
 5196 00ca 013A     		subs	r2, r2, #1
 5197 00cc 92B2     		uxth	r2, r2
 5198 00ce A4F85E20 		strh	r2, [r4, #94]	@ movhi
 5199              	.L598:
 5200 00d2 B4F85E30 		ldrh	r3, [r4, #94]
ARM GAS  C:\Users\Nathan\AppData\Local\Temp\ccfpsmze.s 			page 90


 5201 00d6 9BB2     		uxth	r3, r3
 5202 00d8 A3B1     		cbz	r3, .L610
 5203 00da 0096     		str	r6, [sp]
 5204 00dc 4346     		mov	r3, r8
 5205 00de 0022     		movs	r2, #0
 5206 00e0 2021     		movs	r1, #32
 5207 00e2 2046     		mov	r0, r4
 5208 00e4 FFF7FEFF 		bl	UART_WaitOnFlagUntilTimeout
 5209 00e8 0028     		cmp	r0, #0
 5210 00ea DFD1     		bne	.L611
 5211 00ec 002D     		cmp	r5, #0
 5212 00ee E2D0     		beq	.L612
 5213 00f0 2368     		ldr	r3, [r4]
 5214 00f2 5A6A     		ldr	r2, [r3, #36]
 5215 00f4 FBB2     		uxtb	r3, r7
 5216 00f6 1340     		ands	r3, r3, r2
 5217 00f8 05F8013B 		strb	r3, [r5], #1
 5218 00fc E2E7     		b	.L597
 5219              	.L604:
 5220 00fe A946     		mov	r9, r5
 5221 0100 1D46     		mov	r5, r3
 5222 0102 E6E7     		b	.L598
 5223              	.L610:
 5224 0104 2023     		movs	r3, #32
 5225 0106 C4F88C30 		str	r3, [r4, #140]
 5226 010a 0020     		movs	r0, #0
 5227 010c 00E0     		b	.L586
 5228              	.L600:
 5229 010e 0220     		movs	r0, #2
 5230              	.L586:
 5231 0110 03B0     		add	sp, sp, #12
 5232              		@ sp needed
 5233 0112 BDE8F083 		pop	{r4, r5, r6, r7, r8, r9, pc}
 5234              	.L601:
 5235 0116 0120     		movs	r0, #1
 5236 0118 FAE7     		b	.L586
 5238              		.section	.text.UART_CheckIdleState,"ax",%progbits
 5239              		.align	1
 5240              		.global	UART_CheckIdleState
 5241              		.syntax unified
 5242              		.thumb
 5243              		.thumb_func
 5245              	UART_CheckIdleState:
 5246              		@ args = 0, pretend = 0, frame = 0
 5247              		@ frame_needed = 0, uses_anonymous_args = 0
 5248 0000 30B5     		push	{r4, r5, lr}
 5249 0002 83B0     		sub	sp, sp, #12
 5250 0004 0446     		mov	r4, r0
 5251 0006 0023     		movs	r3, #0
 5252 0008 C0F89030 		str	r3, [r0, #144]
 5253 000c FFF7FEFF 		bl	HAL_GetTick
 5254 0010 0546     		mov	r5, r0
 5255 0012 2268     		ldr	r2, [r4]
 5256 0014 1268     		ldr	r2, [r2]
 5257 0016 12F0080F 		tst	r2, #8
 5258 001a 10D1     		bne	.L621
 5259              	.L614:
ARM GAS  C:\Users\Nathan\AppData\Local\Temp\ccfpsmze.s 			page 91


 5260 001c 2368     		ldr	r3, [r4]
 5261 001e 1B68     		ldr	r3, [r3]
 5262 0020 13F0040F 		tst	r3, #4
 5263 0024 27D1     		bne	.L622
 5264              	.L617:
 5265 0026 2023     		movs	r3, #32
 5266 0028 C4F88830 		str	r3, [r4, #136]
 5267 002c C4F88C30 		str	r3, [r4, #140]
 5268 0030 0020     		movs	r0, #0
 5269 0032 E066     		str	r0, [r4, #108]
 5270 0034 2067     		str	r0, [r4, #112]
 5271 0036 84F88400 		strb	r0, [r4, #132]
 5272              	.L616:
 5273 003a 03B0     		add	sp, sp, #12
 5274              		@ sp needed
 5275 003c 30BD     		pop	{r4, r5, pc}
 5276              	.L621:
 5277 003e 6FF07E43 		mvn	r3, #-33554432
 5278 0042 0093     		str	r3, [sp]
 5279 0044 0346     		mov	r3, r0
 5280 0046 0022     		movs	r2, #0
 5281 0048 4FF40011 		mov	r1, #2097152
 5282 004c 2046     		mov	r0, r4
 5283 004e FFF7FEFF 		bl	UART_WaitOnFlagUntilTimeout
 5284 0052 0028     		cmp	r0, #0
 5285 0054 E2D0     		beq	.L614
 5286              	.L615:
 5287 0056 2268     		ldr	r2, [r4]
 5288              		.syntax unified
 5289              	@ 1155 "Drivers/CMSIS/Include/cmsis_gcc.h" 1
 5290 0058 52E8003F 		ldrex r3, [r2]
 5291              	@ 0 "" 2
 5292              		.thumb
 5293              		.syntax unified
 5294 005c 23F08003 		bic	r3, r3, #128
 5295              		.syntax unified
 5296              	@ 1206 "Drivers/CMSIS/Include/cmsis_gcc.h" 1
 5297 0060 42E80031 		strex r1, r3, [r2]
 5298              	@ 0 "" 2
 5299              		.thumb
 5300              		.syntax unified
 5301 0064 0029     		cmp	r1, #0
 5302 0066 F6D1     		bne	.L615
 5303 0068 2023     		movs	r3, #32
 5304 006a C4F88830 		str	r3, [r4, #136]
 5305 006e 84F88410 		strb	r1, [r4, #132]
 5306 0072 0320     		movs	r0, #3
 5307 0074 E1E7     		b	.L616
 5308              	.L622:
 5309 0076 6FF07E43 		mvn	r3, #-33554432
 5310 007a 0093     		str	r3, [sp]
 5311 007c 2B46     		mov	r3, r5
 5312 007e 0022     		movs	r2, #0
 5313 0080 4FF48001 		mov	r1, #4194304
 5314 0084 2046     		mov	r0, r4
 5315 0086 FFF7FEFF 		bl	UART_WaitOnFlagUntilTimeout
 5316 008a 0028     		cmp	r0, #0
ARM GAS  C:\Users\Nathan\AppData\Local\Temp\ccfpsmze.s 			page 92


 5317 008c CBD0     		beq	.L617
 5318              	.L618:
 5319 008e 2268     		ldr	r2, [r4]
 5320              		.syntax unified
 5321              	@ 1155 "Drivers/CMSIS/Include/cmsis_gcc.h" 1
 5322 0090 52E8003F 		ldrex r3, [r2]
 5323              	@ 0 "" 2
 5324              		.thumb
 5325              		.syntax unified
 5326 0094 23F49073 		bic	r3, r3, #288
 5327              		.syntax unified
 5328              	@ 1206 "Drivers/CMSIS/Include/cmsis_gcc.h" 1
 5329 0098 42E80031 		strex r1, r3, [r2]
 5330              	@ 0 "" 2
 5331              		.thumb
 5332              		.syntax unified
 5333 009c 0029     		cmp	r1, #0
 5334 009e F6D1     		bne	.L618
 5335              	.L619:
 5336 00a0 2268     		ldr	r2, [r4]
 5337 00a2 02F10803 		add	r3, r2, #8
 5338              		.syntax unified
 5339              	@ 1155 "Drivers/CMSIS/Include/cmsis_gcc.h" 1
 5340 00a6 53E8003F 		ldrex r3, [r3]
 5341              	@ 0 "" 2
 5342              		.thumb
 5343              		.syntax unified
 5344 00aa 23F00103 		bic	r3, r3, #1
 5345 00ae 0832     		adds	r2, r2, #8
 5346              		.syntax unified
 5347              	@ 1206 "Drivers/CMSIS/Include/cmsis_gcc.h" 1
 5348 00b0 42E80031 		strex r1, r3, [r2]
 5349              	@ 0 "" 2
 5350              		.thumb
 5351              		.syntax unified
 5352 00b4 0029     		cmp	r1, #0
 5353 00b6 F3D1     		bne	.L619
 5354 00b8 2023     		movs	r3, #32
 5355 00ba C4F88C30 		str	r3, [r4, #140]
 5356 00be 84F88410 		strb	r1, [r4, #132]
 5357 00c2 0320     		movs	r0, #3
 5358 00c4 B9E7     		b	.L616
 5360              		.section	.text.HAL_UART_Init,"ax",%progbits
 5361              		.align	1
 5362              		.global	HAL_UART_Init
 5363              		.syntax unified
 5364              		.thumb
 5365              		.thumb_func
 5367              	HAL_UART_Init:
 5368              		@ args = 0, pretend = 0, frame = 0
 5369              		@ frame_needed = 0, uses_anonymous_args = 0
 5370 0000 0028     		cmp	r0, #0
 5371 0002 3AD0     		beq	.L628
 5372 0004 10B5     		push	{r4, lr}
 5373 0006 0446     		mov	r4, r0
 5374 0008 D0F88830 		ldr	r3, [r0, #136]
 5375 000c 0BB3     		cbz	r3, .L633
ARM GAS  C:\Users\Nathan\AppData\Local\Temp\ccfpsmze.s 			page 93


 5376              	.L625:
 5377 000e 2423     		movs	r3, #36
 5378 0010 C4F88830 		str	r3, [r4, #136]
 5379 0014 2268     		ldr	r2, [r4]
 5380 0016 1368     		ldr	r3, [r2]
 5381 0018 23F00103 		bic	r3, r3, #1
 5382 001c 1360     		str	r3, [r2]
 5383 001e A36A     		ldr	r3, [r4, #40]
 5384 0020 3BBB     		cbnz	r3, .L634
 5385              	.L627:
 5386 0022 2046     		mov	r0, r4
 5387 0024 FFF7FEFF 		bl	UART_SetConfig
 5388 0028 0128     		cmp	r0, #1
 5389 002a 11D0     		beq	.L624
 5390 002c 2268     		ldr	r2, [r4]
 5391 002e 5368     		ldr	r3, [r2, #4]
 5392 0030 23F49043 		bic	r3, r3, #18432
 5393 0034 5360     		str	r3, [r2, #4]
 5394 0036 2268     		ldr	r2, [r4]
 5395 0038 9368     		ldr	r3, [r2, #8]
 5396 003a 23F02A03 		bic	r3, r3, #42
 5397 003e 9360     		str	r3, [r2, #8]
 5398 0040 2268     		ldr	r2, [r4]
 5399 0042 1368     		ldr	r3, [r2]
 5400 0044 43F00103 		orr	r3, r3, #1
 5401 0048 1360     		str	r3, [r2]
 5402 004a 2046     		mov	r0, r4
 5403 004c FFF7FEFF 		bl	UART_CheckIdleState
 5404              	.L624:
 5405 0050 10BD     		pop	{r4, pc}
 5406              	.L633:
 5407 0052 80F88430 		strb	r3, [r0, #132]
 5408 0056 FFF7FEFF 		bl	UART_InitCallbacksToDefault
 5409 005a D4F8C430 		ldr	r3, [r4, #196]
 5410 005e 23B1     		cbz	r3, .L635
 5411              	.L626:
 5412 0060 D4F8C430 		ldr	r3, [r4, #196]
 5413 0064 2046     		mov	r0, r4
 5414 0066 9847     		blx	r3
 5415 0068 D1E7     		b	.L625
 5416              	.L635:
 5417 006a 054B     		ldr	r3, .L636
 5418 006c C4F8C430 		str	r3, [r4, #196]
 5419 0070 F6E7     		b	.L626
 5420              	.L634:
 5421 0072 2046     		mov	r0, r4
 5422 0074 FFF7FEFF 		bl	UART_AdvFeatureConfig
 5423 0078 D3E7     		b	.L627
 5424              	.L628:
 5425 007a 0120     		movs	r0, #1
 5426 007c 7047     		bx	lr
 5427              	.L637:
 5428 007e 00BF     		.align	2
 5429              	.L636:
 5430 0080 00000000 		.word	HAL_UART_MspInit
 5432              		.section	.text.HAL_HalfDuplex_Init,"ax",%progbits
 5433              		.align	1
ARM GAS  C:\Users\Nathan\AppData\Local\Temp\ccfpsmze.s 			page 94


 5434              		.global	HAL_HalfDuplex_Init
 5435              		.syntax unified
 5436              		.thumb
 5437              		.thumb_func
 5439              	HAL_HalfDuplex_Init:
 5440              		@ args = 0, pretend = 0, frame = 0
 5441              		@ frame_needed = 0, uses_anonymous_args = 0
 5442 0000 0028     		cmp	r0, #0
 5443 0002 3FD0     		beq	.L643
 5444 0004 10B5     		push	{r4, lr}
 5445 0006 0446     		mov	r4, r0
 5446 0008 D0F88830 		ldr	r3, [r0, #136]
 5447 000c 33B3     		cbz	r3, .L648
 5448              	.L640:
 5449 000e 2423     		movs	r3, #36
 5450 0010 C4F88830 		str	r3, [r4, #136]
 5451 0014 2268     		ldr	r2, [r4]
 5452 0016 1368     		ldr	r3, [r2]
 5453 0018 23F00103 		bic	r3, r3, #1
 5454 001c 1360     		str	r3, [r2]
 5455 001e A36A     		ldr	r3, [r4, #40]
 5456 0020 63BB     		cbnz	r3, .L649
 5457              	.L642:
 5458 0022 2046     		mov	r0, r4
 5459 0024 FFF7FEFF 		bl	UART_SetConfig
 5460 0028 0128     		cmp	r0, #1
 5461 002a 16D0     		beq	.L639
 5462 002c 2268     		ldr	r2, [r4]
 5463 002e 5368     		ldr	r3, [r2, #4]
 5464 0030 23F49043 		bic	r3, r3, #18432
 5465 0034 5360     		str	r3, [r2, #4]
 5466 0036 2268     		ldr	r2, [r4]
 5467 0038 9368     		ldr	r3, [r2, #8]
 5468 003a 23F02203 		bic	r3, r3, #34
 5469 003e 9360     		str	r3, [r2, #8]
 5470 0040 2268     		ldr	r2, [r4]
 5471 0042 9368     		ldr	r3, [r2, #8]
 5472 0044 43F00803 		orr	r3, r3, #8
 5473 0048 9360     		str	r3, [r2, #8]
 5474 004a 2268     		ldr	r2, [r4]
 5475 004c 1368     		ldr	r3, [r2]
 5476 004e 43F00103 		orr	r3, r3, #1
 5477 0052 1360     		str	r3, [r2]
 5478 0054 2046     		mov	r0, r4
 5479 0056 FFF7FEFF 		bl	UART_CheckIdleState
 5480              	.L639:
 5481 005a 10BD     		pop	{r4, pc}
 5482              	.L648:
 5483 005c 80F88430 		strb	r3, [r0, #132]
 5484 0060 FFF7FEFF 		bl	UART_InitCallbacksToDefault
 5485 0064 D4F8C430 		ldr	r3, [r4, #196]
 5486 0068 23B1     		cbz	r3, .L650
 5487              	.L641:
 5488 006a D4F8C430 		ldr	r3, [r4, #196]
 5489 006e 2046     		mov	r0, r4
 5490 0070 9847     		blx	r3
 5491 0072 CCE7     		b	.L640
ARM GAS  C:\Users\Nathan\AppData\Local\Temp\ccfpsmze.s 			page 95


 5492              	.L650:
 5493 0074 044B     		ldr	r3, .L651
 5494 0076 C4F8C430 		str	r3, [r4, #196]
 5495 007a F6E7     		b	.L641
 5496              	.L649:
 5497 007c 2046     		mov	r0, r4
 5498 007e FFF7FEFF 		bl	UART_AdvFeatureConfig
 5499 0082 CEE7     		b	.L642
 5500              	.L643:
 5501 0084 0120     		movs	r0, #1
 5502 0086 7047     		bx	lr
 5503              	.L652:
 5504              		.align	2
 5505              	.L651:
 5506 0088 00000000 		.word	HAL_UART_MspInit
 5508              		.section	.text.HAL_LIN_Init,"ax",%progbits
 5509              		.align	1
 5510              		.global	HAL_LIN_Init
 5511              		.syntax unified
 5512              		.thumb
 5513              		.thumb_func
 5515              	HAL_LIN_Init:
 5516              		@ args = 0, pretend = 0, frame = 0
 5517              		@ frame_needed = 0, uses_anonymous_args = 0
 5518 0000 0028     		cmp	r0, #0
 5519 0002 4FD0     		beq	.L658
 5520 0004 38B5     		push	{r3, r4, r5, lr}
 5521 0006 0D46     		mov	r5, r1
 5522 0008 0446     		mov	r4, r0
 5523 000a C369     		ldr	r3, [r0, #28]
 5524 000c B3F5004F 		cmp	r3, #32768
 5525 0010 4AD0     		beq	.L659
 5526 0012 8368     		ldr	r3, [r0, #8]
 5527 0014 002B     		cmp	r3, #0
 5528 0016 49D1     		bne	.L660
 5529 0018 D0F88830 		ldr	r3, [r0, #136]
 5530 001c 002B     		cmp	r3, #0
 5531 001e 2DD0     		beq	.L665
 5532              	.L655:
 5533 0020 2423     		movs	r3, #36
 5534 0022 C4F88830 		str	r3, [r4, #136]
 5535 0026 2268     		ldr	r2, [r4]
 5536 0028 1368     		ldr	r3, [r2]
 5537 002a 23F00103 		bic	r3, r3, #1
 5538 002e 1360     		str	r3, [r2]
 5539 0030 A36A     		ldr	r3, [r4, #40]
 5540 0032 002B     		cmp	r3, #0
 5541 0034 32D1     		bne	.L666
 5542              	.L657:
 5543 0036 2046     		mov	r0, r4
 5544 0038 FFF7FEFF 		bl	UART_SetConfig
 5545 003c 0128     		cmp	r0, #1
 5546 003e 1CD0     		beq	.L654
 5547 0040 2268     		ldr	r2, [r4]
 5548 0042 5368     		ldr	r3, [r2, #4]
 5549 0044 23F40063 		bic	r3, r3, #2048
 5550 0048 5360     		str	r3, [r2, #4]
ARM GAS  C:\Users\Nathan\AppData\Local\Temp\ccfpsmze.s 			page 96


 5551 004a 2268     		ldr	r2, [r4]
 5552 004c 9368     		ldr	r3, [r2, #8]
 5553 004e 23F02A03 		bic	r3, r3, #42
 5554 0052 9360     		str	r3, [r2, #8]
 5555 0054 2268     		ldr	r2, [r4]
 5556 0056 5368     		ldr	r3, [r2, #4]
 5557 0058 43F48043 		orr	r3, r3, #16384
 5558 005c 5360     		str	r3, [r2, #4]
 5559 005e 2268     		ldr	r2, [r4]
 5560 0060 5368     		ldr	r3, [r2, #4]
 5561 0062 23F02003 		bic	r3, r3, #32
 5562 0066 2B43     		orrs	r3, r3, r5
 5563 0068 5360     		str	r3, [r2, #4]
 5564 006a 2268     		ldr	r2, [r4]
 5565 006c 1368     		ldr	r3, [r2]
 5566 006e 43F00103 		orr	r3, r3, #1
 5567 0072 1360     		str	r3, [r2]
 5568 0074 2046     		mov	r0, r4
 5569 0076 FFF7FEFF 		bl	UART_CheckIdleState
 5570              	.L654:
 5571 007a 38BD     		pop	{r3, r4, r5, pc}
 5572              	.L665:
 5573 007c 80F88430 		strb	r3, [r0, #132]
 5574 0080 FFF7FEFF 		bl	UART_InitCallbacksToDefault
 5575 0084 D4F8C430 		ldr	r3, [r4, #196]
 5576 0088 23B1     		cbz	r3, .L667
 5577              	.L656:
 5578 008a D4F8C430 		ldr	r3, [r4, #196]
 5579 008e 2046     		mov	r0, r4
 5580 0090 9847     		blx	r3
 5581 0092 C5E7     		b	.L655
 5582              	.L667:
 5583 0094 064B     		ldr	r3, .L668
 5584 0096 C4F8C430 		str	r3, [r4, #196]
 5585 009a F6E7     		b	.L656
 5586              	.L666:
 5587 009c 2046     		mov	r0, r4
 5588 009e FFF7FEFF 		bl	UART_AdvFeatureConfig
 5589 00a2 C8E7     		b	.L657
 5590              	.L658:
 5591 00a4 0120     		movs	r0, #1
 5592 00a6 7047     		bx	lr
 5593              	.L659:
 5594 00a8 0120     		movs	r0, #1
 5595 00aa E6E7     		b	.L654
 5596              	.L660:
 5597 00ac 0120     		movs	r0, #1
 5598 00ae E4E7     		b	.L654
 5599              	.L669:
 5600              		.align	2
 5601              	.L668:
 5602 00b0 00000000 		.word	HAL_UART_MspInit
 5604              		.section	.text.HAL_MultiProcessor_Init,"ax",%progbits
 5605              		.align	1
 5606              		.global	HAL_MultiProcessor_Init
 5607              		.syntax unified
 5608              		.thumb
ARM GAS  C:\Users\Nathan\AppData\Local\Temp\ccfpsmze.s 			page 97


 5609              		.thumb_func
 5611              	HAL_MultiProcessor_Init:
 5612              		@ args = 0, pretend = 0, frame = 0
 5613              		@ frame_needed = 0, uses_anonymous_args = 0
 5614 0000 0028     		cmp	r0, #0
 5615 0002 4DD0     		beq	.L676
 5616 0004 70B5     		push	{r4, r5, r6, lr}
 5617 0006 0E46     		mov	r6, r1
 5618 0008 1546     		mov	r5, r2
 5619 000a 0446     		mov	r4, r0
 5620 000c D0F88830 		ldr	r3, [r0, #136]
 5621 0010 53B3     		cbz	r3, .L681
 5622              	.L672:
 5623 0012 2423     		movs	r3, #36
 5624 0014 C4F88830 		str	r3, [r4, #136]
 5625 0018 2268     		ldr	r2, [r4]
 5626 001a 1368     		ldr	r3, [r2]
 5627 001c 23F00103 		bic	r3, r3, #1
 5628 0020 1360     		str	r3, [r2]
 5629 0022 A36A     		ldr	r3, [r4, #40]
 5630 0024 83BB     		cbnz	r3, .L682
 5631              	.L674:
 5632 0026 2046     		mov	r0, r4
 5633 0028 FFF7FEFF 		bl	UART_SetConfig
 5634 002c 0128     		cmp	r0, #1
 5635 002e 1AD0     		beq	.L671
 5636 0030 2268     		ldr	r2, [r4]
 5637 0032 5368     		ldr	r3, [r2, #4]
 5638 0034 23F49043 		bic	r3, r3, #18432
 5639 0038 5360     		str	r3, [r2, #4]
 5640 003a 2268     		ldr	r2, [r4]
 5641 003c 9368     		ldr	r3, [r2, #8]
 5642 003e 23F02A03 		bic	r3, r3, #42
 5643 0042 9360     		str	r3, [r2, #8]
 5644 0044 B5F5006F 		cmp	r5, #2048
 5645 0048 22D0     		beq	.L683
 5646              	.L675:
 5647 004a 2268     		ldr	r2, [r4]
 5648 004c 1368     		ldr	r3, [r2]
 5649 004e 23F40063 		bic	r3, r3, #2048
 5650 0052 2B43     		orrs	r3, r3, r5
 5651 0054 1360     		str	r3, [r2]
 5652 0056 2268     		ldr	r2, [r4]
 5653 0058 1368     		ldr	r3, [r2]
 5654 005a 43F00103 		orr	r3, r3, #1
 5655 005e 1360     		str	r3, [r2]
 5656 0060 2046     		mov	r0, r4
 5657 0062 FFF7FEFF 		bl	UART_CheckIdleState
 5658              	.L671:
 5659 0066 70BD     		pop	{r4, r5, r6, pc}
 5660              	.L681:
 5661 0068 80F88430 		strb	r3, [r0, #132]
 5662 006c FFF7FEFF 		bl	UART_InitCallbacksToDefault
 5663 0070 D4F8C430 		ldr	r3, [r4, #196]
 5664 0074 23B1     		cbz	r3, .L684
 5665              	.L673:
 5666 0076 D4F8C430 		ldr	r3, [r4, #196]
ARM GAS  C:\Users\Nathan\AppData\Local\Temp\ccfpsmze.s 			page 98


 5667 007a 2046     		mov	r0, r4
 5668 007c 9847     		blx	r3
 5669 007e C8E7     		b	.L672
 5670              	.L684:
 5671 0080 084B     		ldr	r3, .L685
 5672 0082 C4F8C430 		str	r3, [r4, #196]
 5673 0086 F6E7     		b	.L673
 5674              	.L682:
 5675 0088 2046     		mov	r0, r4
 5676 008a FFF7FEFF 		bl	UART_AdvFeatureConfig
 5677 008e CAE7     		b	.L674
 5678              	.L683:
 5679 0090 2268     		ldr	r2, [r4]
 5680 0092 5368     		ldr	r3, [r2, #4]
 5681 0094 23F07F43 		bic	r3, r3, #-16777216
 5682 0098 43EA0663 		orr	r3, r3, r6, lsl #24
 5683 009c 5360     		str	r3, [r2, #4]
 5684 009e D4E7     		b	.L675
 5685              	.L676:
 5686 00a0 0120     		movs	r0, #1
 5687 00a2 7047     		bx	lr
 5688              	.L686:
 5689              		.align	2
 5690              	.L685:
 5691 00a4 00000000 		.word	HAL_UART_MspInit
 5693              		.section	.text.HAL_MultiProcessor_EnableMuteMode,"ax",%progbits
 5694              		.align	1
 5695              		.global	HAL_MultiProcessor_EnableMuteMode
 5696              		.syntax unified
 5697              		.thumb
 5698              		.thumb_func
 5700              	HAL_MultiProcessor_EnableMuteMode:
 5701              		@ args = 0, pretend = 0, frame = 0
 5702              		@ frame_needed = 0, uses_anonymous_args = 0
 5703 0000 08B5     		push	{r3, lr}
 5704 0002 90F88430 		ldrb	r3, [r0, #132]	@ zero_extendqisi2
 5705 0006 012B     		cmp	r3, #1
 5706 0008 14D0     		beq	.L690
 5707 000a 0123     		movs	r3, #1
 5708 000c 80F88430 		strb	r3, [r0, #132]
 5709 0010 2423     		movs	r3, #36
 5710 0012 C0F88830 		str	r3, [r0, #136]
 5711              	.L689:
 5712 0016 0268     		ldr	r2, [r0]
 5713              		.syntax unified
 5714              	@ 1155 "Drivers/CMSIS/Include/cmsis_gcc.h" 1
 5715 0018 52E8003F 		ldrex r3, [r2]
 5716              	@ 0 "" 2
 5717              		.thumb
 5718              		.syntax unified
 5719 001c 43F40053 		orr	r3, r3, #8192
 5720              		.syntax unified
 5721              	@ 1206 "Drivers/CMSIS/Include/cmsis_gcc.h" 1
 5722 0020 42E80031 		strex r1, r3, [r2]
 5723              	@ 0 "" 2
 5724              		.thumb
 5725              		.syntax unified
ARM GAS  C:\Users\Nathan\AppData\Local\Temp\ccfpsmze.s 			page 99


 5726 0024 0029     		cmp	r1, #0
 5727 0026 F6D1     		bne	.L689
 5728 0028 2023     		movs	r3, #32
 5729 002a C0F88830 		str	r3, [r0, #136]
 5730 002e FFF7FEFF 		bl	UART_CheckIdleState
 5731              	.L688:
 5732 0032 08BD     		pop	{r3, pc}
 5733              	.L690:
 5734 0034 0220     		movs	r0, #2
 5735 0036 FCE7     		b	.L688
 5737              		.section	.text.HAL_MultiProcessor_DisableMuteMode,"ax",%progbits
 5738              		.align	1
 5739              		.global	HAL_MultiProcessor_DisableMuteMode
 5740              		.syntax unified
 5741              		.thumb
 5742              		.thumb_func
 5744              	HAL_MultiProcessor_DisableMuteMode:
 5745              		@ args = 0, pretend = 0, frame = 0
 5746              		@ frame_needed = 0, uses_anonymous_args = 0
 5747 0000 08B5     		push	{r3, lr}
 5748 0002 90F88430 		ldrb	r3, [r0, #132]	@ zero_extendqisi2
 5749 0006 012B     		cmp	r3, #1
 5750 0008 14D0     		beq	.L695
 5751 000a 0123     		movs	r3, #1
 5752 000c 80F88430 		strb	r3, [r0, #132]
 5753 0010 2423     		movs	r3, #36
 5754 0012 C0F88830 		str	r3, [r0, #136]
 5755              	.L694:
 5756 0016 0268     		ldr	r2, [r0]
 5757              		.syntax unified
 5758              	@ 1155 "Drivers/CMSIS/Include/cmsis_gcc.h" 1
 5759 0018 52E8003F 		ldrex r3, [r2]
 5760              	@ 0 "" 2
 5761              		.thumb
 5762              		.syntax unified
 5763 001c 23F40053 		bic	r3, r3, #8192
 5764              		.syntax unified
 5765              	@ 1206 "Drivers/CMSIS/Include/cmsis_gcc.h" 1
 5766 0020 42E80031 		strex r1, r3, [r2]
 5767              	@ 0 "" 2
 5768              		.thumb
 5769              		.syntax unified
 5770 0024 0029     		cmp	r1, #0
 5771 0026 F6D1     		bne	.L694
 5772 0028 2023     		movs	r3, #32
 5773 002a C0F88830 		str	r3, [r0, #136]
 5774 002e FFF7FEFF 		bl	UART_CheckIdleState
 5775              	.L693:
 5776 0032 08BD     		pop	{r3, pc}
 5777              	.L695:
 5778 0034 0220     		movs	r0, #2
 5779 0036 FCE7     		b	.L693
 5781              		.section	.text.UART_Start_Receive_IT,"ax",%progbits
 5782              		.align	1
 5783              		.global	UART_Start_Receive_IT
 5784              		.syntax unified
 5785              		.thumb
ARM GAS  C:\Users\Nathan\AppData\Local\Temp\ccfpsmze.s 			page 100


 5786              		.thumb_func
 5788              	UART_Start_Receive_IT:
 5789              		@ args = 0, pretend = 0, frame = 0
 5790              		@ frame_needed = 0, uses_anonymous_args = 0
 5791              		@ link register save eliminated.
 5792 0000 9446     		mov	ip, r2
 5793 0002 8165     		str	r1, [r0, #88]
 5794 0004 A0F85C20 		strh	r2, [r0, #92]	@ movhi
 5795 0008 A0F85E20 		strh	r2, [r0, #94]	@ movhi
 5796 000c 0023     		movs	r3, #0
 5797 000e 4367     		str	r3, [r0, #116]
 5798 0010 8368     		ldr	r3, [r0, #8]
 5799 0012 B3F5805F 		cmp	r3, #4096
 5800 0016 06D0     		beq	.L717
 5801 0018 A3B9     		cbnz	r3, .L701
 5802 001a 0369     		ldr	r3, [r0, #16]
 5803 001c 73B9     		cbnz	r3, .L702
 5804 001e FF23     		movs	r3, #255
 5805 0020 A0F86030 		strh	r3, [r0, #96]	@ movhi
 5806 0024 14E0     		b	.L700
 5807              	.L717:
 5808 0026 0369     		ldr	r3, [r0, #16]
 5809 0028 23B9     		cbnz	r3, .L699
 5810 002a 40F2FF13 		movw	r3, #511
 5811 002e A0F86030 		strh	r3, [r0, #96]	@ movhi
 5812 0032 0DE0     		b	.L700
 5813              	.L699:
 5814 0034 FF23     		movs	r3, #255
 5815 0036 A0F86030 		strh	r3, [r0, #96]	@ movhi
 5816 003a 09E0     		b	.L700
 5817              	.L702:
 5818 003c 7F23     		movs	r3, #127
 5819 003e A0F86030 		strh	r3, [r0, #96]	@ movhi
 5820 0042 05E0     		b	.L700
 5821              	.L701:
 5822 0044 B3F1805F 		cmp	r3, #268435456
 5823 0048 2CD0     		beq	.L718
 5824 004a 0023     		movs	r3, #0
 5825 004c A0F86030 		strh	r3, [r0, #96]	@ movhi
 5826              	.L700:
 5827 0050 0023     		movs	r3, #0
 5828 0052 C0F89030 		str	r3, [r0, #144]
 5829 0056 2223     		movs	r3, #34
 5830 0058 C0F88C30 		str	r3, [r0, #140]
 5831              	.L705:
 5832 005c 0168     		ldr	r1, [r0]
 5833 005e 01F10803 		add	r3, r1, #8
 5834              		.syntax unified
 5835              	@ 1155 "Drivers/CMSIS/Include/cmsis_gcc.h" 1
 5836 0062 53E8003F 		ldrex r3, [r3]
 5837              	@ 0 "" 2
 5838              		.thumb
 5839              		.syntax unified
 5840 0066 43F00103 		orr	r3, r3, #1
 5841 006a 0831     		adds	r1, r1, #8
 5842              		.syntax unified
 5843              	@ 1206 "Drivers/CMSIS/Include/cmsis_gcc.h" 1
ARM GAS  C:\Users\Nathan\AppData\Local\Temp\ccfpsmze.s 			page 101


 5844 006c 41E80032 		strex r2, r3, [r1]
 5845              	@ 0 "" 2
 5846              		.thumb
 5847              		.syntax unified
 5848 0070 002A     		cmp	r2, #0
 5849 0072 F3D1     		bne	.L705
 5850 0074 436E     		ldr	r3, [r0, #100]
 5851 0076 B3F1005F 		cmp	r3, #536870912
 5852 007a 1DD0     		beq	.L719
 5853              	.L706:
 5854 007c 8368     		ldr	r3, [r0, #8]
 5855 007e B3F5805F 		cmp	r3, #4096
 5856 0082 41D0     		beq	.L720
 5857              	.L713:
 5858 0084 284B     		ldr	r3, .L722
 5859 0086 4367     		str	r3, [r0, #116]
 5860              	.L714:
 5861 0088 0369     		ldr	r3, [r0, #16]
 5862 008a 002B     		cmp	r3, #0
 5863 008c 42D0     		beq	.L715
 5864              	.L716:
 5865 008e 0268     		ldr	r2, [r0]
 5866              		.syntax unified
 5867              	@ 1155 "Drivers/CMSIS/Include/cmsis_gcc.h" 1
 5868 0090 52E8003F 		ldrex r3, [r2]
 5869              	@ 0 "" 2
 5870              		.thumb
 5871              		.syntax unified
 5872 0094 43F49073 		orr	r3, r3, #288
 5873              		.syntax unified
 5874              	@ 1206 "Drivers/CMSIS/Include/cmsis_gcc.h" 1
 5875 0098 42E80031 		strex r1, r3, [r2]
 5876              	@ 0 "" 2
 5877              		.thumb
 5878              		.syntax unified
 5879 009c 0029     		cmp	r1, #0
 5880 009e F6D1     		bne	.L716
 5881              	.L712:
 5882 00a0 0020     		movs	r0, #0
 5883 00a2 7047     		bx	lr
 5884              	.L718:
 5885 00a4 0369     		ldr	r3, [r0, #16]
 5886 00a6 1BB9     		cbnz	r3, .L704
 5887 00a8 7F23     		movs	r3, #127
 5888 00aa A0F86030 		strh	r3, [r0, #96]	@ movhi
 5889 00ae CFE7     		b	.L700
 5890              	.L704:
 5891 00b0 3F23     		movs	r3, #63
 5892 00b2 A0F86030 		strh	r3, [r0, #96]	@ movhi
 5893 00b6 CBE7     		b	.L700
 5894              	.L719:
 5895 00b8 B0F86830 		ldrh	r3, [r0, #104]
 5896 00bc 6345     		cmp	r3, ip
 5897 00be DDD8     		bhi	.L706
 5898 00c0 8368     		ldr	r3, [r0, #8]
 5899 00c2 B3F5805F 		cmp	r3, #4096
 5900 00c6 19D0     		beq	.L721
ARM GAS  C:\Users\Nathan\AppData\Local\Temp\ccfpsmze.s 			page 102


 5901              	.L707:
 5902 00c8 184B     		ldr	r3, .L722+4
 5903 00ca 4367     		str	r3, [r0, #116]
 5904              	.L708:
 5905 00cc 0369     		ldr	r3, [r0, #16]
 5906 00ce 43B1     		cbz	r3, .L711
 5907              	.L710:
 5908 00d0 0268     		ldr	r2, [r0]
 5909              		.syntax unified
 5910              	@ 1155 "Drivers/CMSIS/Include/cmsis_gcc.h" 1
 5911 00d2 52E8003F 		ldrex r3, [r2]
 5912              	@ 0 "" 2
 5913              		.thumb
 5914              		.syntax unified
 5915 00d6 43F48073 		orr	r3, r3, #256
 5916              		.syntax unified
 5917              	@ 1206 "Drivers/CMSIS/Include/cmsis_gcc.h" 1
 5918 00da 42E80031 		strex r1, r3, [r2]
 5919              	@ 0 "" 2
 5920              		.thumb
 5921              		.syntax unified
 5922 00de 0029     		cmp	r1, #0
 5923 00e0 F6D1     		bne	.L710
 5924              	.L711:
 5925 00e2 0268     		ldr	r2, [r0]
 5926 00e4 02F10803 		add	r3, r2, #8
 5927              		.syntax unified
 5928              	@ 1155 "Drivers/CMSIS/Include/cmsis_gcc.h" 1
 5929 00e8 53E8003F 		ldrex r3, [r3]
 5930              	@ 0 "" 2
 5931              		.thumb
 5932              		.syntax unified
 5933 00ec 43F08053 		orr	r3, r3, #268435456
 5934 00f0 0832     		adds	r2, r2, #8
 5935              		.syntax unified
 5936              	@ 1206 "Drivers/CMSIS/Include/cmsis_gcc.h" 1
 5937 00f2 42E80031 		strex r1, r3, [r2]
 5938              	@ 0 "" 2
 5939              		.thumb
 5940              		.syntax unified
 5941 00f6 0029     		cmp	r1, #0
 5942 00f8 F3D1     		bne	.L711
 5943 00fa D1E7     		b	.L712
 5944              	.L721:
 5945 00fc 0369     		ldr	r3, [r0, #16]
 5946 00fe 002B     		cmp	r3, #0
 5947 0100 E2D1     		bne	.L707
 5948 0102 0B4B     		ldr	r3, .L722+8
 5949 0104 4367     		str	r3, [r0, #116]
 5950 0106 E1E7     		b	.L708
 5951              	.L720:
 5952 0108 0369     		ldr	r3, [r0, #16]
 5953 010a 002B     		cmp	r3, #0
 5954 010c BAD1     		bne	.L713
 5955 010e 094B     		ldr	r3, .L722+12
 5956 0110 4367     		str	r3, [r0, #116]
 5957 0112 B9E7     		b	.L714
ARM GAS  C:\Users\Nathan\AppData\Local\Temp\ccfpsmze.s 			page 103


 5958              	.L715:
 5959 0114 0268     		ldr	r2, [r0]
 5960              		.syntax unified
 5961              	@ 1155 "Drivers/CMSIS/Include/cmsis_gcc.h" 1
 5962 0116 52E8003F 		ldrex r3, [r2]
 5963              	@ 0 "" 2
 5964              		.thumb
 5965              		.syntax unified
 5966 011a 43F02003 		orr	r3, r3, #32
 5967              		.syntax unified
 5968              	@ 1206 "Drivers/CMSIS/Include/cmsis_gcc.h" 1
 5969 011e 42E80031 		strex r1, r3, [r2]
 5970              	@ 0 "" 2
 5971              		.thumb
 5972              		.syntax unified
 5973 0122 0029     		cmp	r1, #0
 5974 0124 F6D1     		bne	.L715
 5975 0126 BBE7     		b	.L712
 5976              	.L723:
 5977              		.align	2
 5978              	.L722:
 5979 0128 00000000 		.word	UART_RxISR_8BIT
 5980 012c 00000000 		.word	UART_RxISR_8BIT_FIFOEN
 5981 0130 00000000 		.word	UART_RxISR_16BIT_FIFOEN
 5982 0134 00000000 		.word	UART_RxISR_16BIT
 5984              		.section	.text.HAL_UART_Receive_IT,"ax",%progbits
 5985              		.align	1
 5986              		.global	HAL_UART_Receive_IT
 5987              		.syntax unified
 5988              		.thumb
 5989              		.thumb_func
 5991              	HAL_UART_Receive_IT:
 5992              		@ args = 0, pretend = 0, frame = 0
 5993              		@ frame_needed = 0, uses_anonymous_args = 0
 5994 0000 08B5     		push	{r3, lr}
 5995 0002 D0F88C30 		ldr	r3, [r0, #140]
 5996 0006 202B     		cmp	r3, #32
 5997 0008 1AD1     		bne	.L728
 5998 000a D9B1     		cbz	r1, .L729
 5999 000c E2B1     		cbz	r2, .L730
 6000 000e 0023     		movs	r3, #0
 6001 0010 C366     		str	r3, [r0, #108]
 6002 0012 0368     		ldr	r3, [r0]
 6003 0014 DFF834C0 		ldr	ip, .L732
 6004 0018 6345     		cmp	r3, ip
 6005 001a 0ED0     		beq	.L726
 6006 001c 5B68     		ldr	r3, [r3, #4]
 6007 001e 13F4000F 		tst	r3, #8388608
 6008 0022 0AD0     		beq	.L726
 6009              	.L727:
 6010 0024 D0F800C0 		ldr	ip, [r0]
 6011              		.syntax unified
 6012              	@ 1155 "Drivers/CMSIS/Include/cmsis_gcc.h" 1
 6013 0028 5CE8003F 		ldrex r3, [ip]
 6014              	@ 0 "" 2
 6015              		.thumb
 6016              		.syntax unified
ARM GAS  C:\Users\Nathan\AppData\Local\Temp\ccfpsmze.s 			page 104


 6017 002c 43F08063 		orr	r3, r3, #67108864
 6018              		.syntax unified
 6019              	@ 1206 "Drivers/CMSIS/Include/cmsis_gcc.h" 1
 6020 0030 4CE8003E 		strex lr, r3, [ip]
 6021              	@ 0 "" 2
 6022              		.thumb
 6023              		.syntax unified
 6024 0034 BEF1000F 		cmp	lr, #0
 6025 0038 F4D1     		bne	.L727
 6026              	.L726:
 6027 003a FFF7FEFF 		bl	UART_Start_Receive_IT
 6028 003e 00E0     		b	.L725
 6029              	.L728:
 6030 0040 0220     		movs	r0, #2
 6031              	.L725:
 6032 0042 08BD     		pop	{r3, pc}
 6033              	.L729:
 6034 0044 0120     		movs	r0, #1
 6035 0046 FCE7     		b	.L725
 6036              	.L730:
 6037 0048 0120     		movs	r0, #1
 6038 004a FAE7     		b	.L725
 6039              	.L733:
 6040              		.align	2
 6041              	.L732:
 6042 004c 00800040 		.word	1073774592
 6044              		.section	.text.UART_Start_Receive_DMA,"ax",%progbits
 6045              		.align	1
 6046              		.global	UART_Start_Receive_DMA
 6047              		.syntax unified
 6048              		.thumb
 6049              		.thumb_func
 6051              	UART_Start_Receive_DMA:
 6052              		@ args = 0, pretend = 0, frame = 0
 6053              		@ frame_needed = 0, uses_anonymous_args = 0
 6054 0000 10B5     		push	{r4, lr}
 6055 0002 0446     		mov	r4, r0
 6056 0004 1346     		mov	r3, r2
 6057 0006 8165     		str	r1, [r0, #88]
 6058 0008 A0F85C20 		strh	r2, [r0, #92]	@ movhi
 6059 000c 0022     		movs	r2, #0
 6060 000e C0F89020 		str	r2, [r0, #144]
 6061 0012 2222     		movs	r2, #34
 6062 0014 C0F88C20 		str	r2, [r0, #140]
 6063 0018 D0F88020 		ldr	r2, [r0, #128]
 6064 001c AAB1     		cbz	r2, .L735
 6065 001e 2149     		ldr	r1, .L743
 6066 0020 D162     		str	r1, [r2, #44]
 6067 0022 D0F88020 		ldr	r2, [r0, #128]
 6068 0026 2049     		ldr	r1, .L743+4
 6069 0028 1163     		str	r1, [r2, #48]
 6070 002a D0F88020 		ldr	r2, [r0, #128]
 6071 002e 1F49     		ldr	r1, .L743+8
 6072 0030 5163     		str	r1, [r2, #52]
 6073 0032 D0F88020 		ldr	r2, [r0, #128]
 6074 0036 0021     		movs	r1, #0
 6075 0038 9163     		str	r1, [r2, #56]
ARM GAS  C:\Users\Nathan\AppData\Local\Temp\ccfpsmze.s 			page 105


 6076 003a 0168     		ldr	r1, [r0]
 6077 003c 826D     		ldr	r2, [r0, #88]
 6078 003e 2431     		adds	r1, r1, #36
 6079 0040 D0F88000 		ldr	r0, [r0, #128]
 6080 0044 FFF7FEFF 		bl	HAL_DMA_Start_IT
 6081 0048 20BB     		cbnz	r0, .L742
 6082              	.L735:
 6083 004a 2369     		ldr	r3, [r4, #16]
 6084 004c 43B1     		cbz	r3, .L739
 6085              	.L738:
 6086 004e 2268     		ldr	r2, [r4]
 6087              		.syntax unified
 6088              	@ 1155 "Drivers/CMSIS/Include/cmsis_gcc.h" 1
 6089 0050 52E8003F 		ldrex r3, [r2]
 6090              	@ 0 "" 2
 6091              		.thumb
 6092              		.syntax unified
 6093 0054 43F48073 		orr	r3, r3, #256
 6094              		.syntax unified
 6095              	@ 1206 "Drivers/CMSIS/Include/cmsis_gcc.h" 1
 6096 0058 42E80031 		strex r1, r3, [r2]
 6097              	@ 0 "" 2
 6098              		.thumb
 6099              		.syntax unified
 6100 005c 0029     		cmp	r1, #0
 6101 005e F6D1     		bne	.L738
 6102              	.L739:
 6103 0060 2268     		ldr	r2, [r4]
 6104 0062 02F10803 		add	r3, r2, #8
 6105              		.syntax unified
 6106              	@ 1155 "Drivers/CMSIS/Include/cmsis_gcc.h" 1
 6107 0066 53E8003F 		ldrex r3, [r3]
 6108              	@ 0 "" 2
 6109              		.thumb
 6110              		.syntax unified
 6111 006a 43F00103 		orr	r3, r3, #1
 6112 006e 0832     		adds	r2, r2, #8
 6113              		.syntax unified
 6114              	@ 1206 "Drivers/CMSIS/Include/cmsis_gcc.h" 1
 6115 0070 42E80031 		strex r1, r3, [r2]
 6116              	@ 0 "" 2
 6117              		.thumb
 6118              		.syntax unified
 6119 0074 0029     		cmp	r1, #0
 6120 0076 F3D1     		bne	.L739
 6121              	.L740:
 6122 0078 2268     		ldr	r2, [r4]
 6123 007a 02F10803 		add	r3, r2, #8
 6124              		.syntax unified
 6125              	@ 1155 "Drivers/CMSIS/Include/cmsis_gcc.h" 1
 6126 007e 53E8003F 		ldrex r3, [r3]
 6127              	@ 0 "" 2
 6128              		.thumb
 6129              		.syntax unified
 6130 0082 43F04003 		orr	r3, r3, #64
 6131 0086 0832     		adds	r2, r2, #8
 6132              		.syntax unified
ARM GAS  C:\Users\Nathan\AppData\Local\Temp\ccfpsmze.s 			page 106


 6133              	@ 1206 "Drivers/CMSIS/Include/cmsis_gcc.h" 1
 6134 0088 42E80031 		strex r1, r3, [r2]
 6135              	@ 0 "" 2
 6136              		.thumb
 6137              		.syntax unified
 6138 008c 0029     		cmp	r1, #0
 6139 008e F3D1     		bne	.L740
 6140 0090 0846     		mov	r0, r1
 6141              	.L736:
 6142 0092 10BD     		pop	{r4, pc}
 6143              	.L742:
 6144 0094 1023     		movs	r3, #16
 6145 0096 C4F89030 		str	r3, [r4, #144]
 6146 009a 2023     		movs	r3, #32
 6147 009c C4F88C30 		str	r3, [r4, #140]
 6148 00a0 0120     		movs	r0, #1
 6149 00a2 F6E7     		b	.L736
 6150              	.L744:
 6151              		.align	2
 6152              	.L743:
 6153 00a4 00000000 		.word	UART_DMAReceiveCplt
 6154 00a8 00000000 		.word	UART_DMARxHalfCplt
 6155 00ac 00000000 		.word	UART_DMAError
 6157              		.section	.text.HAL_UART_Receive_DMA,"ax",%progbits
 6158              		.align	1
 6159              		.global	HAL_UART_Receive_DMA
 6160              		.syntax unified
 6161              		.thumb
 6162              		.thumb_func
 6164              	HAL_UART_Receive_DMA:
 6165              		@ args = 0, pretend = 0, frame = 0
 6166              		@ frame_needed = 0, uses_anonymous_args = 0
 6167 0000 08B5     		push	{r3, lr}
 6168 0002 D0F88C30 		ldr	r3, [r0, #140]
 6169 0006 202B     		cmp	r3, #32
 6170 0008 1AD1     		bne	.L749
 6171 000a D9B1     		cbz	r1, .L750
 6172 000c E2B1     		cbz	r2, .L751
 6173 000e 0023     		movs	r3, #0
 6174 0010 C366     		str	r3, [r0, #108]
 6175 0012 0368     		ldr	r3, [r0]
 6176 0014 DFF834C0 		ldr	ip, .L753
 6177 0018 6345     		cmp	r3, ip
 6178 001a 0ED0     		beq	.L747
 6179 001c 5B68     		ldr	r3, [r3, #4]
 6180 001e 13F4000F 		tst	r3, #8388608
 6181 0022 0AD0     		beq	.L747
 6182              	.L748:
 6183 0024 D0F800C0 		ldr	ip, [r0]
 6184              		.syntax unified
 6185              	@ 1155 "Drivers/CMSIS/Include/cmsis_gcc.h" 1
 6186 0028 5CE8003F 		ldrex r3, [ip]
 6187              	@ 0 "" 2
 6188              		.thumb
 6189              		.syntax unified
 6190 002c 43F08063 		orr	r3, r3, #67108864
 6191              		.syntax unified
ARM GAS  C:\Users\Nathan\AppData\Local\Temp\ccfpsmze.s 			page 107


 6192              	@ 1206 "Drivers/CMSIS/Include/cmsis_gcc.h" 1
 6193 0030 4CE8003E 		strex lr, r3, [ip]
 6194              	@ 0 "" 2
 6195              		.thumb
 6196              		.syntax unified
 6197 0034 BEF1000F 		cmp	lr, #0
 6198 0038 F4D1     		bne	.L748
 6199              	.L747:
 6200 003a FFF7FEFF 		bl	UART_Start_Receive_DMA
 6201 003e 00E0     		b	.L746
 6202              	.L749:
 6203 0040 0220     		movs	r0, #2
 6204              	.L746:
 6205 0042 08BD     		pop	{r3, pc}
 6206              	.L750:
 6207 0044 0120     		movs	r0, #1
 6208 0046 FCE7     		b	.L746
 6209              	.L751:
 6210 0048 0120     		movs	r0, #1
 6211 004a FAE7     		b	.L746
 6212              	.L754:
 6213              		.align	2
 6214              	.L753:
 6215 004c 00800040 		.word	1073774592
 6217              		.global	UARTPrescTable
 6218              		.section	.rodata.UARTPrescTable,"a"
 6219              		.align	2
 6222              	UARTPrescTable:
 6223 0000 0100     		.short	1
 6224 0002 0200     		.short	2
 6225 0004 0400     		.short	4
 6226 0006 0600     		.short	6
 6227 0008 0800     		.short	8
 6228 000a 0A00     		.short	10
 6229 000c 0C00     		.short	12
 6230 000e 1000     		.short	16
 6231 0010 2000     		.short	32
 6232 0012 4000     		.short	64
 6233 0014 8000     		.short	128
 6234 0016 0001     		.short	256
 6235              		.global	__aeabi_uldivmod
 6236              		.ident	"GCC: (xPack GNU Arm Embedded GCC x86_64) 15.2.1 20251203"
ARM GAS  C:\Users\Nathan\AppData\Local\Temp\ccfpsmze.s 			page 108


DEFINED SYMBOLS
                            *ABS*:00000000 stm32wbxx_hal_uart.c
C:\Users\Nathan\AppData\Local\Temp\ccfpsmze.s:18     .text.HAL_UART_MspInit:00000000 $t
C:\Users\Nathan\AppData\Local\Temp\ccfpsmze.s:24     .text.HAL_UART_MspInit:00000000 HAL_UART_MspInit
C:\Users\Nathan\AppData\Local\Temp\ccfpsmze.s:31     .text.HAL_UART_MspDeInit:00000000 $t
C:\Users\Nathan\AppData\Local\Temp\ccfpsmze.s:37     .text.HAL_UART_MspDeInit:00000000 HAL_UART_MspDeInit
C:\Users\Nathan\AppData\Local\Temp\ccfpsmze.s:44     .text.HAL_UART_TxCpltCallback:00000000 $t
C:\Users\Nathan\AppData\Local\Temp\ccfpsmze.s:50     .text.HAL_UART_TxCpltCallback:00000000 HAL_UART_TxCpltCallback
C:\Users\Nathan\AppData\Local\Temp\ccfpsmze.s:57     .text.HAL_UART_TxHalfCpltCallback:00000000 $t
C:\Users\Nathan\AppData\Local\Temp\ccfpsmze.s:63     .text.HAL_UART_TxHalfCpltCallback:00000000 HAL_UART_TxHalfCpltCallback
C:\Users\Nathan\AppData\Local\Temp\ccfpsmze.s:70     .text.HAL_UART_RxCpltCallback:00000000 $t
C:\Users\Nathan\AppData\Local\Temp\ccfpsmze.s:76     .text.HAL_UART_RxCpltCallback:00000000 HAL_UART_RxCpltCallback
C:\Users\Nathan\AppData\Local\Temp\ccfpsmze.s:83     .text.HAL_UART_RxHalfCpltCallback:00000000 $t
C:\Users\Nathan\AppData\Local\Temp\ccfpsmze.s:89     .text.HAL_UART_RxHalfCpltCallback:00000000 HAL_UART_RxHalfCpltCallback
C:\Users\Nathan\AppData\Local\Temp\ccfpsmze.s:96     .text.HAL_UART_ErrorCallback:00000000 $t
C:\Users\Nathan\AppData\Local\Temp\ccfpsmze.s:102    .text.HAL_UART_ErrorCallback:00000000 HAL_UART_ErrorCallback
C:\Users\Nathan\AppData\Local\Temp\ccfpsmze.s:109    .text.HAL_UART_AbortCpltCallback:00000000 $t
C:\Users\Nathan\AppData\Local\Temp\ccfpsmze.s:115    .text.HAL_UART_AbortCpltCallback:00000000 HAL_UART_AbortCpltCallback
C:\Users\Nathan\AppData\Local\Temp\ccfpsmze.s:122    .text.HAL_UART_AbortTransmitCpltCallback:00000000 $t
C:\Users\Nathan\AppData\Local\Temp\ccfpsmze.s:128    .text.HAL_UART_AbortTransmitCpltCallback:00000000 HAL_UART_AbortTransmitCpltCallback
C:\Users\Nathan\AppData\Local\Temp\ccfpsmze.s:135    .text.HAL_UART_AbortReceiveCpltCallback:00000000 $t
C:\Users\Nathan\AppData\Local\Temp\ccfpsmze.s:141    .text.HAL_UART_AbortReceiveCpltCallback:00000000 HAL_UART_AbortReceiveCpltCallback
C:\Users\Nathan\AppData\Local\Temp\ccfpsmze.s:148    .text.HAL_UARTEx_RxEventCallback:00000000 $t
C:\Users\Nathan\AppData\Local\Temp\ccfpsmze.s:154    .text.HAL_UARTEx_RxEventCallback:00000000 HAL_UARTEx_RxEventCallback
C:\Users\Nathan\AppData\Local\Temp\ccfpsmze.s:161    .text.UART_EndTxTransfer:00000000 $t
C:\Users\Nathan\AppData\Local\Temp\ccfpsmze.s:166    .text.UART_EndTxTransfer:00000000 UART_EndTxTransfer
C:\Users\Nathan\AppData\Local\Temp\ccfpsmze.s:211    .text.UART_EndRxTransfer:00000000 $t
C:\Users\Nathan\AppData\Local\Temp\ccfpsmze.s:216    .text.UART_EndRxTransfer:00000000 UART_EndRxTransfer
C:\Users\Nathan\AppData\Local\Temp\ccfpsmze.s:287    .text.UART_DMATransmitCplt:00000000 $t
C:\Users\Nathan\AppData\Local\Temp\ccfpsmze.s:292    .text.UART_DMATransmitCplt:00000000 UART_DMATransmitCplt
C:\Users\Nathan\AppData\Local\Temp\ccfpsmze.s:348    .text.UART_DMATxHalfCplt:00000000 $t
C:\Users\Nathan\AppData\Local\Temp\ccfpsmze.s:353    .text.UART_DMATxHalfCplt:00000000 UART_DMATxHalfCplt
C:\Users\Nathan\AppData\Local\Temp\ccfpsmze.s:363    .text.UART_DMAReceiveCplt:00000000 $t
C:\Users\Nathan\AppData\Local\Temp\ccfpsmze.s:368    .text.UART_DMAReceiveCplt:00000000 UART_DMAReceiveCplt
C:\Users\Nathan\AppData\Local\Temp\ccfpsmze.s:488    .text.UART_DMARxHalfCplt:00000000 $t
C:\Users\Nathan\AppData\Local\Temp\ccfpsmze.s:493    .text.UART_DMARxHalfCplt:00000000 UART_DMARxHalfCplt
C:\Users\Nathan\AppData\Local\Temp\ccfpsmze.s:528    .text.UART_DMAError:00000000 $t
C:\Users\Nathan\AppData\Local\Temp\ccfpsmze.s:533    .text.UART_DMAError:00000000 UART_DMAError
C:\Users\Nathan\AppData\Local\Temp\ccfpsmze.s:576    .text.UART_DMAAbortOnError:00000000 $t
C:\Users\Nathan\AppData\Local\Temp\ccfpsmze.s:581    .text.UART_DMAAbortOnError:00000000 UART_DMAAbortOnError
C:\Users\Nathan\AppData\Local\Temp\ccfpsmze.s:593    .text.UART_DMATxAbortCallback:00000000 $t
C:\Users\Nathan\AppData\Local\Temp\ccfpsmze.s:598    .text.UART_DMATxAbortCallback:00000000 UART_DMATxAbortCallback
C:\Users\Nathan\AppData\Local\Temp\ccfpsmze.s:638    .text.UART_DMARxAbortCallback:00000000 $t
C:\Users\Nathan\AppData\Local\Temp\ccfpsmze.s:643    .text.UART_DMARxAbortCallback:00000000 UART_DMARxAbortCallback
C:\Users\Nathan\AppData\Local\Temp\ccfpsmze.s:676    .text.UART_DMATxOnlyAbortCallback:00000000 $t
C:\Users\Nathan\AppData\Local\Temp\ccfpsmze.s:681    .text.UART_DMATxOnlyAbortCallback:00000000 UART_DMATxOnlyAbortCallback
C:\Users\Nathan\AppData\Local\Temp\ccfpsmze.s:705    .text.UART_DMARxOnlyAbortCallback:00000000 $t
C:\Users\Nathan\AppData\Local\Temp\ccfpsmze.s:710    .text.UART_DMARxOnlyAbortCallback:00000000 UART_DMARxOnlyAbortCallback
C:\Users\Nathan\AppData\Local\Temp\ccfpsmze.s:732    .text.UART_TxISR_8BIT:00000000 $t
C:\Users\Nathan\AppData\Local\Temp\ccfpsmze.s:737    .text.UART_TxISR_8BIT:00000000 UART_TxISR_8BIT
C:\Users\Nathan\AppData\Local\Temp\ccfpsmze.s:801    .text.UART_TxISR_16BIT:00000000 $t
C:\Users\Nathan\AppData\Local\Temp\ccfpsmze.s:806    .text.UART_TxISR_16BIT:00000000 UART_TxISR_16BIT
C:\Users\Nathan\AppData\Local\Temp\ccfpsmze.s:871    .text.UART_TxISR_8BIT_FIFOEN:00000000 $t
C:\Users\Nathan\AppData\Local\Temp\ccfpsmze.s:876    .text.UART_TxISR_8BIT_FIFOEN:00000000 UART_TxISR_8BIT_FIFOEN
C:\Users\Nathan\AppData\Local\Temp\ccfpsmze.s:953    .text.UART_TxISR_16BIT_FIFOEN:00000000 $t
C:\Users\Nathan\AppData\Local\Temp\ccfpsmze.s:958    .text.UART_TxISR_16BIT_FIFOEN:00000000 UART_TxISR_16BIT_FIFOEN
C:\Users\Nathan\AppData\Local\Temp\ccfpsmze.s:1036   .text.UART_EndTransmit_IT:00000000 $t
ARM GAS  C:\Users\Nathan\AppData\Local\Temp\ccfpsmze.s 			page 109


C:\Users\Nathan\AppData\Local\Temp\ccfpsmze.s:1041   .text.UART_EndTransmit_IT:00000000 UART_EndTransmit_IT
C:\Users\Nathan\AppData\Local\Temp\ccfpsmze.s:1070   .text.UART_RxISR_8BIT:00000000 $t
C:\Users\Nathan\AppData\Local\Temp\ccfpsmze.s:1075   .text.UART_RxISR_8BIT:00000000 UART_RxISR_8BIT
C:\Users\Nathan\AppData\Local\Temp\ccfpsmze.s:1213   .text.UART_RxISR_8BIT:000000d8 $d
C:\Users\Nathan\AppData\Local\Temp\ccfpsmze.s:1216   .text.UART_RxISR_16BIT:00000000 $t
C:\Users\Nathan\AppData\Local\Temp\ccfpsmze.s:1221   .text.UART_RxISR_16BIT:00000000 UART_RxISR_16BIT
C:\Users\Nathan\AppData\Local\Temp\ccfpsmze.s:1358   .text.UART_RxISR_16BIT:000000d8 $d
C:\Users\Nathan\AppData\Local\Temp\ccfpsmze.s:1361   .text.UART_RxISR_8BIT_FIFOEN:00000000 $t
C:\Users\Nathan\AppData\Local\Temp\ccfpsmze.s:1366   .text.UART_RxISR_8BIT_FIFOEN:00000000 UART_RxISR_8BIT_FIFOEN
C:\Users\Nathan\AppData\Local\Temp\ccfpsmze.s:1611   .text.UART_RxISR_8BIT_FIFOEN:000001bc $d
C:\Users\Nathan\AppData\Local\Temp\ccfpsmze.s:1615   .text.UART_RxISR_16BIT_FIFOEN:00000000 $t
C:\Users\Nathan\AppData\Local\Temp\ccfpsmze.s:1620   .text.UART_RxISR_16BIT_FIFOEN:00000000 UART_RxISR_16BIT_FIFOEN
C:\Users\Nathan\AppData\Local\Temp\ccfpsmze.s:1863   .text.UART_RxISR_16BIT_FIFOEN:000001bc $d
C:\Users\Nathan\AppData\Local\Temp\ccfpsmze.s:1867   .text.HAL_UART_DeInit:00000000 $t
C:\Users\Nathan\AppData\Local\Temp\ccfpsmze.s:1873   .text.HAL_UART_DeInit:00000000 HAL_UART_DeInit
C:\Users\Nathan\AppData\Local\Temp\ccfpsmze.s:1916   .text.HAL_UART_DeInit:00000058 $d
C:\Users\Nathan\AppData\Local\Temp\ccfpsmze.s:1919   .text.HAL_UART_RegisterCallback:00000000 $t
C:\Users\Nathan\AppData\Local\Temp\ccfpsmze.s:1925   .text.HAL_UART_RegisterCallback:00000000 HAL_UART_RegisterCallback
C:\Users\Nathan\AppData\Local\Temp\ccfpsmze.s:2054   .text.HAL_UART_UnRegisterCallback:00000000 $t
C:\Users\Nathan\AppData\Local\Temp\ccfpsmze.s:2060   .text.HAL_UART_UnRegisterCallback:00000000 HAL_UART_UnRegisterCallback
C:\Users\Nathan\AppData\Local\Temp\ccfpsmze.s:2198   .text.HAL_UART_UnRegisterCallback:00000118 $d
C:\Users\Nathan\AppData\Local\Temp\ccfpsmze.s:2213   .text.HAL_UART_RegisterRxEventCallback:00000000 $t
C:\Users\Nathan\AppData\Local\Temp\ccfpsmze.s:2219   .text.HAL_UART_RegisterRxEventCallback:00000000 HAL_UART_RegisterRxEventCallback
C:\Users\Nathan\AppData\Local\Temp\ccfpsmze.s:2244   .text.HAL_UART_UnRegisterRxEventCallback:00000000 $t
C:\Users\Nathan\AppData\Local\Temp\ccfpsmze.s:2250   .text.HAL_UART_UnRegisterRxEventCallback:00000000 HAL_UART_UnRegisterRxEventCallback
C:\Users\Nathan\AppData\Local\Temp\ccfpsmze.s:2270   .text.HAL_UART_UnRegisterRxEventCallback:00000024 $d
C:\Users\Nathan\AppData\Local\Temp\ccfpsmze.s:2273   .text.HAL_UART_Transmit_IT:00000000 $t
C:\Users\Nathan\AppData\Local\Temp\ccfpsmze.s:2279   .text.HAL_UART_Transmit_IT:00000000 HAL_UART_Transmit_IT
C:\Users\Nathan\AppData\Local\Temp\ccfpsmze.s:2380   .text.HAL_UART_Transmit_IT:0000009c $d
C:\Users\Nathan\AppData\Local\Temp\ccfpsmze.s:2386   .text.HAL_UART_Transmit_DMA:00000000 $t
C:\Users\Nathan\AppData\Local\Temp\ccfpsmze.s:2392   .text.HAL_UART_Transmit_DMA:00000000 HAL_UART_Transmit_DMA
C:\Users\Nathan\AppData\Local\Temp\ccfpsmze.s:2475   .text.HAL_UART_Transmit_DMA:00000094 $d
C:\Users\Nathan\AppData\Local\Temp\ccfpsmze.s:2480   .text.HAL_UART_DMAPause:00000000 $t
C:\Users\Nathan\AppData\Local\Temp\ccfpsmze.s:2486   .text.HAL_UART_DMAPause:00000000 HAL_UART_DMAPause
C:\Users\Nathan\AppData\Local\Temp\ccfpsmze.s:2586   .text.HAL_UART_DMAResume:00000000 $t
C:\Users\Nathan\AppData\Local\Temp\ccfpsmze.s:2592   .text.HAL_UART_DMAResume:00000000 HAL_UART_DMAResume
C:\Users\Nathan\AppData\Local\Temp\ccfpsmze.s:2690   .text.HAL_UART_DMAStop:00000000 $t
C:\Users\Nathan\AppData\Local\Temp\ccfpsmze.s:2696   .text.HAL_UART_DMAStop:00000000 HAL_UART_DMAStop
C:\Users\Nathan\AppData\Local\Temp\ccfpsmze.s:2798   .text.HAL_UART_Abort:00000000 $t
C:\Users\Nathan\AppData\Local\Temp\ccfpsmze.s:2804   .text.HAL_UART_Abort:00000000 HAL_UART_Abort
C:\Users\Nathan\AppData\Local\Temp\ccfpsmze.s:2977   .text.HAL_UART_AbortTransmit:00000000 $t
C:\Users\Nathan\AppData\Local\Temp\ccfpsmze.s:2983   .text.HAL_UART_AbortTransmit:00000000 HAL_UART_AbortTransmit
C:\Users\Nathan\AppData\Local\Temp\ccfpsmze.s:3082   .text.HAL_UART_AbortReceive:00000000 $t
C:\Users\Nathan\AppData\Local\Temp\ccfpsmze.s:3088   .text.HAL_UART_AbortReceive:00000000 HAL_UART_AbortReceive
C:\Users\Nathan\AppData\Local\Temp\ccfpsmze.s:3207   .text.HAL_UART_Abort_IT:00000000 $t
C:\Users\Nathan\AppData\Local\Temp\ccfpsmze.s:3213   .text.HAL_UART_Abort_IT:00000000 HAL_UART_Abort_IT
C:\Users\Nathan\AppData\Local\Temp\ccfpsmze.s:3418   .text.HAL_UART_Abort_IT:00000150 $d
C:\Users\Nathan\AppData\Local\Temp\ccfpsmze.s:3422   .text.HAL_UART_AbortTransmit_IT:00000000 $t
C:\Users\Nathan\AppData\Local\Temp\ccfpsmze.s:3428   .text.HAL_UART_AbortTransmit_IT:00000000 HAL_UART_AbortTransmit_IT
C:\Users\Nathan\AppData\Local\Temp\ccfpsmze.s:3536   .text.HAL_UART_AbortTransmit_IT:000000ac $d
C:\Users\Nathan\AppData\Local\Temp\ccfpsmze.s:3539   .text.HAL_UART_AbortReceive_IT:00000000 $t
C:\Users\Nathan\AppData\Local\Temp\ccfpsmze.s:3545   .text.HAL_UART_AbortReceive_IT:00000000 HAL_UART_AbortReceive_IT
C:\Users\Nathan\AppData\Local\Temp\ccfpsmze.s:3679   .text.HAL_UART_AbortReceive_IT:000000d8 $d
C:\Users\Nathan\AppData\Local\Temp\ccfpsmze.s:3682   .text.HAL_UART_IRQHandler:00000000 $t
C:\Users\Nathan\AppData\Local\Temp\ccfpsmze.s:3688   .text.HAL_UART_IRQHandler:00000000 HAL_UART_IRQHandler
C:\Users\Nathan\AppData\Local\Temp\ccfpsmze.s:4119   .text.HAL_UART_IRQHandler:00000378 $d
C:\Users\Nathan\AppData\Local\Temp\ccfpsmze.s:4124   .text.HAL_UART_ReceiverTimeout_Config:00000000 $t
ARM GAS  C:\Users\Nathan\AppData\Local\Temp\ccfpsmze.s 			page 110


C:\Users\Nathan\AppData\Local\Temp\ccfpsmze.s:4130   .text.HAL_UART_ReceiverTimeout_Config:00000000 HAL_UART_ReceiverTimeout_Config
C:\Users\Nathan\AppData\Local\Temp\ccfpsmze.s:4147   .text.HAL_UART_ReceiverTimeout_Config:00000014 $d
C:\Users\Nathan\AppData\Local\Temp\ccfpsmze.s:4150   .text.HAL_UART_EnableReceiverTimeout:00000000 $t
C:\Users\Nathan\AppData\Local\Temp\ccfpsmze.s:4156   .text.HAL_UART_EnableReceiverTimeout:00000000 HAL_UART_EnableReceiverTimeout
C:\Users\Nathan\AppData\Local\Temp\ccfpsmze.s:4195   .text.HAL_UART_EnableReceiverTimeout:00000048 $d
C:\Users\Nathan\AppData\Local\Temp\ccfpsmze.s:4198   .text.HAL_UART_DisableReceiverTimeout:00000000 $t
C:\Users\Nathan\AppData\Local\Temp\ccfpsmze.s:4204   .text.HAL_UART_DisableReceiverTimeout:00000000 HAL_UART_DisableReceiverTimeout
C:\Users\Nathan\AppData\Local\Temp\ccfpsmze.s:4243   .text.HAL_UART_DisableReceiverTimeout:00000048 $d
C:\Users\Nathan\AppData\Local\Temp\ccfpsmze.s:4246   .text.HAL_MultiProcessor_EnterMuteMode:00000000 $t
C:\Users\Nathan\AppData\Local\Temp\ccfpsmze.s:4252   .text.HAL_MultiProcessor_EnterMuteMode:00000000 HAL_MultiProcessor_EnterMuteMode
C:\Users\Nathan\AppData\Local\Temp\ccfpsmze.s:4263   .text.HAL_HalfDuplex_EnableTransmitter:00000000 $t
C:\Users\Nathan\AppData\Local\Temp\ccfpsmze.s:4269   .text.HAL_HalfDuplex_EnableTransmitter:00000000 HAL_HalfDuplex_EnableTransmitter
C:\Users\Nathan\AppData\Local\Temp\ccfpsmze.s:4324   .text.HAL_HalfDuplex_EnableReceiver:00000000 $t
C:\Users\Nathan\AppData\Local\Temp\ccfpsmze.s:4330   .text.HAL_HalfDuplex_EnableReceiver:00000000 HAL_HalfDuplex_EnableReceiver
C:\Users\Nathan\AppData\Local\Temp\ccfpsmze.s:4385   .text.HAL_LIN_SendBreak:00000000 $t
C:\Users\Nathan\AppData\Local\Temp\ccfpsmze.s:4391   .text.HAL_LIN_SendBreak:00000000 HAL_LIN_SendBreak
C:\Users\Nathan\AppData\Local\Temp\ccfpsmze.s:4417   .text.HAL_UART_GetState:00000000 $t
C:\Users\Nathan\AppData\Local\Temp\ccfpsmze.s:4423   .text.HAL_UART_GetState:00000000 HAL_UART_GetState
C:\Users\Nathan\AppData\Local\Temp\ccfpsmze.s:4433   .text.HAL_UART_GetError:00000000 $t
C:\Users\Nathan\AppData\Local\Temp\ccfpsmze.s:4439   .text.HAL_UART_GetError:00000000 HAL_UART_GetError
C:\Users\Nathan\AppData\Local\Temp\ccfpsmze.s:4447   .text.UART_InitCallbacksToDefault:00000000 $t
C:\Users\Nathan\AppData\Local\Temp\ccfpsmze.s:4453   .text.UART_InitCallbacksToDefault:00000000 UART_InitCallbacksToDefault
C:\Users\Nathan\AppData\Local\Temp\ccfpsmze.s:4485   .text.UART_InitCallbacksToDefault:0000004c $d
C:\Users\Nathan\AppData\Local\Temp\ccfpsmze.s:4499   .text.UART_SetConfig:00000000 $t
C:\Users\Nathan\AppData\Local\Temp\ccfpsmze.s:4505   .text.UART_SetConfig:00000000 UART_SetConfig
C:\Users\Nathan\AppData\Local\Temp\ccfpsmze.s:4794   .text.UART_SetConfig:00000250 $d
C:\Users\Nathan\AppData\Local\Temp\ccfpsmze.s:6222   .rodata.UARTPrescTable:00000000 UARTPrescTable
C:\Users\Nathan\AppData\Local\Temp\ccfpsmze.s:4802   .text.UART_AdvFeatureConfig:00000000 $t
C:\Users\Nathan\AppData\Local\Temp\ccfpsmze.s:4808   .text.UART_AdvFeatureConfig:00000000 UART_AdvFeatureConfig
C:\Users\Nathan\AppData\Local\Temp\ccfpsmze.s:4906   .text.UART_WaitOnFlagUntilTimeout:00000000 $t
C:\Users\Nathan\AppData\Local\Temp\ccfpsmze.s:4912   .text.UART_WaitOnFlagUntilTimeout:00000000 UART_WaitOnFlagUntilTimeout
C:\Users\Nathan\AppData\Local\Temp\ccfpsmze.s:4984   .text.HAL_UART_Transmit:00000000 $t
C:\Users\Nathan\AppData\Local\Temp\ccfpsmze.s:4990   .text.HAL_UART_Transmit:00000000 HAL_UART_Transmit
C:\Users\Nathan\AppData\Local\Temp\ccfpsmze.s:5096   .text.HAL_UART_Receive:00000000 $t
C:\Users\Nathan\AppData\Local\Temp\ccfpsmze.s:5102   .text.HAL_UART_Receive:00000000 HAL_UART_Receive
C:\Users\Nathan\AppData\Local\Temp\ccfpsmze.s:5239   .text.UART_CheckIdleState:00000000 $t
C:\Users\Nathan\AppData\Local\Temp\ccfpsmze.s:5245   .text.UART_CheckIdleState:00000000 UART_CheckIdleState
C:\Users\Nathan\AppData\Local\Temp\ccfpsmze.s:5361   .text.HAL_UART_Init:00000000 $t
C:\Users\Nathan\AppData\Local\Temp\ccfpsmze.s:5367   .text.HAL_UART_Init:00000000 HAL_UART_Init
C:\Users\Nathan\AppData\Local\Temp\ccfpsmze.s:5430   .text.HAL_UART_Init:00000080 $d
C:\Users\Nathan\AppData\Local\Temp\ccfpsmze.s:5433   .text.HAL_HalfDuplex_Init:00000000 $t
C:\Users\Nathan\AppData\Local\Temp\ccfpsmze.s:5439   .text.HAL_HalfDuplex_Init:00000000 HAL_HalfDuplex_Init
C:\Users\Nathan\AppData\Local\Temp\ccfpsmze.s:5506   .text.HAL_HalfDuplex_Init:00000088 $d
C:\Users\Nathan\AppData\Local\Temp\ccfpsmze.s:5509   .text.HAL_LIN_Init:00000000 $t
C:\Users\Nathan\AppData\Local\Temp\ccfpsmze.s:5515   .text.HAL_LIN_Init:00000000 HAL_LIN_Init
C:\Users\Nathan\AppData\Local\Temp\ccfpsmze.s:5602   .text.HAL_LIN_Init:000000b0 $d
C:\Users\Nathan\AppData\Local\Temp\ccfpsmze.s:5605   .text.HAL_MultiProcessor_Init:00000000 $t
C:\Users\Nathan\AppData\Local\Temp\ccfpsmze.s:5611   .text.HAL_MultiProcessor_Init:00000000 HAL_MultiProcessor_Init
C:\Users\Nathan\AppData\Local\Temp\ccfpsmze.s:5691   .text.HAL_MultiProcessor_Init:000000a4 $d
C:\Users\Nathan\AppData\Local\Temp\ccfpsmze.s:5694   .text.HAL_MultiProcessor_EnableMuteMode:00000000 $t
C:\Users\Nathan\AppData\Local\Temp\ccfpsmze.s:5700   .text.HAL_MultiProcessor_EnableMuteMode:00000000 HAL_MultiProcessor_EnableMuteMode
C:\Users\Nathan\AppData\Local\Temp\ccfpsmze.s:5738   .text.HAL_MultiProcessor_DisableMuteMode:00000000 $t
C:\Users\Nathan\AppData\Local\Temp\ccfpsmze.s:5744   .text.HAL_MultiProcessor_DisableMuteMode:00000000 HAL_MultiProcessor_DisableMuteMode
C:\Users\Nathan\AppData\Local\Temp\ccfpsmze.s:5782   .text.UART_Start_Receive_IT:00000000 $t
C:\Users\Nathan\AppData\Local\Temp\ccfpsmze.s:5788   .text.UART_Start_Receive_IT:00000000 UART_Start_Receive_IT
C:\Users\Nathan\AppData\Local\Temp\ccfpsmze.s:5979   .text.UART_Start_Receive_IT:00000128 $d
C:\Users\Nathan\AppData\Local\Temp\ccfpsmze.s:5985   .text.HAL_UART_Receive_IT:00000000 $t
ARM GAS  C:\Users\Nathan\AppData\Local\Temp\ccfpsmze.s 			page 111


C:\Users\Nathan\AppData\Local\Temp\ccfpsmze.s:5991   .text.HAL_UART_Receive_IT:00000000 HAL_UART_Receive_IT
C:\Users\Nathan\AppData\Local\Temp\ccfpsmze.s:6042   .text.HAL_UART_Receive_IT:0000004c $d
C:\Users\Nathan\AppData\Local\Temp\ccfpsmze.s:6045   .text.UART_Start_Receive_DMA:00000000 $t
C:\Users\Nathan\AppData\Local\Temp\ccfpsmze.s:6051   .text.UART_Start_Receive_DMA:00000000 UART_Start_Receive_DMA
C:\Users\Nathan\AppData\Local\Temp\ccfpsmze.s:6153   .text.UART_Start_Receive_DMA:000000a4 $d
C:\Users\Nathan\AppData\Local\Temp\ccfpsmze.s:6158   .text.HAL_UART_Receive_DMA:00000000 $t
C:\Users\Nathan\AppData\Local\Temp\ccfpsmze.s:6164   .text.HAL_UART_Receive_DMA:00000000 HAL_UART_Receive_DMA
C:\Users\Nathan\AppData\Local\Temp\ccfpsmze.s:6215   .text.HAL_UART_Receive_DMA:0000004c $d
C:\Users\Nathan\AppData\Local\Temp\ccfpsmze.s:6219   .rodata.UARTPrescTable:00000000 $d

UNDEFINED SYMBOLS
HAL_UARTEx_WakeupCallback
HAL_UARTEx_RxFifoFullCallback
HAL_UARTEx_TxFifoEmptyCallback
HAL_DMA_Start_IT
HAL_DMA_Abort
HAL_DMA_GetError
HAL_DMA_Abort_IT
HAL_RCC_GetPCLK1Freq
__aeabi_uldivmod
HAL_RCC_GetSysClockFreq
HAL_RCC_GetPCLK2Freq
HAL_GetTick
