ARM GAS  C:\Users\Nathan\AppData\Local\Temp\ccKB486e.s 			page 1


   1              		.cpu cortex-m4
   2              		.arch armv7e-m
   3              		.fpu fpv4-sp-d16
   4              		.eabi_attribute 27, 1
   5              		.eabi_attribute 28, 1
   6              		.eabi_attribute 20, 1
   7              		.eabi_attribute 21, 1
   8              		.eabi_attribute 23, 3
   9              		.eabi_attribute 24, 1
  10              		.eabi_attribute 25, 1
  11              		.eabi_attribute 26, 1
  12              		.eabi_attribute 30, 1
  13              		.eabi_attribute 34, 1
  14              		.eabi_attribute 18, 4
  15              		.file	"stm32wbxx_hal_tim.c"
  16              		.text
  17              		.section	.text.TIM_OC1_SetConfig,"ax",%progbits
  18              		.align	1
  19              		.syntax unified
  20              		.thumb
  21              		.thumb_func
  23              	TIM_OC1_SetConfig:
  24              		@ args = 0, pretend = 0, frame = 0
  25              		@ frame_needed = 0, uses_anonymous_args = 0
  26 0000 10B5     		push	{r4, lr}
  27 0002 026A     		ldr	r2, [r0, #32]
  28 0004 036A     		ldr	r3, [r0, #32]
  29 0006 23F00103 		bic	r3, r3, #1
  30 000a 0362     		str	r3, [r0, #32]
  31 000c D0F804C0 		ldr	ip, [r0, #4]
  32 0010 8369     		ldr	r3, [r0, #24]
  33 0012 23F48033 		bic	r3, r3, #65536
  34 0016 23F07303 		bic	r3, r3, #115
  35 001a 0C68     		ldr	r4, [r1]
  36 001c 44EA030E 		orr	lr, r4, r3
  37 0020 22F00202 		bic	r2, r2, #2
  38 0024 8B68     		ldr	r3, [r1, #8]
  39 0026 1343     		orrs	r3, r3, r2
  40 0028 154A     		ldr	r2, .L7
  41 002a 9042     		cmp	r0, r2
  42 002c 07D0     		beq	.L2
  43 002e 02F5E052 		add	r2, r2, #7168
  44 0032 9042     		cmp	r0, r2
  45 0034 03D0     		beq	.L2
  46 0036 A2F58062 		sub	r2, r2, #1024
  47 003a 9042     		cmp	r0, r2
  48 003c 05D1     		bne	.L3
  49              	.L2:
  50 003e 23F00803 		bic	r3, r3, #8
  51 0042 CA68     		ldr	r2, [r1, #12]
  52 0044 1A43     		orrs	r2, r2, r3
  53 0046 22F00403 		bic	r3, r2, #4
  54              	.L3:
  55 004a 0D4A     		ldr	r2, .L7
  56 004c 9042     		cmp	r0, r2
  57 004e 07D0     		beq	.L4
  58 0050 02F5C052 		add	r2, r2, #6144
ARM GAS  C:\Users\Nathan\AppData\Local\Temp\ccKB486e.s 			page 2


  59 0054 9042     		cmp	r0, r2
  60 0056 03D0     		beq	.L4
  61 0058 02F58062 		add	r2, r2, #1024
  62 005c 9042     		cmp	r0, r2
  63 005e 07D1     		bne	.L5
  64              	.L4:
  65 0060 2CF4407C 		bic	ip, ip, #768
  66 0064 4A69     		ldr	r2, [r1, #20]
  67 0066 42EA0C02 		orr	r2, r2, ip
  68 006a 8C69     		ldr	r4, [r1, #24]
  69 006c 44EA020C 		orr	ip, r4, r2
  70              	.L5:
  71 0070 C0F804C0 		str	ip, [r0, #4]
  72 0074 C0F818E0 		str	lr, [r0, #24]
  73 0078 4A68     		ldr	r2, [r1, #4]
  74 007a 4263     		str	r2, [r0, #52]
  75 007c 0362     		str	r3, [r0, #32]
  76 007e 10BD     		pop	{r4, pc}
  77              	.L8:
  78              		.align	2
  79              	.L7:
  80 0080 002C0140 		.word	1073818624
  82              		.section	.text.TIM_OC3_SetConfig,"ax",%progbits
  83              		.align	1
  84              		.syntax unified
  85              		.thumb
  86              		.thumb_func
  88              	TIM_OC3_SetConfig:
  89              		@ args = 0, pretend = 0, frame = 0
  90              		@ frame_needed = 0, uses_anonymous_args = 0
  91 0000 10B5     		push	{r4, lr}
  92 0002 036A     		ldr	r3, [r0, #32]
  93 0004 026A     		ldr	r2, [r0, #32]
  94 0006 22F48072 		bic	r2, r2, #256
  95 000a 0262     		str	r2, [r0, #32]
  96 000c D0F804C0 		ldr	ip, [r0, #4]
  97 0010 C269     		ldr	r2, [r0, #28]
  98 0012 22F48032 		bic	r2, r2, #65536
  99 0016 22F07302 		bic	r2, r2, #115
 100 001a 0C68     		ldr	r4, [r1]
 101 001c 44EA020E 		orr	lr, r4, r2
 102 0020 23F40073 		bic	r3, r3, #512
 103 0024 8A68     		ldr	r2, [r1, #8]
 104 0026 43EA0223 		orr	r3, r3, r2, lsl #8
 105 002a 134A     		ldr	r2, .L15
 106 002c 9042     		cmp	r0, r2
 107 002e 1AD0     		beq	.L14
 108              	.L10:
 109 0030 114A     		ldr	r2, .L15
 110 0032 9042     		cmp	r0, r2
 111 0034 07D0     		beq	.L11
 112 0036 02F5C052 		add	r2, r2, #6144
 113 003a 9042     		cmp	r0, r2
 114 003c 03D0     		beq	.L11
 115 003e 02F58062 		add	r2, r2, #1024
 116 0042 9042     		cmp	r0, r2
 117 0044 07D1     		bne	.L12
ARM GAS  C:\Users\Nathan\AppData\Local\Temp\ccKB486e.s 			page 3


 118              	.L11:
 119 0046 2CF4405C 		bic	ip, ip, #12288
 120 004a 4A69     		ldr	r2, [r1, #20]
 121 004c 4CEA021C 		orr	ip, ip, r2, lsl #4
 122 0050 8A69     		ldr	r2, [r1, #24]
 123 0052 4CEA021C 		orr	ip, ip, r2, lsl #4
 124              	.L12:
 125 0056 C0F804C0 		str	ip, [r0, #4]
 126 005a C0F81CE0 		str	lr, [r0, #28]
 127 005e 4A68     		ldr	r2, [r1, #4]
 128 0060 C263     		str	r2, [r0, #60]
 129 0062 0362     		str	r3, [r0, #32]
 130 0064 10BD     		pop	{r4, pc}
 131              	.L14:
 132 0066 23F40063 		bic	r3, r3, #2048
 133 006a CA68     		ldr	r2, [r1, #12]
 134 006c 43EA0223 		orr	r3, r3, r2, lsl #8
 135 0070 23F48063 		bic	r3, r3, #1024
 136 0074 DCE7     		b	.L10
 137              	.L16:
 138 0076 00BF     		.align	2
 139              	.L15:
 140 0078 002C0140 		.word	1073818624
 142              		.section	.text.TIM_OC4_SetConfig,"ax",%progbits
 143              		.align	1
 144              		.syntax unified
 145              		.thumb
 146              		.thumb_func
 148              	TIM_OC4_SetConfig:
 149              		@ args = 0, pretend = 0, frame = 0
 150              		@ frame_needed = 0, uses_anonymous_args = 0
 151 0000 10B5     		push	{r4, lr}
 152 0002 026A     		ldr	r2, [r0, #32]
 153 0004 036A     		ldr	r3, [r0, #32]
 154 0006 23F48053 		bic	r3, r3, #4096
 155 000a 0362     		str	r3, [r0, #32]
 156 000c D0F804C0 		ldr	ip, [r0, #4]
 157 0010 C369     		ldr	r3, [r0, #28]
 158 0012 23F08073 		bic	r3, r3, #16777216
 159 0016 23F4E643 		bic	r3, r3, #29440
 160 001a 0C68     		ldr	r4, [r1]
 161 001c 43EA0423 		orr	r3, r3, r4, lsl #8
 162 0020 22F40052 		bic	r2, r2, #8192
 163 0024 8C68     		ldr	r4, [r1, #8]
 164 0026 42EA0432 		orr	r2, r2, r4, lsl #12
 165 002a DFF830E0 		ldr	lr, .L21
 166 002e 7045     		cmp	r0, lr
 167 0030 07D0     		beq	.L18
 168 0032 0EF5C05E 		add	lr, lr, #6144
 169 0036 7045     		cmp	r0, lr
 170 0038 03D0     		beq	.L18
 171 003a 0EF5806E 		add	lr, lr, #1024
 172 003e 7045     		cmp	r0, lr
 173 0040 04D1     		bne	.L19
 174              	.L18:
 175 0042 2CF4804C 		bic	ip, ip, #16384
 176 0046 4C69     		ldr	r4, [r1, #20]
ARM GAS  C:\Users\Nathan\AppData\Local\Temp\ccKB486e.s 			page 4


 177 0048 4CEA841C 		orr	ip, ip, r4, lsl #6
 178              	.L19:
 179 004c C0F804C0 		str	ip, [r0, #4]
 180 0050 C361     		str	r3, [r0, #28]
 181 0052 4B68     		ldr	r3, [r1, #4]
 182 0054 0364     		str	r3, [r0, #64]
 183 0056 0262     		str	r2, [r0, #32]
 184 0058 10BD     		pop	{r4, pc}
 185              	.L22:
 186 005a 00BF     		.align	2
 187              	.L21:
 188 005c 002C0140 		.word	1073818624
 190              		.section	.text.TIM_OC5_SetConfig,"ax",%progbits
 191              		.align	1
 192              		.syntax unified
 193              		.thumb
 194              		.thumb_func
 196              	TIM_OC5_SetConfig:
 197              		@ args = 0, pretend = 0, frame = 0
 198              		@ frame_needed = 0, uses_anonymous_args = 0
 199 0000 10B5     		push	{r4, lr}
 200 0002 036A     		ldr	r3, [r0, #32]
 201 0004 026A     		ldr	r2, [r0, #32]
 202 0006 22F48032 		bic	r2, r2, #65536
 203 000a 0262     		str	r2, [r0, #32]
 204 000c D0F804C0 		ldr	ip, [r0, #4]
 205 0010 426D     		ldr	r2, [r0, #84]
 206 0012 22F48032 		bic	r2, r2, #65536
 207 0016 22F07002 		bic	r2, r2, #112
 208 001a 0C68     		ldr	r4, [r1]
 209 001c 2243     		orrs	r2, r2, r4
 210 001e 23F40033 		bic	r3, r3, #131072
 211 0022 8C68     		ldr	r4, [r1, #8]
 212 0024 43EA0443 		orr	r3, r3, r4, lsl #16
 213 0028 DFF82CE0 		ldr	lr, .L27
 214 002c 7045     		cmp	r0, lr
 215 002e 07D0     		beq	.L24
 216 0030 0EF5C05E 		add	lr, lr, #6144
 217 0034 7045     		cmp	r0, lr
 218 0036 03D0     		beq	.L24
 219 0038 0EF5806E 		add	lr, lr, #1024
 220 003c 7045     		cmp	r0, lr
 221 003e 04D1     		bne	.L25
 222              	.L24:
 223 0040 2CF4803C 		bic	ip, ip, #65536
 224 0044 4C69     		ldr	r4, [r1, #20]
 225 0046 4CEA042C 		orr	ip, ip, r4, lsl #8
 226              	.L25:
 227 004a C0F804C0 		str	ip, [r0, #4]
 228 004e 4265     		str	r2, [r0, #84]
 229 0050 4A68     		ldr	r2, [r1, #4]
 230 0052 8265     		str	r2, [r0, #88]
 231 0054 0362     		str	r3, [r0, #32]
 232 0056 10BD     		pop	{r4, pc}
 233              	.L28:
 234              		.align	2
 235              	.L27:
ARM GAS  C:\Users\Nathan\AppData\Local\Temp\ccKB486e.s 			page 5


 236 0058 002C0140 		.word	1073818624
 238              		.section	.text.TIM_OC6_SetConfig,"ax",%progbits
 239              		.align	1
 240              		.syntax unified
 241              		.thumb
 242              		.thumb_func
 244              	TIM_OC6_SetConfig:
 245              		@ args = 0, pretend = 0, frame = 0
 246              		@ frame_needed = 0, uses_anonymous_args = 0
 247 0000 10B5     		push	{r4, lr}
 248 0002 026A     		ldr	r2, [r0, #32]
 249 0004 036A     		ldr	r3, [r0, #32]
 250 0006 23F48013 		bic	r3, r3, #1048576
 251 000a 0362     		str	r3, [r0, #32]
 252 000c D0F804C0 		ldr	ip, [r0, #4]
 253 0010 436D     		ldr	r3, [r0, #84]
 254 0012 23F08073 		bic	r3, r3, #16777216
 255 0016 23F4E043 		bic	r3, r3, #28672
 256 001a 0C68     		ldr	r4, [r1]
 257 001c 43EA0423 		orr	r3, r3, r4, lsl #8
 258 0020 22F40012 		bic	r2, r2, #2097152
 259 0024 8C68     		ldr	r4, [r1, #8]
 260 0026 42EA0452 		orr	r2, r2, r4, lsl #20
 261 002a DFF830E0 		ldr	lr, .L33
 262 002e 7045     		cmp	r0, lr
 263 0030 07D0     		beq	.L30
 264 0032 0EF5C05E 		add	lr, lr, #6144
 265 0036 7045     		cmp	r0, lr
 266 0038 03D0     		beq	.L30
 267 003a 0EF5806E 		add	lr, lr, #1024
 268 003e 7045     		cmp	r0, lr
 269 0040 04D1     		bne	.L31
 270              	.L30:
 271 0042 2CF4802C 		bic	ip, ip, #262144
 272 0046 4C69     		ldr	r4, [r1, #20]
 273 0048 4CEA842C 		orr	ip, ip, r4, lsl #10
 274              	.L31:
 275 004c C0F804C0 		str	ip, [r0, #4]
 276 0050 4365     		str	r3, [r0, #84]
 277 0052 4B68     		ldr	r3, [r1, #4]
 278 0054 C365     		str	r3, [r0, #92]
 279 0056 0262     		str	r2, [r0, #32]
 280 0058 10BD     		pop	{r4, pc}
 281              	.L34:
 282 005a 00BF     		.align	2
 283              	.L33:
 284 005c 002C0140 		.word	1073818624
 286              		.section	.text.TIM_TI1_ConfigInputStage,"ax",%progbits
 287              		.align	1
 288              		.syntax unified
 289              		.thumb
 290              		.thumb_func
 292              	TIM_TI1_ConfigInputStage:
 293              		@ args = 0, pretend = 0, frame = 0
 294              		@ frame_needed = 0, uses_anonymous_args = 0
 295              		@ link register save eliminated.
 296 0000 036A     		ldr	r3, [r0, #32]
ARM GAS  C:\Users\Nathan\AppData\Local\Temp\ccKB486e.s 			page 6


 297 0002 D0F820C0 		ldr	ip, [r0, #32]
 298 0006 2CF0010C 		bic	ip, ip, #1
 299 000a C0F820C0 		str	ip, [r0, #32]
 300 000e D0F818C0 		ldr	ip, [r0, #24]
 301 0012 2CF0F00C 		bic	ip, ip, #240
 302 0016 4CEA0212 		orr	r2, ip, r2, lsl #4
 303 001a 23F00A03 		bic	r3, r3, #10
 304 001e 0B43     		orrs	r3, r3, r1
 305 0020 8261     		str	r2, [r0, #24]
 306 0022 0362     		str	r3, [r0, #32]
 307 0024 7047     		bx	lr
 309              		.section	.text.TIM_TI2_SetConfig,"ax",%progbits
 310              		.align	1
 311              		.syntax unified
 312              		.thumb
 313              		.thumb_func
 315              	TIM_TI2_SetConfig:
 316              		@ args = 0, pretend = 0, frame = 0
 317              		@ frame_needed = 0, uses_anonymous_args = 0
 318 0000 00B5     		push	{lr}
 319 0002 D0F820E0 		ldr	lr, [r0, #32]
 320 0006 D0F820C0 		ldr	ip, [r0, #32]
 321 000a 2CF0100C 		bic	ip, ip, #16
 322 000e C0F820C0 		str	ip, [r0, #32]
 323 0012 D0F818C0 		ldr	ip, [r0, #24]
 324 0016 2CF4407C 		bic	ip, ip, #768
 325 001a 4CEA022C 		orr	ip, ip, r2, lsl #8
 326 001e 2CF4704C 		bic	ip, ip, #61440
 327 0022 1B03     		lsls	r3, r3, #12
 328 0024 9BB2     		uxth	r3, r3
 329 0026 43EA0C03 		orr	r3, r3, ip
 330 002a 2EF0A00E 		bic	lr, lr, #160
 331 002e 0901     		lsls	r1, r1, #4
 332 0030 01F0A001 		and	r1, r1, #160
 333 0034 41EA0E01 		orr	r1, r1, lr
 334 0038 8361     		str	r3, [r0, #24]
 335 003a 0162     		str	r1, [r0, #32]
 336 003c 00BD     		pop	{pc}
 338              		.section	.text.TIM_TI2_ConfigInputStage,"ax",%progbits
 339              		.align	1
 340              		.syntax unified
 341              		.thumb
 342              		.thumb_func
 344              	TIM_TI2_ConfigInputStage:
 345              		@ args = 0, pretend = 0, frame = 0
 346              		@ frame_needed = 0, uses_anonymous_args = 0
 347              		@ link register save eliminated.
 348 0000 036A     		ldr	r3, [r0, #32]
 349 0002 D0F820C0 		ldr	ip, [r0, #32]
 350 0006 2CF0100C 		bic	ip, ip, #16
 351 000a C0F820C0 		str	ip, [r0, #32]
 352 000e D0F818C0 		ldr	ip, [r0, #24]
 353 0012 2CF4704C 		bic	ip, ip, #61440
 354 0016 4CEA0232 		orr	r2, ip, r2, lsl #12
 355 001a 23F0A003 		bic	r3, r3, #160
 356 001e 43EA0113 		orr	r3, r3, r1, lsl #4
 357 0022 8261     		str	r2, [r0, #24]
ARM GAS  C:\Users\Nathan\AppData\Local\Temp\ccKB486e.s 			page 7


 358 0024 0362     		str	r3, [r0, #32]
 359 0026 7047     		bx	lr
 361              		.section	.text.TIM_TI3_SetConfig,"ax",%progbits
 362              		.align	1
 363              		.syntax unified
 364              		.thumb
 365              		.thumb_func
 367              	TIM_TI3_SetConfig:
 368              		@ args = 0, pretend = 0, frame = 0
 369              		@ frame_needed = 0, uses_anonymous_args = 0
 370 0000 00B5     		push	{lr}
 371 0002 D0F820E0 		ldr	lr, [r0, #32]
 372 0006 D0F820C0 		ldr	ip, [r0, #32]
 373 000a 2CF4807C 		bic	ip, ip, #256
 374 000e C0F820C0 		str	ip, [r0, #32]
 375 0012 D0F81CC0 		ldr	ip, [r0, #28]
 376 0016 2CF0030C 		bic	ip, ip, #3
 377 001a 4CEA020C 		orr	ip, ip, r2
 378 001e 2CF0F00C 		bic	ip, ip, #240
 379 0022 1B01     		lsls	r3, r3, #4
 380 0024 DBB2     		uxtb	r3, r3
 381 0026 43EA0C03 		orr	r3, r3, ip
 382 002a 2EF4206E 		bic	lr, lr, #2560
 383 002e 0902     		lsls	r1, r1, #8
 384 0030 01F42061 		and	r1, r1, #2560
 385 0034 41EA0E01 		orr	r1, r1, lr
 386 0038 C361     		str	r3, [r0, #28]
 387 003a 0162     		str	r1, [r0, #32]
 388 003c 00BD     		pop	{pc}
 390              		.section	.text.TIM_TI4_SetConfig,"ax",%progbits
 391              		.align	1
 392              		.syntax unified
 393              		.thumb
 394              		.thumb_func
 396              	TIM_TI4_SetConfig:
 397              		@ args = 0, pretend = 0, frame = 0
 398              		@ frame_needed = 0, uses_anonymous_args = 0
 399 0000 00B5     		push	{lr}
 400 0002 D0F820E0 		ldr	lr, [r0, #32]
 401 0006 D0F820C0 		ldr	ip, [r0, #32]
 402 000a 2CF4805C 		bic	ip, ip, #4096
 403 000e C0F820C0 		str	ip, [r0, #32]
 404 0012 D0F81CC0 		ldr	ip, [r0, #28]
 405 0016 2CF4407C 		bic	ip, ip, #768
 406 001a 4CEA022C 		orr	ip, ip, r2, lsl #8
 407 001e 2CF4704C 		bic	ip, ip, #61440
 408 0022 1B03     		lsls	r3, r3, #12
 409 0024 9BB2     		uxth	r3, r3
 410 0026 43EA0C03 		orr	r3, r3, ip
 411 002a 2EF4204E 		bic	lr, lr, #40960
 412 002e 0903     		lsls	r1, r1, #12
 413 0030 01F42041 		and	r1, r1, #40960
 414 0034 41EA0E01 		orr	r1, r1, lr
 415 0038 C361     		str	r3, [r0, #28]
 416 003a 0162     		str	r1, [r0, #32]
 417 003c 00BD     		pop	{pc}
 419              		.section	.text.TIM_ITRx_SetConfig,"ax",%progbits
ARM GAS  C:\Users\Nathan\AppData\Local\Temp\ccKB486e.s 			page 8


 420              		.align	1
 421              		.syntax unified
 422              		.thumb
 423              		.thumb_func
 425              	TIM_ITRx_SetConfig:
 426              		@ args = 0, pretend = 0, frame = 0
 427              		@ frame_needed = 0, uses_anonymous_args = 0
 428              		@ link register save eliminated.
 429 0000 8368     		ldr	r3, [r0, #8]
 430 0002 23F44013 		bic	r3, r3, #3145728
 431 0006 23F07003 		bic	r3, r3, #112
 432 000a 0B43     		orrs	r3, r3, r1
 433 000c 43F00703 		orr	r3, r3, #7
 434 0010 8360     		str	r3, [r0, #8]
 435 0012 7047     		bx	lr
 437              		.section	.text.HAL_TIM_Base_MspInit,"ax",%progbits
 438              		.align	1
 439              		.weak	HAL_TIM_Base_MspInit
 440              		.syntax unified
 441              		.thumb
 442              		.thumb_func
 444              	HAL_TIM_Base_MspInit:
 445              		@ args = 0, pretend = 0, frame = 0
 446              		@ frame_needed = 0, uses_anonymous_args = 0
 447              		@ link register save eliminated.
 448 0000 7047     		bx	lr
 450              		.section	.text.HAL_TIM_Base_MspDeInit,"ax",%progbits
 451              		.align	1
 452              		.weak	HAL_TIM_Base_MspDeInit
 453              		.syntax unified
 454              		.thumb
 455              		.thumb_func
 457              	HAL_TIM_Base_MspDeInit:
 458              		@ args = 0, pretend = 0, frame = 0
 459              		@ frame_needed = 0, uses_anonymous_args = 0
 460              		@ link register save eliminated.
 461 0000 7047     		bx	lr
 463              		.section	.text.HAL_TIM_Base_DeInit,"ax",%progbits
 464              		.align	1
 465              		.global	HAL_TIM_Base_DeInit
 466              		.syntax unified
 467              		.thumb
 468              		.thumb_func
 470              	HAL_TIM_Base_DeInit:
 471              		@ args = 0, pretend = 0, frame = 0
 472              		@ frame_needed = 0, uses_anonymous_args = 0
 473 0000 10B5     		push	{r4, lr}
 474 0002 0446     		mov	r4, r0
 475 0004 0223     		movs	r3, #2
 476 0006 80F83D30 		strb	r3, [r0, #61]
 477 000a 0268     		ldr	r2, [r0]
 478 000c 136A     		ldr	r3, [r2, #32]
 479 000e 03F01133 		and	r3, r3, #286331153
 480 0012 23F08853 		bic	r3, r3, #285212672
 481 0016 43B9     		cbnz	r3, .L47
 482 0018 116A     		ldr	r1, [r2, #32]
 483 001a 40F24443 		movw	r3, #1092
ARM GAS  C:\Users\Nathan\AppData\Local\Temp\ccKB486e.s 			page 9


 484 001e 1942     		tst	r1, r3
 485 0020 03D1     		bne	.L47
 486 0022 1368     		ldr	r3, [r2]
 487 0024 23F00103 		bic	r3, r3, #1
 488 0028 1360     		str	r3, [r2]
 489              	.L47:
 490 002a 2046     		mov	r0, r4
 491 002c FFF7FEFF 		bl	HAL_TIM_Base_MspDeInit
 492 0030 0020     		movs	r0, #0
 493 0032 84F84800 		strb	r0, [r4, #72]
 494 0036 84F83E00 		strb	r0, [r4, #62]
 495 003a 84F83F00 		strb	r0, [r4, #63]
 496 003e 84F84000 		strb	r0, [r4, #64]
 497 0042 84F84100 		strb	r0, [r4, #65]
 498 0046 84F84200 		strb	r0, [r4, #66]
 499 004a 84F84300 		strb	r0, [r4, #67]
 500 004e 84F84400 		strb	r0, [r4, #68]
 501 0052 84F84500 		strb	r0, [r4, #69]
 502 0056 84F84600 		strb	r0, [r4, #70]
 503 005a 84F84700 		strb	r0, [r4, #71]
 504 005e 84F83D00 		strb	r0, [r4, #61]
 505 0062 84F83C00 		strb	r0, [r4, #60]
 506 0066 10BD     		pop	{r4, pc}
 508              		.section	.text.HAL_TIM_Base_Start,"ax",%progbits
 509              		.align	1
 510              		.global	HAL_TIM_Base_Start
 511              		.syntax unified
 512              		.thumb
 513              		.thumb_func
 515              	HAL_TIM_Base_Start:
 516              		@ args = 0, pretend = 0, frame = 0
 517              		@ frame_needed = 0, uses_anonymous_args = 0
 518              		@ link register save eliminated.
 519 0000 90F83D30 		ldrb	r3, [r0, #61]	@ zero_extendqisi2
 520 0004 012B     		cmp	r3, #1
 521 0006 1DD1     		bne	.L53
 522 0008 0223     		movs	r3, #2
 523 000a 80F83D30 		strb	r3, [r0, #61]
 524 000e 0368     		ldr	r3, [r0]
 525 0010 0F4A     		ldr	r2, .L56
 526 0012 9342     		cmp	r3, r2
 527 0014 08D0     		beq	.L51
 528 0016 B3F1804F 		cmp	r3, #1073741824
 529 001a 05D0     		beq	.L51
 530 001c 1A68     		ldr	r2, [r3]
 531 001e 42F00102 		orr	r2, r2, #1
 532 0022 1A60     		str	r2, [r3]
 533 0024 0020     		movs	r0, #0
 534 0026 7047     		bx	lr
 535              	.L51:
 536 0028 9968     		ldr	r1, [r3, #8]
 537 002a 0A4A     		ldr	r2, .L56+4
 538 002c 0A40     		ands	r2, r2, r1
 539 002e 062A     		cmp	r2, #6
 540 0030 0AD0     		beq	.L54
 541 0032 B2F5803F 		cmp	r2, #65536
 542 0036 09D0     		beq	.L55
ARM GAS  C:\Users\Nathan\AppData\Local\Temp\ccKB486e.s 			page 10


 543 0038 1A68     		ldr	r2, [r3]
 544 003a 42F00102 		orr	r2, r2, #1
 545 003e 1A60     		str	r2, [r3]
 546 0040 0020     		movs	r0, #0
 547 0042 7047     		bx	lr
 548              	.L53:
 549 0044 0120     		movs	r0, #1
 550 0046 7047     		bx	lr
 551              	.L54:
 552 0048 0020     		movs	r0, #0
 553 004a 7047     		bx	lr
 554              	.L55:
 555 004c 0020     		movs	r0, #0
 556 004e 7047     		bx	lr
 557              	.L57:
 558              		.align	2
 559              	.L56:
 560 0050 002C0140 		.word	1073818624
 561 0054 07000100 		.word	65543
 563              		.section	.text.HAL_TIM_Base_Stop,"ax",%progbits
 564              		.align	1
 565              		.global	HAL_TIM_Base_Stop
 566              		.syntax unified
 567              		.thumb
 568              		.thumb_func
 570              	HAL_TIM_Base_Stop:
 571              		@ args = 0, pretend = 0, frame = 0
 572              		@ frame_needed = 0, uses_anonymous_args = 0
 573              		@ link register save eliminated.
 574 0000 0268     		ldr	r2, [r0]
 575 0002 136A     		ldr	r3, [r2, #32]
 576 0004 03F01133 		and	r3, r3, #286331153
 577 0008 23F08853 		bic	r3, r3, #285212672
 578 000c 43B9     		cbnz	r3, .L59
 579 000e 116A     		ldr	r1, [r2, #32]
 580 0010 40F24443 		movw	r3, #1092
 581 0014 1942     		tst	r1, r3
 582 0016 03D1     		bne	.L59
 583 0018 1368     		ldr	r3, [r2]
 584 001a 23F00103 		bic	r3, r3, #1
 585 001e 1360     		str	r3, [r2]
 586              	.L59:
 587 0020 0123     		movs	r3, #1
 588 0022 80F83D30 		strb	r3, [r0, #61]
 589 0026 0020     		movs	r0, #0
 590 0028 7047     		bx	lr
 592              		.section	.text.HAL_TIM_Base_Start_IT,"ax",%progbits
 593              		.align	1
 594              		.global	HAL_TIM_Base_Start_IT
 595              		.syntax unified
 596              		.thumb
 597              		.thumb_func
 599              	HAL_TIM_Base_Start_IT:
 600              		@ args = 0, pretend = 0, frame = 0
 601              		@ frame_needed = 0, uses_anonymous_args = 0
 602              		@ link register save eliminated.
 603 0000 90F83D30 		ldrb	r3, [r0, #61]	@ zero_extendqisi2
ARM GAS  C:\Users\Nathan\AppData\Local\Temp\ccKB486e.s 			page 11


 604 0004 012B     		cmp	r3, #1
 605 0006 22D1     		bne	.L64
 606 0008 0223     		movs	r3, #2
 607 000a 80F83D30 		strb	r3, [r0, #61]
 608 000e 0268     		ldr	r2, [r0]
 609 0010 D368     		ldr	r3, [r2, #12]
 610 0012 43F00103 		orr	r3, r3, #1
 611 0016 D360     		str	r3, [r2, #12]
 612 0018 0368     		ldr	r3, [r0]
 613 001a 104A     		ldr	r2, .L67
 614 001c 9342     		cmp	r3, r2
 615 001e 08D0     		beq	.L62
 616 0020 B3F1804F 		cmp	r3, #1073741824
 617 0024 05D0     		beq	.L62
 618 0026 1A68     		ldr	r2, [r3]
 619 0028 42F00102 		orr	r2, r2, #1
 620 002c 1A60     		str	r2, [r3]
 621 002e 0020     		movs	r0, #0
 622 0030 7047     		bx	lr
 623              	.L62:
 624 0032 9968     		ldr	r1, [r3, #8]
 625 0034 0A4A     		ldr	r2, .L67+4
 626 0036 0A40     		ands	r2, r2, r1
 627 0038 062A     		cmp	r2, #6
 628 003a 0AD0     		beq	.L65
 629 003c B2F5803F 		cmp	r2, #65536
 630 0040 09D0     		beq	.L66
 631 0042 1A68     		ldr	r2, [r3]
 632 0044 42F00102 		orr	r2, r2, #1
 633 0048 1A60     		str	r2, [r3]
 634 004a 0020     		movs	r0, #0
 635 004c 7047     		bx	lr
 636              	.L64:
 637 004e 0120     		movs	r0, #1
 638 0050 7047     		bx	lr
 639              	.L65:
 640 0052 0020     		movs	r0, #0
 641 0054 7047     		bx	lr
 642              	.L66:
 643 0056 0020     		movs	r0, #0
 644 0058 7047     		bx	lr
 645              	.L68:
 646 005a 00BF     		.align	2
 647              	.L67:
 648 005c 002C0140 		.word	1073818624
 649 0060 07000100 		.word	65543
 651              		.section	.text.HAL_TIM_Base_Stop_IT,"ax",%progbits
 652              		.align	1
 653              		.global	HAL_TIM_Base_Stop_IT
 654              		.syntax unified
 655              		.thumb
 656              		.thumb_func
 658              	HAL_TIM_Base_Stop_IT:
 659              		@ args = 0, pretend = 0, frame = 0
 660              		@ frame_needed = 0, uses_anonymous_args = 0
 661              		@ link register save eliminated.
 662 0000 0268     		ldr	r2, [r0]
ARM GAS  C:\Users\Nathan\AppData\Local\Temp\ccKB486e.s 			page 12


 663 0002 D368     		ldr	r3, [r2, #12]
 664 0004 23F00103 		bic	r3, r3, #1
 665 0008 D360     		str	r3, [r2, #12]
 666 000a 0268     		ldr	r2, [r0]
 667 000c 136A     		ldr	r3, [r2, #32]
 668 000e 03F01133 		and	r3, r3, #286331153
 669 0012 23F08853 		bic	r3, r3, #285212672
 670 0016 43B9     		cbnz	r3, .L70
 671 0018 116A     		ldr	r1, [r2, #32]
 672 001a 40F24443 		movw	r3, #1092
 673 001e 1942     		tst	r1, r3
 674 0020 03D1     		bne	.L70
 675 0022 1368     		ldr	r3, [r2]
 676 0024 23F00103 		bic	r3, r3, #1
 677 0028 1360     		str	r3, [r2]
 678              	.L70:
 679 002a 0123     		movs	r3, #1
 680 002c 80F83D30 		strb	r3, [r0, #61]
 681 0030 0020     		movs	r0, #0
 682 0032 7047     		bx	lr
 684              		.section	.text.HAL_TIM_Base_Start_DMA,"ax",%progbits
 685              		.align	1
 686              		.global	HAL_TIM_Base_Start_DMA
 687              		.syntax unified
 688              		.thumb
 689              		.thumb_func
 691              	HAL_TIM_Base_Start_DMA:
 692              		@ args = 0, pretend = 0, frame = 0
 693              		@ frame_needed = 0, uses_anonymous_args = 0
 694 0000 38B5     		push	{r3, r4, r5, lr}
 695 0002 90F83D30 		ldrb	r3, [r0, #61]	@ zero_extendqisi2
 696 0006 DDB2     		uxtb	r5, r3
 697 0008 022B     		cmp	r3, #2
 698 000a 3FD0     		beq	.L72
 699 000c 0446     		mov	r4, r0
 700 000e 90F83D30 		ldrb	r3, [r0, #61]	@ zero_extendqisi2
 701 0012 DDB2     		uxtb	r5, r3
 702 0014 012B     		cmp	r3, #1
 703 0016 38D1     		bne	.L75
 704 0018 0029     		cmp	r1, #0
 705 001a 37D0     		beq	.L72
 706 001c 002A     		cmp	r2, #0
 707 001e 35D0     		beq	.L72
 708 0020 0223     		movs	r3, #2
 709 0022 80F83D30 		strb	r3, [r0, #61]
 710 0026 036A     		ldr	r3, [r0, #32]
 711 0028 1B48     		ldr	r0, .L79
 712 002a D862     		str	r0, [r3, #44]
 713 002c 236A     		ldr	r3, [r4, #32]
 714 002e 1B48     		ldr	r0, .L79+4
 715 0030 1863     		str	r0, [r3, #48]
 716 0032 236A     		ldr	r3, [r4, #32]
 717 0034 1A48     		ldr	r0, .L79+8
 718 0036 5863     		str	r0, [r3, #52]
 719 0038 2068     		ldr	r0, [r4]
 720 003a 1346     		mov	r3, r2
 721 003c 00F12C02 		add	r2, r0, #44
ARM GAS  C:\Users\Nathan\AppData\Local\Temp\ccKB486e.s 			page 13


 722 0040 206A     		ldr	r0, [r4, #32]
 723 0042 FFF7FEFF 		bl	HAL_DMA_Start_IT
 724 0046 0146     		mov	r1, r0
 725 0048 00BB     		cbnz	r0, .L72
 726 004a 2268     		ldr	r2, [r4]
 727 004c D368     		ldr	r3, [r2, #12]
 728 004e 43F48073 		orr	r3, r3, #256
 729 0052 D360     		str	r3, [r2, #12]
 730 0054 2368     		ldr	r3, [r4]
 731 0056 134A     		ldr	r2, .L79+12
 732 0058 9342     		cmp	r3, r2
 733 005a 08D0     		beq	.L73
 734 005c B3F1804F 		cmp	r3, #1073741824
 735 0060 05D0     		beq	.L73
 736 0062 1A68     		ldr	r2, [r3]
 737 0064 42F00102 		orr	r2, r2, #1
 738 0068 1A60     		str	r2, [r3]
 739 006a 0546     		mov	r5, r0
 740 006c 0EE0     		b	.L72
 741              	.L73:
 742 006e 9868     		ldr	r0, [r3, #8]
 743 0070 0D4A     		ldr	r2, .L79+16
 744 0072 0240     		ands	r2, r2, r0
 745 0074 062A     		cmp	r2, #6
 746 0076 0BD0     		beq	.L76
 747 0078 B2F5803F 		cmp	r2, #65536
 748 007c 0AD0     		beq	.L77
 749 007e 1A68     		ldr	r2, [r3]
 750 0080 42F00102 		orr	r2, r2, #1
 751 0084 1A60     		str	r2, [r3]
 752 0086 0D46     		mov	r5, r1
 753 0088 00E0     		b	.L72
 754              	.L75:
 755 008a 0125     		movs	r5, #1
 756              	.L72:
 757 008c 2846     		mov	r0, r5
 758 008e 38BD     		pop	{r3, r4, r5, pc}
 759              	.L76:
 760 0090 0D46     		mov	r5, r1
 761 0092 FBE7     		b	.L72
 762              	.L77:
 763 0094 0D46     		mov	r5, r1
 764 0096 F9E7     		b	.L72
 765              	.L80:
 766              		.align	2
 767              	.L79:
 768 0098 00000000 		.word	TIM_DMAPeriodElapsedCplt
 769 009c 00000000 		.word	TIM_DMAPeriodElapsedHalfCplt
 770 00a0 00000000 		.word	TIM_DMAError
 771 00a4 002C0140 		.word	1073818624
 772 00a8 07000100 		.word	65543
 774              		.section	.text.HAL_TIM_Base_Stop_DMA,"ax",%progbits
 775              		.align	1
 776              		.global	HAL_TIM_Base_Stop_DMA
 777              		.syntax unified
 778              		.thumb
 779              		.thumb_func
ARM GAS  C:\Users\Nathan\AppData\Local\Temp\ccKB486e.s 			page 14


 781              	HAL_TIM_Base_Stop_DMA:
 782              		@ args = 0, pretend = 0, frame = 0
 783              		@ frame_needed = 0, uses_anonymous_args = 0
 784 0000 10B5     		push	{r4, lr}
 785 0002 0446     		mov	r4, r0
 786 0004 0268     		ldr	r2, [r0]
 787 0006 D368     		ldr	r3, [r2, #12]
 788 0008 23F48073 		bic	r3, r3, #256
 789 000c D360     		str	r3, [r2, #12]
 790 000e 006A     		ldr	r0, [r0, #32]
 791 0010 FFF7FEFF 		bl	HAL_DMA_Abort_IT
 792 0014 2268     		ldr	r2, [r4]
 793 0016 136A     		ldr	r3, [r2, #32]
 794 0018 03F01133 		and	r3, r3, #286331153
 795 001c 23F08853 		bic	r3, r3, #285212672
 796 0020 43B9     		cbnz	r3, .L82
 797 0022 116A     		ldr	r1, [r2, #32]
 798 0024 40F24443 		movw	r3, #1092
 799 0028 1942     		tst	r1, r3
 800 002a 03D1     		bne	.L82
 801 002c 1368     		ldr	r3, [r2]
 802 002e 23F00103 		bic	r3, r3, #1
 803 0032 1360     		str	r3, [r2]
 804              	.L82:
 805 0034 0123     		movs	r3, #1
 806 0036 84F83D30 		strb	r3, [r4, #61]
 807 003a 0020     		movs	r0, #0
 808 003c 10BD     		pop	{r4, pc}
 810              		.section	.text.HAL_TIM_OC_MspInit,"ax",%progbits
 811              		.align	1
 812              		.weak	HAL_TIM_OC_MspInit
 813              		.syntax unified
 814              		.thumb
 815              		.thumb_func
 817              	HAL_TIM_OC_MspInit:
 818              		@ args = 0, pretend = 0, frame = 0
 819              		@ frame_needed = 0, uses_anonymous_args = 0
 820              		@ link register save eliminated.
 821 0000 7047     		bx	lr
 823              		.section	.text.HAL_TIM_OC_MspDeInit,"ax",%progbits
 824              		.align	1
 825              		.weak	HAL_TIM_OC_MspDeInit
 826              		.syntax unified
 827              		.thumb
 828              		.thumb_func
 830              	HAL_TIM_OC_MspDeInit:
 831              		@ args = 0, pretend = 0, frame = 0
 832              		@ frame_needed = 0, uses_anonymous_args = 0
 833              		@ link register save eliminated.
 834 0000 7047     		bx	lr
 836              		.section	.text.HAL_TIM_OC_DeInit,"ax",%progbits
 837              		.align	1
 838              		.global	HAL_TIM_OC_DeInit
 839              		.syntax unified
 840              		.thumb
 841              		.thumb_func
 843              	HAL_TIM_OC_DeInit:
ARM GAS  C:\Users\Nathan\AppData\Local\Temp\ccKB486e.s 			page 15


 844              		@ args = 0, pretend = 0, frame = 0
 845              		@ frame_needed = 0, uses_anonymous_args = 0
 846 0000 10B5     		push	{r4, lr}
 847 0002 0446     		mov	r4, r0
 848 0004 0223     		movs	r3, #2
 849 0006 80F83D30 		strb	r3, [r0, #61]
 850 000a 0268     		ldr	r2, [r0]
 851 000c 136A     		ldr	r3, [r2, #32]
 852 000e 03F01133 		and	r3, r3, #286331153
 853 0012 23F08853 		bic	r3, r3, #285212672
 854 0016 43B9     		cbnz	r3, .L87
 855 0018 116A     		ldr	r1, [r2, #32]
 856 001a 40F24443 		movw	r3, #1092
 857 001e 1942     		tst	r1, r3
 858 0020 03D1     		bne	.L87
 859 0022 1368     		ldr	r3, [r2]
 860 0024 23F00103 		bic	r3, r3, #1
 861 0028 1360     		str	r3, [r2]
 862              	.L87:
 863 002a 2046     		mov	r0, r4
 864 002c FFF7FEFF 		bl	HAL_TIM_OC_MspDeInit
 865 0030 0020     		movs	r0, #0
 866 0032 84F84800 		strb	r0, [r4, #72]
 867 0036 84F83E00 		strb	r0, [r4, #62]
 868 003a 84F83F00 		strb	r0, [r4, #63]
 869 003e 84F84000 		strb	r0, [r4, #64]
 870 0042 84F84100 		strb	r0, [r4, #65]
 871 0046 84F84200 		strb	r0, [r4, #66]
 872 004a 84F84300 		strb	r0, [r4, #67]
 873 004e 84F84400 		strb	r0, [r4, #68]
 874 0052 84F84500 		strb	r0, [r4, #69]
 875 0056 84F84600 		strb	r0, [r4, #70]
 876 005a 84F84700 		strb	r0, [r4, #71]
 877 005e 84F83D00 		strb	r0, [r4, #61]
 878 0062 84F83C00 		strb	r0, [r4, #60]
 879 0066 10BD     		pop	{r4, pc}
 881              		.section	.text.HAL_TIM_PWM_MspInit,"ax",%progbits
 882              		.align	1
 883              		.weak	HAL_TIM_PWM_MspInit
 884              		.syntax unified
 885              		.thumb
 886              		.thumb_func
 888              	HAL_TIM_PWM_MspInit:
 889              		@ args = 0, pretend = 0, frame = 0
 890              		@ frame_needed = 0, uses_anonymous_args = 0
 891              		@ link register save eliminated.
 892 0000 7047     		bx	lr
 894              		.section	.text.HAL_TIM_PWM_MspDeInit,"ax",%progbits
 895              		.align	1
 896              		.weak	HAL_TIM_PWM_MspDeInit
 897              		.syntax unified
 898              		.thumb
 899              		.thumb_func
 901              	HAL_TIM_PWM_MspDeInit:
 902              		@ args = 0, pretend = 0, frame = 0
 903              		@ frame_needed = 0, uses_anonymous_args = 0
 904              		@ link register save eliminated.
ARM GAS  C:\Users\Nathan\AppData\Local\Temp\ccKB486e.s 			page 16


 905 0000 7047     		bx	lr
 907              		.section	.text.HAL_TIM_PWM_DeInit,"ax",%progbits
 908              		.align	1
 909              		.global	HAL_TIM_PWM_DeInit
 910              		.syntax unified
 911              		.thumb
 912              		.thumb_func
 914              	HAL_TIM_PWM_DeInit:
 915              		@ args = 0, pretend = 0, frame = 0
 916              		@ frame_needed = 0, uses_anonymous_args = 0
 917 0000 10B5     		push	{r4, lr}
 918 0002 0446     		mov	r4, r0
 919 0004 0223     		movs	r3, #2
 920 0006 80F83D30 		strb	r3, [r0, #61]
 921 000a 0268     		ldr	r2, [r0]
 922 000c 136A     		ldr	r3, [r2, #32]
 923 000e 03F01133 		and	r3, r3, #286331153
 924 0012 23F08853 		bic	r3, r3, #285212672
 925 0016 43B9     		cbnz	r3, .L92
 926 0018 116A     		ldr	r1, [r2, #32]
 927 001a 40F24443 		movw	r3, #1092
 928 001e 1942     		tst	r1, r3
 929 0020 03D1     		bne	.L92
 930 0022 1368     		ldr	r3, [r2]
 931 0024 23F00103 		bic	r3, r3, #1
 932 0028 1360     		str	r3, [r2]
 933              	.L92:
 934 002a 2046     		mov	r0, r4
 935 002c FFF7FEFF 		bl	HAL_TIM_PWM_MspDeInit
 936 0030 0020     		movs	r0, #0
 937 0032 84F84800 		strb	r0, [r4, #72]
 938 0036 84F83E00 		strb	r0, [r4, #62]
 939 003a 84F83F00 		strb	r0, [r4, #63]
 940 003e 84F84000 		strb	r0, [r4, #64]
 941 0042 84F84100 		strb	r0, [r4, #65]
 942 0046 84F84200 		strb	r0, [r4, #66]
 943 004a 84F84300 		strb	r0, [r4, #67]
 944 004e 84F84400 		strb	r0, [r4, #68]
 945 0052 84F84500 		strb	r0, [r4, #69]
 946 0056 84F84600 		strb	r0, [r4, #70]
 947 005a 84F84700 		strb	r0, [r4, #71]
 948 005e 84F83D00 		strb	r0, [r4, #61]
 949 0062 84F83C00 		strb	r0, [r4, #60]
 950 0066 10BD     		pop	{r4, pc}
 952              		.section	.text.HAL_TIM_IC_MspInit,"ax",%progbits
 953              		.align	1
 954              		.weak	HAL_TIM_IC_MspInit
 955              		.syntax unified
 956              		.thumb
 957              		.thumb_func
 959              	HAL_TIM_IC_MspInit:
 960              		@ args = 0, pretend = 0, frame = 0
 961              		@ frame_needed = 0, uses_anonymous_args = 0
 962              		@ link register save eliminated.
 963 0000 7047     		bx	lr
 965              		.section	.text.HAL_TIM_IC_MspDeInit,"ax",%progbits
 966              		.align	1
ARM GAS  C:\Users\Nathan\AppData\Local\Temp\ccKB486e.s 			page 17


 967              		.weak	HAL_TIM_IC_MspDeInit
 968              		.syntax unified
 969              		.thumb
 970              		.thumb_func
 972              	HAL_TIM_IC_MspDeInit:
 973              		@ args = 0, pretend = 0, frame = 0
 974              		@ frame_needed = 0, uses_anonymous_args = 0
 975              		@ link register save eliminated.
 976 0000 7047     		bx	lr
 978              		.section	.text.HAL_TIM_IC_DeInit,"ax",%progbits
 979              		.align	1
 980              		.global	HAL_TIM_IC_DeInit
 981              		.syntax unified
 982              		.thumb
 983              		.thumb_func
 985              	HAL_TIM_IC_DeInit:
 986              		@ args = 0, pretend = 0, frame = 0
 987              		@ frame_needed = 0, uses_anonymous_args = 0
 988 0000 10B5     		push	{r4, lr}
 989 0002 0446     		mov	r4, r0
 990 0004 0223     		movs	r3, #2
 991 0006 80F83D30 		strb	r3, [r0, #61]
 992 000a 0268     		ldr	r2, [r0]
 993 000c 136A     		ldr	r3, [r2, #32]
 994 000e 03F01133 		and	r3, r3, #286331153
 995 0012 23F08853 		bic	r3, r3, #285212672
 996 0016 43B9     		cbnz	r3, .L97
 997 0018 116A     		ldr	r1, [r2, #32]
 998 001a 40F24443 		movw	r3, #1092
 999 001e 1942     		tst	r1, r3
 1000 0020 03D1     		bne	.L97
 1001 0022 1368     		ldr	r3, [r2]
 1002 0024 23F00103 		bic	r3, r3, #1
 1003 0028 1360     		str	r3, [r2]
 1004              	.L97:
 1005 002a 2046     		mov	r0, r4
 1006 002c FFF7FEFF 		bl	HAL_TIM_IC_MspDeInit
 1007 0030 0020     		movs	r0, #0
 1008 0032 84F84800 		strb	r0, [r4, #72]
 1009 0036 84F83E00 		strb	r0, [r4, #62]
 1010 003a 84F83F00 		strb	r0, [r4, #63]
 1011 003e 84F84000 		strb	r0, [r4, #64]
 1012 0042 84F84100 		strb	r0, [r4, #65]
 1013 0046 84F84200 		strb	r0, [r4, #66]
 1014 004a 84F84300 		strb	r0, [r4, #67]
 1015 004e 84F84400 		strb	r0, [r4, #68]
 1016 0052 84F84500 		strb	r0, [r4, #69]
 1017 0056 84F84600 		strb	r0, [r4, #70]
 1018 005a 84F84700 		strb	r0, [r4, #71]
 1019 005e 84F83D00 		strb	r0, [r4, #61]
 1020 0062 84F83C00 		strb	r0, [r4, #60]
 1021 0066 10BD     		pop	{r4, pc}
 1023              		.section	.text.HAL_TIM_OnePulse_MspInit,"ax",%progbits
 1024              		.align	1
 1025              		.weak	HAL_TIM_OnePulse_MspInit
 1026              		.syntax unified
 1027              		.thumb
ARM GAS  C:\Users\Nathan\AppData\Local\Temp\ccKB486e.s 			page 18


 1028              		.thumb_func
 1030              	HAL_TIM_OnePulse_MspInit:
 1031              		@ args = 0, pretend = 0, frame = 0
 1032              		@ frame_needed = 0, uses_anonymous_args = 0
 1033              		@ link register save eliminated.
 1034 0000 7047     		bx	lr
 1036              		.section	.text.HAL_TIM_OnePulse_MspDeInit,"ax",%progbits
 1037              		.align	1
 1038              		.weak	HAL_TIM_OnePulse_MspDeInit
 1039              		.syntax unified
 1040              		.thumb
 1041              		.thumb_func
 1043              	HAL_TIM_OnePulse_MspDeInit:
 1044              		@ args = 0, pretend = 0, frame = 0
 1045              		@ frame_needed = 0, uses_anonymous_args = 0
 1046              		@ link register save eliminated.
 1047 0000 7047     		bx	lr
 1049              		.section	.text.HAL_TIM_OnePulse_DeInit,"ax",%progbits
 1050              		.align	1
 1051              		.global	HAL_TIM_OnePulse_DeInit
 1052              		.syntax unified
 1053              		.thumb
 1054              		.thumb_func
 1056              	HAL_TIM_OnePulse_DeInit:
 1057              		@ args = 0, pretend = 0, frame = 0
 1058              		@ frame_needed = 0, uses_anonymous_args = 0
 1059 0000 10B5     		push	{r4, lr}
 1060 0002 0446     		mov	r4, r0
 1061 0004 0223     		movs	r3, #2
 1062 0006 80F83D30 		strb	r3, [r0, #61]
 1063 000a 0268     		ldr	r2, [r0]
 1064 000c 136A     		ldr	r3, [r2, #32]
 1065 000e 03F01133 		and	r3, r3, #286331153
 1066 0012 23F08853 		bic	r3, r3, #285212672
 1067 0016 43B9     		cbnz	r3, .L102
 1068 0018 116A     		ldr	r1, [r2, #32]
 1069 001a 40F24443 		movw	r3, #1092
 1070 001e 1942     		tst	r1, r3
 1071 0020 03D1     		bne	.L102
 1072 0022 1368     		ldr	r3, [r2]
 1073 0024 23F00103 		bic	r3, r3, #1
 1074 0028 1360     		str	r3, [r2]
 1075              	.L102:
 1076 002a 2046     		mov	r0, r4
 1077 002c FFF7FEFF 		bl	HAL_TIM_OnePulse_MspDeInit
 1078 0030 0020     		movs	r0, #0
 1079 0032 84F84800 		strb	r0, [r4, #72]
 1080 0036 84F83E00 		strb	r0, [r4, #62]
 1081 003a 84F83F00 		strb	r0, [r4, #63]
 1082 003e 84F84400 		strb	r0, [r4, #68]
 1083 0042 84F84500 		strb	r0, [r4, #69]
 1084 0046 84F83D00 		strb	r0, [r4, #61]
 1085 004a 84F83C00 		strb	r0, [r4, #60]
 1086 004e 10BD     		pop	{r4, pc}
 1088              		.section	.text.HAL_TIM_Encoder_MspInit,"ax",%progbits
 1089              		.align	1
 1090              		.weak	HAL_TIM_Encoder_MspInit
ARM GAS  C:\Users\Nathan\AppData\Local\Temp\ccKB486e.s 			page 19


 1091              		.syntax unified
 1092              		.thumb
 1093              		.thumb_func
 1095              	HAL_TIM_Encoder_MspInit:
 1096              		@ args = 0, pretend = 0, frame = 0
 1097              		@ frame_needed = 0, uses_anonymous_args = 0
 1098              		@ link register save eliminated.
 1099 0000 7047     		bx	lr
 1101              		.section	.text.HAL_TIM_Encoder_MspDeInit,"ax",%progbits
 1102              		.align	1
 1103              		.weak	HAL_TIM_Encoder_MspDeInit
 1104              		.syntax unified
 1105              		.thumb
 1106              		.thumb_func
 1108              	HAL_TIM_Encoder_MspDeInit:
 1109              		@ args = 0, pretend = 0, frame = 0
 1110              		@ frame_needed = 0, uses_anonymous_args = 0
 1111              		@ link register save eliminated.
 1112 0000 7047     		bx	lr
 1114              		.section	.text.HAL_TIM_Encoder_DeInit,"ax",%progbits
 1115              		.align	1
 1116              		.global	HAL_TIM_Encoder_DeInit
 1117              		.syntax unified
 1118              		.thumb
 1119              		.thumb_func
 1121              	HAL_TIM_Encoder_DeInit:
 1122              		@ args = 0, pretend = 0, frame = 0
 1123              		@ frame_needed = 0, uses_anonymous_args = 0
 1124 0000 10B5     		push	{r4, lr}
 1125 0002 0446     		mov	r4, r0
 1126 0004 0223     		movs	r3, #2
 1127 0006 80F83D30 		strb	r3, [r0, #61]
 1128 000a 0268     		ldr	r2, [r0]
 1129 000c 136A     		ldr	r3, [r2, #32]
 1130 000e 03F01133 		and	r3, r3, #286331153
 1131 0012 23F08853 		bic	r3, r3, #285212672
 1132 0016 43B9     		cbnz	r3, .L107
 1133 0018 116A     		ldr	r1, [r2, #32]
 1134 001a 40F24443 		movw	r3, #1092
 1135 001e 1942     		tst	r1, r3
 1136 0020 03D1     		bne	.L107
 1137 0022 1368     		ldr	r3, [r2]
 1138 0024 23F00103 		bic	r3, r3, #1
 1139 0028 1360     		str	r3, [r2]
 1140              	.L107:
 1141 002a 2046     		mov	r0, r4
 1142 002c FFF7FEFF 		bl	HAL_TIM_Encoder_MspDeInit
 1143 0030 0020     		movs	r0, #0
 1144 0032 84F84800 		strb	r0, [r4, #72]
 1145 0036 84F83E00 		strb	r0, [r4, #62]
 1146 003a 84F83F00 		strb	r0, [r4, #63]
 1147 003e 84F84400 		strb	r0, [r4, #68]
 1148 0042 84F84500 		strb	r0, [r4, #69]
 1149 0046 84F83D00 		strb	r0, [r4, #61]
 1150 004a 84F83C00 		strb	r0, [r4, #60]
 1151 004e 10BD     		pop	{r4, pc}
 1153              		.section	.text.HAL_TIM_DMABurst_MultiWriteStart,"ax",%progbits
ARM GAS  C:\Users\Nathan\AppData\Local\Temp\ccKB486e.s 			page 20


 1154              		.align	1
 1155              		.global	HAL_TIM_DMABurst_MultiWriteStart
 1156              		.syntax unified
 1157              		.thumb
 1158              		.thumb_func
 1160              	HAL_TIM_DMABurst_MultiWriteStart:
 1161              		@ args = 8, pretend = 0, frame = 0
 1162              		@ frame_needed = 0, uses_anonymous_args = 0
 1163 0000 70B5     		push	{r4, r5, r6, lr}
 1164 0002 0446     		mov	r4, r0
 1165 0004 0E46     		mov	r6, r1
 1166 0006 1946     		mov	r1, r3
 1167 0008 90F84830 		ldrb	r3, [r0, #72]	@ zero_extendqisi2
 1168 000c D8B2     		uxtb	r0, r3
 1169 000e 022B     		cmp	r3, #2
 1170 0010 2ED0     		beq	.L110
 1171 0012 1546     		mov	r5, r2
 1172 0014 94F84830 		ldrb	r3, [r4, #72]	@ zero_extendqisi2
 1173 0018 D8B2     		uxtb	r0, r3
 1174 001a 012B     		cmp	r3, #1
 1175 001c 29D0     		beq	.L130
 1176              	.L111:
 1177 001e B5F5006F 		cmp	r5, #2048
 1178 0022 75D0     		beq	.L113
 1179 0024 30D8     		bhi	.L114
 1180 0026 B5F5007F 		cmp	r5, #512
 1181 002a 4BD0     		beq	.L115
 1182 002c B5F5806F 		cmp	r5, #1024
 1183 0030 5BD0     		beq	.L116
 1184 0032 B5F5807F 		cmp	r5, #256
 1185 0036 25D1     		bne	.L131
 1186 0038 236A     		ldr	r3, [r4, #32]
 1187 003a 534A     		ldr	r2, .L135
 1188 003c DA62     		str	r2, [r3, #44]
 1189 003e 236A     		ldr	r3, [r4, #32]
 1190 0040 524A     		ldr	r2, .L135+4
 1191 0042 1A63     		str	r2, [r3, #48]
 1192 0044 236A     		ldr	r3, [r4, #32]
 1193 0046 524A     		ldr	r2, .L135+8
 1194 0048 5A63     		str	r2, [r3, #52]
 1195 004a 2268     		ldr	r2, [r4]
 1196 004c 059B     		ldr	r3, [sp, #20]
 1197 004e 4C32     		adds	r2, r2, #76
 1198 0050 206A     		ldr	r0, [r4, #32]
 1199 0052 FFF7FEFF 		bl	HAL_DMA_Start_IT
 1200 0056 0028     		cmp	r0, #0
 1201 0058 40F09480 		bne	.L132
 1202              	.L121:
 1203 005c 2368     		ldr	r3, [r4]
 1204 005e 3146     		mov	r1, r6
 1205 0060 049A     		ldr	r2, [sp, #16]
 1206 0062 1143     		orrs	r1, r1, r2
 1207 0064 9964     		str	r1, [r3, #72]
 1208 0066 2268     		ldr	r2, [r4]
 1209 0068 D368     		ldr	r3, [r2, #12]
 1210 006a 2B43     		orrs	r3, r3, r5
 1211 006c D360     		str	r3, [r2, #12]
ARM GAS  C:\Users\Nathan\AppData\Local\Temp\ccKB486e.s 			page 21


 1212 006e 0020     		movs	r0, #0
 1213              	.L110:
 1214 0070 70BD     		pop	{r4, r5, r6, pc}
 1215              	.L130:
 1216 0072 19B1     		cbz	r1, .L133
 1217              	.L112:
 1218 0074 0223     		movs	r3, #2
 1219 0076 84F84830 		strb	r3, [r4, #72]
 1220 007a D0E7     		b	.L111
 1221              	.L133:
 1222 007c 049B     		ldr	r3, [sp, #16]
 1223 007e 002B     		cmp	r3, #0
 1224 0080 F8D0     		beq	.L112
 1225 0082 F5E7     		b	.L110
 1226              	.L131:
 1227 0084 0120     		movs	r0, #1
 1228 0086 F3E7     		b	.L110
 1229              	.L114:
 1230 0088 B5F5005F 		cmp	r5, #8192
 1231 008c 53D0     		beq	.L118
 1232 008e B5F5804F 		cmp	r5, #16384
 1233 0092 63D0     		beq	.L119
 1234 0094 B5F5805F 		cmp	r5, #4096
 1235 0098 12D1     		bne	.L134
 1236 009a 236B     		ldr	r3, [r4, #48]
 1237 009c 3D4A     		ldr	r2, .L135+12
 1238 009e DA62     		str	r2, [r3, #44]
 1239 00a0 236B     		ldr	r3, [r4, #48]
 1240 00a2 3D4A     		ldr	r2, .L135+16
 1241 00a4 1A63     		str	r2, [r3, #48]
 1242 00a6 236B     		ldr	r3, [r4, #48]
 1243 00a8 394A     		ldr	r2, .L135+8
 1244 00aa 5A63     		str	r2, [r3, #52]
 1245 00ac 2268     		ldr	r2, [r4]
 1246 00ae 059B     		ldr	r3, [sp, #20]
 1247 00b0 4C32     		adds	r2, r2, #76
 1248 00b2 206B     		ldr	r0, [r4, #48]
 1249 00b4 FFF7FEFF 		bl	HAL_DMA_Start_IT
 1250 00b8 0028     		cmp	r0, #0
 1251 00ba CFD0     		beq	.L121
 1252 00bc 0120     		movs	r0, #1
 1253 00be D7E7     		b	.L110
 1254              	.L134:
 1255 00c0 0120     		movs	r0, #1
 1256 00c2 D5E7     		b	.L110
 1257              	.L115:
 1258 00c4 636A     		ldr	r3, [r4, #36]
 1259 00c6 334A     		ldr	r2, .L135+12
 1260 00c8 DA62     		str	r2, [r3, #44]
 1261 00ca 636A     		ldr	r3, [r4, #36]
 1262 00cc 324A     		ldr	r2, .L135+16
 1263 00ce 1A63     		str	r2, [r3, #48]
 1264 00d0 636A     		ldr	r3, [r4, #36]
 1265 00d2 2F4A     		ldr	r2, .L135+8
 1266 00d4 5A63     		str	r2, [r3, #52]
 1267 00d6 2268     		ldr	r2, [r4]
 1268 00d8 059B     		ldr	r3, [sp, #20]
ARM GAS  C:\Users\Nathan\AppData\Local\Temp\ccKB486e.s 			page 22


 1269 00da 4C32     		adds	r2, r2, #76
 1270 00dc 606A     		ldr	r0, [r4, #36]
 1271 00de FFF7FEFF 		bl	HAL_DMA_Start_IT
 1272 00e2 0028     		cmp	r0, #0
 1273 00e4 BAD0     		beq	.L121
 1274 00e6 0120     		movs	r0, #1
 1275 00e8 C2E7     		b	.L110
 1276              	.L116:
 1277 00ea A36A     		ldr	r3, [r4, #40]
 1278 00ec 294A     		ldr	r2, .L135+12
 1279 00ee DA62     		str	r2, [r3, #44]
 1280 00f0 A36A     		ldr	r3, [r4, #40]
 1281 00f2 294A     		ldr	r2, .L135+16
 1282 00f4 1A63     		str	r2, [r3, #48]
 1283 00f6 A36A     		ldr	r3, [r4, #40]
 1284 00f8 254A     		ldr	r2, .L135+8
 1285 00fa 5A63     		str	r2, [r3, #52]
 1286 00fc 2268     		ldr	r2, [r4]
 1287 00fe 059B     		ldr	r3, [sp, #20]
 1288 0100 4C32     		adds	r2, r2, #76
 1289 0102 A06A     		ldr	r0, [r4, #40]
 1290 0104 FFF7FEFF 		bl	HAL_DMA_Start_IT
 1291 0108 0028     		cmp	r0, #0
 1292 010a A7D0     		beq	.L121
 1293 010c 0120     		movs	r0, #1
 1294 010e AFE7     		b	.L110
 1295              	.L113:
 1296 0110 E36A     		ldr	r3, [r4, #44]
 1297 0112 204A     		ldr	r2, .L135+12
 1298 0114 DA62     		str	r2, [r3, #44]
 1299 0116 E36A     		ldr	r3, [r4, #44]
 1300 0118 1F4A     		ldr	r2, .L135+16
 1301 011a 1A63     		str	r2, [r3, #48]
 1302 011c E36A     		ldr	r3, [r4, #44]
 1303 011e 1C4A     		ldr	r2, .L135+8
 1304 0120 5A63     		str	r2, [r3, #52]
 1305 0122 2268     		ldr	r2, [r4]
 1306 0124 059B     		ldr	r3, [sp, #20]
 1307 0126 4C32     		adds	r2, r2, #76
 1308 0128 E06A     		ldr	r0, [r4, #44]
 1309 012a FFF7FEFF 		bl	HAL_DMA_Start_IT
 1310 012e 0028     		cmp	r0, #0
 1311 0130 94D0     		beq	.L121
 1312 0132 0120     		movs	r0, #1
 1313 0134 9CE7     		b	.L110
 1314              	.L118:
 1315 0136 636B     		ldr	r3, [r4, #52]
 1316 0138 184A     		ldr	r2, .L135+20
 1317 013a DA62     		str	r2, [r3, #44]
 1318 013c 636B     		ldr	r3, [r4, #52]
 1319 013e 184A     		ldr	r2, .L135+24
 1320 0140 1A63     		str	r2, [r3, #48]
 1321 0142 636B     		ldr	r3, [r4, #52]
 1322 0144 124A     		ldr	r2, .L135+8
 1323 0146 5A63     		str	r2, [r3, #52]
 1324 0148 2268     		ldr	r2, [r4]
 1325 014a 059B     		ldr	r3, [sp, #20]
ARM GAS  C:\Users\Nathan\AppData\Local\Temp\ccKB486e.s 			page 23


 1326 014c 4C32     		adds	r2, r2, #76
 1327 014e 606B     		ldr	r0, [r4, #52]
 1328 0150 FFF7FEFF 		bl	HAL_DMA_Start_IT
 1329 0154 0028     		cmp	r0, #0
 1330 0156 81D0     		beq	.L121
 1331 0158 0120     		movs	r0, #1
 1332 015a 89E7     		b	.L110
 1333              	.L119:
 1334 015c A36B     		ldr	r3, [r4, #56]
 1335 015e 114A     		ldr	r2, .L135+28
 1336 0160 DA62     		str	r2, [r3, #44]
 1337 0162 A36B     		ldr	r3, [r4, #56]
 1338 0164 104A     		ldr	r2, .L135+32
 1339 0166 1A63     		str	r2, [r3, #48]
 1340 0168 A36B     		ldr	r3, [r4, #56]
 1341 016a 094A     		ldr	r2, .L135+8
 1342 016c 5A63     		str	r2, [r3, #52]
 1343 016e 2268     		ldr	r2, [r4]
 1344 0170 059B     		ldr	r3, [sp, #20]
 1345 0172 4C32     		adds	r2, r2, #76
 1346 0174 A06B     		ldr	r0, [r4, #56]
 1347 0176 FFF7FEFF 		bl	HAL_DMA_Start_IT
 1348 017a 0028     		cmp	r0, #0
 1349 017c 3FF46EAF 		beq	.L121
 1350 0180 0120     		movs	r0, #1
 1351 0182 75E7     		b	.L110
 1352              	.L132:
 1353 0184 0120     		movs	r0, #1
 1354 0186 73E7     		b	.L110
 1355              	.L136:
 1356              		.align	2
 1357              	.L135:
 1358 0188 00000000 		.word	TIM_DMAPeriodElapsedCplt
 1359 018c 00000000 		.word	TIM_DMAPeriodElapsedHalfCplt
 1360 0190 00000000 		.word	TIM_DMAError
 1361 0194 00000000 		.word	TIM_DMADelayPulseCplt
 1362 0198 00000000 		.word	TIM_DMADelayPulseHalfCplt
 1363 019c 00000000 		.word	TIMEx_DMACommutationCplt
 1364 01a0 00000000 		.word	TIMEx_DMACommutationHalfCplt
 1365 01a4 00000000 		.word	TIM_DMATriggerCplt
 1366 01a8 00000000 		.word	TIM_DMATriggerHalfCplt
 1368              		.section	.text.HAL_TIM_DMABurst_WriteStart,"ax",%progbits
 1369              		.align	1
 1370              		.global	HAL_TIM_DMABurst_WriteStart
 1371              		.syntax unified
 1372              		.thumb
 1373              		.thumb_func
 1375              	HAL_TIM_DMABurst_WriteStart:
 1376              		@ args = 4, pretend = 0, frame = 0
 1377              		@ frame_needed = 0, uses_anonymous_args = 0
 1378 0000 00B5     		push	{lr}
 1379 0002 83B0     		sub	sp, sp, #12
 1380 0004 DDF810E0 		ldr	lr, [sp, #16]
 1381 0008 4FEA1E2C 		lsr	ip, lr, #8
 1382 000c 0CF1010C 		add	ip, ip, #1
 1383 0010 CDF804C0 		str	ip, [sp, #4]
 1384 0014 CDF800E0 		str	lr, [sp]
ARM GAS  C:\Users\Nathan\AppData\Local\Temp\ccKB486e.s 			page 24


 1385 0018 FFF7FEFF 		bl	HAL_TIM_DMABurst_MultiWriteStart
 1386 001c 03B0     		add	sp, sp, #12
 1387              		@ sp needed
 1388 001e 00BD     		pop	{pc}
 1390              		.section	.text.HAL_TIM_DMABurst_WriteStop,"ax",%progbits
 1391              		.align	1
 1392              		.global	HAL_TIM_DMABurst_WriteStop
 1393              		.syntax unified
 1394              		.thumb
 1395              		.thumb_func
 1397              	HAL_TIM_DMABurst_WriteStop:
 1398              		@ args = 0, pretend = 0, frame = 0
 1399              		@ frame_needed = 0, uses_anonymous_args = 0
 1400 0000 38B5     		push	{r3, r4, r5, lr}
 1401 0002 0546     		mov	r5, r0
 1402 0004 0C46     		mov	r4, r1
 1403 0006 B1F5006F 		cmp	r1, #2048
 1404 000a 2FD0     		beq	.L140
 1405 000c 17D8     		bhi	.L141
 1406 000e B1F5007F 		cmp	r1, #512
 1407 0012 23D0     		beq	.L142
 1408 0014 B1F5806F 		cmp	r1, #1024
 1409 0018 24D0     		beq	.L143
 1410 001a B1F5807F 		cmp	r1, #256
 1411 001e 0CD1     		bne	.L151
 1412 0020 006A     		ldr	r0, [r0, #32]
 1413 0022 FFF7FEFF 		bl	HAL_DMA_Abort_IT
 1414              	.L149:
 1415 0026 2A68     		ldr	r2, [r5]
 1416 0028 D368     		ldr	r3, [r2, #12]
 1417 002a 23EA0403 		bic	r3, r3, r4
 1418 002e D360     		str	r3, [r2, #12]
 1419 0030 0123     		movs	r3, #1
 1420 0032 85F84830 		strb	r3, [r5, #72]
 1421 0036 0020     		movs	r0, #0
 1422              	.L145:
 1423 0038 38BD     		pop	{r3, r4, r5, pc}
 1424              	.L151:
 1425 003a 0120     		movs	r0, #1
 1426 003c FCE7     		b	.L145
 1427              	.L141:
 1428 003e B1F5005F 		cmp	r1, #8192
 1429 0042 17D0     		beq	.L146
 1430 0044 B1F5804F 		cmp	r1, #16384
 1431 0048 18D0     		beq	.L147
 1432 004a B1F5805F 		cmp	r1, #4096
 1433 004e 03D1     		bne	.L152
 1434 0050 006B     		ldr	r0, [r0, #48]
 1435 0052 FFF7FEFF 		bl	HAL_DMA_Abort_IT
 1436 0056 E6E7     		b	.L149
 1437              	.L152:
 1438 0058 0120     		movs	r0, #1
 1439 005a EDE7     		b	.L145
 1440              	.L142:
 1441 005c 406A     		ldr	r0, [r0, #36]
 1442 005e FFF7FEFF 		bl	HAL_DMA_Abort_IT
 1443 0062 E0E7     		b	.L149
ARM GAS  C:\Users\Nathan\AppData\Local\Temp\ccKB486e.s 			page 25


 1444              	.L143:
 1445 0064 806A     		ldr	r0, [r0, #40]
 1446 0066 FFF7FEFF 		bl	HAL_DMA_Abort_IT
 1447 006a DCE7     		b	.L149
 1448              	.L140:
 1449 006c C06A     		ldr	r0, [r0, #44]
 1450 006e FFF7FEFF 		bl	HAL_DMA_Abort_IT
 1451 0072 D8E7     		b	.L149
 1452              	.L146:
 1453 0074 406B     		ldr	r0, [r0, #52]
 1454 0076 FFF7FEFF 		bl	HAL_DMA_Abort_IT
 1455 007a D4E7     		b	.L149
 1456              	.L147:
 1457 007c 806B     		ldr	r0, [r0, #56]
 1458 007e FFF7FEFF 		bl	HAL_DMA_Abort_IT
 1459 0082 D0E7     		b	.L149
 1461              		.section	.text.HAL_TIM_DMABurst_MultiReadStart,"ax",%progbits
 1462              		.align	1
 1463              		.global	HAL_TIM_DMABurst_MultiReadStart
 1464              		.syntax unified
 1465              		.thumb
 1466              		.thumb_func
 1468              	HAL_TIM_DMABurst_MultiReadStart:
 1469              		@ args = 8, pretend = 0, frame = 0
 1470              		@ frame_needed = 0, uses_anonymous_args = 0
 1471 0000 70B5     		push	{r4, r5, r6, lr}
 1472 0002 0446     		mov	r4, r0
 1473 0004 1546     		mov	r5, r2
 1474 0006 1A46     		mov	r2, r3
 1475 0008 90F84830 		ldrb	r3, [r0, #72]	@ zero_extendqisi2
 1476 000c D8B2     		uxtb	r0, r3
 1477 000e 022B     		cmp	r3, #2
 1478 0010 2ED0     		beq	.L154
 1479 0012 0E46     		mov	r6, r1
 1480 0014 94F84830 		ldrb	r3, [r4, #72]	@ zero_extendqisi2
 1481 0018 D8B2     		uxtb	r0, r3
 1482 001a 012B     		cmp	r3, #1
 1483 001c 29D0     		beq	.L174
 1484              	.L155:
 1485 001e B5F5006F 		cmp	r5, #2048
 1486 0022 75D0     		beq	.L157
 1487 0024 30D8     		bhi	.L158
 1488 0026 B5F5007F 		cmp	r5, #512
 1489 002a 4BD0     		beq	.L159
 1490 002c B5F5806F 		cmp	r5, #1024
 1491 0030 5BD0     		beq	.L160
 1492 0032 B5F5807F 		cmp	r5, #256
 1493 0036 25D1     		bne	.L175
 1494 0038 236A     		ldr	r3, [r4, #32]
 1495 003a 5349     		ldr	r1, .L179
 1496 003c D962     		str	r1, [r3, #44]
 1497 003e 236A     		ldr	r3, [r4, #32]
 1498 0040 5249     		ldr	r1, .L179+4
 1499 0042 1963     		str	r1, [r3, #48]
 1500 0044 236A     		ldr	r3, [r4, #32]
 1501 0046 5249     		ldr	r1, .L179+8
 1502 0048 5963     		str	r1, [r3, #52]
ARM GAS  C:\Users\Nathan\AppData\Local\Temp\ccKB486e.s 			page 26


 1503 004a 2168     		ldr	r1, [r4]
 1504 004c 059B     		ldr	r3, [sp, #20]
 1505 004e 4C31     		adds	r1, r1, #76
 1506 0050 206A     		ldr	r0, [r4, #32]
 1507 0052 FFF7FEFF 		bl	HAL_DMA_Start_IT
 1508 0056 0028     		cmp	r0, #0
 1509 0058 40F09480 		bne	.L176
 1510              	.L165:
 1511 005c 2368     		ldr	r3, [r4]
 1512 005e 3146     		mov	r1, r6
 1513 0060 049A     		ldr	r2, [sp, #16]
 1514 0062 1143     		orrs	r1, r1, r2
 1515 0064 9964     		str	r1, [r3, #72]
 1516 0066 2268     		ldr	r2, [r4]
 1517 0068 D368     		ldr	r3, [r2, #12]
 1518 006a 2B43     		orrs	r3, r3, r5
 1519 006c D360     		str	r3, [r2, #12]
 1520 006e 0020     		movs	r0, #0
 1521              	.L154:
 1522 0070 70BD     		pop	{r4, r5, r6, pc}
 1523              	.L174:
 1524 0072 1AB1     		cbz	r2, .L177
 1525              	.L156:
 1526 0074 0223     		movs	r3, #2
 1527 0076 84F84830 		strb	r3, [r4, #72]
 1528 007a D0E7     		b	.L155
 1529              	.L177:
 1530 007c 049B     		ldr	r3, [sp, #16]
 1531 007e 002B     		cmp	r3, #0
 1532 0080 F8D0     		beq	.L156
 1533 0082 F5E7     		b	.L154
 1534              	.L175:
 1535 0084 0120     		movs	r0, #1
 1536 0086 F3E7     		b	.L154
 1537              	.L158:
 1538 0088 B5F5005F 		cmp	r5, #8192
 1539 008c 53D0     		beq	.L162
 1540 008e B5F5804F 		cmp	r5, #16384
 1541 0092 63D0     		beq	.L163
 1542 0094 B5F5805F 		cmp	r5, #4096
 1543 0098 12D1     		bne	.L178
 1544 009a 236B     		ldr	r3, [r4, #48]
 1545 009c 3D49     		ldr	r1, .L179+12
 1546 009e D962     		str	r1, [r3, #44]
 1547 00a0 236B     		ldr	r3, [r4, #48]
 1548 00a2 3D49     		ldr	r1, .L179+16
 1549 00a4 1963     		str	r1, [r3, #48]
 1550 00a6 236B     		ldr	r3, [r4, #48]
 1551 00a8 3949     		ldr	r1, .L179+8
 1552 00aa 5963     		str	r1, [r3, #52]
 1553 00ac 2168     		ldr	r1, [r4]
 1554 00ae 059B     		ldr	r3, [sp, #20]
 1555 00b0 4C31     		adds	r1, r1, #76
 1556 00b2 206B     		ldr	r0, [r4, #48]
 1557 00b4 FFF7FEFF 		bl	HAL_DMA_Start_IT
 1558 00b8 0028     		cmp	r0, #0
 1559 00ba CFD0     		beq	.L165
ARM GAS  C:\Users\Nathan\AppData\Local\Temp\ccKB486e.s 			page 27


 1560 00bc 0120     		movs	r0, #1
 1561 00be D7E7     		b	.L154
 1562              	.L178:
 1563 00c0 0120     		movs	r0, #1
 1564 00c2 D5E7     		b	.L154
 1565              	.L159:
 1566 00c4 636A     		ldr	r3, [r4, #36]
 1567 00c6 3349     		ldr	r1, .L179+12
 1568 00c8 D962     		str	r1, [r3, #44]
 1569 00ca 636A     		ldr	r3, [r4, #36]
 1570 00cc 3249     		ldr	r1, .L179+16
 1571 00ce 1963     		str	r1, [r3, #48]
 1572 00d0 636A     		ldr	r3, [r4, #36]
 1573 00d2 2F49     		ldr	r1, .L179+8
 1574 00d4 5963     		str	r1, [r3, #52]
 1575 00d6 2168     		ldr	r1, [r4]
 1576 00d8 059B     		ldr	r3, [sp, #20]
 1577 00da 4C31     		adds	r1, r1, #76
 1578 00dc 606A     		ldr	r0, [r4, #36]
 1579 00de FFF7FEFF 		bl	HAL_DMA_Start_IT
 1580 00e2 0028     		cmp	r0, #0
 1581 00e4 BAD0     		beq	.L165
 1582 00e6 0120     		movs	r0, #1
 1583 00e8 C2E7     		b	.L154
 1584              	.L160:
 1585 00ea A36A     		ldr	r3, [r4, #40]
 1586 00ec 2949     		ldr	r1, .L179+12
 1587 00ee D962     		str	r1, [r3, #44]
 1588 00f0 A36A     		ldr	r3, [r4, #40]
 1589 00f2 2949     		ldr	r1, .L179+16
 1590 00f4 1963     		str	r1, [r3, #48]
 1591 00f6 A36A     		ldr	r3, [r4, #40]
 1592 00f8 2549     		ldr	r1, .L179+8
 1593 00fa 5963     		str	r1, [r3, #52]
 1594 00fc 2168     		ldr	r1, [r4]
 1595 00fe 059B     		ldr	r3, [sp, #20]
 1596 0100 4C31     		adds	r1, r1, #76
 1597 0102 A06A     		ldr	r0, [r4, #40]
 1598 0104 FFF7FEFF 		bl	HAL_DMA_Start_IT
 1599 0108 0028     		cmp	r0, #0
 1600 010a A7D0     		beq	.L165
 1601 010c 0120     		movs	r0, #1
 1602 010e AFE7     		b	.L154
 1603              	.L157:
 1604 0110 E36A     		ldr	r3, [r4, #44]
 1605 0112 2049     		ldr	r1, .L179+12
 1606 0114 D962     		str	r1, [r3, #44]
 1607 0116 E36A     		ldr	r3, [r4, #44]
 1608 0118 1F49     		ldr	r1, .L179+16
 1609 011a 1963     		str	r1, [r3, #48]
 1610 011c E36A     		ldr	r3, [r4, #44]
 1611 011e 1C49     		ldr	r1, .L179+8
 1612 0120 5963     		str	r1, [r3, #52]
 1613 0122 2168     		ldr	r1, [r4]
 1614 0124 059B     		ldr	r3, [sp, #20]
 1615 0126 4C31     		adds	r1, r1, #76
 1616 0128 E06A     		ldr	r0, [r4, #44]
ARM GAS  C:\Users\Nathan\AppData\Local\Temp\ccKB486e.s 			page 28


 1617 012a FFF7FEFF 		bl	HAL_DMA_Start_IT
 1618 012e 0028     		cmp	r0, #0
 1619 0130 94D0     		beq	.L165
 1620 0132 0120     		movs	r0, #1
 1621 0134 9CE7     		b	.L154
 1622              	.L162:
 1623 0136 636B     		ldr	r3, [r4, #52]
 1624 0138 1849     		ldr	r1, .L179+20
 1625 013a D962     		str	r1, [r3, #44]
 1626 013c 636B     		ldr	r3, [r4, #52]
 1627 013e 1849     		ldr	r1, .L179+24
 1628 0140 1963     		str	r1, [r3, #48]
 1629 0142 636B     		ldr	r3, [r4, #52]
 1630 0144 1249     		ldr	r1, .L179+8
 1631 0146 5963     		str	r1, [r3, #52]
 1632 0148 2168     		ldr	r1, [r4]
 1633 014a 059B     		ldr	r3, [sp, #20]
 1634 014c 4C31     		adds	r1, r1, #76
 1635 014e 606B     		ldr	r0, [r4, #52]
 1636 0150 FFF7FEFF 		bl	HAL_DMA_Start_IT
 1637 0154 0028     		cmp	r0, #0
 1638 0156 81D0     		beq	.L165
 1639 0158 0120     		movs	r0, #1
 1640 015a 89E7     		b	.L154
 1641              	.L163:
 1642 015c A36B     		ldr	r3, [r4, #56]
 1643 015e 1149     		ldr	r1, .L179+28
 1644 0160 D962     		str	r1, [r3, #44]
 1645 0162 A36B     		ldr	r3, [r4, #56]
 1646 0164 1049     		ldr	r1, .L179+32
 1647 0166 1963     		str	r1, [r3, #48]
 1648 0168 A36B     		ldr	r3, [r4, #56]
 1649 016a 0949     		ldr	r1, .L179+8
 1650 016c 5963     		str	r1, [r3, #52]
 1651 016e 2168     		ldr	r1, [r4]
 1652 0170 059B     		ldr	r3, [sp, #20]
 1653 0172 4C31     		adds	r1, r1, #76
 1654 0174 A06B     		ldr	r0, [r4, #56]
 1655 0176 FFF7FEFF 		bl	HAL_DMA_Start_IT
 1656 017a 0028     		cmp	r0, #0
 1657 017c 3FF46EAF 		beq	.L165
 1658 0180 0120     		movs	r0, #1
 1659 0182 75E7     		b	.L154
 1660              	.L176:
 1661 0184 0120     		movs	r0, #1
 1662 0186 73E7     		b	.L154
 1663              	.L180:
 1664              		.align	2
 1665              	.L179:
 1666 0188 00000000 		.word	TIM_DMAPeriodElapsedCplt
 1667 018c 00000000 		.word	TIM_DMAPeriodElapsedHalfCplt
 1668 0190 00000000 		.word	TIM_DMAError
 1669 0194 00000000 		.word	TIM_DMACaptureCplt
 1670 0198 00000000 		.word	TIM_DMACaptureHalfCplt
 1671 019c 00000000 		.word	TIMEx_DMACommutationCplt
 1672 01a0 00000000 		.word	TIMEx_DMACommutationHalfCplt
 1673 01a4 00000000 		.word	TIM_DMATriggerCplt
ARM GAS  C:\Users\Nathan\AppData\Local\Temp\ccKB486e.s 			page 29


 1674 01a8 00000000 		.word	TIM_DMATriggerHalfCplt
 1676              		.section	.text.HAL_TIM_DMABurst_ReadStart,"ax",%progbits
 1677              		.align	1
 1678              		.global	HAL_TIM_DMABurst_ReadStart
 1679              		.syntax unified
 1680              		.thumb
 1681              		.thumb_func
 1683              	HAL_TIM_DMABurst_ReadStart:
 1684              		@ args = 4, pretend = 0, frame = 0
 1685              		@ frame_needed = 0, uses_anonymous_args = 0
 1686 0000 00B5     		push	{lr}
 1687 0002 83B0     		sub	sp, sp, #12
 1688 0004 DDF810E0 		ldr	lr, [sp, #16]
 1689 0008 4FEA1E2C 		lsr	ip, lr, #8
 1690 000c 0CF1010C 		add	ip, ip, #1
 1691 0010 CDF804C0 		str	ip, [sp, #4]
 1692 0014 CDF800E0 		str	lr, [sp]
 1693 0018 FFF7FEFF 		bl	HAL_TIM_DMABurst_MultiReadStart
 1694 001c 03B0     		add	sp, sp, #12
 1695              		@ sp needed
 1696 001e 00BD     		pop	{pc}
 1698              		.section	.text.HAL_TIM_DMABurst_ReadStop,"ax",%progbits
 1699              		.align	1
 1700              		.global	HAL_TIM_DMABurst_ReadStop
 1701              		.syntax unified
 1702              		.thumb
 1703              		.thumb_func
 1705              	HAL_TIM_DMABurst_ReadStop:
 1706              		@ args = 0, pretend = 0, frame = 0
 1707              		@ frame_needed = 0, uses_anonymous_args = 0
 1708 0000 38B5     		push	{r3, r4, r5, lr}
 1709 0002 0546     		mov	r5, r0
 1710 0004 0C46     		mov	r4, r1
 1711 0006 B1F5006F 		cmp	r1, #2048
 1712 000a 2FD0     		beq	.L184
 1713 000c 17D8     		bhi	.L185
 1714 000e B1F5007F 		cmp	r1, #512
 1715 0012 23D0     		beq	.L186
 1716 0014 B1F5806F 		cmp	r1, #1024
 1717 0018 24D0     		beq	.L187
 1718 001a B1F5807F 		cmp	r1, #256
 1719 001e 0CD1     		bne	.L195
 1720 0020 006A     		ldr	r0, [r0, #32]
 1721 0022 FFF7FEFF 		bl	HAL_DMA_Abort_IT
 1722              	.L193:
 1723 0026 2A68     		ldr	r2, [r5]
 1724 0028 D368     		ldr	r3, [r2, #12]
 1725 002a 23EA0403 		bic	r3, r3, r4
 1726 002e D360     		str	r3, [r2, #12]
 1727 0030 0123     		movs	r3, #1
 1728 0032 85F84830 		strb	r3, [r5, #72]
 1729 0036 0020     		movs	r0, #0
 1730              	.L189:
 1731 0038 38BD     		pop	{r3, r4, r5, pc}
 1732              	.L195:
 1733 003a 0120     		movs	r0, #1
 1734 003c FCE7     		b	.L189
ARM GAS  C:\Users\Nathan\AppData\Local\Temp\ccKB486e.s 			page 30


 1735              	.L185:
 1736 003e B1F5005F 		cmp	r1, #8192
 1737 0042 17D0     		beq	.L190
 1738 0044 B1F5804F 		cmp	r1, #16384
 1739 0048 18D0     		beq	.L191
 1740 004a B1F5805F 		cmp	r1, #4096
 1741 004e 03D1     		bne	.L196
 1742 0050 006B     		ldr	r0, [r0, #48]
 1743 0052 FFF7FEFF 		bl	HAL_DMA_Abort_IT
 1744 0056 E6E7     		b	.L193
 1745              	.L196:
 1746 0058 0120     		movs	r0, #1
 1747 005a EDE7     		b	.L189
 1748              	.L186:
 1749 005c 406A     		ldr	r0, [r0, #36]
 1750 005e FFF7FEFF 		bl	HAL_DMA_Abort_IT
 1751 0062 E0E7     		b	.L193
 1752              	.L187:
 1753 0064 806A     		ldr	r0, [r0, #40]
 1754 0066 FFF7FEFF 		bl	HAL_DMA_Abort_IT
 1755 006a DCE7     		b	.L193
 1756              	.L184:
 1757 006c C06A     		ldr	r0, [r0, #44]
 1758 006e FFF7FEFF 		bl	HAL_DMA_Abort_IT
 1759 0072 D8E7     		b	.L193
 1760              	.L190:
 1761 0074 406B     		ldr	r0, [r0, #52]
 1762 0076 FFF7FEFF 		bl	HAL_DMA_Abort_IT
 1763 007a D4E7     		b	.L193
 1764              	.L191:
 1765 007c 806B     		ldr	r0, [r0, #56]
 1766 007e FFF7FEFF 		bl	HAL_DMA_Abort_IT
 1767 0082 D0E7     		b	.L193
 1769              		.section	.text.HAL_TIM_GenerateEvent,"ax",%progbits
 1770              		.align	1
 1771              		.global	HAL_TIM_GenerateEvent
 1772              		.syntax unified
 1773              		.thumb
 1774              		.thumb_func
 1776              	HAL_TIM_GenerateEvent:
 1777              		@ args = 0, pretend = 0, frame = 0
 1778              		@ frame_needed = 0, uses_anonymous_args = 0
 1779              		@ link register save eliminated.
 1780 0000 90F83C30 		ldrb	r3, [r0, #60]	@ zero_extendqisi2
 1781 0004 012B     		cmp	r3, #1
 1782 0006 0ED0     		beq	.L199
 1783 0008 0123     		movs	r3, #1
 1784 000a 80F83C30 		strb	r3, [r0, #60]
 1785 000e 0222     		movs	r2, #2
 1786 0010 80F83D20 		strb	r2, [r0, #61]
 1787 0014 0268     		ldr	r2, [r0]
 1788 0016 5161     		str	r1, [r2, #20]
 1789 0018 80F83D30 		strb	r3, [r0, #61]
 1790 001c 0023     		movs	r3, #0
 1791 001e 80F83C30 		strb	r3, [r0, #60]
 1792 0022 1846     		mov	r0, r3
 1793 0024 7047     		bx	lr
ARM GAS  C:\Users\Nathan\AppData\Local\Temp\ccKB486e.s 			page 31


 1794              	.L199:
 1795 0026 0220     		movs	r0, #2
 1796 0028 7047     		bx	lr
 1798              		.section	.text.HAL_TIM_ConfigTI1Input,"ax",%progbits
 1799              		.align	1
 1800              		.global	HAL_TIM_ConfigTI1Input
 1801              		.syntax unified
 1802              		.thumb
 1803              		.thumb_func
 1805              	HAL_TIM_ConfigTI1Input:
 1806              		@ args = 0, pretend = 0, frame = 0
 1807              		@ frame_needed = 0, uses_anonymous_args = 0
 1808              		@ link register save eliminated.
 1809 0000 0268     		ldr	r2, [r0]
 1810 0002 5368     		ldr	r3, [r2, #4]
 1811 0004 23F08003 		bic	r3, r3, #128
 1812 0008 0B43     		orrs	r3, r3, r1
 1813 000a 5360     		str	r3, [r2, #4]
 1814 000c 0020     		movs	r0, #0
 1815 000e 7047     		bx	lr
 1817              		.section	.text.HAL_TIM_ReadCapturedValue,"ax",%progbits
 1818              		.align	1
 1819              		.global	HAL_TIM_ReadCapturedValue
 1820              		.syntax unified
 1821              		.thumb
 1822              		.thumb_func
 1824              	HAL_TIM_ReadCapturedValue:
 1825              		@ args = 0, pretend = 0, frame = 0
 1826              		@ frame_needed = 0, uses_anonymous_args = 0
 1827              		@ link register save eliminated.
 1828 0000 0829     		cmp	r1, #8
 1829 0002 12D0     		beq	.L202
 1830 0004 07D8     		bhi	.L203
 1831 0006 69B1     		cbz	r1, .L204
 1832 0008 0429     		cmp	r1, #4
 1833 000a 02D1     		bne	.L208
 1834 000c 0368     		ldr	r3, [r0]
 1835 000e 986B     		ldr	r0, [r3, #56]
 1836 0010 7047     		bx	lr
 1837              	.L208:
 1838 0012 0020     		movs	r0, #0
 1839 0014 7047     		bx	lr
 1840              	.L203:
 1841 0016 0C29     		cmp	r1, #12
 1842 0018 02D1     		bne	.L209
 1843 001a 0368     		ldr	r3, [r0]
 1844 001c 186C     		ldr	r0, [r3, #64]
 1845 001e 7047     		bx	lr
 1846              	.L209:
 1847 0020 0020     		movs	r0, #0
 1848 0022 7047     		bx	lr
 1849              	.L204:
 1850 0024 0368     		ldr	r3, [r0]
 1851 0026 586B     		ldr	r0, [r3, #52]
 1852 0028 7047     		bx	lr
 1853              	.L202:
 1854 002a 0368     		ldr	r3, [r0]
ARM GAS  C:\Users\Nathan\AppData\Local\Temp\ccKB486e.s 			page 32


 1855 002c D86B     		ldr	r0, [r3, #60]
 1856 002e 7047     		bx	lr
 1858              		.section	.text.HAL_TIM_PeriodElapsedCallback,"ax",%progbits
 1859              		.align	1
 1860              		.weak	HAL_TIM_PeriodElapsedCallback
 1861              		.syntax unified
 1862              		.thumb
 1863              		.thumb_func
 1865              	HAL_TIM_PeriodElapsedCallback:
 1866              		@ args = 0, pretend = 0, frame = 0
 1867              		@ frame_needed = 0, uses_anonymous_args = 0
 1868              		@ link register save eliminated.
 1869 0000 7047     		bx	lr
 1871              		.section	.text.TIM_DMAPeriodElapsedCplt,"ax",%progbits
 1872              		.align	1
 1873              		.syntax unified
 1874              		.thumb
 1875              		.thumb_func
 1877              	TIM_DMAPeriodElapsedCplt:
 1878              		@ args = 0, pretend = 0, frame = 0
 1879              		@ frame_needed = 0, uses_anonymous_args = 0
 1880 0000 08B5     		push	{r3, lr}
 1881 0002 806A     		ldr	r0, [r0, #40]
 1882 0004 036A     		ldr	r3, [r0, #32]
 1883 0006 DB69     		ldr	r3, [r3, #28]
 1884 0008 13B9     		cbnz	r3, .L212
 1885 000a 0123     		movs	r3, #1
 1886 000c 80F83D30 		strb	r3, [r0, #61]
 1887              	.L212:
 1888 0010 FFF7FEFF 		bl	HAL_TIM_PeriodElapsedCallback
 1889 0014 08BD     		pop	{r3, pc}
 1891              		.section	.text.HAL_TIM_PeriodElapsedHalfCpltCallback,"ax",%progbits
 1892              		.align	1
 1893              		.weak	HAL_TIM_PeriodElapsedHalfCpltCallback
 1894              		.syntax unified
 1895              		.thumb
 1896              		.thumb_func
 1898              	HAL_TIM_PeriodElapsedHalfCpltCallback:
 1899              		@ args = 0, pretend = 0, frame = 0
 1900              		@ frame_needed = 0, uses_anonymous_args = 0
 1901              		@ link register save eliminated.
 1902 0000 7047     		bx	lr
 1904              		.section	.text.TIM_DMAPeriodElapsedHalfCplt,"ax",%progbits
 1905              		.align	1
 1906              		.syntax unified
 1907              		.thumb
 1908              		.thumb_func
 1910              	TIM_DMAPeriodElapsedHalfCplt:
 1911              		@ args = 0, pretend = 0, frame = 0
 1912              		@ frame_needed = 0, uses_anonymous_args = 0
 1913 0000 08B5     		push	{r3, lr}
 1914 0002 806A     		ldr	r0, [r0, #40]
 1915 0004 FFF7FEFF 		bl	HAL_TIM_PeriodElapsedHalfCpltCallback
 1916 0008 08BD     		pop	{r3, pc}
 1918              		.section	.text.HAL_TIM_OC_DelayElapsedCallback,"ax",%progbits
 1919              		.align	1
 1920              		.weak	HAL_TIM_OC_DelayElapsedCallback
ARM GAS  C:\Users\Nathan\AppData\Local\Temp\ccKB486e.s 			page 33


 1921              		.syntax unified
 1922              		.thumb
 1923              		.thumb_func
 1925              	HAL_TIM_OC_DelayElapsedCallback:
 1926              		@ args = 0, pretend = 0, frame = 0
 1927              		@ frame_needed = 0, uses_anonymous_args = 0
 1928              		@ link register save eliminated.
 1929 0000 7047     		bx	lr
 1931              		.section	.text.HAL_TIM_IC_CaptureCallback,"ax",%progbits
 1932              		.align	1
 1933              		.weak	HAL_TIM_IC_CaptureCallback
 1934              		.syntax unified
 1935              		.thumb
 1936              		.thumb_func
 1938              	HAL_TIM_IC_CaptureCallback:
 1939              		@ args = 0, pretend = 0, frame = 0
 1940              		@ frame_needed = 0, uses_anonymous_args = 0
 1941              		@ link register save eliminated.
 1942 0000 7047     		bx	lr
 1944              		.section	.text.TIM_DMACaptureCplt,"ax",%progbits
 1945              		.align	1
 1946              		.global	TIM_DMACaptureCplt
 1947              		.syntax unified
 1948              		.thumb
 1949              		.thumb_func
 1951              	TIM_DMACaptureCplt:
 1952              		@ args = 0, pretend = 0, frame = 0
 1953              		@ frame_needed = 0, uses_anonymous_args = 0
 1954 0000 10B5     		push	{r4, lr}
 1955 0002 846A     		ldr	r4, [r0, #40]
 1956 0004 636A     		ldr	r3, [r4, #36]
 1957 0006 8342     		cmp	r3, r0
 1958 0008 0ED0     		beq	.L225
 1959 000a A36A     		ldr	r3, [r4, #40]
 1960 000c 8342     		cmp	r3, r0
 1961 000e 16D0     		beq	.L226
 1962 0010 E36A     		ldr	r3, [r4, #44]
 1963 0012 8342     		cmp	r3, r0
 1964 0014 1ED0     		beq	.L227
 1965 0016 236B     		ldr	r3, [r4, #48]
 1966 0018 8342     		cmp	r3, r0
 1967 001a 26D0     		beq	.L228
 1968              	.L221:
 1969 001c 2046     		mov	r0, r4
 1970 001e FFF7FEFF 		bl	HAL_TIM_IC_CaptureCallback
 1971 0022 0023     		movs	r3, #0
 1972 0024 2377     		strb	r3, [r4, #28]
 1973 0026 10BD     		pop	{r4, pc}
 1974              	.L225:
 1975 0028 0123     		movs	r3, #1
 1976 002a 2377     		strb	r3, [r4, #28]
 1977 002c C369     		ldr	r3, [r0, #28]
 1978 002e 002B     		cmp	r3, #0
 1979 0030 F4D1     		bne	.L221
 1980 0032 0123     		movs	r3, #1
 1981 0034 84F83E30 		strb	r3, [r4, #62]
 1982 0038 84F84430 		strb	r3, [r4, #68]
ARM GAS  C:\Users\Nathan\AppData\Local\Temp\ccKB486e.s 			page 34


 1983 003c EEE7     		b	.L221
 1984              	.L226:
 1985 003e 0223     		movs	r3, #2
 1986 0040 2377     		strb	r3, [r4, #28]
 1987 0042 C369     		ldr	r3, [r0, #28]
 1988 0044 002B     		cmp	r3, #0
 1989 0046 E9D1     		bne	.L221
 1990 0048 0123     		movs	r3, #1
 1991 004a 84F83F30 		strb	r3, [r4, #63]
 1992 004e 84F84530 		strb	r3, [r4, #69]
 1993 0052 E3E7     		b	.L221
 1994              	.L227:
 1995 0054 0423     		movs	r3, #4
 1996 0056 2377     		strb	r3, [r4, #28]
 1997 0058 C369     		ldr	r3, [r0, #28]
 1998 005a 002B     		cmp	r3, #0
 1999 005c DED1     		bne	.L221
 2000 005e 0123     		movs	r3, #1
 2001 0060 84F84030 		strb	r3, [r4, #64]
 2002 0064 84F84630 		strb	r3, [r4, #70]
 2003 0068 D8E7     		b	.L221
 2004              	.L228:
 2005 006a 0823     		movs	r3, #8
 2006 006c 2377     		strb	r3, [r4, #28]
 2007 006e C369     		ldr	r3, [r0, #28]
 2008 0070 002B     		cmp	r3, #0
 2009 0072 D3D1     		bne	.L221
 2010 0074 0123     		movs	r3, #1
 2011 0076 84F84130 		strb	r3, [r4, #65]
 2012 007a 84F84730 		strb	r3, [r4, #71]
 2013 007e CDE7     		b	.L221
 2015              		.section	.text.HAL_TIM_IC_CaptureHalfCpltCallback,"ax",%progbits
 2016              		.align	1
 2017              		.weak	HAL_TIM_IC_CaptureHalfCpltCallback
 2018              		.syntax unified
 2019              		.thumb
 2020              		.thumb_func
 2022              	HAL_TIM_IC_CaptureHalfCpltCallback:
 2023              		@ args = 0, pretend = 0, frame = 0
 2024              		@ frame_needed = 0, uses_anonymous_args = 0
 2025              		@ link register save eliminated.
 2026 0000 7047     		bx	lr
 2028              		.section	.text.TIM_DMACaptureHalfCplt,"ax",%progbits
 2029              		.align	1
 2030              		.global	TIM_DMACaptureHalfCplt
 2031              		.syntax unified
 2032              		.thumb
 2033              		.thumb_func
 2035              	TIM_DMACaptureHalfCplt:
 2036              		@ args = 0, pretend = 0, frame = 0
 2037              		@ frame_needed = 0, uses_anonymous_args = 0
 2038 0000 10B5     		push	{r4, lr}
 2039 0002 846A     		ldr	r4, [r0, #40]
 2040 0004 636A     		ldr	r3, [r4, #36]
 2041 0006 8342     		cmp	r3, r0
 2042 0008 0BD0     		beq	.L236
 2043 000a A36A     		ldr	r3, [r4, #40]
ARM GAS  C:\Users\Nathan\AppData\Local\Temp\ccKB486e.s 			page 35


 2044 000c 8342     		cmp	r3, r0
 2045 000e 10D0     		beq	.L237
 2046 0010 E36A     		ldr	r3, [r4, #44]
 2047 0012 8342     		cmp	r3, r0
 2048 0014 10D0     		beq	.L238
 2049 0016 236B     		ldr	r3, [r4, #48]
 2050 0018 8342     		cmp	r3, r0
 2051 001a 04D1     		bne	.L232
 2052 001c 0823     		movs	r3, #8
 2053 001e 2377     		strb	r3, [r4, #28]
 2054 0020 01E0     		b	.L232
 2055              	.L236:
 2056 0022 0123     		movs	r3, #1
 2057 0024 2377     		strb	r3, [r4, #28]
 2058              	.L232:
 2059 0026 2046     		mov	r0, r4
 2060 0028 FFF7FEFF 		bl	HAL_TIM_IC_CaptureHalfCpltCallback
 2061 002c 0023     		movs	r3, #0
 2062 002e 2377     		strb	r3, [r4, #28]
 2063 0030 10BD     		pop	{r4, pc}
 2064              	.L237:
 2065 0032 0223     		movs	r3, #2
 2066 0034 2377     		strb	r3, [r4, #28]
 2067 0036 F6E7     		b	.L232
 2068              	.L238:
 2069 0038 0423     		movs	r3, #4
 2070 003a 2377     		strb	r3, [r4, #28]
 2071 003c F3E7     		b	.L232
 2073              		.section	.text.HAL_TIM_PWM_PulseFinishedCallback,"ax",%progbits
 2074              		.align	1
 2075              		.weak	HAL_TIM_PWM_PulseFinishedCallback
 2076              		.syntax unified
 2077              		.thumb
 2078              		.thumb_func
 2080              	HAL_TIM_PWM_PulseFinishedCallback:
 2081              		@ args = 0, pretend = 0, frame = 0
 2082              		@ frame_needed = 0, uses_anonymous_args = 0
 2083              		@ link register save eliminated.
 2084 0000 7047     		bx	lr
 2086              		.section	.text.TIM_DMADelayPulseCplt,"ax",%progbits
 2087              		.align	1
 2088              		.syntax unified
 2089              		.thumb
 2090              		.thumb_func
 2092              	TIM_DMADelayPulseCplt:
 2093              		@ args = 0, pretend = 0, frame = 0
 2094              		@ frame_needed = 0, uses_anonymous_args = 0
 2095 0000 10B5     		push	{r4, lr}
 2096 0002 846A     		ldr	r4, [r0, #40]
 2097 0004 636A     		ldr	r3, [r4, #36]
 2098 0006 8342     		cmp	r3, r0
 2099 0008 0ED0     		beq	.L246
 2100 000a A36A     		ldr	r3, [r4, #40]
 2101 000c 8342     		cmp	r3, r0
 2102 000e 14D0     		beq	.L247
 2103 0010 E36A     		ldr	r3, [r4, #44]
 2104 0012 8342     		cmp	r3, r0
ARM GAS  C:\Users\Nathan\AppData\Local\Temp\ccKB486e.s 			page 36


 2105 0014 1AD0     		beq	.L248
 2106 0016 236B     		ldr	r3, [r4, #48]
 2107 0018 8342     		cmp	r3, r0
 2108 001a 20D0     		beq	.L249
 2109              	.L242:
 2110 001c 2046     		mov	r0, r4
 2111 001e FFF7FEFF 		bl	HAL_TIM_PWM_PulseFinishedCallback
 2112 0022 0023     		movs	r3, #0
 2113 0024 2377     		strb	r3, [r4, #28]
 2114 0026 10BD     		pop	{r4, pc}
 2115              	.L246:
 2116 0028 0123     		movs	r3, #1
 2117 002a 2377     		strb	r3, [r4, #28]
 2118 002c C369     		ldr	r3, [r0, #28]
 2119 002e 002B     		cmp	r3, #0
 2120 0030 F4D1     		bne	.L242
 2121 0032 0123     		movs	r3, #1
 2122 0034 84F83E30 		strb	r3, [r4, #62]
 2123 0038 F0E7     		b	.L242
 2124              	.L247:
 2125 003a 0223     		movs	r3, #2
 2126 003c 2377     		strb	r3, [r4, #28]
 2127 003e C369     		ldr	r3, [r0, #28]
 2128 0040 002B     		cmp	r3, #0
 2129 0042 EBD1     		bne	.L242
 2130 0044 0123     		movs	r3, #1
 2131 0046 84F83F30 		strb	r3, [r4, #63]
 2132 004a E7E7     		b	.L242
 2133              	.L248:
 2134 004c 0423     		movs	r3, #4
 2135 004e 2377     		strb	r3, [r4, #28]
 2136 0050 C369     		ldr	r3, [r0, #28]
 2137 0052 002B     		cmp	r3, #0
 2138 0054 E2D1     		bne	.L242
 2139 0056 0123     		movs	r3, #1
 2140 0058 84F84030 		strb	r3, [r4, #64]
 2141 005c DEE7     		b	.L242
 2142              	.L249:
 2143 005e 0823     		movs	r3, #8
 2144 0060 2377     		strb	r3, [r4, #28]
 2145 0062 C369     		ldr	r3, [r0, #28]
 2146 0064 002B     		cmp	r3, #0
 2147 0066 D9D1     		bne	.L242
 2148 0068 0123     		movs	r3, #1
 2149 006a 84F84130 		strb	r3, [r4, #65]
 2150 006e D5E7     		b	.L242
 2152              		.section	.text.HAL_TIM_PWM_PulseFinishedHalfCpltCallback,"ax",%progbits
 2153              		.align	1
 2154              		.weak	HAL_TIM_PWM_PulseFinishedHalfCpltCallback
 2155              		.syntax unified
 2156              		.thumb
 2157              		.thumb_func
 2159              	HAL_TIM_PWM_PulseFinishedHalfCpltCallback:
 2160              		@ args = 0, pretend = 0, frame = 0
 2161              		@ frame_needed = 0, uses_anonymous_args = 0
 2162              		@ link register save eliminated.
 2163 0000 7047     		bx	lr
ARM GAS  C:\Users\Nathan\AppData\Local\Temp\ccKB486e.s 			page 37


 2165              		.section	.text.TIM_DMADelayPulseHalfCplt,"ax",%progbits
 2166              		.align	1
 2167              		.global	TIM_DMADelayPulseHalfCplt
 2168              		.syntax unified
 2169              		.thumb
 2170              		.thumb_func
 2172              	TIM_DMADelayPulseHalfCplt:
 2173              		@ args = 0, pretend = 0, frame = 0
 2174              		@ frame_needed = 0, uses_anonymous_args = 0
 2175 0000 10B5     		push	{r4, lr}
 2176 0002 846A     		ldr	r4, [r0, #40]
 2177 0004 636A     		ldr	r3, [r4, #36]
 2178 0006 8342     		cmp	r3, r0
 2179 0008 0BD0     		beq	.L257
 2180 000a A36A     		ldr	r3, [r4, #40]
 2181 000c 8342     		cmp	r3, r0
 2182 000e 10D0     		beq	.L258
 2183 0010 E36A     		ldr	r3, [r4, #44]
 2184 0012 8342     		cmp	r3, r0
 2185 0014 10D0     		beq	.L259
 2186 0016 236B     		ldr	r3, [r4, #48]
 2187 0018 8342     		cmp	r3, r0
 2188 001a 04D1     		bne	.L253
 2189 001c 0823     		movs	r3, #8
 2190 001e 2377     		strb	r3, [r4, #28]
 2191 0020 01E0     		b	.L253
 2192              	.L257:
 2193 0022 0123     		movs	r3, #1
 2194 0024 2377     		strb	r3, [r4, #28]
 2195              	.L253:
 2196 0026 2046     		mov	r0, r4
 2197 0028 FFF7FEFF 		bl	HAL_TIM_PWM_PulseFinishedHalfCpltCallback
 2198 002c 0023     		movs	r3, #0
 2199 002e 2377     		strb	r3, [r4, #28]
 2200 0030 10BD     		pop	{r4, pc}
 2201              	.L258:
 2202 0032 0223     		movs	r3, #2
 2203 0034 2377     		strb	r3, [r4, #28]
 2204 0036 F6E7     		b	.L253
 2205              	.L259:
 2206 0038 0423     		movs	r3, #4
 2207 003a 2377     		strb	r3, [r4, #28]
 2208 003c F3E7     		b	.L253
 2210              		.section	.text.HAL_TIM_TriggerCallback,"ax",%progbits
 2211              		.align	1
 2212              		.weak	HAL_TIM_TriggerCallback
 2213              		.syntax unified
 2214              		.thumb
 2215              		.thumb_func
 2217              	HAL_TIM_TriggerCallback:
 2218              		@ args = 0, pretend = 0, frame = 0
 2219              		@ frame_needed = 0, uses_anonymous_args = 0
 2220              		@ link register save eliminated.
 2221 0000 7047     		bx	lr
 2223              		.section	.text.HAL_TIM_IRQHandler,"ax",%progbits
 2224              		.align	1
 2225              		.global	HAL_TIM_IRQHandler
ARM GAS  C:\Users\Nathan\AppData\Local\Temp\ccKB486e.s 			page 38


 2226              		.syntax unified
 2227              		.thumb
 2228              		.thumb_func
 2230              	HAL_TIM_IRQHandler:
 2231              		@ args = 0, pretend = 0, frame = 0
 2232              		@ frame_needed = 0, uses_anonymous_args = 0
 2233 0000 70B5     		push	{r4, r5, r6, lr}
 2234 0002 0446     		mov	r4, r0
 2235 0004 0368     		ldr	r3, [r0]
 2236 0006 DE68     		ldr	r6, [r3, #12]
 2237 0008 1D69     		ldr	r5, [r3, #16]
 2238 000a 15F0020F 		tst	r5, #2
 2239 000e 10D0     		beq	.L262
 2240 0010 16F0020F 		tst	r6, #2
 2241 0014 0DD0     		beq	.L262
 2242 0016 6FF00202 		mvn	r2, #2
 2243 001a 1A61     		str	r2, [r3, #16]
 2244 001c 0123     		movs	r3, #1
 2245 001e 0377     		strb	r3, [r0, #28]
 2246 0020 0368     		ldr	r3, [r0]
 2247 0022 9B69     		ldr	r3, [r3, #24]
 2248 0024 13F0030F 		tst	r3, #3
 2249 0028 67D0     		beq	.L263
 2250 002a FFF7FEFF 		bl	HAL_TIM_IC_CaptureCallback
 2251              	.L264:
 2252 002e 0023     		movs	r3, #0
 2253 0030 2377     		strb	r3, [r4, #28]
 2254              	.L262:
 2255 0032 15F0040F 		tst	r5, #4
 2256 0036 12D0     		beq	.L265
 2257 0038 16F0040F 		tst	r6, #4
 2258 003c 0FD0     		beq	.L265
 2259 003e 2368     		ldr	r3, [r4]
 2260 0040 6FF00402 		mvn	r2, #4
 2261 0044 1A61     		str	r2, [r3, #16]
 2262 0046 0223     		movs	r3, #2
 2263 0048 2377     		strb	r3, [r4, #28]
 2264 004a 2368     		ldr	r3, [r4]
 2265 004c 9B69     		ldr	r3, [r3, #24]
 2266 004e 13F4407F 		tst	r3, #768
 2267 0052 58D0     		beq	.L266
 2268 0054 2046     		mov	r0, r4
 2269 0056 FFF7FEFF 		bl	HAL_TIM_IC_CaptureCallback
 2270              	.L267:
 2271 005a 0023     		movs	r3, #0
 2272 005c 2377     		strb	r3, [r4, #28]
 2273              	.L265:
 2274 005e 15F0080F 		tst	r5, #8
 2275 0062 12D0     		beq	.L268
 2276 0064 16F0080F 		tst	r6, #8
 2277 0068 0FD0     		beq	.L268
 2278 006a 2368     		ldr	r3, [r4]
 2279 006c 6FF00802 		mvn	r2, #8
 2280 0070 1A61     		str	r2, [r3, #16]
 2281 0072 0423     		movs	r3, #4
 2282 0074 2377     		strb	r3, [r4, #28]
 2283 0076 2368     		ldr	r3, [r4]
ARM GAS  C:\Users\Nathan\AppData\Local\Temp\ccKB486e.s 			page 39


 2284 0078 DB69     		ldr	r3, [r3, #28]
 2285 007a 13F0030F 		tst	r3, #3
 2286 007e 49D0     		beq	.L269
 2287 0080 2046     		mov	r0, r4
 2288 0082 FFF7FEFF 		bl	HAL_TIM_IC_CaptureCallback
 2289              	.L270:
 2290 0086 0023     		movs	r3, #0
 2291 0088 2377     		strb	r3, [r4, #28]
 2292              	.L268:
 2293 008a 15F0100F 		tst	r5, #16
 2294 008e 12D0     		beq	.L271
 2295 0090 16F0100F 		tst	r6, #16
 2296 0094 0FD0     		beq	.L271
 2297 0096 2368     		ldr	r3, [r4]
 2298 0098 6FF01002 		mvn	r2, #16
 2299 009c 1A61     		str	r2, [r3, #16]
 2300 009e 0823     		movs	r3, #8
 2301 00a0 2377     		strb	r3, [r4, #28]
 2302 00a2 2368     		ldr	r3, [r4]
 2303 00a4 DB69     		ldr	r3, [r3, #28]
 2304 00a6 13F4407F 		tst	r3, #768
 2305 00aa 3AD0     		beq	.L272
 2306 00ac 2046     		mov	r0, r4
 2307 00ae FFF7FEFF 		bl	HAL_TIM_IC_CaptureCallback
 2308              	.L273:
 2309 00b2 0023     		movs	r3, #0
 2310 00b4 2377     		strb	r3, [r4, #28]
 2311              	.L271:
 2312 00b6 15F0010F 		tst	r5, #1
 2313 00ba 02D0     		beq	.L274
 2314 00bc 16F0010F 		tst	r6, #1
 2315 00c0 36D1     		bne	.L281
 2316              	.L274:
 2317 00c2 15F0800F 		tst	r5, #128
 2318 00c6 02D1     		bne	.L275
 2319 00c8 15F4005F 		tst	r5, #8192
 2320 00cc 02D0     		beq	.L276
 2321              	.L275:
 2322 00ce 16F0800F 		tst	r6, #128
 2323 00d2 35D1     		bne	.L282
 2324              	.L276:
 2325 00d4 15F4807F 		tst	r5, #256
 2326 00d8 02D0     		beq	.L277
 2327 00da 16F0800F 		tst	r6, #128
 2328 00de 37D1     		bne	.L283
 2329              	.L277:
 2330 00e0 15F0400F 		tst	r5, #64
 2331 00e4 02D0     		beq	.L278
 2332 00e6 16F0400F 		tst	r6, #64
 2333 00ea 39D1     		bne	.L284
 2334              	.L278:
 2335 00ec 15F0200F 		tst	r5, #32
 2336 00f0 02D0     		beq	.L261
 2337 00f2 16F0200F 		tst	r6, #32
 2338 00f6 3BD1     		bne	.L285
 2339              	.L261:
 2340 00f8 70BD     		pop	{r4, r5, r6, pc}
ARM GAS  C:\Users\Nathan\AppData\Local\Temp\ccKB486e.s 			page 40


 2341              	.L263:
 2342 00fa FFF7FEFF 		bl	HAL_TIM_OC_DelayElapsedCallback
 2343 00fe 2046     		mov	r0, r4
 2344 0100 FFF7FEFF 		bl	HAL_TIM_PWM_PulseFinishedCallback
 2345 0104 93E7     		b	.L264
 2346              	.L266:
 2347 0106 2046     		mov	r0, r4
 2348 0108 FFF7FEFF 		bl	HAL_TIM_OC_DelayElapsedCallback
 2349 010c 2046     		mov	r0, r4
 2350 010e FFF7FEFF 		bl	HAL_TIM_PWM_PulseFinishedCallback
 2351 0112 A2E7     		b	.L267
 2352              	.L269:
 2353 0114 2046     		mov	r0, r4
 2354 0116 FFF7FEFF 		bl	HAL_TIM_OC_DelayElapsedCallback
 2355 011a 2046     		mov	r0, r4
 2356 011c FFF7FEFF 		bl	HAL_TIM_PWM_PulseFinishedCallback
 2357 0120 B1E7     		b	.L270
 2358              	.L272:
 2359 0122 2046     		mov	r0, r4
 2360 0124 FFF7FEFF 		bl	HAL_TIM_OC_DelayElapsedCallback
 2361 0128 2046     		mov	r0, r4
 2362 012a FFF7FEFF 		bl	HAL_TIM_PWM_PulseFinishedCallback
 2363 012e C0E7     		b	.L273
 2364              	.L281:
 2365 0130 2368     		ldr	r3, [r4]
 2366 0132 6FF00102 		mvn	r2, #1
 2367 0136 1A61     		str	r2, [r3, #16]
 2368 0138 2046     		mov	r0, r4
 2369 013a FFF7FEFF 		bl	HAL_TIM_PeriodElapsedCallback
 2370 013e C0E7     		b	.L274
 2371              	.L282:
 2372 0140 2368     		ldr	r3, [r4]
 2373 0142 6FF40252 		mvn	r2, #8320
 2374 0146 1A61     		str	r2, [r3, #16]
 2375 0148 2046     		mov	r0, r4
 2376 014a FFF7FEFF 		bl	HAL_TIMEx_BreakCallback
 2377 014e C1E7     		b	.L276
 2378              	.L283:
 2379 0150 2368     		ldr	r3, [r4]
 2380 0152 6FF48072 		mvn	r2, #256
 2381 0156 1A61     		str	r2, [r3, #16]
 2382 0158 2046     		mov	r0, r4
 2383 015a FFF7FEFF 		bl	HAL_TIMEx_Break2Callback
 2384 015e BFE7     		b	.L277
 2385              	.L284:
 2386 0160 2368     		ldr	r3, [r4]
 2387 0162 6FF04002 		mvn	r2, #64
 2388 0166 1A61     		str	r2, [r3, #16]
 2389 0168 2046     		mov	r0, r4
 2390 016a FFF7FEFF 		bl	HAL_TIM_TriggerCallback
 2391 016e BDE7     		b	.L278
 2392              	.L285:
 2393 0170 2368     		ldr	r3, [r4]
 2394 0172 6FF02002 		mvn	r2, #32
 2395 0176 1A61     		str	r2, [r3, #16]
 2396 0178 2046     		mov	r0, r4
 2397 017a FFF7FEFF 		bl	HAL_TIMEx_CommutCallback
ARM GAS  C:\Users\Nathan\AppData\Local\Temp\ccKB486e.s 			page 41


 2398 017e BBE7     		b	.L261
 2400              		.section	.text.TIM_DMATriggerCplt,"ax",%progbits
 2401              		.align	1
 2402              		.syntax unified
 2403              		.thumb
 2404              		.thumb_func
 2406              	TIM_DMATriggerCplt:
 2407              		@ args = 0, pretend = 0, frame = 0
 2408              		@ frame_needed = 0, uses_anonymous_args = 0
 2409 0000 08B5     		push	{r3, lr}
 2410 0002 806A     		ldr	r0, [r0, #40]
 2411 0004 836B     		ldr	r3, [r0, #56]
 2412 0006 DB69     		ldr	r3, [r3, #28]
 2413 0008 13B9     		cbnz	r3, .L287
 2414 000a 0123     		movs	r3, #1
 2415 000c 80F83D30 		strb	r3, [r0, #61]
 2416              	.L287:
 2417 0010 FFF7FEFF 		bl	HAL_TIM_TriggerCallback
 2418 0014 08BD     		pop	{r3, pc}
 2420              		.section	.text.HAL_TIM_TriggerHalfCpltCallback,"ax",%progbits
 2421              		.align	1
 2422              		.weak	HAL_TIM_TriggerHalfCpltCallback
 2423              		.syntax unified
 2424              		.thumb
 2425              		.thumb_func
 2427              	HAL_TIM_TriggerHalfCpltCallback:
 2428              		@ args = 0, pretend = 0, frame = 0
 2429              		@ frame_needed = 0, uses_anonymous_args = 0
 2430              		@ link register save eliminated.
 2431 0000 7047     		bx	lr
 2433              		.section	.text.TIM_DMATriggerHalfCplt,"ax",%progbits
 2434              		.align	1
 2435              		.syntax unified
 2436              		.thumb
 2437              		.thumb_func
 2439              	TIM_DMATriggerHalfCplt:
 2440              		@ args = 0, pretend = 0, frame = 0
 2441              		@ frame_needed = 0, uses_anonymous_args = 0
 2442 0000 08B5     		push	{r3, lr}
 2443 0002 806A     		ldr	r0, [r0, #40]
 2444 0004 FFF7FEFF 		bl	HAL_TIM_TriggerHalfCpltCallback
 2445 0008 08BD     		pop	{r3, pc}
 2447              		.section	.text.HAL_TIM_ErrorCallback,"ax",%progbits
 2448              		.align	1
 2449              		.weak	HAL_TIM_ErrorCallback
 2450              		.syntax unified
 2451              		.thumb
 2452              		.thumb_func
 2454              	HAL_TIM_ErrorCallback:
 2455              		@ args = 0, pretend = 0, frame = 0
 2456              		@ frame_needed = 0, uses_anonymous_args = 0
 2457              		@ link register save eliminated.
 2458 0000 7047     		bx	lr
 2460              		.section	.text.TIM_DMAError,"ax",%progbits
 2461              		.align	1
 2462              		.global	TIM_DMAError
 2463              		.syntax unified
ARM GAS  C:\Users\Nathan\AppData\Local\Temp\ccKB486e.s 			page 42


 2464              		.thumb
 2465              		.thumb_func
 2467              	TIM_DMAError:
 2468              		@ args = 0, pretend = 0, frame = 0
 2469              		@ frame_needed = 0, uses_anonymous_args = 0
 2470 0000 10B5     		push	{r4, lr}
 2471 0002 846A     		ldr	r4, [r0, #40]
 2472 0004 636A     		ldr	r3, [r4, #36]
 2473 0006 8342     		cmp	r3, r0
 2474 0008 0CD0     		beq	.L300
 2475 000a A36A     		ldr	r3, [r4, #40]
 2476 000c 8342     		cmp	r3, r0
 2477 000e 13D0     		beq	.L301
 2478 0010 E36A     		ldr	r3, [r4, #44]
 2479 0012 8342     		cmp	r3, r0
 2480 0014 16D0     		beq	.L302
 2481 0016 236B     		ldr	r3, [r4, #48]
 2482 0018 8342     		cmp	r3, r0
 2483 001a 19D0     		beq	.L303
 2484 001c 0123     		movs	r3, #1
 2485 001e 84F83D30 		strb	r3, [r4, #61]
 2486 0022 03E0     		b	.L295
 2487              	.L300:
 2488 0024 0123     		movs	r3, #1
 2489 0026 2377     		strb	r3, [r4, #28]
 2490 0028 84F83E30 		strb	r3, [r4, #62]
 2491              	.L295:
 2492 002c 2046     		mov	r0, r4
 2493 002e FFF7FEFF 		bl	HAL_TIM_ErrorCallback
 2494 0032 0023     		movs	r3, #0
 2495 0034 2377     		strb	r3, [r4, #28]
 2496 0036 10BD     		pop	{r4, pc}
 2497              	.L301:
 2498 0038 0223     		movs	r3, #2
 2499 003a 2377     		strb	r3, [r4, #28]
 2500 003c 0123     		movs	r3, #1
 2501 003e 84F83F30 		strb	r3, [r4, #63]
 2502 0042 F3E7     		b	.L295
 2503              	.L302:
 2504 0044 0423     		movs	r3, #4
 2505 0046 2377     		strb	r3, [r4, #28]
 2506 0048 0123     		movs	r3, #1
 2507 004a 84F84030 		strb	r3, [r4, #64]
 2508 004e EDE7     		b	.L295
 2509              	.L303:
 2510 0050 0823     		movs	r3, #8
 2511 0052 2377     		strb	r3, [r4, #28]
 2512 0054 0123     		movs	r3, #1
 2513 0056 84F84130 		strb	r3, [r4, #65]
 2514 005a E7E7     		b	.L295
 2516              		.section	.text.HAL_TIM_Base_GetState,"ax",%progbits
 2517              		.align	1
 2518              		.global	HAL_TIM_Base_GetState
 2519              		.syntax unified
 2520              		.thumb
 2521              		.thumb_func
 2523              	HAL_TIM_Base_GetState:
ARM GAS  C:\Users\Nathan\AppData\Local\Temp\ccKB486e.s 			page 43


 2524              		@ args = 0, pretend = 0, frame = 0
 2525              		@ frame_needed = 0, uses_anonymous_args = 0
 2526              		@ link register save eliminated.
 2527 0000 90F83D00 		ldrb	r0, [r0, #61]	@ zero_extendqisi2
 2528 0004 7047     		bx	lr
 2530              		.section	.text.HAL_TIM_OC_GetState,"ax",%progbits
 2531              		.align	1
 2532              		.global	HAL_TIM_OC_GetState
 2533              		.syntax unified
 2534              		.thumb
 2535              		.thumb_func
 2537              	HAL_TIM_OC_GetState:
 2538              		@ args = 0, pretend = 0, frame = 0
 2539              		@ frame_needed = 0, uses_anonymous_args = 0
 2540              		@ link register save eliminated.
 2541 0000 90F83D00 		ldrb	r0, [r0, #61]	@ zero_extendqisi2
 2542 0004 7047     		bx	lr
 2544              		.section	.text.HAL_TIM_PWM_GetState,"ax",%progbits
 2545              		.align	1
 2546              		.global	HAL_TIM_PWM_GetState
 2547              		.syntax unified
 2548              		.thumb
 2549              		.thumb_func
 2551              	HAL_TIM_PWM_GetState:
 2552              		@ args = 0, pretend = 0, frame = 0
 2553              		@ frame_needed = 0, uses_anonymous_args = 0
 2554              		@ link register save eliminated.
 2555 0000 90F83D00 		ldrb	r0, [r0, #61]	@ zero_extendqisi2
 2556 0004 7047     		bx	lr
 2558              		.section	.text.HAL_TIM_IC_GetState,"ax",%progbits
 2559              		.align	1
 2560              		.global	HAL_TIM_IC_GetState
 2561              		.syntax unified
 2562              		.thumb
 2563              		.thumb_func
 2565              	HAL_TIM_IC_GetState:
 2566              		@ args = 0, pretend = 0, frame = 0
 2567              		@ frame_needed = 0, uses_anonymous_args = 0
 2568              		@ link register save eliminated.
 2569 0000 90F83D00 		ldrb	r0, [r0, #61]	@ zero_extendqisi2
 2570 0004 7047     		bx	lr
 2572              		.section	.text.HAL_TIM_OnePulse_GetState,"ax",%progbits
 2573              		.align	1
 2574              		.global	HAL_TIM_OnePulse_GetState
 2575              		.syntax unified
 2576              		.thumb
 2577              		.thumb_func
 2579              	HAL_TIM_OnePulse_GetState:
 2580              		@ args = 0, pretend = 0, frame = 0
 2581              		@ frame_needed = 0, uses_anonymous_args = 0
 2582              		@ link register save eliminated.
 2583 0000 90F83D00 		ldrb	r0, [r0, #61]	@ zero_extendqisi2
 2584 0004 7047     		bx	lr
 2586              		.section	.text.HAL_TIM_Encoder_GetState,"ax",%progbits
 2587              		.align	1
 2588              		.global	HAL_TIM_Encoder_GetState
 2589              		.syntax unified
ARM GAS  C:\Users\Nathan\AppData\Local\Temp\ccKB486e.s 			page 44


 2590              		.thumb
 2591              		.thumb_func
 2593              	HAL_TIM_Encoder_GetState:
 2594              		@ args = 0, pretend = 0, frame = 0
 2595              		@ frame_needed = 0, uses_anonymous_args = 0
 2596              		@ link register save eliminated.
 2597 0000 90F83D00 		ldrb	r0, [r0, #61]	@ zero_extendqisi2
 2598 0004 7047     		bx	lr
 2600              		.section	.text.HAL_TIM_GetActiveChannel,"ax",%progbits
 2601              		.align	1
 2602              		.global	HAL_TIM_GetActiveChannel
 2603              		.syntax unified
 2604              		.thumb
 2605              		.thumb_func
 2607              	HAL_TIM_GetActiveChannel:
 2608              		@ args = 0, pretend = 0, frame = 0
 2609              		@ frame_needed = 0, uses_anonymous_args = 0
 2610              		@ link register save eliminated.
 2611 0000 007F     		ldrb	r0, [r0, #28]	@ zero_extendqisi2
 2612 0002 7047     		bx	lr
 2614              		.section	.text.HAL_TIM_GetChannelState,"ax",%progbits
 2615              		.align	1
 2616              		.global	HAL_TIM_GetChannelState
 2617              		.syntax unified
 2618              		.thumb
 2619              		.thumb_func
 2621              	HAL_TIM_GetChannelState:
 2622              		@ args = 0, pretend = 0, frame = 0
 2623              		@ frame_needed = 0, uses_anonymous_args = 0
 2624              		@ link register save eliminated.
 2625 0000 19B9     		cbnz	r1, .L312
 2626 0002 90F83E00 		ldrb	r0, [r0, #62]	@ zero_extendqisi2
 2627 0006 C0B2     		uxtb	r0, r0
 2628 0008 7047     		bx	lr
 2629              	.L312:
 2630 000a 0429     		cmp	r1, #4
 2631 000c 09D0     		beq	.L318
 2632 000e 0829     		cmp	r1, #8
 2633 0010 0BD0     		beq	.L319
 2634 0012 0C29     		cmp	r1, #12
 2635 0014 0DD0     		beq	.L320
 2636 0016 1029     		cmp	r1, #16
 2637 0018 0FD0     		beq	.L321
 2638 001a 90F84300 		ldrb	r0, [r0, #67]	@ zero_extendqisi2
 2639 001e C0B2     		uxtb	r0, r0
 2640 0020 7047     		bx	lr
 2641              	.L318:
 2642 0022 90F83F00 		ldrb	r0, [r0, #63]	@ zero_extendqisi2
 2643 0026 C0B2     		uxtb	r0, r0
 2644 0028 7047     		bx	lr
 2645              	.L319:
 2646 002a 90F84000 		ldrb	r0, [r0, #64]	@ zero_extendqisi2
 2647 002e C0B2     		uxtb	r0, r0
 2648 0030 7047     		bx	lr
 2649              	.L320:
 2650 0032 90F84100 		ldrb	r0, [r0, #65]	@ zero_extendqisi2
 2651 0036 C0B2     		uxtb	r0, r0
ARM GAS  C:\Users\Nathan\AppData\Local\Temp\ccKB486e.s 			page 45


 2652 0038 7047     		bx	lr
 2653              	.L321:
 2654 003a 90F84200 		ldrb	r0, [r0, #66]	@ zero_extendqisi2
 2655 003e C0B2     		uxtb	r0, r0
 2656 0040 7047     		bx	lr
 2658              		.section	.text.HAL_TIM_DMABurstState,"ax",%progbits
 2659              		.align	1
 2660              		.global	HAL_TIM_DMABurstState
 2661              		.syntax unified
 2662              		.thumb
 2663              		.thumb_func
 2665              	HAL_TIM_DMABurstState:
 2666              		@ args = 0, pretend = 0, frame = 0
 2667              		@ frame_needed = 0, uses_anonymous_args = 0
 2668              		@ link register save eliminated.
 2669 0000 90F84800 		ldrb	r0, [r0, #72]	@ zero_extendqisi2
 2670 0004 7047     		bx	lr
 2672              		.section	.text.TIM_Base_SetConfig,"ax",%progbits
 2673              		.align	1
 2674              		.global	TIM_Base_SetConfig
 2675              		.syntax unified
 2676              		.thumb
 2677              		.thumb_func
 2679              	TIM_Base_SetConfig:
 2680              		@ args = 0, pretend = 0, frame = 0
 2681              		@ frame_needed = 0, uses_anonymous_args = 0
 2682              		@ link register save eliminated.
 2683 0000 0368     		ldr	r3, [r0]
 2684 0002 1C4A     		ldr	r2, .L330
 2685 0004 9042     		cmp	r0, r2
 2686 0006 02D0     		beq	.L324
 2687 0008 B0F1804F 		cmp	r0, #1073741824
 2688 000c 03D1     		bne	.L325
 2689              	.L324:
 2690 000e 23F07003 		bic	r3, r3, #112
 2691 0012 4A68     		ldr	r2, [r1, #4]
 2692 0014 1343     		orrs	r3, r3, r2
 2693              	.L325:
 2694 0016 174A     		ldr	r2, .L330
 2695 0018 9042     		cmp	r0, r2
 2696 001a 0AD0     		beq	.L326
 2697 001c B0F1804F 		cmp	r0, #1073741824
 2698 0020 07D0     		beq	.L326
 2699 0022 02F5C052 		add	r2, r2, #6144
 2700 0026 9042     		cmp	r0, r2
 2701 0028 03D0     		beq	.L326
 2702 002a 02F58062 		add	r2, r2, #1024
 2703 002e 9042     		cmp	r0, r2
 2704 0030 03D1     		bne	.L327
 2705              	.L326:
 2706 0032 23F44073 		bic	r3, r3, #768
 2707 0036 CA68     		ldr	r2, [r1, #12]
 2708 0038 1343     		orrs	r3, r3, r2
 2709              	.L327:
 2710 003a 23F08003 		bic	r3, r3, #128
 2711 003e 4A69     		ldr	r2, [r1, #20]
 2712 0040 1343     		orrs	r3, r3, r2
ARM GAS  C:\Users\Nathan\AppData\Local\Temp\ccKB486e.s 			page 46


 2713 0042 8A68     		ldr	r2, [r1, #8]
 2714 0044 C262     		str	r2, [r0, #44]
 2715 0046 0A68     		ldr	r2, [r1]
 2716 0048 8262     		str	r2, [r0, #40]
 2717 004a 0A4A     		ldr	r2, .L330
 2718 004c 9042     		cmp	r0, r2
 2719 004e 07D0     		beq	.L328
 2720 0050 02F5C052 		add	r2, r2, #6144
 2721 0054 9042     		cmp	r0, r2
 2722 0056 03D0     		beq	.L328
 2723 0058 02F58062 		add	r2, r2, #1024
 2724 005c 9042     		cmp	r0, r2
 2725 005e 01D1     		bne	.L329
 2726              	.L328:
 2727 0060 0A69     		ldr	r2, [r1, #16]
 2728 0062 0263     		str	r2, [r0, #48]
 2729              	.L329:
 2730 0064 0268     		ldr	r2, [r0]
 2731 0066 42F00402 		orr	r2, r2, #4
 2732 006a 0260     		str	r2, [r0]
 2733 006c 0122     		movs	r2, #1
 2734 006e 4261     		str	r2, [r0, #20]
 2735 0070 0360     		str	r3, [r0]
 2736 0072 7047     		bx	lr
 2737              	.L331:
 2738              		.align	2
 2739              	.L330:
 2740 0074 002C0140 		.word	1073818624
 2742              		.section	.text.HAL_TIM_Base_Init,"ax",%progbits
 2743              		.align	1
 2744              		.global	HAL_TIM_Base_Init
 2745              		.syntax unified
 2746              		.thumb
 2747              		.thumb_func
 2749              	HAL_TIM_Base_Init:
 2750              		@ args = 0, pretend = 0, frame = 0
 2751              		@ frame_needed = 0, uses_anonymous_args = 0
 2752 0000 60B3     		cbz	r0, .L335
 2753 0002 10B5     		push	{r4, lr}
 2754 0004 0446     		mov	r4, r0
 2755 0006 90F83D30 		ldrb	r3, [r0, #61]	@ zero_extendqisi2
 2756 000a 13B3     		cbz	r3, .L340
 2757              	.L334:
 2758 000c 0223     		movs	r3, #2
 2759 000e 84F83D30 		strb	r3, [r4, #61]
 2760 0012 2146     		mov	r1, r4
 2761 0014 51F8040B 		ldr	r0, [r1], #4
 2762 0018 FFF7FEFF 		bl	TIM_Base_SetConfig
 2763 001c 0123     		movs	r3, #1
 2764 001e 84F84830 		strb	r3, [r4, #72]
 2765 0022 84F83E30 		strb	r3, [r4, #62]
 2766 0026 84F83F30 		strb	r3, [r4, #63]
 2767 002a 84F84030 		strb	r3, [r4, #64]
 2768 002e 84F84130 		strb	r3, [r4, #65]
 2769 0032 84F84230 		strb	r3, [r4, #66]
 2770 0036 84F84330 		strb	r3, [r4, #67]
 2771 003a 84F84430 		strb	r3, [r4, #68]
ARM GAS  C:\Users\Nathan\AppData\Local\Temp\ccKB486e.s 			page 47


 2772 003e 84F84530 		strb	r3, [r4, #69]
 2773 0042 84F84630 		strb	r3, [r4, #70]
 2774 0046 84F84730 		strb	r3, [r4, #71]
 2775 004a 84F83D30 		strb	r3, [r4, #61]
 2776 004e 0020     		movs	r0, #0
 2777 0050 10BD     		pop	{r4, pc}
 2778              	.L340:
 2779 0052 80F83C30 		strb	r3, [r0, #60]
 2780 0056 FFF7FEFF 		bl	HAL_TIM_Base_MspInit
 2781 005a D7E7     		b	.L334
 2782              	.L335:
 2783 005c 0120     		movs	r0, #1
 2784 005e 7047     		bx	lr
 2786              		.section	.text.HAL_TIM_OC_Init,"ax",%progbits
 2787              		.align	1
 2788              		.global	HAL_TIM_OC_Init
 2789              		.syntax unified
 2790              		.thumb
 2791              		.thumb_func
 2793              	HAL_TIM_OC_Init:
 2794              		@ args = 0, pretend = 0, frame = 0
 2795              		@ frame_needed = 0, uses_anonymous_args = 0
 2796 0000 60B3     		cbz	r0, .L344
 2797 0002 10B5     		push	{r4, lr}
 2798 0004 0446     		mov	r4, r0
 2799 0006 90F83D30 		ldrb	r3, [r0, #61]	@ zero_extendqisi2
 2800 000a 13B3     		cbz	r3, .L349
 2801              	.L343:
 2802 000c 0223     		movs	r3, #2
 2803 000e 84F83D30 		strb	r3, [r4, #61]
 2804 0012 2146     		mov	r1, r4
 2805 0014 51F8040B 		ldr	r0, [r1], #4
 2806 0018 FFF7FEFF 		bl	TIM_Base_SetConfig
 2807 001c 0123     		movs	r3, #1
 2808 001e 84F84830 		strb	r3, [r4, #72]
 2809 0022 84F83E30 		strb	r3, [r4, #62]
 2810 0026 84F83F30 		strb	r3, [r4, #63]
 2811 002a 84F84030 		strb	r3, [r4, #64]
 2812 002e 84F84130 		strb	r3, [r4, #65]
 2813 0032 84F84230 		strb	r3, [r4, #66]
 2814 0036 84F84330 		strb	r3, [r4, #67]
 2815 003a 84F84430 		strb	r3, [r4, #68]
 2816 003e 84F84530 		strb	r3, [r4, #69]
 2817 0042 84F84630 		strb	r3, [r4, #70]
 2818 0046 84F84730 		strb	r3, [r4, #71]
 2819 004a 84F83D30 		strb	r3, [r4, #61]
 2820 004e 0020     		movs	r0, #0
 2821 0050 10BD     		pop	{r4, pc}
 2822              	.L349:
 2823 0052 80F83C30 		strb	r3, [r0, #60]
 2824 0056 FFF7FEFF 		bl	HAL_TIM_OC_MspInit
 2825 005a D7E7     		b	.L343
 2826              	.L344:
 2827 005c 0120     		movs	r0, #1
 2828 005e 7047     		bx	lr
 2830              		.section	.text.HAL_TIM_PWM_Init,"ax",%progbits
 2831              		.align	1
ARM GAS  C:\Users\Nathan\AppData\Local\Temp\ccKB486e.s 			page 48


 2832              		.global	HAL_TIM_PWM_Init
 2833              		.syntax unified
 2834              		.thumb
 2835              		.thumb_func
 2837              	HAL_TIM_PWM_Init:
 2838              		@ args = 0, pretend = 0, frame = 0
 2839              		@ frame_needed = 0, uses_anonymous_args = 0
 2840 0000 60B3     		cbz	r0, .L353
 2841 0002 10B5     		push	{r4, lr}
 2842 0004 0446     		mov	r4, r0
 2843 0006 90F83D30 		ldrb	r3, [r0, #61]	@ zero_extendqisi2
 2844 000a 13B3     		cbz	r3, .L358
 2845              	.L352:
 2846 000c 0223     		movs	r3, #2
 2847 000e 84F83D30 		strb	r3, [r4, #61]
 2848 0012 2146     		mov	r1, r4
 2849 0014 51F8040B 		ldr	r0, [r1], #4
 2850 0018 FFF7FEFF 		bl	TIM_Base_SetConfig
 2851 001c 0123     		movs	r3, #1
 2852 001e 84F84830 		strb	r3, [r4, #72]
 2853 0022 84F83E30 		strb	r3, [r4, #62]
 2854 0026 84F83F30 		strb	r3, [r4, #63]
 2855 002a 84F84030 		strb	r3, [r4, #64]
 2856 002e 84F84130 		strb	r3, [r4, #65]
 2857 0032 84F84230 		strb	r3, [r4, #66]
 2858 0036 84F84330 		strb	r3, [r4, #67]
 2859 003a 84F84430 		strb	r3, [r4, #68]
 2860 003e 84F84530 		strb	r3, [r4, #69]
 2861 0042 84F84630 		strb	r3, [r4, #70]
 2862 0046 84F84730 		strb	r3, [r4, #71]
 2863 004a 84F83D30 		strb	r3, [r4, #61]
 2864 004e 0020     		movs	r0, #0
 2865 0050 10BD     		pop	{r4, pc}
 2866              	.L358:
 2867 0052 80F83C30 		strb	r3, [r0, #60]
 2868 0056 FFF7FEFF 		bl	HAL_TIM_PWM_MspInit
 2869 005a D7E7     		b	.L352
 2870              	.L353:
 2871 005c 0120     		movs	r0, #1
 2872 005e 7047     		bx	lr
 2874              		.section	.text.HAL_TIM_IC_Init,"ax",%progbits
 2875              		.align	1
 2876              		.global	HAL_TIM_IC_Init
 2877              		.syntax unified
 2878              		.thumb
 2879              		.thumb_func
 2881              	HAL_TIM_IC_Init:
 2882              		@ args = 0, pretend = 0, frame = 0
 2883              		@ frame_needed = 0, uses_anonymous_args = 0
 2884 0000 60B3     		cbz	r0, .L362
 2885 0002 10B5     		push	{r4, lr}
 2886 0004 0446     		mov	r4, r0
 2887 0006 90F83D30 		ldrb	r3, [r0, #61]	@ zero_extendqisi2
 2888 000a 13B3     		cbz	r3, .L367
 2889              	.L361:
 2890 000c 0223     		movs	r3, #2
 2891 000e 84F83D30 		strb	r3, [r4, #61]
ARM GAS  C:\Users\Nathan\AppData\Local\Temp\ccKB486e.s 			page 49


 2892 0012 2146     		mov	r1, r4
 2893 0014 51F8040B 		ldr	r0, [r1], #4
 2894 0018 FFF7FEFF 		bl	TIM_Base_SetConfig
 2895 001c 0123     		movs	r3, #1
 2896 001e 84F84830 		strb	r3, [r4, #72]
 2897 0022 84F83E30 		strb	r3, [r4, #62]
 2898 0026 84F83F30 		strb	r3, [r4, #63]
 2899 002a 84F84030 		strb	r3, [r4, #64]
 2900 002e 84F84130 		strb	r3, [r4, #65]
 2901 0032 84F84230 		strb	r3, [r4, #66]
 2902 0036 84F84330 		strb	r3, [r4, #67]
 2903 003a 84F84430 		strb	r3, [r4, #68]
 2904 003e 84F84530 		strb	r3, [r4, #69]
 2905 0042 84F84630 		strb	r3, [r4, #70]
 2906 0046 84F84730 		strb	r3, [r4, #71]
 2907 004a 84F83D30 		strb	r3, [r4, #61]
 2908 004e 0020     		movs	r0, #0
 2909 0050 10BD     		pop	{r4, pc}
 2910              	.L367:
 2911 0052 80F83C30 		strb	r3, [r0, #60]
 2912 0056 FFF7FEFF 		bl	HAL_TIM_IC_MspInit
 2913 005a D7E7     		b	.L361
 2914              	.L362:
 2915 005c 0120     		movs	r0, #1
 2916 005e 7047     		bx	lr
 2918              		.section	.text.HAL_TIM_OnePulse_Init,"ax",%progbits
 2919              		.align	1
 2920              		.global	HAL_TIM_OnePulse_Init
 2921              		.syntax unified
 2922              		.thumb
 2923              		.thumb_func
 2925              	HAL_TIM_OnePulse_Init:
 2926              		@ args = 0, pretend = 0, frame = 0
 2927              		@ frame_needed = 0, uses_anonymous_args = 0
 2928 0000 50B3     		cbz	r0, .L371
 2929 0002 38B5     		push	{r3, r4, r5, lr}
 2930 0004 0D46     		mov	r5, r1
 2931 0006 0446     		mov	r4, r0
 2932 0008 90F83D30 		ldrb	r3, [r0, #61]	@ zero_extendqisi2
 2933 000c FBB1     		cbz	r3, .L376
 2934              	.L370:
 2935 000e 0223     		movs	r3, #2
 2936 0010 84F83D30 		strb	r3, [r4, #61]
 2937 0014 2146     		mov	r1, r4
 2938 0016 51F8040B 		ldr	r0, [r1], #4
 2939 001a FFF7FEFF 		bl	TIM_Base_SetConfig
 2940 001e 2268     		ldr	r2, [r4]
 2941 0020 1368     		ldr	r3, [r2]
 2942 0022 23F00803 		bic	r3, r3, #8
 2943 0026 1360     		str	r3, [r2]
 2944 0028 2268     		ldr	r2, [r4]
 2945 002a 1368     		ldr	r3, [r2]
 2946 002c 2B43     		orrs	r3, r3, r5
 2947 002e 1360     		str	r3, [r2]
 2948 0030 0123     		movs	r3, #1
 2949 0032 84F84830 		strb	r3, [r4, #72]
 2950 0036 84F83E30 		strb	r3, [r4, #62]
ARM GAS  C:\Users\Nathan\AppData\Local\Temp\ccKB486e.s 			page 50


 2951 003a 84F83F30 		strb	r3, [r4, #63]
 2952 003e 84F84430 		strb	r3, [r4, #68]
 2953 0042 84F84530 		strb	r3, [r4, #69]
 2954 0046 84F83D30 		strb	r3, [r4, #61]
 2955 004a 0020     		movs	r0, #0
 2956 004c 38BD     		pop	{r3, r4, r5, pc}
 2957              	.L376:
 2958 004e 80F83C30 		strb	r3, [r0, #60]
 2959 0052 FFF7FEFF 		bl	HAL_TIM_OnePulse_MspInit
 2960 0056 DAE7     		b	.L370
 2961              	.L371:
 2962 0058 0120     		movs	r0, #1
 2963 005a 7047     		bx	lr
 2965              		.section	.text.HAL_TIM_Encoder_Init,"ax",%progbits
 2966              		.align	1
 2967              		.global	HAL_TIM_Encoder_Init
 2968              		.syntax unified
 2969              		.thumb
 2970              		.thumb_func
 2972              	HAL_TIM_Encoder_Init:
 2973              		@ args = 0, pretend = 0, frame = 0
 2974              		@ frame_needed = 0, uses_anonymous_args = 0
 2975 0000 0028     		cmp	r0, #0
 2976 0002 55D0     		beq	.L380
 2977 0004 70B5     		push	{r4, r5, r6, lr}
 2978 0006 0D46     		mov	r5, r1
 2979 0008 0446     		mov	r4, r0
 2980 000a 90F83D30 		ldrb	r3, [r0, #61]	@ zero_extendqisi2
 2981 000e 002B     		cmp	r3, #0
 2982 0010 49D0     		beq	.L385
 2983              	.L379:
 2984 0012 0223     		movs	r3, #2
 2985 0014 84F83D30 		strb	r3, [r4, #61]
 2986 0018 2268     		ldr	r2, [r4]
 2987 001a 9368     		ldr	r3, [r2, #8]
 2988 001c 23F4A033 		bic	r3, r3, #81920
 2989 0020 23F00703 		bic	r3, r3, #7
 2990 0024 9360     		str	r3, [r2, #8]
 2991 0026 2146     		mov	r1, r4
 2992 0028 51F8040B 		ldr	r0, [r1], #4
 2993 002c FFF7FEFF 		bl	TIM_Base_SetConfig
 2994 0030 2168     		ldr	r1, [r4]
 2995 0032 8B68     		ldr	r3, [r1, #8]
 2996 0034 8A69     		ldr	r2, [r1, #24]
 2997 0036 D1F820C0 		ldr	ip, [r1, #32]
 2998 003a 2868     		ldr	r0, [r5]
 2999 003c 1843     		orrs	r0, r0, r3
 3000 003e 22F44072 		bic	r2, r2, #768
 3001 0042 22F00302 		bic	r2, r2, #3
 3002 0046 AB68     		ldr	r3, [r5, #8]
 3003 0048 AE69     		ldr	r6, [r5, #24]
 3004 004a 43EA0623 		orr	r3, r3, r6, lsl #8
 3005 004e 1343     		orrs	r3, r3, r2
 3006 0050 23F47C43 		bic	r3, r3, #64512
 3007 0054 23F0FC03 		bic	r3, r3, #252
 3008 0058 EA68     		ldr	r2, [r5, #12]
 3009 005a EE69     		ldr	r6, [r5, #28]
ARM GAS  C:\Users\Nathan\AppData\Local\Temp\ccKB486e.s 			page 51


 3010 005c 42EA0622 		orr	r2, r2, r6, lsl #8
 3011 0060 1A43     		orrs	r2, r2, r3
 3012 0062 2B6A     		ldr	r3, [r5, #32]
 3013 0064 1B03     		lsls	r3, r3, #12
 3014 0066 2E69     		ldr	r6, [r5, #16]
 3015 0068 43EA0613 		orr	r3, r3, r6, lsl #4
 3016 006c 1343     		orrs	r3, r3, r2
 3017 006e 2CF0AA0C 		bic	ip, ip, #170
 3018 0072 6A68     		ldr	r2, [r5, #4]
 3019 0074 6D69     		ldr	r5, [r5, #20]
 3020 0076 42EA0512 		orr	r2, r2, r5, lsl #4
 3021 007a 42EA0C02 		orr	r2, r2, ip
 3022 007e 8860     		str	r0, [r1, #8]
 3023 0080 2168     		ldr	r1, [r4]
 3024 0082 8B61     		str	r3, [r1, #24]
 3025 0084 2368     		ldr	r3, [r4]
 3026 0086 1A62     		str	r2, [r3, #32]
 3027 0088 0123     		movs	r3, #1
 3028 008a 84F84830 		strb	r3, [r4, #72]
 3029 008e 84F83E30 		strb	r3, [r4, #62]
 3030 0092 84F83F30 		strb	r3, [r4, #63]
 3031 0096 84F84430 		strb	r3, [r4, #68]
 3032 009a 84F84530 		strb	r3, [r4, #69]
 3033 009e 84F83D30 		strb	r3, [r4, #61]
 3034 00a2 0020     		movs	r0, #0
 3035 00a4 70BD     		pop	{r4, r5, r6, pc}
 3036              	.L385:
 3037 00a6 80F83C30 		strb	r3, [r0, #60]
 3038 00aa FFF7FEFF 		bl	HAL_TIM_Encoder_MspInit
 3039 00ae B0E7     		b	.L379
 3040              	.L380:
 3041 00b0 0120     		movs	r0, #1
 3042 00b2 7047     		bx	lr
 3044              		.section	.text.TIM_OC2_SetConfig,"ax",%progbits
 3045              		.align	1
 3046              		.global	TIM_OC2_SetConfig
 3047              		.syntax unified
 3048              		.thumb
 3049              		.thumb_func
 3051              	TIM_OC2_SetConfig:
 3052              		@ args = 0, pretend = 0, frame = 0
 3053              		@ frame_needed = 0, uses_anonymous_args = 0
 3054 0000 10B5     		push	{r4, lr}
 3055 0002 036A     		ldr	r3, [r0, #32]
 3056 0004 026A     		ldr	r2, [r0, #32]
 3057 0006 22F01002 		bic	r2, r2, #16
 3058 000a 0262     		str	r2, [r0, #32]
 3059 000c D0F804C0 		ldr	ip, [r0, #4]
 3060 0010 8269     		ldr	r2, [r0, #24]
 3061 0012 22F08072 		bic	r2, r2, #16777216
 3062 0016 22F4E642 		bic	r2, r2, #29440
 3063 001a 0C68     		ldr	r4, [r1]
 3064 001c 42EA0422 		orr	r2, r2, r4, lsl #8
 3065 0020 23F02003 		bic	r3, r3, #32
 3066 0024 8C68     		ldr	r4, [r1, #8]
 3067 0026 43EA0413 		orr	r3, r3, r4, lsl #4
 3068 002a DFF84CE0 		ldr	lr, .L392
ARM GAS  C:\Users\Nathan\AppData\Local\Temp\ccKB486e.s 			page 52


 3069 002e 7045     		cmp	r0, lr
 3070 0030 1AD0     		beq	.L391
 3071              	.L387:
 3072 0032 DFF844E0 		ldr	lr, .L392
 3073 0036 7045     		cmp	r0, lr
 3074 0038 07D0     		beq	.L388
 3075 003a 0EF5C05E 		add	lr, lr, #6144
 3076 003e 7045     		cmp	r0, lr
 3077 0040 03D0     		beq	.L388
 3078 0042 0EF5806E 		add	lr, lr, #1024
 3079 0046 7045     		cmp	r0, lr
 3080 0048 07D1     		bne	.L389
 3081              	.L388:
 3082 004a 2CF4406C 		bic	ip, ip, #3072
 3083 004e 4C69     		ldr	r4, [r1, #20]
 3084 0050 4CEA840C 		orr	ip, ip, r4, lsl #2
 3085 0054 8C69     		ldr	r4, [r1, #24]
 3086 0056 4CEA840C 		orr	ip, ip, r4, lsl #2
 3087              	.L389:
 3088 005a C0F804C0 		str	ip, [r0, #4]
 3089 005e 8261     		str	r2, [r0, #24]
 3090 0060 4A68     		ldr	r2, [r1, #4]
 3091 0062 8263     		str	r2, [r0, #56]
 3092 0064 0362     		str	r3, [r0, #32]
 3093 0066 10BD     		pop	{r4, pc}
 3094              	.L391:
 3095 0068 23F08003 		bic	r3, r3, #128
 3096 006c CC68     		ldr	r4, [r1, #12]
 3097 006e 43EA0413 		orr	r3, r3, r4, lsl #4
 3098 0072 23F04003 		bic	r3, r3, #64
 3099 0076 DCE7     		b	.L387
 3100              	.L393:
 3101              		.align	2
 3102              	.L392:
 3103 0078 002C0140 		.word	1073818624
 3105              		.section	.text.HAL_TIM_OC_ConfigChannel,"ax",%progbits
 3106              		.align	1
 3107              		.global	HAL_TIM_OC_ConfigChannel
 3108              		.syntax unified
 3109              		.thumb
 3110              		.thumb_func
 3112              	HAL_TIM_OC_ConfigChannel:
 3113              		@ args = 0, pretend = 0, frame = 0
 3114              		@ frame_needed = 0, uses_anonymous_args = 0
 3115 0000 90F83C30 		ldrb	r3, [r0, #60]	@ zero_extendqisi2
 3116 0004 012B     		cmp	r3, #1
 3117 0006 35D0     		beq	.L404
 3118 0008 10B5     		push	{r4, lr}
 3119 000a 0446     		mov	r4, r0
 3120 000c 0123     		movs	r3, #1
 3121 000e 80F83C30 		strb	r3, [r0, #60]
 3122 0012 0C2A     		cmp	r2, #12
 3123 0014 24D0     		beq	.L396
 3124 0016 0ED8     		bhi	.L397
 3125 0018 042A     		cmp	r2, #4
 3126 001a 17D0     		beq	.L398
 3127 001c 082A     		cmp	r2, #8
ARM GAS  C:\Users\Nathan\AppData\Local\Temp\ccKB486e.s 			page 53


 3128 001e 1AD0     		beq	.L399
 3129 0020 3AB9     		cbnz	r2, .L409
 3130 0022 0068     		ldr	r0, [r0]
 3131 0024 FFF7FEFF 		bl	TIM_OC1_SetConfig
 3132 0028 0020     		movs	r0, #0
 3133              	.L401:
 3134 002a 0023     		movs	r3, #0
 3135 002c 84F83C30 		strb	r3, [r4, #60]
 3136 0030 10BD     		pop	{r4, pc}
 3137              	.L409:
 3138 0032 1846     		mov	r0, r3
 3139 0034 F9E7     		b	.L401
 3140              	.L397:
 3141 0036 102A     		cmp	r2, #16
 3142 0038 17D0     		beq	.L402
 3143 003a 142A     		cmp	r2, #20
 3144 003c 04D1     		bne	.L410
 3145 003e 0068     		ldr	r0, [r0]
 3146 0040 FFF7FEFF 		bl	TIM_OC6_SetConfig
 3147 0044 0020     		movs	r0, #0
 3148 0046 F0E7     		b	.L401
 3149              	.L410:
 3150 0048 0120     		movs	r0, #1
 3151 004a EEE7     		b	.L401
 3152              	.L398:
 3153 004c 0068     		ldr	r0, [r0]
 3154 004e FFF7FEFF 		bl	TIM_OC2_SetConfig
 3155 0052 0020     		movs	r0, #0
 3156 0054 E9E7     		b	.L401
 3157              	.L399:
 3158 0056 0068     		ldr	r0, [r0]
 3159 0058 FFF7FEFF 		bl	TIM_OC3_SetConfig
 3160 005c 0020     		movs	r0, #0
 3161 005e E4E7     		b	.L401
 3162              	.L396:
 3163 0060 0068     		ldr	r0, [r0]
 3164 0062 FFF7FEFF 		bl	TIM_OC4_SetConfig
 3165 0066 0020     		movs	r0, #0
 3166 0068 DFE7     		b	.L401
 3167              	.L402:
 3168 006a 0068     		ldr	r0, [r0]
 3169 006c FFF7FEFF 		bl	TIM_OC5_SetConfig
 3170 0070 0020     		movs	r0, #0
 3171 0072 DAE7     		b	.L401
 3172              	.L404:
 3173 0074 0220     		movs	r0, #2
 3174 0076 7047     		bx	lr
 3176              		.section	.text.HAL_TIM_PWM_ConfigChannel,"ax",%progbits
 3177              		.align	1
 3178              		.global	HAL_TIM_PWM_ConfigChannel
 3179              		.syntax unified
 3180              		.thumb
 3181              		.thumb_func
 3183              	HAL_TIM_PWM_ConfigChannel:
 3184              		@ args = 0, pretend = 0, frame = 0
 3185              		@ frame_needed = 0, uses_anonymous_args = 0
 3186 0000 38B5     		push	{r3, r4, r5, lr}
ARM GAS  C:\Users\Nathan\AppData\Local\Temp\ccKB486e.s 			page 54


 3187 0002 90F83C30 		ldrb	r3, [r0, #60]	@ zero_extendqisi2
 3188 0006 012B     		cmp	r3, #1
 3189 0008 00F09880 		beq	.L421
 3190 000c 0446     		mov	r4, r0
 3191 000e 0123     		movs	r3, #1
 3192 0010 80F83C30 		strb	r3, [r0, #60]
 3193 0014 0C2A     		cmp	r2, #12
 3194 0016 66D0     		beq	.L413
 3195 0018 1ED8     		bhi	.L414
 3196 001a 042A     		cmp	r2, #4
 3197 001c 38D0     		beq	.L415
 3198 001e 082A     		cmp	r2, #8
 3199 0020 4CD0     		beq	.L416
 3200 0022 BAB9     		cbnz	r2, .L423
 3201 0024 0D46     		mov	r5, r1
 3202 0026 0068     		ldr	r0, [r0]
 3203 0028 FFF7FEFF 		bl	TIM_OC1_SetConfig
 3204 002c 2268     		ldr	r2, [r4]
 3205 002e 9369     		ldr	r3, [r2, #24]
 3206 0030 43F00803 		orr	r3, r3, #8
 3207 0034 9361     		str	r3, [r2, #24]
 3208 0036 2268     		ldr	r2, [r4]
 3209 0038 9369     		ldr	r3, [r2, #24]
 3210 003a 23F00403 		bic	r3, r3, #4
 3211 003e 9361     		str	r3, [r2, #24]
 3212 0040 2268     		ldr	r2, [r4]
 3213 0042 9369     		ldr	r3, [r2, #24]
 3214 0044 2969     		ldr	r1, [r5, #16]
 3215 0046 0B43     		orrs	r3, r3, r1
 3216 0048 9361     		str	r3, [r2, #24]
 3217 004a 0020     		movs	r0, #0
 3218              	.L418:
 3219 004c 0023     		movs	r3, #0
 3220 004e 84F83C30 		strb	r3, [r4, #60]
 3221              	.L412:
 3222 0052 38BD     		pop	{r3, r4, r5, pc}
 3223              	.L423:
 3224 0054 1846     		mov	r0, r3
 3225 0056 F9E7     		b	.L418
 3226              	.L414:
 3227 0058 102A     		cmp	r2, #16
 3228 005a 5AD0     		beq	.L419
 3229 005c 142A     		cmp	r2, #20
 3230 005e 15D1     		bne	.L424
 3231 0060 0D46     		mov	r5, r1
 3232 0062 0068     		ldr	r0, [r0]
 3233 0064 FFF7FEFF 		bl	TIM_OC6_SetConfig
 3234 0068 2268     		ldr	r2, [r4]
 3235 006a 536D     		ldr	r3, [r2, #84]
 3236 006c 43F40063 		orr	r3, r3, #2048
 3237 0070 5365     		str	r3, [r2, #84]
 3238 0072 2268     		ldr	r2, [r4]
 3239 0074 536D     		ldr	r3, [r2, #84]
 3240 0076 23F48063 		bic	r3, r3, #1024
 3241 007a 5365     		str	r3, [r2, #84]
 3242 007c 2268     		ldr	r2, [r4]
 3243 007e 536D     		ldr	r3, [r2, #84]
ARM GAS  C:\Users\Nathan\AppData\Local\Temp\ccKB486e.s 			page 55


 3244 0080 2969     		ldr	r1, [r5, #16]
 3245 0082 43EA0123 		orr	r3, r3, r1, lsl #8
 3246 0086 5365     		str	r3, [r2, #84]
 3247 0088 0020     		movs	r0, #0
 3248 008a DFE7     		b	.L418
 3249              	.L424:
 3250 008c 0120     		movs	r0, #1
 3251 008e DDE7     		b	.L418
 3252              	.L415:
 3253 0090 0D46     		mov	r5, r1
 3254 0092 0068     		ldr	r0, [r0]
 3255 0094 FFF7FEFF 		bl	TIM_OC2_SetConfig
 3256 0098 2268     		ldr	r2, [r4]
 3257 009a 9369     		ldr	r3, [r2, #24]
 3258 009c 43F40063 		orr	r3, r3, #2048
 3259 00a0 9361     		str	r3, [r2, #24]
 3260 00a2 2268     		ldr	r2, [r4]
 3261 00a4 9369     		ldr	r3, [r2, #24]
 3262 00a6 23F48063 		bic	r3, r3, #1024
 3263 00aa 9361     		str	r3, [r2, #24]
 3264 00ac 2268     		ldr	r2, [r4]
 3265 00ae 9369     		ldr	r3, [r2, #24]
 3266 00b0 2969     		ldr	r1, [r5, #16]
 3267 00b2 43EA0123 		orr	r3, r3, r1, lsl #8
 3268 00b6 9361     		str	r3, [r2, #24]
 3269 00b8 0020     		movs	r0, #0
 3270 00ba C7E7     		b	.L418
 3271              	.L416:
 3272 00bc 0D46     		mov	r5, r1
 3273 00be 0068     		ldr	r0, [r0]
 3274 00c0 FFF7FEFF 		bl	TIM_OC3_SetConfig
 3275 00c4 2268     		ldr	r2, [r4]
 3276 00c6 D369     		ldr	r3, [r2, #28]
 3277 00c8 43F00803 		orr	r3, r3, #8
 3278 00cc D361     		str	r3, [r2, #28]
 3279 00ce 2268     		ldr	r2, [r4]
 3280 00d0 D369     		ldr	r3, [r2, #28]
 3281 00d2 23F00403 		bic	r3, r3, #4
 3282 00d6 D361     		str	r3, [r2, #28]
 3283 00d8 2268     		ldr	r2, [r4]
 3284 00da D369     		ldr	r3, [r2, #28]
 3285 00dc 2969     		ldr	r1, [r5, #16]
 3286 00de 0B43     		orrs	r3, r3, r1
 3287 00e0 D361     		str	r3, [r2, #28]
 3288 00e2 0020     		movs	r0, #0
 3289 00e4 B2E7     		b	.L418
 3290              	.L413:
 3291 00e6 0D46     		mov	r5, r1
 3292 00e8 0068     		ldr	r0, [r0]
 3293 00ea FFF7FEFF 		bl	TIM_OC4_SetConfig
 3294 00ee 2268     		ldr	r2, [r4]
 3295 00f0 D369     		ldr	r3, [r2, #28]
 3296 00f2 43F40063 		orr	r3, r3, #2048
 3297 00f6 D361     		str	r3, [r2, #28]
 3298 00f8 2268     		ldr	r2, [r4]
 3299 00fa D369     		ldr	r3, [r2, #28]
 3300 00fc 23F48063 		bic	r3, r3, #1024
ARM GAS  C:\Users\Nathan\AppData\Local\Temp\ccKB486e.s 			page 56


 3301 0100 D361     		str	r3, [r2, #28]
 3302 0102 2268     		ldr	r2, [r4]
 3303 0104 D369     		ldr	r3, [r2, #28]
 3304 0106 2969     		ldr	r1, [r5, #16]
 3305 0108 43EA0123 		orr	r3, r3, r1, lsl #8
 3306 010c D361     		str	r3, [r2, #28]
 3307 010e 0020     		movs	r0, #0
 3308 0110 9CE7     		b	.L418
 3309              	.L419:
 3310 0112 0D46     		mov	r5, r1
 3311 0114 0068     		ldr	r0, [r0]
 3312 0116 FFF7FEFF 		bl	TIM_OC5_SetConfig
 3313 011a 2268     		ldr	r2, [r4]
 3314 011c 536D     		ldr	r3, [r2, #84]
 3315 011e 43F00803 		orr	r3, r3, #8
 3316 0122 5365     		str	r3, [r2, #84]
 3317 0124 2268     		ldr	r2, [r4]
 3318 0126 536D     		ldr	r3, [r2, #84]
 3319 0128 23F00403 		bic	r3, r3, #4
 3320 012c 5365     		str	r3, [r2, #84]
 3321 012e 2268     		ldr	r2, [r4]
 3322 0130 536D     		ldr	r3, [r2, #84]
 3323 0132 2969     		ldr	r1, [r5, #16]
 3324 0134 0B43     		orrs	r3, r3, r1
 3325 0136 5365     		str	r3, [r2, #84]
 3326 0138 0020     		movs	r0, #0
 3327 013a 87E7     		b	.L418
 3328              	.L421:
 3329 013c 0220     		movs	r0, #2
 3330 013e 88E7     		b	.L412
 3332              		.section	.text.TIM_TI1_SetConfig,"ax",%progbits
 3333              		.align	1
 3334              		.global	TIM_TI1_SetConfig
 3335              		.syntax unified
 3336              		.thumb
 3337              		.thumb_func
 3339              	TIM_TI1_SetConfig:
 3340              		@ args = 0, pretend = 0, frame = 0
 3341              		@ frame_needed = 0, uses_anonymous_args = 0
 3342 0000 10B5     		push	{r4, lr}
 3343 0002 1446     		mov	r4, r2
 3344 0004 D0F820E0 		ldr	lr, [r0, #32]
 3345 0008 026A     		ldr	r2, [r0, #32]
 3346 000a 22F00102 		bic	r2, r2, #1
 3347 000e 0262     		str	r2, [r0, #32]
 3348 0010 8269     		ldr	r2, [r0, #24]
 3349 0012 DFF834C0 		ldr	ip, .L429
 3350 0016 6045     		cmp	r0, ip
 3351 0018 05D0     		beq	.L426
 3352 001a B0F1804F 		cmp	r0, #1073741824
 3353 001e 02D0     		beq	.L426
 3354 0020 42F00102 		orr	r2, r2, #1
 3355 0024 03E0     		b	.L427
 3356              	.L426:
 3357 0026 22F0030C 		bic	ip, r2, #3
 3358 002a 4CEA0402 		orr	r2, ip, r4
 3359              	.L427:
ARM GAS  C:\Users\Nathan\AppData\Local\Temp\ccKB486e.s 			page 57


 3360 002e 22F0F002 		bic	r2, r2, #240
 3361 0032 1B01     		lsls	r3, r3, #4
 3362 0034 DBB2     		uxtb	r3, r3
 3363 0036 1343     		orrs	r3, r3, r2
 3364 0038 2EF00A02 		bic	r2, lr, #10
 3365 003c 01F00A01 		and	r1, r1, #10
 3366 0040 1143     		orrs	r1, r1, r2
 3367 0042 8361     		str	r3, [r0, #24]
 3368 0044 0162     		str	r1, [r0, #32]
 3369 0046 10BD     		pop	{r4, pc}
 3370              	.L430:
 3371              		.align	2
 3372              	.L429:
 3373 0048 002C0140 		.word	1073818624
 3375              		.section	.text.HAL_TIM_IC_ConfigChannel,"ax",%progbits
 3376              		.align	1
 3377              		.global	HAL_TIM_IC_ConfigChannel
 3378              		.syntax unified
 3379              		.thumb
 3380              		.thumb_func
 3382              	HAL_TIM_IC_ConfigChannel:
 3383              		@ args = 0, pretend = 0, frame = 0
 3384              		@ frame_needed = 0, uses_anonymous_args = 0
 3385 0000 38B5     		push	{r3, r4, r5, lr}
 3386 0002 90F83C30 		ldrb	r3, [r0, #60]	@ zero_extendqisi2
 3387 0006 012B     		cmp	r3, #1
 3388 0008 5AD0     		beq	.L437
 3389 000a 0446     		mov	r4, r0
 3390 000c 0D46     		mov	r5, r1
 3391 000e 0123     		movs	r3, #1
 3392 0010 80F83C30 		strb	r3, [r0, #60]
 3393 0014 52B1     		cbz	r2, .L440
 3394 0016 042A     		cmp	r2, #4
 3395 0018 1AD0     		beq	.L441
 3396 001a 082A     		cmp	r2, #8
 3397 001c 2BD0     		beq	.L442
 3398 001e 0C2A     		cmp	r2, #12
 3399 0020 3BD0     		beq	.L443
 3400 0022 0120     		movs	r0, #1
 3401              	.L434:
 3402 0024 0023     		movs	r3, #0
 3403 0026 84F83C30 		strb	r3, [r4, #60]
 3404              	.L432:
 3405 002a 38BD     		pop	{r3, r4, r5, pc}
 3406              	.L440:
 3407 002c CB68     		ldr	r3, [r1, #12]
 3408 002e 4A68     		ldr	r2, [r1, #4]
 3409 0030 0968     		ldr	r1, [r1]
 3410 0032 0068     		ldr	r0, [r0]
 3411 0034 FFF7FEFF 		bl	TIM_TI1_SetConfig
 3412 0038 2268     		ldr	r2, [r4]
 3413 003a 9369     		ldr	r3, [r2, #24]
 3414 003c 23F00C03 		bic	r3, r3, #12
 3415 0040 9361     		str	r3, [r2, #24]
 3416 0042 2268     		ldr	r2, [r4]
 3417 0044 9369     		ldr	r3, [r2, #24]
 3418 0046 A968     		ldr	r1, [r5, #8]
ARM GAS  C:\Users\Nathan\AppData\Local\Temp\ccKB486e.s 			page 58


 3419 0048 0B43     		orrs	r3, r3, r1
 3420 004a 9361     		str	r3, [r2, #24]
 3421 004c 0020     		movs	r0, #0
 3422 004e E9E7     		b	.L434
 3423              	.L441:
 3424 0050 CB68     		ldr	r3, [r1, #12]
 3425 0052 4A68     		ldr	r2, [r1, #4]
 3426 0054 0968     		ldr	r1, [r1]
 3427 0056 0068     		ldr	r0, [r0]
 3428 0058 FFF7FEFF 		bl	TIM_TI2_SetConfig
 3429 005c 2268     		ldr	r2, [r4]
 3430 005e 9369     		ldr	r3, [r2, #24]
 3431 0060 23F44063 		bic	r3, r3, #3072
 3432 0064 9361     		str	r3, [r2, #24]
 3433 0066 2268     		ldr	r2, [r4]
 3434 0068 9369     		ldr	r3, [r2, #24]
 3435 006a A968     		ldr	r1, [r5, #8]
 3436 006c 43EA0123 		orr	r3, r3, r1, lsl #8
 3437 0070 9361     		str	r3, [r2, #24]
 3438 0072 0020     		movs	r0, #0
 3439 0074 D6E7     		b	.L434
 3440              	.L442:
 3441 0076 CB68     		ldr	r3, [r1, #12]
 3442 0078 4A68     		ldr	r2, [r1, #4]
 3443 007a 0968     		ldr	r1, [r1]
 3444 007c 0068     		ldr	r0, [r0]
 3445 007e FFF7FEFF 		bl	TIM_TI3_SetConfig
 3446 0082 2268     		ldr	r2, [r4]
 3447 0084 D369     		ldr	r3, [r2, #28]
 3448 0086 23F00C03 		bic	r3, r3, #12
 3449 008a D361     		str	r3, [r2, #28]
 3450 008c 2268     		ldr	r2, [r4]
 3451 008e D369     		ldr	r3, [r2, #28]
 3452 0090 A968     		ldr	r1, [r5, #8]
 3453 0092 0B43     		orrs	r3, r3, r1
 3454 0094 D361     		str	r3, [r2, #28]
 3455 0096 0020     		movs	r0, #0
 3456 0098 C4E7     		b	.L434
 3457              	.L443:
 3458 009a CB68     		ldr	r3, [r1, #12]
 3459 009c 4A68     		ldr	r2, [r1, #4]
 3460 009e 0968     		ldr	r1, [r1]
 3461 00a0 0068     		ldr	r0, [r0]
 3462 00a2 FFF7FEFF 		bl	TIM_TI4_SetConfig
 3463 00a6 2268     		ldr	r2, [r4]
 3464 00a8 D369     		ldr	r3, [r2, #28]
 3465 00aa 23F44063 		bic	r3, r3, #3072
 3466 00ae D361     		str	r3, [r2, #28]
 3467 00b0 2268     		ldr	r2, [r4]
 3468 00b2 D369     		ldr	r3, [r2, #28]
 3469 00b4 A968     		ldr	r1, [r5, #8]
 3470 00b6 43EA0123 		orr	r3, r3, r1, lsl #8
 3471 00ba D361     		str	r3, [r2, #28]
 3472 00bc 0020     		movs	r0, #0
 3473 00be B1E7     		b	.L434
 3474              	.L437:
 3475 00c0 0220     		movs	r0, #2
ARM GAS  C:\Users\Nathan\AppData\Local\Temp\ccKB486e.s 			page 59


 3476 00c2 B2E7     		b	.L432
 3478              		.section	.text.HAL_TIM_OnePulse_ConfigChannel,"ax",%progbits
 3479              		.align	1
 3480              		.global	HAL_TIM_OnePulse_ConfigChannel
 3481              		.syntax unified
 3482              		.thumb
 3483              		.thumb_func
 3485              	HAL_TIM_OnePulse_ConfigChannel:
 3486              		@ args = 0, pretend = 0, frame = 32
 3487              		@ frame_needed = 0, uses_anonymous_args = 0
 3488 0000 9A42     		cmp	r2, r3
 3489 0002 7ED0     		beq	.L452
 3490 0004 70B5     		push	{r4, r5, r6, lr}
 3491 0006 88B0     		sub	sp, sp, #32
 3492 0008 0446     		mov	r4, r0
 3493 000a 0D46     		mov	r5, r1
 3494 000c 1E46     		mov	r6, r3
 3495 000e 90F83C30 		ldrb	r3, [r0, #60]	@ zero_extendqisi2
 3496 0012 012B     		cmp	r3, #1
 3497 0014 77D0     		beq	.L453
 3498 0016 0123     		movs	r3, #1
 3499 0018 80F83C30 		strb	r3, [r0, #60]
 3500 001c 0223     		movs	r3, #2
 3501 001e 80F83D30 		strb	r3, [r0, #61]
 3502 0022 0B68     		ldr	r3, [r1]
 3503 0024 0193     		str	r3, [sp, #4]
 3504 0026 4B68     		ldr	r3, [r1, #4]
 3505 0028 0293     		str	r3, [sp, #8]
 3506 002a 8B68     		ldr	r3, [r1, #8]
 3507 002c 0393     		str	r3, [sp, #12]
 3508 002e CB68     		ldr	r3, [r1, #12]
 3509 0030 0493     		str	r3, [sp, #16]
 3510 0032 0B69     		ldr	r3, [r1, #16]
 3511 0034 0693     		str	r3, [sp, #24]
 3512 0036 4B69     		ldr	r3, [r1, #20]
 3513 0038 0793     		str	r3, [sp, #28]
 3514 003a 52B1     		cbz	r2, .L446
 3515 003c 042A     		cmp	r2, #4
 3516 003e 11D0     		beq	.L447
 3517 0040 0120     		movs	r0, #1
 3518              	.L448:
 3519 0042 0123     		movs	r3, #1
 3520 0044 84F83D30 		strb	r3, [r4, #61]
 3521 0048 0023     		movs	r3, #0
 3522 004a 84F83C30 		strb	r3, [r4, #60]
 3523              	.L445:
 3524 004e 08B0     		add	sp, sp, #32
 3525              		@ sp needed
 3526 0050 70BD     		pop	{r4, r5, r6, pc}
 3527              	.L446:
 3528 0052 01A9     		add	r1, sp, #4
 3529 0054 0068     		ldr	r0, [r0]
 3530 0056 FFF7FEFF 		bl	TIM_OC1_SetConfig
 3531              	.L449:
 3532 005a 46B1     		cbz	r6, .L450
 3533 005c 042E     		cmp	r6, #4
 3534 005e 2BD0     		beq	.L451
ARM GAS  C:\Users\Nathan\AppData\Local\Temp\ccKB486e.s 			page 60


 3535 0060 0120     		movs	r0, #1
 3536 0062 EEE7     		b	.L448
 3537              	.L447:
 3538 0064 01A9     		add	r1, sp, #4
 3539 0066 0068     		ldr	r0, [r0]
 3540 0068 FFF7FEFF 		bl	TIM_OC2_SetConfig
 3541 006c F5E7     		b	.L449
 3542              	.L450:
 3543 006e 2B6A     		ldr	r3, [r5, #32]
 3544 0070 EA69     		ldr	r2, [r5, #28]
 3545 0072 A969     		ldr	r1, [r5, #24]
 3546 0074 2068     		ldr	r0, [r4]
 3547 0076 FFF7FEFF 		bl	TIM_TI1_SetConfig
 3548 007a 2268     		ldr	r2, [r4]
 3549 007c 9369     		ldr	r3, [r2, #24]
 3550 007e 23F00C03 		bic	r3, r3, #12
 3551 0082 9361     		str	r3, [r2, #24]
 3552 0084 2268     		ldr	r2, [r4]
 3553 0086 9368     		ldr	r3, [r2, #8]
 3554 0088 23F44013 		bic	r3, r3, #3145728
 3555 008c 23F07003 		bic	r3, r3, #112
 3556 0090 9360     		str	r3, [r2, #8]
 3557 0092 2268     		ldr	r2, [r4]
 3558 0094 9368     		ldr	r3, [r2, #8]
 3559 0096 43F05003 		orr	r3, r3, #80
 3560 009a 9360     		str	r3, [r2, #8]
 3561 009c 2268     		ldr	r2, [r4]
 3562 009e 9368     		ldr	r3, [r2, #8]
 3563 00a0 23F48033 		bic	r3, r3, #65536
 3564 00a4 23F00703 		bic	r3, r3, #7
 3565 00a8 9360     		str	r3, [r2, #8]
 3566 00aa 2268     		ldr	r2, [r4]
 3567 00ac 9368     		ldr	r3, [r2, #8]
 3568 00ae 43F00603 		orr	r3, r3, #6
 3569 00b2 9360     		str	r3, [r2, #8]
 3570 00b4 0020     		movs	r0, #0
 3571 00b6 C4E7     		b	.L448
 3572              	.L451:
 3573 00b8 2B6A     		ldr	r3, [r5, #32]
 3574 00ba EA69     		ldr	r2, [r5, #28]
 3575 00bc A969     		ldr	r1, [r5, #24]
 3576 00be 2068     		ldr	r0, [r4]
 3577 00c0 FFF7FEFF 		bl	TIM_TI2_SetConfig
 3578 00c4 2268     		ldr	r2, [r4]
 3579 00c6 9369     		ldr	r3, [r2, #24]
 3580 00c8 23F44063 		bic	r3, r3, #3072
 3581 00cc 9361     		str	r3, [r2, #24]
 3582 00ce 2268     		ldr	r2, [r4]
 3583 00d0 9368     		ldr	r3, [r2, #8]
 3584 00d2 23F44013 		bic	r3, r3, #3145728
 3585 00d6 23F07003 		bic	r3, r3, #112
 3586 00da 9360     		str	r3, [r2, #8]
 3587 00dc 2268     		ldr	r2, [r4]
 3588 00de 9368     		ldr	r3, [r2, #8]
 3589 00e0 43F06003 		orr	r3, r3, #96
 3590 00e4 9360     		str	r3, [r2, #8]
 3591 00e6 2268     		ldr	r2, [r4]
ARM GAS  C:\Users\Nathan\AppData\Local\Temp\ccKB486e.s 			page 61


 3592 00e8 9368     		ldr	r3, [r2, #8]
 3593 00ea 23F48033 		bic	r3, r3, #65536
 3594 00ee 23F00703 		bic	r3, r3, #7
 3595 00f2 9360     		str	r3, [r2, #8]
 3596 00f4 2268     		ldr	r2, [r4]
 3597 00f6 9368     		ldr	r3, [r2, #8]
 3598 00f8 43F00603 		orr	r3, r3, #6
 3599 00fc 9360     		str	r3, [r2, #8]
 3600 00fe 0020     		movs	r0, #0
 3601 0100 9FE7     		b	.L448
 3602              	.L452:
 3603 0102 0120     		movs	r0, #1
 3604 0104 7047     		bx	lr
 3605              	.L453:
 3606 0106 0220     		movs	r0, #2
 3607 0108 A1E7     		b	.L445
 3609              		.section	.text.TIM_ETR_SetConfig,"ax",%progbits
 3610              		.align	1
 3611              		.global	TIM_ETR_SetConfig
 3612              		.syntax unified
 3613              		.thumb
 3614              		.thumb_func
 3616              	TIM_ETR_SetConfig:
 3617              		@ args = 0, pretend = 0, frame = 0
 3618              		@ frame_needed = 0, uses_anonymous_args = 0
 3619              		@ link register save eliminated.
 3620 0000 D0F808C0 		ldr	ip, [r0, #8]
 3621 0004 2CF47F4C 		bic	ip, ip, #65280
 3622 0008 42EA0322 		orr	r2, r2, r3, lsl #8
 3623 000c 0A43     		orrs	r2, r2, r1
 3624 000e 42EA0C02 		orr	r2, r2, ip
 3625 0012 8260     		str	r2, [r0, #8]
 3626 0014 7047     		bx	lr
 3628              		.section	.text.HAL_TIM_ConfigOCrefClear,"ax",%progbits
 3629              		.align	1
 3630              		.global	HAL_TIM_ConfigOCrefClear
 3631              		.syntax unified
 3632              		.thumb
 3633              		.thumb_func
 3635              	HAL_TIM_ConfigOCrefClear:
 3636              		@ args = 0, pretend = 0, frame = 0
 3637              		@ frame_needed = 0, uses_anonymous_args = 0
 3638 0000 90F83C30 		ldrb	r3, [r0, #60]	@ zero_extendqisi2
 3639 0004 012B     		cmp	r3, #1
 3640 0006 00F0C480 		beq	.L481
 3641 000a 70B5     		push	{r4, r5, r6, lr}
 3642 000c 0446     		mov	r4, r0
 3643 000e 0D46     		mov	r5, r1
 3644 0010 1646     		mov	r6, r2
 3645 0012 0123     		movs	r3, #1
 3646 0014 80F83C30 		strb	r3, [r0, #60]
 3647 0018 0223     		movs	r3, #2
 3648 001a 80F83D30 		strb	r3, [r0, #61]
 3649 001e 4B68     		ldr	r3, [r1, #4]
 3650 0020 012B     		cmp	r3, #1
 3651 0022 3DD0     		beq	.L461
 3652 0024 27D8     		bhi	.L462
ARM GAS  C:\Users\Nathan\AppData\Local\Temp\ccKB486e.s 			page 62


 3653 0026 F3B9     		cbnz	r3, .L486
 3654 0028 0268     		ldr	r2, [r0]
 3655 002a 9368     		ldr	r3, [r2, #8]
 3656 002c 23F47F43 		bic	r3, r3, #65280
 3657 0030 23F00803 		bic	r3, r3, #8
 3658 0034 9360     		str	r3, [r2, #8]
 3659 0036 0268     		ldr	r2, [r0]
 3660 0038 136E     		ldr	r3, [r2, #96]
 3661 003a 23F4E033 		bic	r3, r3, #114688
 3662 003e 1366     		str	r3, [r2, #96]
 3663              	.L466:
 3664 0040 0C2E     		cmp	r6, #12
 3665 0042 7FD0     		beq	.L468
 3666 0044 47D8     		bhi	.L469
 3667 0046 042E     		cmp	r6, #4
 3668 0048 5CD0     		beq	.L470
 3669 004a 082E     		cmp	r6, #8
 3670 004c 6AD0     		beq	.L471
 3671 004e 002E     		cmp	r6, #0
 3672 0050 3FD1     		bne	.L487
 3673 0052 2B68     		ldr	r3, [r5]
 3674 0054 002B     		cmp	r3, #0
 3675 0056 4ED0     		beq	.L475
 3676 0058 2268     		ldr	r2, [r4]
 3677 005a 9369     		ldr	r3, [r2, #24]
 3678 005c 43F08003 		orr	r3, r3, #128
 3679 0060 9361     		str	r3, [r2, #24]
 3680 0062 3046     		mov	r0, r6
 3681 0064 00E0     		b	.L464
 3682              	.L486:
 3683 0066 0120     		movs	r0, #1
 3684              	.L464:
 3685 0068 0123     		movs	r3, #1
 3686 006a 84F83D30 		strb	r3, [r4, #61]
 3687 006e 0023     		movs	r3, #0
 3688 0070 84F83C30 		strb	r3, [r4, #60]
 3689              	.L460:
 3690 0074 70BD     		pop	{r4, r5, r6, pc}
 3691              	.L462:
 3692 0076 B3F5804F 		cmp	r3, #16384
 3693 007a 04D0     		beq	.L465
 3694 007c B3F5004F 		cmp	r3, #32768
 3695 0080 01D0     		beq	.L465
 3696 0082 0120     		movs	r0, #1
 3697 0084 F0E7     		b	.L464
 3698              	.L465:
 3699 0086 2268     		ldr	r2, [r4]
 3700 0088 9368     		ldr	r3, [r2, #8]
 3701 008a 23F00803 		bic	r3, r3, #8
 3702 008e 9360     		str	r3, [r2, #8]
 3703 0090 2268     		ldr	r2, [r4]
 3704 0092 136E     		ldr	r3, [r2, #96]
 3705 0094 23F4E033 		bic	r3, r3, #114688
 3706 0098 6968     		ldr	r1, [r5, #4]
 3707 009a 0B43     		orrs	r3, r3, r1
 3708 009c 1366     		str	r3, [r2, #96]
 3709 009e CFE7     		b	.L466
ARM GAS  C:\Users\Nathan\AppData\Local\Temp\ccKB486e.s 			page 63


 3710              	.L461:
 3711 00a0 C968     		ldr	r1, [r1, #12]
 3712 00a2 31B1     		cbz	r1, .L467
 3713 00a4 0120     		movs	r0, #1
 3714 00a6 84F83D00 		strb	r0, [r4, #61]
 3715 00aa 0023     		movs	r3, #0
 3716 00ac 84F83C30 		strb	r3, [r4, #60]
 3717 00b0 E0E7     		b	.L460
 3718              	.L467:
 3719 00b2 2B69     		ldr	r3, [r5, #16]
 3720 00b4 AA68     		ldr	r2, [r5, #8]
 3721 00b6 0068     		ldr	r0, [r0]
 3722 00b8 FFF7FEFF 		bl	TIM_ETR_SetConfig
 3723 00bc 2268     		ldr	r2, [r4]
 3724 00be 9368     		ldr	r3, [r2, #8]
 3725 00c0 43F00803 		orr	r3, r3, #8
 3726 00c4 9360     		str	r3, [r2, #8]
 3727 00c6 2268     		ldr	r2, [r4]
 3728 00c8 136E     		ldr	r3, [r2, #96]
 3729 00ca 23F4E033 		bic	r3, r3, #114688
 3730 00ce 1366     		str	r3, [r2, #96]
 3731 00d0 B6E7     		b	.L466
 3732              	.L487:
 3733 00d2 0020     		movs	r0, #0
 3734 00d4 C8E7     		b	.L464
 3735              	.L469:
 3736 00d6 102E     		cmp	r6, #16
 3737 00d8 44D0     		beq	.L473
 3738 00da 142E     		cmp	r6, #20
 3739 00dc 09D1     		bne	.L488
 3740 00de 2B68     		ldr	r3, [r5]
 3741 00e0 002B     		cmp	r3, #0
 3742 00e2 4FD0     		beq	.L480
 3743 00e4 2268     		ldr	r2, [r4]
 3744 00e6 536D     		ldr	r3, [r2, #84]
 3745 00e8 43F40043 		orr	r3, r3, #32768
 3746 00ec 5365     		str	r3, [r2, #84]
 3747 00ee 0020     		movs	r0, #0
 3748 00f0 BAE7     		b	.L464
 3749              	.L488:
 3750 00f2 0020     		movs	r0, #0
 3751 00f4 B8E7     		b	.L464
 3752              	.L475:
 3753 00f6 2268     		ldr	r2, [r4]
 3754 00f8 9369     		ldr	r3, [r2, #24]
 3755 00fa 23F08003 		bic	r3, r3, #128
 3756 00fe 9361     		str	r3, [r2, #24]
 3757 0100 0020     		movs	r0, #0
 3758 0102 B1E7     		b	.L464
 3759              	.L470:
 3760 0104 2B68     		ldr	r3, [r5]
 3761 0106 33B1     		cbz	r3, .L476
 3762 0108 2268     		ldr	r2, [r4]
 3763 010a 9369     		ldr	r3, [r2, #24]
 3764 010c 43F40043 		orr	r3, r3, #32768
 3765 0110 9361     		str	r3, [r2, #24]
 3766 0112 0020     		movs	r0, #0
ARM GAS  C:\Users\Nathan\AppData\Local\Temp\ccKB486e.s 			page 64


 3767 0114 A8E7     		b	.L464
 3768              	.L476:
 3769 0116 2268     		ldr	r2, [r4]
 3770 0118 9369     		ldr	r3, [r2, #24]
 3771 011a 23F40043 		bic	r3, r3, #32768
 3772 011e 9361     		str	r3, [r2, #24]
 3773 0120 0020     		movs	r0, #0
 3774 0122 A1E7     		b	.L464
 3775              	.L471:
 3776 0124 2B68     		ldr	r3, [r5]
 3777 0126 33B1     		cbz	r3, .L477
 3778 0128 2268     		ldr	r2, [r4]
 3779 012a D369     		ldr	r3, [r2, #28]
 3780 012c 43F08003 		orr	r3, r3, #128
 3781 0130 D361     		str	r3, [r2, #28]
 3782 0132 0020     		movs	r0, #0
 3783 0134 98E7     		b	.L464
 3784              	.L477:
 3785 0136 2268     		ldr	r2, [r4]
 3786 0138 D369     		ldr	r3, [r2, #28]
 3787 013a 23F08003 		bic	r3, r3, #128
 3788 013e D361     		str	r3, [r2, #28]
 3789 0140 0020     		movs	r0, #0
 3790 0142 91E7     		b	.L464
 3791              	.L468:
 3792 0144 2B68     		ldr	r3, [r5]
 3793 0146 33B1     		cbz	r3, .L478
 3794 0148 2268     		ldr	r2, [r4]
 3795 014a D369     		ldr	r3, [r2, #28]
 3796 014c 43F40043 		orr	r3, r3, #32768
 3797 0150 D361     		str	r3, [r2, #28]
 3798 0152 0020     		movs	r0, #0
 3799 0154 88E7     		b	.L464
 3800              	.L478:
 3801 0156 2268     		ldr	r2, [r4]
 3802 0158 D369     		ldr	r3, [r2, #28]
 3803 015a 23F40043 		bic	r3, r3, #32768
 3804 015e D361     		str	r3, [r2, #28]
 3805 0160 0020     		movs	r0, #0
 3806 0162 81E7     		b	.L464
 3807              	.L473:
 3808 0164 2B68     		ldr	r3, [r5]
 3809 0166 33B1     		cbz	r3, .L479
 3810 0168 2268     		ldr	r2, [r4]
 3811 016a 536D     		ldr	r3, [r2, #84]
 3812 016c 43F08003 		orr	r3, r3, #128
 3813 0170 5365     		str	r3, [r2, #84]
 3814 0172 0020     		movs	r0, #0
 3815 0174 78E7     		b	.L464
 3816              	.L479:
 3817 0176 2268     		ldr	r2, [r4]
 3818 0178 536D     		ldr	r3, [r2, #84]
 3819 017a 23F08003 		bic	r3, r3, #128
 3820 017e 5365     		str	r3, [r2, #84]
 3821 0180 0020     		movs	r0, #0
 3822 0182 71E7     		b	.L464
 3823              	.L480:
ARM GAS  C:\Users\Nathan\AppData\Local\Temp\ccKB486e.s 			page 65


 3824 0184 2268     		ldr	r2, [r4]
 3825 0186 536D     		ldr	r3, [r2, #84]
 3826 0188 23F40043 		bic	r3, r3, #32768
 3827 018c 5365     		str	r3, [r2, #84]
 3828 018e 0020     		movs	r0, #0
 3829 0190 6AE7     		b	.L464
 3830              	.L481:
 3831 0192 0220     		movs	r0, #2
 3832 0194 7047     		bx	lr
 3834              		.section	.text.HAL_TIM_ConfigClockSource,"ax",%progbits
 3835              		.align	1
 3836              		.global	HAL_TIM_ConfigClockSource
 3837              		.syntax unified
 3838              		.thumb
 3839              		.thumb_func
 3841              	HAL_TIM_ConfigClockSource:
 3842              		@ args = 0, pretend = 0, frame = 0
 3843              		@ frame_needed = 0, uses_anonymous_args = 0
 3844 0000 90F83C30 		ldrb	r3, [r0, #60]	@ zero_extendqisi2
 3845 0004 012B     		cmp	r3, #1
 3846 0006 76D0     		beq	.L500
 3847 0008 10B5     		push	{r4, lr}
 3848 000a 0446     		mov	r4, r0
 3849 000c 0123     		movs	r3, #1
 3850 000e 80F83C30 		strb	r3, [r0, #60]
 3851 0012 0223     		movs	r3, #2
 3852 0014 80F83D30 		strb	r3, [r0, #61]
 3853 0018 0268     		ldr	r2, [r0]
 3854 001a 9068     		ldr	r0, [r2, #8]
 3855 001c 374B     		ldr	r3, .L509
 3856 001e 0340     		ands	r3, r3, r0
 3857 0020 9360     		str	r3, [r2, #8]
 3858 0022 0B68     		ldr	r3, [r1]
 3859 0024 602B     		cmp	r3, #96
 3860 0026 4CD0     		beq	.L491
 3861 0028 23D8     		bhi	.L492
 3862 002a 402B     		cmp	r3, #64
 3863 002c 54D0     		beq	.L493
 3864 002e 11D8     		bhi	.L494
 3865 0030 202B     		cmp	r3, #32
 3866 0032 03D0     		beq	.L495
 3867 0034 0AD8     		bhi	.L496
 3868 0036 0BB1     		cbz	r3, .L495
 3869 0038 102B     		cmp	r3, #16
 3870 003a 05D1     		bne	.L507
 3871              	.L495:
 3872 003c 1946     		mov	r1, r3
 3873 003e 2068     		ldr	r0, [r4]
 3874 0040 FFF7FEFF 		bl	TIM_ITRx_SetConfig
 3875 0044 0020     		movs	r0, #0
 3876 0046 28E0     		b	.L497
 3877              	.L507:
 3878 0048 0120     		movs	r0, #1
 3879 004a 26E0     		b	.L497
 3880              	.L496:
 3881 004c 302B     		cmp	r3, #48
 3882 004e F5D0     		beq	.L495
ARM GAS  C:\Users\Nathan\AppData\Local\Temp\ccKB486e.s 			page 66


 3883 0050 0120     		movs	r0, #1
 3884 0052 22E0     		b	.L497
 3885              	.L494:
 3886 0054 502B     		cmp	r3, #80
 3887 0056 0AD1     		bne	.L508
 3888 0058 CA68     		ldr	r2, [r1, #12]
 3889 005a 4968     		ldr	r1, [r1, #4]
 3890 005c 2068     		ldr	r0, [r4]
 3891 005e FFF7FEFF 		bl	TIM_TI1_ConfigInputStage
 3892 0062 5021     		movs	r1, #80
 3893 0064 2068     		ldr	r0, [r4]
 3894 0066 FFF7FEFF 		bl	TIM_ITRx_SetConfig
 3895 006a 0020     		movs	r0, #0
 3896 006c 15E0     		b	.L497
 3897              	.L508:
 3898 006e 0120     		movs	r0, #1
 3899 0070 13E0     		b	.L497
 3900              	.L492:
 3901 0072 B3F5805F 		cmp	r3, #4096
 3902 0076 3AD0     		beq	.L501
 3903 0078 B3F5005F 		cmp	r3, #8192
 3904 007c 14D0     		beq	.L499
 3905 007e 702B     		cmp	r3, #112
 3906 0080 37D1     		bne	.L502
 3907 0082 CB68     		ldr	r3, [r1, #12]
 3908 0084 4A68     		ldr	r2, [r1, #4]
 3909 0086 8968     		ldr	r1, [r1, #8]
 3910 0088 2068     		ldr	r0, [r4]
 3911 008a FFF7FEFF 		bl	TIM_ETR_SetConfig
 3912 008e 2268     		ldr	r2, [r4]
 3913 0090 9368     		ldr	r3, [r2, #8]
 3914 0092 43F07703 		orr	r3, r3, #119
 3915 0096 9360     		str	r3, [r2, #8]
 3916 0098 0020     		movs	r0, #0
 3917              	.L497:
 3918 009a 0123     		movs	r3, #1
 3919 009c 84F83D30 		strb	r3, [r4, #61]
 3920 00a0 0023     		movs	r3, #0
 3921 00a2 84F83C30 		strb	r3, [r4, #60]
 3922 00a6 10BD     		pop	{r4, pc}
 3923              	.L499:
 3924 00a8 CB68     		ldr	r3, [r1, #12]
 3925 00aa 4A68     		ldr	r2, [r1, #4]
 3926 00ac 8968     		ldr	r1, [r1, #8]
 3927 00ae 2068     		ldr	r0, [r4]
 3928 00b0 FFF7FEFF 		bl	TIM_ETR_SetConfig
 3929 00b4 2268     		ldr	r2, [r4]
 3930 00b6 9368     		ldr	r3, [r2, #8]
 3931 00b8 43F48043 		orr	r3, r3, #16384
 3932 00bc 9360     		str	r3, [r2, #8]
 3933 00be 0020     		movs	r0, #0
 3934 00c0 EBE7     		b	.L497
 3935              	.L491:
 3936 00c2 CA68     		ldr	r2, [r1, #12]
 3937 00c4 4968     		ldr	r1, [r1, #4]
 3938 00c6 2068     		ldr	r0, [r4]
 3939 00c8 FFF7FEFF 		bl	TIM_TI2_ConfigInputStage
ARM GAS  C:\Users\Nathan\AppData\Local\Temp\ccKB486e.s 			page 67


 3940 00cc 6021     		movs	r1, #96
 3941 00ce 2068     		ldr	r0, [r4]
 3942 00d0 FFF7FEFF 		bl	TIM_ITRx_SetConfig
 3943 00d4 0020     		movs	r0, #0
 3944 00d6 E0E7     		b	.L497
 3945              	.L493:
 3946 00d8 CA68     		ldr	r2, [r1, #12]
 3947 00da 4968     		ldr	r1, [r1, #4]
 3948 00dc 2068     		ldr	r0, [r4]
 3949 00de FFF7FEFF 		bl	TIM_TI1_ConfigInputStage
 3950 00e2 4021     		movs	r1, #64
 3951 00e4 2068     		ldr	r0, [r4]
 3952 00e6 FFF7FEFF 		bl	TIM_ITRx_SetConfig
 3953 00ea 0020     		movs	r0, #0
 3954 00ec D5E7     		b	.L497
 3955              	.L501:
 3956 00ee 0020     		movs	r0, #0
 3957 00f0 D3E7     		b	.L497
 3958              	.L502:
 3959 00f2 0120     		movs	r0, #1
 3960 00f4 D1E7     		b	.L497
 3961              	.L500:
 3962 00f6 0220     		movs	r0, #2
 3963 00f8 7047     		bx	lr
 3964              	.L510:
 3965 00fa 00BF     		.align	2
 3966              	.L509:
 3967 00fc 8800CEFF 		.word	-3276664
 3969              		.section	.text.TIM_SlaveTimer_SetConfig,"ax",%progbits
 3970              		.align	1
 3971              		.syntax unified
 3972              		.thumb
 3973              		.thumb_func
 3975              	TIM_SlaveTimer_SetConfig:
 3976              		@ args = 0, pretend = 0, frame = 0
 3977              		@ frame_needed = 0, uses_anonymous_args = 0
 3978 0000 08B5     		push	{r3, lr}
 3979 0002 D0F800C0 		ldr	ip, [r0]
 3980 0006 DCF80820 		ldr	r2, [ip, #8]
 3981 000a 22F44012 		bic	r2, r2, #3145728
 3982 000e 22F07002 		bic	r2, r2, #112
 3983 0012 4B68     		ldr	r3, [r1, #4]
 3984 0014 1343     		orrs	r3, r3, r2
 3985 0016 23F48033 		bic	r3, r3, #65536
 3986 001a 23F00703 		bic	r3, r3, #7
 3987 001e 0A68     		ldr	r2, [r1]
 3988 0020 1A43     		orrs	r2, r2, r3
 3989 0022 CCF80820 		str	r2, [ip, #8]
 3990 0026 4B68     		ldr	r3, [r1, #4]
 3991 0028 502B     		cmp	r3, #80
 3992 002a 32D0     		beq	.L512
 3993 002c 0BD9     		bls	.L526
 3994 002e 602B     		cmp	r3, #96
 3995 0030 36D0     		beq	.L517
 3996 0032 702B     		cmp	r3, #112
 3997 0034 45D1     		bne	.L523
 3998 0036 0B69     		ldr	r3, [r1, #16]
ARM GAS  C:\Users\Nathan\AppData\Local\Temp\ccKB486e.s 			page 68


 3999 0038 8A68     		ldr	r2, [r1, #8]
 4000 003a C968     		ldr	r1, [r1, #12]
 4001 003c 0068     		ldr	r0, [r0]
 4002 003e FFF7FEFF 		bl	TIM_ETR_SetConfig
 4003 0042 0020     		movs	r0, #0
 4004              	.L515:
 4005 0044 08BD     		pop	{r3, pc}
 4006              	.L526:
 4007 0046 402B     		cmp	r3, #64
 4008 0048 0CD0     		beq	.L514
 4009 004a 30D8     		bhi	.L518
 4010 004c 202B     		cmp	r3, #32
 4011 004e 30D0     		beq	.L519
 4012 0050 04D8     		bhi	.L516
 4013 0052 83B3     		cbz	r3, .L520
 4014 0054 102B     		cmp	r3, #16
 4015 0056 30D1     		bne	.L521
 4016 0058 0020     		movs	r0, #0
 4017 005a F3E7     		b	.L515
 4018              	.L516:
 4019 005c 302B     		cmp	r3, #48
 4020 005e 2ED1     		bne	.L522
 4021 0060 0020     		movs	r0, #0
 4022 0062 EFE7     		b	.L515
 4023              	.L514:
 4024 0064 0B68     		ldr	r3, [r1]
 4025 0066 052B     		cmp	r3, #5
 4026 0068 2DD0     		beq	.L524
 4027 006a 0368     		ldr	r3, [r0]
 4028 006c D3F820C0 		ldr	ip, [r3, #32]
 4029 0070 1A6A     		ldr	r2, [r3, #32]
 4030 0072 22F00102 		bic	r2, r2, #1
 4031 0076 1A62     		str	r2, [r3, #32]
 4032 0078 0268     		ldr	r2, [r0]
 4033 007a 9369     		ldr	r3, [r2, #24]
 4034 007c 23F0F003 		bic	r3, r3, #240
 4035 0080 0969     		ldr	r1, [r1, #16]
 4036 0082 43EA0113 		orr	r3, r3, r1, lsl #4
 4037 0086 9361     		str	r3, [r2, #24]
 4038 0088 0368     		ldr	r3, [r0]
 4039 008a C3F820C0 		str	ip, [r3, #32]
 4040 008e 0020     		movs	r0, #0
 4041 0090 D8E7     		b	.L515
 4042              	.L512:
 4043 0092 0A69     		ldr	r2, [r1, #16]
 4044 0094 8968     		ldr	r1, [r1, #8]
 4045 0096 0068     		ldr	r0, [r0]
 4046 0098 FFF7FEFF 		bl	TIM_TI1_ConfigInputStage
 4047 009c 0020     		movs	r0, #0
 4048 009e D1E7     		b	.L515
 4049              	.L517:
 4050 00a0 0A69     		ldr	r2, [r1, #16]
 4051 00a2 8968     		ldr	r1, [r1, #8]
 4052 00a4 0068     		ldr	r0, [r0]
 4053 00a6 FFF7FEFF 		bl	TIM_TI2_ConfigInputStage
 4054 00aa 0020     		movs	r0, #0
 4055 00ac CAE7     		b	.L515
ARM GAS  C:\Users\Nathan\AppData\Local\Temp\ccKB486e.s 			page 69


 4056              	.L518:
 4057 00ae 0120     		movs	r0, #1
 4058 00b0 C8E7     		b	.L515
 4059              	.L519:
 4060 00b2 0020     		movs	r0, #0
 4061 00b4 C6E7     		b	.L515
 4062              	.L520:
 4063 00b6 1846     		mov	r0, r3
 4064 00b8 C4E7     		b	.L515
 4065              	.L521:
 4066 00ba 0120     		movs	r0, #1
 4067 00bc C2E7     		b	.L515
 4068              	.L522:
 4069 00be 0120     		movs	r0, #1
 4070 00c0 C0E7     		b	.L515
 4071              	.L523:
 4072 00c2 0120     		movs	r0, #1
 4073 00c4 BEE7     		b	.L515
 4074              	.L524:
 4075 00c6 0120     		movs	r0, #1
 4076 00c8 BCE7     		b	.L515
 4078              		.section	.text.HAL_TIM_SlaveConfigSynchro,"ax",%progbits
 4079              		.align	1
 4080              		.global	HAL_TIM_SlaveConfigSynchro
 4081              		.syntax unified
 4082              		.thumb
 4083              		.thumb_func
 4085              	HAL_TIM_SlaveConfigSynchro:
 4086              		@ args = 0, pretend = 0, frame = 0
 4087              		@ frame_needed = 0, uses_anonymous_args = 0
 4088 0000 90F83C30 		ldrb	r3, [r0, #60]	@ zero_extendqisi2
 4089 0004 012B     		cmp	r3, #1
 4090 0006 22D0     		beq	.L530
 4091 0008 10B5     		push	{r4, lr}
 4092 000a 0446     		mov	r4, r0
 4093 000c 0123     		movs	r3, #1
 4094 000e 80F83C30 		strb	r3, [r0, #60]
 4095 0012 0223     		movs	r3, #2
 4096 0014 80F83D30 		strb	r3, [r0, #61]
 4097 0018 FFF7FEFF 		bl	TIM_SlaveTimer_SetConfig
 4098 001c 80B9     		cbnz	r0, .L535
 4099 001e 2268     		ldr	r2, [r4]
 4100 0020 D368     		ldr	r3, [r2, #12]
 4101 0022 23F04003 		bic	r3, r3, #64
 4102 0026 D360     		str	r3, [r2, #12]
 4103 0028 2268     		ldr	r2, [r4]
 4104 002a D368     		ldr	r3, [r2, #12]
 4105 002c 23F48043 		bic	r3, r3, #16384
 4106 0030 D360     		str	r3, [r2, #12]
 4107 0032 0123     		movs	r3, #1
 4108 0034 84F83D30 		strb	r3, [r4, #61]
 4109 0038 0023     		movs	r3, #0
 4110 003a 84F83C30 		strb	r3, [r4, #60]
 4111              	.L528:
 4112 003e 10BD     		pop	{r4, pc}
 4113              	.L535:
 4114 0040 0120     		movs	r0, #1
ARM GAS  C:\Users\Nathan\AppData\Local\Temp\ccKB486e.s 			page 70


 4115 0042 84F83D00 		strb	r0, [r4, #61]
 4116 0046 0023     		movs	r3, #0
 4117 0048 84F83C30 		strb	r3, [r4, #60]
 4118 004c F7E7     		b	.L528
 4119              	.L530:
 4120 004e 0220     		movs	r0, #2
 4121 0050 7047     		bx	lr
 4123              		.section	.text.HAL_TIM_SlaveConfigSynchro_IT,"ax",%progbits
 4124              		.align	1
 4125              		.global	HAL_TIM_SlaveConfigSynchro_IT
 4126              		.syntax unified
 4127              		.thumb
 4128              		.thumb_func
 4130              	HAL_TIM_SlaveConfigSynchro_IT:
 4131              		@ args = 0, pretend = 0, frame = 0
 4132              		@ frame_needed = 0, uses_anonymous_args = 0
 4133 0000 90F83C30 		ldrb	r3, [r0, #60]	@ zero_extendqisi2
 4134 0004 012B     		cmp	r3, #1
 4135 0006 22D0     		beq	.L539
 4136 0008 10B5     		push	{r4, lr}
 4137 000a 0446     		mov	r4, r0
 4138 000c 0123     		movs	r3, #1
 4139 000e 80F83C30 		strb	r3, [r0, #60]
 4140 0012 0223     		movs	r3, #2
 4141 0014 80F83D30 		strb	r3, [r0, #61]
 4142 0018 FFF7FEFF 		bl	TIM_SlaveTimer_SetConfig
 4143 001c 80B9     		cbnz	r0, .L544
 4144 001e 2268     		ldr	r2, [r4]
 4145 0020 D368     		ldr	r3, [r2, #12]
 4146 0022 43F04003 		orr	r3, r3, #64
 4147 0026 D360     		str	r3, [r2, #12]
 4148 0028 2268     		ldr	r2, [r4]
 4149 002a D368     		ldr	r3, [r2, #12]
 4150 002c 23F48043 		bic	r3, r3, #16384
 4151 0030 D360     		str	r3, [r2, #12]
 4152 0032 0123     		movs	r3, #1
 4153 0034 84F83D30 		strb	r3, [r4, #61]
 4154 0038 0023     		movs	r3, #0
 4155 003a 84F83C30 		strb	r3, [r4, #60]
 4156              	.L537:
 4157 003e 10BD     		pop	{r4, pc}
 4158              	.L544:
 4159 0040 0120     		movs	r0, #1
 4160 0042 84F83D00 		strb	r0, [r4, #61]
 4161 0046 0023     		movs	r3, #0
 4162 0048 84F83C30 		strb	r3, [r4, #60]
 4163 004c F7E7     		b	.L537
 4164              	.L539:
 4165 004e 0220     		movs	r0, #2
 4166 0050 7047     		bx	lr
 4168              		.section	.text.TIM_CCxChannelCmd,"ax",%progbits
 4169              		.align	1
 4170              		.global	TIM_CCxChannelCmd
 4171              		.syntax unified
 4172              		.thumb
 4173              		.thumb_func
 4175              	TIM_CCxChannelCmd:
ARM GAS  C:\Users\Nathan\AppData\Local\Temp\ccKB486e.s 			page 71


 4176              		@ args = 0, pretend = 0, frame = 0
 4177              		@ frame_needed = 0, uses_anonymous_args = 0
 4178              		@ link register save eliminated.
 4179 0000 01F01F01 		and	r1, r1, #31
 4180 0004 4FF0010C 		mov	ip, #1
 4181 0008 0CFA01FC 		lsl	ip, ip, r1
 4182 000c 036A     		ldr	r3, [r0, #32]
 4183 000e 23EA0C03 		bic	r3, r3, ip
 4184 0012 0362     		str	r3, [r0, #32]
 4185 0014 036A     		ldr	r3, [r0, #32]
 4186 0016 8A40     		lsls	r2, r2, r1
 4187 0018 1343     		orrs	r3, r3, r2
 4188 001a 0362     		str	r3, [r0, #32]
 4189 001c 7047     		bx	lr
 4191              		.section	.text.HAL_TIM_OC_Start,"ax",%progbits
 4192              		.align	1
 4193              		.global	HAL_TIM_OC_Start
 4194              		.syntax unified
 4195              		.thumb
 4196              		.thumb_func
 4198              	HAL_TIM_OC_Start:
 4199              		@ args = 0, pretend = 0, frame = 0
 4200              		@ frame_needed = 0, uses_anonymous_args = 0
 4201 0000 10B5     		push	{r4, lr}
 4202 0002 0446     		mov	r4, r0
 4203 0004 0B46     		mov	r3, r1
 4204 0006 69BB     		cbnz	r1, .L547
 4205 0008 90F83E20 		ldrb	r2, [r0, #62]	@ zero_extendqisi2
 4206 000c 013A     		subs	r2, r2, #1
 4207 000e 18BF     		it	ne
 4208 0010 0122     		movne	r2, #1
 4209              	.L548:
 4210 0012 002A     		cmp	r2, #0
 4211 0014 76D1     		bne	.L564
 4212 0016 002B     		cmp	r3, #0
 4213 0018 4AD1     		bne	.L554
 4214 001a 0222     		movs	r2, #2
 4215 001c 84F83E20 		strb	r2, [r4, #62]
 4216              	.L555:
 4217 0020 0122     		movs	r2, #1
 4218 0022 1946     		mov	r1, r3
 4219 0024 2068     		ldr	r0, [r4]
 4220 0026 FFF7FEFF 		bl	TIM_CCxChannelCmd
 4221 002a 2368     		ldr	r3, [r4]
 4222 002c 384A     		ldr	r2, .L576
 4223 002e 9342     		cmp	r3, r2
 4224 0030 07D0     		beq	.L560
 4225 0032 02F5C052 		add	r2, r2, #6144
 4226 0036 9342     		cmp	r3, r2
 4227 0038 03D0     		beq	.L560
 4228 003a 02F58062 		add	r2, r2, #1024
 4229 003e 9342     		cmp	r3, r2
 4230 0040 03D1     		bne	.L561
 4231              	.L560:
 4232 0042 5A6C     		ldr	r2, [r3, #68]
 4233 0044 42F40042 		orr	r2, r2, #32768
 4234 0048 5A64     		str	r2, [r3, #68]
ARM GAS  C:\Users\Nathan\AppData\Local\Temp\ccKB486e.s 			page 72


 4235              	.L561:
 4236 004a 2368     		ldr	r3, [r4]
 4237 004c 304A     		ldr	r2, .L576
 4238 004e 9342     		cmp	r3, r2
 4239 0050 4AD0     		beq	.L562
 4240 0052 B3F1804F 		cmp	r3, #1073741824
 4241 0056 47D0     		beq	.L562
 4242 0058 1A68     		ldr	r2, [r3]
 4243 005a 42F00102 		orr	r2, r2, #1
 4244 005e 1A60     		str	r2, [r3]
 4245 0060 0020     		movs	r0, #0
 4246 0062 50E0     		b	.L553
 4247              	.L547:
 4248 0064 0429     		cmp	r1, #4
 4249 0066 0BD0     		beq	.L568
 4250 0068 0829     		cmp	r1, #8
 4251 006a 0FD0     		beq	.L569
 4252 006c 0C29     		cmp	r1, #12
 4253 006e 13D0     		beq	.L570
 4254 0070 1029     		cmp	r1, #16
 4255 0072 17D0     		beq	.L571
 4256 0074 90F84320 		ldrb	r2, [r0, #67]	@ zero_extendqisi2
 4257 0078 013A     		subs	r2, r2, #1
 4258 007a 18BF     		it	ne
 4259 007c 0122     		movne	r2, #1
 4260 007e C8E7     		b	.L548
 4261              	.L568:
 4262 0080 90F83F20 		ldrb	r2, [r0, #63]	@ zero_extendqisi2
 4263 0084 013A     		subs	r2, r2, #1
 4264 0086 18BF     		it	ne
 4265 0088 0122     		movne	r2, #1
 4266 008a C2E7     		b	.L548
 4267              	.L569:
 4268 008c 90F84020 		ldrb	r2, [r0, #64]	@ zero_extendqisi2
 4269 0090 013A     		subs	r2, r2, #1
 4270 0092 18BF     		it	ne
 4271 0094 0122     		movne	r2, #1
 4272 0096 BCE7     		b	.L548
 4273              	.L570:
 4274 0098 90F84120 		ldrb	r2, [r0, #65]	@ zero_extendqisi2
 4275 009c 013A     		subs	r2, r2, #1
 4276 009e 18BF     		it	ne
 4277 00a0 0122     		movne	r2, #1
 4278 00a2 B6E7     		b	.L548
 4279              	.L571:
 4280 00a4 90F84220 		ldrb	r2, [r0, #66]	@ zero_extendqisi2
 4281 00a8 013A     		subs	r2, r2, #1
 4282 00aa 18BF     		it	ne
 4283 00ac 0122     		movne	r2, #1
 4284 00ae B0E7     		b	.L548
 4285              	.L554:
 4286 00b0 042B     		cmp	r3, #4
 4287 00b2 09D0     		beq	.L572
 4288 00b4 082B     		cmp	r3, #8
 4289 00b6 0BD0     		beq	.L573
 4290 00b8 0C2B     		cmp	r3, #12
 4291 00ba 0DD0     		beq	.L574
ARM GAS  C:\Users\Nathan\AppData\Local\Temp\ccKB486e.s 			page 73


 4292 00bc 102B     		cmp	r3, #16
 4293 00be 0FD0     		beq	.L575
 4294 00c0 0222     		movs	r2, #2
 4295 00c2 84F84320 		strb	r2, [r4, #67]
 4296 00c6 ABE7     		b	.L555
 4297              	.L572:
 4298 00c8 0222     		movs	r2, #2
 4299 00ca 84F83F20 		strb	r2, [r4, #63]
 4300 00ce A7E7     		b	.L555
 4301              	.L573:
 4302 00d0 0222     		movs	r2, #2
 4303 00d2 84F84020 		strb	r2, [r4, #64]
 4304 00d6 A3E7     		b	.L555
 4305              	.L574:
 4306 00d8 0222     		movs	r2, #2
 4307 00da 84F84120 		strb	r2, [r4, #65]
 4308 00de 9FE7     		b	.L555
 4309              	.L575:
 4310 00e0 0222     		movs	r2, #2
 4311 00e2 84F84220 		strb	r2, [r4, #66]
 4312 00e6 9BE7     		b	.L555
 4313              	.L562:
 4314 00e8 9968     		ldr	r1, [r3, #8]
 4315 00ea 0A4A     		ldr	r2, .L576+4
 4316 00ec 0A40     		ands	r2, r2, r1
 4317 00ee 062A     		cmp	r2, #6
 4318 00f0 0AD0     		beq	.L565
 4319 00f2 B2F5803F 		cmp	r2, #65536
 4320 00f6 09D0     		beq	.L566
 4321 00f8 1A68     		ldr	r2, [r3]
 4322 00fa 42F00102 		orr	r2, r2, #1
 4323 00fe 1A60     		str	r2, [r3]
 4324 0100 0020     		movs	r0, #0
 4325 0102 00E0     		b	.L553
 4326              	.L564:
 4327 0104 0120     		movs	r0, #1
 4328              	.L553:
 4329 0106 10BD     		pop	{r4, pc}
 4330              	.L565:
 4331 0108 0020     		movs	r0, #0
 4332 010a FCE7     		b	.L553
 4333              	.L566:
 4334 010c 0020     		movs	r0, #0
 4335 010e FAE7     		b	.L553
 4336              	.L577:
 4337              		.align	2
 4338              	.L576:
 4339 0110 002C0140 		.word	1073818624
 4340 0114 07000100 		.word	65543
 4342              		.section	.text.HAL_TIM_OC_Stop,"ax",%progbits
 4343              		.align	1
 4344              		.global	HAL_TIM_OC_Stop
 4345              		.syntax unified
 4346              		.thumb
 4347              		.thumb_func
 4349              	HAL_TIM_OC_Stop:
 4350              		@ args = 0, pretend = 0, frame = 0
ARM GAS  C:\Users\Nathan\AppData\Local\Temp\ccKB486e.s 			page 74


 4351              		@ frame_needed = 0, uses_anonymous_args = 0
 4352 0000 38B5     		push	{r3, r4, r5, lr}
 4353 0002 0446     		mov	r4, r0
 4354 0004 0D46     		mov	r5, r1
 4355 0006 0022     		movs	r2, #0
 4356 0008 0068     		ldr	r0, [r0]
 4357 000a FFF7FEFF 		bl	TIM_CCxChannelCmd
 4358 000e 2368     		ldr	r3, [r4]
 4359 0010 264A     		ldr	r2, .L593
 4360 0012 9342     		cmp	r3, r2
 4361 0014 1DD0     		beq	.L579
 4362 0016 02F5C052 		add	r2, r2, #6144
 4363 001a 9342     		cmp	r3, r2
 4364 001c 19D0     		beq	.L579
 4365 001e 02F58062 		add	r2, r2, #1024
 4366 0022 9342     		cmp	r3, r2
 4367 0024 15D0     		beq	.L579
 4368              	.L580:
 4369 0026 2268     		ldr	r2, [r4]
 4370 0028 136A     		ldr	r3, [r2, #32]
 4371 002a 03F01133 		and	r3, r3, #286331153
 4372 002e 23F08853 		bic	r3, r3, #285212672
 4373 0032 43B9     		cbnz	r3, .L581
 4374 0034 116A     		ldr	r1, [r2, #32]
 4375 0036 40F24443 		movw	r3, #1092
 4376 003a 1942     		tst	r1, r3
 4377 003c 03D1     		bne	.L581
 4378 003e 1368     		ldr	r3, [r2]
 4379 0040 23F00103 		bic	r3, r3, #1
 4380 0044 1360     		str	r3, [r2]
 4381              	.L581:
 4382 0046 ADB9     		cbnz	r5, .L582
 4383 0048 0123     		movs	r3, #1
 4384 004a 84F83E30 		strb	r3, [r4, #62]
 4385              	.L583:
 4386 004e 0020     		movs	r0, #0
 4387 0050 38BD     		pop	{r3, r4, r5, pc}
 4388              	.L579:
 4389 0052 1A6A     		ldr	r2, [r3, #32]
 4390 0054 02F01132 		and	r2, r2, #286331153
 4391 0058 22F08852 		bic	r2, r2, #285212672
 4392 005c 002A     		cmp	r2, #0
 4393 005e E2D1     		bne	.L580
 4394 0060 196A     		ldr	r1, [r3, #32]
 4395 0062 40F24442 		movw	r2, #1092
 4396 0066 1142     		tst	r1, r2
 4397 0068 DDD1     		bne	.L580
 4398 006a 5A6C     		ldr	r2, [r3, #68]
 4399 006c 22F40042 		bic	r2, r2, #32768
 4400 0070 5A64     		str	r2, [r3, #68]
 4401 0072 D8E7     		b	.L580
 4402              	.L582:
 4403 0074 042D     		cmp	r5, #4
 4404 0076 09D0     		beq	.L589
 4405 0078 082D     		cmp	r5, #8
 4406 007a 0BD0     		beq	.L590
 4407 007c 0C2D     		cmp	r5, #12
ARM GAS  C:\Users\Nathan\AppData\Local\Temp\ccKB486e.s 			page 75


 4408 007e 0DD0     		beq	.L591
 4409 0080 102D     		cmp	r5, #16
 4410 0082 0FD0     		beq	.L592
 4411 0084 0123     		movs	r3, #1
 4412 0086 84F84330 		strb	r3, [r4, #67]
 4413 008a E0E7     		b	.L583
 4414              	.L589:
 4415 008c 0123     		movs	r3, #1
 4416 008e 84F83F30 		strb	r3, [r4, #63]
 4417 0092 DCE7     		b	.L583
 4418              	.L590:
 4419 0094 0123     		movs	r3, #1
 4420 0096 84F84030 		strb	r3, [r4, #64]
 4421 009a D8E7     		b	.L583
 4422              	.L591:
 4423 009c 0123     		movs	r3, #1
 4424 009e 84F84130 		strb	r3, [r4, #65]
 4425 00a2 D4E7     		b	.L583
 4426              	.L592:
 4427 00a4 0123     		movs	r3, #1
 4428 00a6 84F84230 		strb	r3, [r4, #66]
 4429 00aa D0E7     		b	.L583
 4430              	.L594:
 4431              		.align	2
 4432              	.L593:
 4433 00ac 002C0140 		.word	1073818624
 4435              		.section	.text.HAL_TIM_OC_Start_IT,"ax",%progbits
 4436              		.align	1
 4437              		.global	HAL_TIM_OC_Start_IT
 4438              		.syntax unified
 4439              		.thumb
 4440              		.thumb_func
 4442              	HAL_TIM_OC_Start_IT:
 4443              		@ args = 0, pretend = 0, frame = 0
 4444              		@ frame_needed = 0, uses_anonymous_args = 0
 4445 0000 10B5     		push	{r4, lr}
 4446 0002 0446     		mov	r4, r0
 4447 0004 0B46     		mov	r3, r1
 4448 0006 0029     		cmp	r1, #0
 4449 0008 33D1     		bne	.L596
 4450 000a 90F83E20 		ldrb	r2, [r0, #62]	@ zero_extendqisi2
 4451 000e 013A     		subs	r2, r2, #1
 4452 0010 18BF     		it	ne
 4453 0012 0122     		movne	r2, #1
 4454              	.L597:
 4455 0014 002A     		cmp	r2, #0
 4456 0016 40F09880 		bne	.L618
 4457 001a 002B     		cmp	r3, #0
 4458 001c 4FD1     		bne	.L603
 4459 001e 0222     		movs	r2, #2
 4460 0020 84F83E20 		strb	r2, [r4, #62]
 4461              	.L604:
 4462 0024 2168     		ldr	r1, [r4]
 4463 0026 CA68     		ldr	r2, [r1, #12]
 4464 0028 42F00202 		orr	r2, r2, #2
 4465 002c CA60     		str	r2, [r1, #12]
 4466              	.L613:
ARM GAS  C:\Users\Nathan\AppData\Local\Temp\ccKB486e.s 			page 76


 4467 002e 0122     		movs	r2, #1
 4468 0030 1946     		mov	r1, r3
 4469 0032 2068     		ldr	r0, [r4]
 4470 0034 FFF7FEFF 		bl	TIM_CCxChannelCmd
 4471 0038 2368     		ldr	r3, [r4]
 4472 003a 474A     		ldr	r2, .L630
 4473 003c 9342     		cmp	r3, r2
 4474 003e 07D0     		beq	.L614
 4475 0040 02F5C052 		add	r2, r2, #6144
 4476 0044 9342     		cmp	r3, r2
 4477 0046 03D0     		beq	.L614
 4478 0048 02F58062 		add	r2, r2, #1024
 4479 004c 9342     		cmp	r3, r2
 4480 004e 03D1     		bne	.L615
 4481              	.L614:
 4482 0050 5A6C     		ldr	r2, [r3, #68]
 4483 0052 42F40042 		orr	r2, r2, #32768
 4484 0056 5A64     		str	r2, [r3, #68]
 4485              	.L615:
 4486 0058 2368     		ldr	r3, [r4]
 4487 005a 3F4A     		ldr	r2, .L630
 4488 005c 9342     		cmp	r3, r2
 4489 005e 66D0     		beq	.L616
 4490 0060 B3F1804F 		cmp	r3, #1073741824
 4491 0064 63D0     		beq	.L616
 4492 0066 1A68     		ldr	r2, [r3]
 4493 0068 42F00102 		orr	r2, r2, #1
 4494 006c 1A60     		str	r2, [r3]
 4495 006e 0020     		movs	r0, #0
 4496 0070 6CE0     		b	.L602
 4497              	.L596:
 4498 0072 0429     		cmp	r1, #4
 4499 0074 0BD0     		beq	.L622
 4500 0076 0829     		cmp	r1, #8
 4501 0078 0FD0     		beq	.L623
 4502 007a 0C29     		cmp	r1, #12
 4503 007c 13D0     		beq	.L624
 4504 007e 1029     		cmp	r1, #16
 4505 0080 17D0     		beq	.L625
 4506 0082 90F84320 		ldrb	r2, [r0, #67]	@ zero_extendqisi2
 4507 0086 013A     		subs	r2, r2, #1
 4508 0088 18BF     		it	ne
 4509 008a 0122     		movne	r2, #1
 4510 008c C2E7     		b	.L597
 4511              	.L622:
 4512 008e 90F83F20 		ldrb	r2, [r0, #63]	@ zero_extendqisi2
 4513 0092 013A     		subs	r2, r2, #1
 4514 0094 18BF     		it	ne
 4515 0096 0122     		movne	r2, #1
 4516 0098 BCE7     		b	.L597
 4517              	.L623:
 4518 009a 90F84020 		ldrb	r2, [r0, #64]	@ zero_extendqisi2
 4519 009e 013A     		subs	r2, r2, #1
 4520 00a0 18BF     		it	ne
 4521 00a2 0122     		movne	r2, #1
 4522 00a4 B6E7     		b	.L597
 4523              	.L624:
ARM GAS  C:\Users\Nathan\AppData\Local\Temp\ccKB486e.s 			page 77


 4524 00a6 90F84120 		ldrb	r2, [r0, #65]	@ zero_extendqisi2
 4525 00aa 013A     		subs	r2, r2, #1
 4526 00ac 18BF     		it	ne
 4527 00ae 0122     		movne	r2, #1
 4528 00b0 B0E7     		b	.L597
 4529              	.L625:
 4530 00b2 90F84220 		ldrb	r2, [r0, #66]	@ zero_extendqisi2
 4531 00b6 013A     		subs	r2, r2, #1
 4532 00b8 18BF     		it	ne
 4533 00ba 0122     		movne	r2, #1
 4534 00bc AAE7     		b	.L597
 4535              	.L603:
 4536 00be 042B     		cmp	r3, #4
 4537 00c0 11D0     		beq	.L626
 4538 00c2 082B     		cmp	r3, #8
 4539 00c4 18D0     		beq	.L627
 4540 00c6 0C2B     		cmp	r3, #12
 4541 00c8 1FD0     		beq	.L628
 4542 00ca 102B     		cmp	r3, #16
 4543 00cc 26D0     		beq	.L629
 4544 00ce 0222     		movs	r2, #2
 4545 00d0 84F84320 		strb	r2, [r4, #67]
 4546 00d4 082B     		cmp	r3, #8
 4547 00d6 12D0     		beq	.L608
 4548 00d8 25D8     		bhi	.L612
 4549 00da 002B     		cmp	r3, #0
 4550 00dc A2D0     		beq	.L604
 4551 00de 042B     		cmp	r3, #4
 4552 00e0 04D0     		beq	.L606
 4553 00e2 0120     		movs	r0, #1
 4554 00e4 32E0     		b	.L602
 4555              	.L626:
 4556 00e6 0222     		movs	r2, #2
 4557 00e8 84F83F20 		strb	r2, [r4, #63]
 4558              	.L606:
 4559 00ec 2168     		ldr	r1, [r4]
 4560 00ee CA68     		ldr	r2, [r1, #12]
 4561 00f0 42F00402 		orr	r2, r2, #4
 4562 00f4 CA60     		str	r2, [r1, #12]
 4563 00f6 9AE7     		b	.L613
 4564              	.L627:
 4565 00f8 0222     		movs	r2, #2
 4566 00fa 84F84020 		strb	r2, [r4, #64]
 4567              	.L608:
 4568 00fe 2168     		ldr	r1, [r4]
 4569 0100 CA68     		ldr	r2, [r1, #12]
 4570 0102 42F00802 		orr	r2, r2, #8
 4571 0106 CA60     		str	r2, [r1, #12]
 4572 0108 91E7     		b	.L613
 4573              	.L628:
 4574 010a 0222     		movs	r2, #2
 4575 010c 84F84120 		strb	r2, [r4, #65]
 4576              	.L610:
 4577 0110 2168     		ldr	r1, [r4]
 4578 0112 CA68     		ldr	r2, [r1, #12]
 4579 0114 42F01002 		orr	r2, r2, #16
 4580 0118 CA60     		str	r2, [r1, #12]
ARM GAS  C:\Users\Nathan\AppData\Local\Temp\ccKB486e.s 			page 78


 4581 011a 88E7     		b	.L613
 4582              	.L629:
 4583 011c 0223     		movs	r3, #2
 4584 011e 84F84230 		strb	r3, [r4, #66]
 4585 0122 0120     		movs	r0, #1
 4586 0124 12E0     		b	.L602
 4587              	.L612:
 4588 0126 0C2B     		cmp	r3, #12
 4589 0128 F2D0     		beq	.L610
 4590 012a 0120     		movs	r0, #1
 4591 012c 0EE0     		b	.L602
 4592              	.L616:
 4593 012e 9968     		ldr	r1, [r3, #8]
 4594 0130 0A4A     		ldr	r2, .L630+4
 4595 0132 0A40     		ands	r2, r2, r1
 4596 0134 062A     		cmp	r2, #6
 4597 0136 0AD0     		beq	.L619
 4598 0138 B2F5803F 		cmp	r2, #65536
 4599 013c 09D0     		beq	.L620
 4600 013e 1A68     		ldr	r2, [r3]
 4601 0140 42F00102 		orr	r2, r2, #1
 4602 0144 1A60     		str	r2, [r3]
 4603 0146 0020     		movs	r0, #0
 4604 0148 00E0     		b	.L602
 4605              	.L618:
 4606 014a 0120     		movs	r0, #1
 4607              	.L602:
 4608 014c 10BD     		pop	{r4, pc}
 4609              	.L619:
 4610 014e 0020     		movs	r0, #0
 4611 0150 FCE7     		b	.L602
 4612              	.L620:
 4613 0152 0020     		movs	r0, #0
 4614 0154 FAE7     		b	.L602
 4615              	.L631:
 4616 0156 00BF     		.align	2
 4617              	.L630:
 4618 0158 002C0140 		.word	1073818624
 4619 015c 07000100 		.word	65543
 4621              		.section	.text.HAL_TIM_OC_Stop_IT,"ax",%progbits
 4622              		.align	1
 4623              		.global	HAL_TIM_OC_Stop_IT
 4624              		.syntax unified
 4625              		.thumb
 4626              		.thumb_func
 4628              	HAL_TIM_OC_Stop_IT:
 4629              		@ args = 0, pretend = 0, frame = 0
 4630              		@ frame_needed = 0, uses_anonymous_args = 0
 4631 0000 38B5     		push	{r3, r4, r5, lr}
 4632 0002 0546     		mov	r5, r0
 4633 0004 0C46     		mov	r4, r1
 4634 0006 0829     		cmp	r1, #8
 4635 0008 41D0     		beq	.L633
 4636 000a 0AD8     		bhi	.L634
 4637 000c 99B1     		cbz	r1, .L635
 4638 000e 0429     		cmp	r1, #4
 4639 0010 05D1     		bne	.L649
ARM GAS  C:\Users\Nathan\AppData\Local\Temp\ccKB486e.s 			page 79


 4640 0012 0268     		ldr	r2, [r0]
 4641 0014 D368     		ldr	r3, [r2, #12]
 4642 0016 23F00403 		bic	r3, r3, #4
 4643 001a D360     		str	r3, [r2, #12]
 4644 001c 10E0     		b	.L639
 4645              	.L649:
 4646 001e 0120     		movs	r0, #1
 4647 0020 34E0     		b	.L637
 4648              	.L634:
 4649 0022 0C29     		cmp	r1, #12
 4650 0024 05D1     		bne	.L650
 4651 0026 0268     		ldr	r2, [r0]
 4652 0028 D368     		ldr	r3, [r2, #12]
 4653 002a 23F01003 		bic	r3, r3, #16
 4654 002e D360     		str	r3, [r2, #12]
 4655 0030 06E0     		b	.L639
 4656              	.L650:
 4657 0032 0120     		movs	r0, #1
 4658 0034 2AE0     		b	.L637
 4659              	.L635:
 4660 0036 0268     		ldr	r2, [r0]
 4661 0038 D368     		ldr	r3, [r2, #12]
 4662 003a 23F00203 		bic	r3, r3, #2
 4663 003e D360     		str	r3, [r2, #12]
 4664              	.L639:
 4665 0040 0022     		movs	r2, #0
 4666 0042 2146     		mov	r1, r4
 4667 0044 2868     		ldr	r0, [r5]
 4668 0046 FFF7FEFF 		bl	TIM_CCxChannelCmd
 4669 004a 2B68     		ldr	r3, [r5]
 4670 004c 2C4A     		ldr	r2, .L655
 4671 004e 9342     		cmp	r3, r2
 4672 0050 23D0     		beq	.L640
 4673 0052 02F5C052 		add	r2, r2, #6144
 4674 0056 9342     		cmp	r3, r2
 4675 0058 1FD0     		beq	.L640
 4676 005a 02F58062 		add	r2, r2, #1024
 4677 005e 9342     		cmp	r3, r2
 4678 0060 1BD0     		beq	.L640
 4679              	.L641:
 4680 0062 2A68     		ldr	r2, [r5]
 4681 0064 136A     		ldr	r3, [r2, #32]
 4682 0066 03F01133 		and	r3, r3, #286331153
 4683 006a 23F08853 		bic	r3, r3, #285212672
 4684 006e 43B9     		cbnz	r3, .L642
 4685 0070 116A     		ldr	r1, [r2, #32]
 4686 0072 40F24443 		movw	r3, #1092
 4687 0076 1942     		tst	r1, r3
 4688 0078 03D1     		bne	.L642
 4689 007a 1368     		ldr	r3, [r2]
 4690 007c 23F00103 		bic	r3, r3, #1
 4691 0080 1360     		str	r3, [r2]
 4692              	.L642:
 4693 0082 DCB9     		cbnz	r4, .L643
 4694 0084 0123     		movs	r3, #1
 4695 0086 85F83E30 		strb	r3, [r5, #62]
 4696 008a 2046     		mov	r0, r4
ARM GAS  C:\Users\Nathan\AppData\Local\Temp\ccKB486e.s 			page 80


 4697              	.L637:
 4698 008c 38BD     		pop	{r3, r4, r5, pc}
 4699              	.L633:
 4700 008e 0268     		ldr	r2, [r0]
 4701 0090 D368     		ldr	r3, [r2, #12]
 4702 0092 23F00803 		bic	r3, r3, #8
 4703 0096 D360     		str	r3, [r2, #12]
 4704 0098 D2E7     		b	.L639
 4705              	.L640:
 4706 009a 1A6A     		ldr	r2, [r3, #32]
 4707 009c 02F01132 		and	r2, r2, #286331153
 4708 00a0 22F08852 		bic	r2, r2, #285212672
 4709 00a4 002A     		cmp	r2, #0
 4710 00a6 DCD1     		bne	.L641
 4711 00a8 196A     		ldr	r1, [r3, #32]
 4712 00aa 40F24442 		movw	r2, #1092
 4713 00ae 1142     		tst	r1, r2
 4714 00b0 D7D1     		bne	.L641
 4715 00b2 5A6C     		ldr	r2, [r3, #68]
 4716 00b4 22F40042 		bic	r2, r2, #32768
 4717 00b8 5A64     		str	r2, [r3, #68]
 4718 00ba D2E7     		b	.L641
 4719              	.L643:
 4720 00bc 042C     		cmp	r4, #4
 4721 00be 0AD0     		beq	.L651
 4722 00c0 082C     		cmp	r4, #8
 4723 00c2 0DD0     		beq	.L652
 4724 00c4 0C2C     		cmp	r4, #12
 4725 00c6 10D0     		beq	.L653
 4726 00c8 102C     		cmp	r4, #16
 4727 00ca 13D0     		beq	.L654
 4728 00cc 0123     		movs	r3, #1
 4729 00ce 85F84330 		strb	r3, [r5, #67]
 4730 00d2 0020     		movs	r0, #0
 4731 00d4 DAE7     		b	.L637
 4732              	.L651:
 4733 00d6 0123     		movs	r3, #1
 4734 00d8 85F83F30 		strb	r3, [r5, #63]
 4735 00dc 0020     		movs	r0, #0
 4736 00de D5E7     		b	.L637
 4737              	.L652:
 4738 00e0 0123     		movs	r3, #1
 4739 00e2 85F84030 		strb	r3, [r5, #64]
 4740 00e6 0020     		movs	r0, #0
 4741 00e8 D0E7     		b	.L637
 4742              	.L653:
 4743 00ea 0123     		movs	r3, #1
 4744 00ec 85F84130 		strb	r3, [r5, #65]
 4745 00f0 0020     		movs	r0, #0
 4746 00f2 CBE7     		b	.L637
 4747              	.L654:
 4748 00f4 0123     		movs	r3, #1
 4749 00f6 85F84230 		strb	r3, [r5, #66]
 4750 00fa 0020     		movs	r0, #0
 4751 00fc C6E7     		b	.L637
 4752              	.L656:
 4753 00fe 00BF     		.align	2
ARM GAS  C:\Users\Nathan\AppData\Local\Temp\ccKB486e.s 			page 81


 4754              	.L655:
 4755 0100 002C0140 		.word	1073818624
 4757              		.section	.text.HAL_TIM_OC_Start_DMA,"ax",%progbits
 4758              		.align	1
 4759              		.global	HAL_TIM_OC_Start_DMA
 4760              		.syntax unified
 4761              		.thumb
 4762              		.thumb_func
 4764              	HAL_TIM_OC_Start_DMA:
 4765              		@ args = 0, pretend = 0, frame = 0
 4766              		@ frame_needed = 0, uses_anonymous_args = 0
 4767 0000 38B5     		push	{r3, r4, r5, lr}
 4768 0002 0446     		mov	r4, r0
 4769 0004 9446     		mov	ip, r2
 4770 0006 0D46     		mov	r5, r1
 4771 0008 0029     		cmp	r1, #0
 4772 000a 5BD1     		bne	.L658
 4773 000c 90F83E00 		ldrb	r0, [r0, #62]	@ zero_extendqisi2
 4774 0010 0228     		cmp	r0, #2
 4775 0012 14BF     		ite	ne
 4776 0014 0020     		movne	r0, #0
 4777 0016 0120     		moveq	r0, #1
 4778              	.L659:
 4779 0018 0028     		cmp	r0, #0
 4780 001a 40F02281 		bne	.L686
 4781 001e 002D     		cmp	r5, #0
 4782 0020 7BD1     		bne	.L665
 4783 0022 94F83E20 		ldrb	r2, [r4, #62]	@ zero_extendqisi2
 4784 0026 012A     		cmp	r2, #1
 4785 0028 14BF     		ite	ne
 4786 002a 0022     		movne	r2, #0
 4787 002c 0122     		moveq	r2, #1
 4788              	.L666:
 4789 002e 002A     		cmp	r2, #0
 4790 0030 00F01981 		beq	.L687
 4791 0034 BCF1000F 		cmp	ip, #0
 4792 0038 00F01781 		beq	.L688
 4793 003c 002B     		cmp	r3, #0
 4794 003e 00F01681 		beq	.L689
 4795 0042 002D     		cmp	r5, #0
 4796 0044 40F09480 		bne	.L671
 4797 0048 0222     		movs	r2, #2
 4798 004a 84F83E20 		strb	r2, [r4, #62]
 4799              	.L672:
 4800 004e 626A     		ldr	r2, [r4, #36]
 4801 0050 8E49     		ldr	r1, .L709
 4802 0052 D162     		str	r1, [r2, #44]
 4803 0054 626A     		ldr	r2, [r4, #36]
 4804 0056 8E49     		ldr	r1, .L709+4
 4805 0058 1163     		str	r1, [r2, #48]
 4806 005a 626A     		ldr	r2, [r4, #36]
 4807 005c 8D49     		ldr	r1, .L709+8
 4808 005e 5163     		str	r1, [r2, #52]
 4809 0060 2268     		ldr	r2, [r4]
 4810 0062 3432     		adds	r2, r2, #52
 4811 0064 6146     		mov	r1, ip
 4812 0066 606A     		ldr	r0, [r4, #36]
ARM GAS  C:\Users\Nathan\AppData\Local\Temp\ccKB486e.s 			page 82


 4813 0068 FFF7FEFF 		bl	HAL_DMA_Start_IT
 4814 006c 0028     		cmp	r0, #0
 4815 006e 40F00081 		bne	.L690
 4816 0072 2268     		ldr	r2, [r4]
 4817 0074 D368     		ldr	r3, [r2, #12]
 4818 0076 43F40073 		orr	r3, r3, #512
 4819 007a D360     		str	r3, [r2, #12]
 4820              	.L681:
 4821 007c 0122     		movs	r2, #1
 4822 007e 2946     		mov	r1, r5
 4823 0080 2068     		ldr	r0, [r4]
 4824 0082 FFF7FEFF 		bl	TIM_CCxChannelCmd
 4825 0086 2368     		ldr	r3, [r4]
 4826 0088 834A     		ldr	r2, .L709+12
 4827 008a 9342     		cmp	r3, r2
 4828 008c 07D0     		beq	.L682
 4829 008e 02F5C052 		add	r2, r2, #6144
 4830 0092 9342     		cmp	r3, r2
 4831 0094 03D0     		beq	.L682
 4832 0096 02F58062 		add	r2, r2, #1024
 4833 009a 9342     		cmp	r3, r2
 4834 009c 03D1     		bne	.L683
 4835              	.L682:
 4836 009e 5A6C     		ldr	r2, [r3, #68]
 4837 00a0 42F40042 		orr	r2, r2, #32768
 4838 00a4 5A64     		str	r2, [r3, #68]
 4839              	.L683:
 4840 00a6 2368     		ldr	r3, [r4]
 4841 00a8 7B4A     		ldr	r2, .L709+12
 4842 00aa 9342     		cmp	r3, r2
 4843 00ac 00F0CB80 		beq	.L684
 4844 00b0 B3F1804F 		cmp	r3, #1073741824
 4845 00b4 00F0C780 		beq	.L684
 4846 00b8 1A68     		ldr	r2, [r3]
 4847 00ba 42F00102 		orr	r2, r2, #1
 4848 00be 1A60     		str	r2, [r3]
 4849 00c0 0020     		movs	r0, #0
 4850 00c2 D1E0     		b	.L664
 4851              	.L658:
 4852 00c4 0429     		cmp	r1, #4
 4853 00c6 0CD0     		beq	.L697
 4854 00c8 0829     		cmp	r1, #8
 4855 00ca 11D0     		beq	.L698
 4856 00cc 0C29     		cmp	r1, #12
 4857 00ce 16D0     		beq	.L699
 4858 00d0 1029     		cmp	r1, #16
 4859 00d2 1BD0     		beq	.L700
 4860 00d4 90F84300 		ldrb	r0, [r0, #67]	@ zero_extendqisi2
 4861 00d8 0228     		cmp	r0, #2
 4862 00da 14BF     		ite	ne
 4863 00dc 0020     		movne	r0, #0
 4864 00de 0120     		moveq	r0, #1
 4865 00e0 9AE7     		b	.L659
 4866              	.L697:
 4867 00e2 90F83F00 		ldrb	r0, [r0, #63]	@ zero_extendqisi2
 4868 00e6 0228     		cmp	r0, #2
 4869 00e8 14BF     		ite	ne
ARM GAS  C:\Users\Nathan\AppData\Local\Temp\ccKB486e.s 			page 83


 4870 00ea 0020     		movne	r0, #0
 4871 00ec 0120     		moveq	r0, #1
 4872 00ee 93E7     		b	.L659
 4873              	.L698:
 4874 00f0 90F84000 		ldrb	r0, [r0, #64]	@ zero_extendqisi2
 4875 00f4 0228     		cmp	r0, #2
 4876 00f6 14BF     		ite	ne
 4877 00f8 0020     		movne	r0, #0
 4878 00fa 0120     		moveq	r0, #1
 4879 00fc 8CE7     		b	.L659
 4880              	.L699:
 4881 00fe 90F84100 		ldrb	r0, [r0, #65]	@ zero_extendqisi2
 4882 0102 0228     		cmp	r0, #2
 4883 0104 14BF     		ite	ne
 4884 0106 0020     		movne	r0, #0
 4885 0108 0120     		moveq	r0, #1
 4886 010a 85E7     		b	.L659
 4887              	.L700:
 4888 010c 90F84200 		ldrb	r0, [r0, #66]	@ zero_extendqisi2
 4889 0110 0228     		cmp	r0, #2
 4890 0112 14BF     		ite	ne
 4891 0114 0020     		movne	r0, #0
 4892 0116 0120     		moveq	r0, #1
 4893 0118 7EE7     		b	.L659
 4894              	.L665:
 4895 011a 042D     		cmp	r5, #4
 4896 011c 0CD0     		beq	.L701
 4897 011e 082D     		cmp	r5, #8
 4898 0120 11D0     		beq	.L702
 4899 0122 0C2D     		cmp	r5, #12
 4900 0124 16D0     		beq	.L703
 4901 0126 102D     		cmp	r5, #16
 4902 0128 1BD0     		beq	.L704
 4903 012a 94F84320 		ldrb	r2, [r4, #67]	@ zero_extendqisi2
 4904 012e 012A     		cmp	r2, #1
 4905 0130 14BF     		ite	ne
 4906 0132 0022     		movne	r2, #0
 4907 0134 0122     		moveq	r2, #1
 4908 0136 7AE7     		b	.L666
 4909              	.L701:
 4910 0138 94F83F20 		ldrb	r2, [r4, #63]	@ zero_extendqisi2
 4911 013c 012A     		cmp	r2, #1
 4912 013e 14BF     		ite	ne
 4913 0140 0022     		movne	r2, #0
 4914 0142 0122     		moveq	r2, #1
 4915 0144 73E7     		b	.L666
 4916              	.L702:
 4917 0146 94F84020 		ldrb	r2, [r4, #64]	@ zero_extendqisi2
 4918 014a 012A     		cmp	r2, #1
 4919 014c 14BF     		ite	ne
 4920 014e 0022     		movne	r2, #0
 4921 0150 0122     		moveq	r2, #1
 4922 0152 6CE7     		b	.L666
 4923              	.L703:
 4924 0154 94F84120 		ldrb	r2, [r4, #65]	@ zero_extendqisi2
 4925 0158 012A     		cmp	r2, #1
 4926 015a 14BF     		ite	ne
ARM GAS  C:\Users\Nathan\AppData\Local\Temp\ccKB486e.s 			page 84


 4927 015c 0022     		movne	r2, #0
 4928 015e 0122     		moveq	r2, #1
 4929 0160 65E7     		b	.L666
 4930              	.L704:
 4931 0162 94F84220 		ldrb	r2, [r4, #66]	@ zero_extendqisi2
 4932 0166 012A     		cmp	r2, #1
 4933 0168 14BF     		ite	ne
 4934 016a 0022     		movne	r2, #0
 4935 016c 0122     		moveq	r2, #1
 4936 016e 5EE7     		b	.L666
 4937              	.L671:
 4938 0170 042D     		cmp	r5, #4
 4939 0172 12D0     		beq	.L705
 4940 0174 082D     		cmp	r5, #8
 4941 0176 2AD0     		beq	.L706
 4942 0178 0C2D     		cmp	r5, #12
 4943 017a 42D0     		beq	.L707
 4944 017c 102D     		cmp	r5, #16
 4945 017e 59D0     		beq	.L708
 4946 0180 0222     		movs	r2, #2
 4947 0182 84F84320 		strb	r2, [r4, #67]
 4948 0186 082D     		cmp	r5, #8
 4949 0188 24D0     		beq	.L676
 4950 018a 58D8     		bhi	.L680
 4951 018c 002D     		cmp	r5, #0
 4952 018e 3FF45EAF 		beq	.L672
 4953 0192 042D     		cmp	r5, #4
 4954 0194 04D0     		beq	.L674
 4955 0196 0120     		movs	r0, #1
 4956 0198 66E0     		b	.L664
 4957              	.L705:
 4958 019a 0222     		movs	r2, #2
 4959 019c 84F83F20 		strb	r2, [r4, #63]
 4960              	.L674:
 4961 01a0 A26A     		ldr	r2, [r4, #40]
 4962 01a2 3A49     		ldr	r1, .L709
 4963 01a4 D162     		str	r1, [r2, #44]
 4964 01a6 A26A     		ldr	r2, [r4, #40]
 4965 01a8 3949     		ldr	r1, .L709+4
 4966 01aa 1163     		str	r1, [r2, #48]
 4967 01ac A26A     		ldr	r2, [r4, #40]
 4968 01ae 3949     		ldr	r1, .L709+8
 4969 01b0 5163     		str	r1, [r2, #52]
 4970 01b2 2268     		ldr	r2, [r4]
 4971 01b4 3832     		adds	r2, r2, #56
 4972 01b6 6146     		mov	r1, ip
 4973 01b8 A06A     		ldr	r0, [r4, #40]
 4974 01ba FFF7FEFF 		bl	HAL_DMA_Start_IT
 4975 01be 0028     		cmp	r0, #0
 4976 01c0 59D1     		bne	.L691
 4977 01c2 2268     		ldr	r2, [r4]
 4978 01c4 D368     		ldr	r3, [r2, #12]
 4979 01c6 43F48063 		orr	r3, r3, #1024
 4980 01ca D360     		str	r3, [r2, #12]
 4981 01cc 56E7     		b	.L681
 4982              	.L706:
 4983 01ce 0222     		movs	r2, #2
ARM GAS  C:\Users\Nathan\AppData\Local\Temp\ccKB486e.s 			page 85


 4984 01d0 84F84020 		strb	r2, [r4, #64]
 4985              	.L676:
 4986 01d4 E26A     		ldr	r2, [r4, #44]
 4987 01d6 2D49     		ldr	r1, .L709
 4988 01d8 D162     		str	r1, [r2, #44]
 4989 01da E26A     		ldr	r2, [r4, #44]
 4990 01dc 2C49     		ldr	r1, .L709+4
 4991 01de 1163     		str	r1, [r2, #48]
 4992 01e0 E26A     		ldr	r2, [r4, #44]
 4993 01e2 2C49     		ldr	r1, .L709+8
 4994 01e4 5163     		str	r1, [r2, #52]
 4995 01e6 2268     		ldr	r2, [r4]
 4996 01e8 3C32     		adds	r2, r2, #60
 4997 01ea 6146     		mov	r1, ip
 4998 01ec E06A     		ldr	r0, [r4, #44]
 4999 01ee FFF7FEFF 		bl	HAL_DMA_Start_IT
 5000 01f2 0028     		cmp	r0, #0
 5001 01f4 41D1     		bne	.L692
 5002 01f6 2268     		ldr	r2, [r4]
 5003 01f8 D368     		ldr	r3, [r2, #12]
 5004 01fa 43F40063 		orr	r3, r3, #2048
 5005 01fe D360     		str	r3, [r2, #12]
 5006 0200 3CE7     		b	.L681
 5007              	.L707:
 5008 0202 0222     		movs	r2, #2
 5009 0204 84F84120 		strb	r2, [r4, #65]
 5010              	.L678:
 5011 0208 226B     		ldr	r2, [r4, #48]
 5012 020a 2049     		ldr	r1, .L709
 5013 020c D162     		str	r1, [r2, #44]
 5014 020e 226B     		ldr	r2, [r4, #48]
 5015 0210 1F49     		ldr	r1, .L709+4
 5016 0212 1163     		str	r1, [r2, #48]
 5017 0214 226B     		ldr	r2, [r4, #48]
 5018 0216 1F49     		ldr	r1, .L709+8
 5019 0218 5163     		str	r1, [r2, #52]
 5020 021a 2268     		ldr	r2, [r4]
 5021 021c 4032     		adds	r2, r2, #64
 5022 021e 6146     		mov	r1, ip
 5023 0220 206B     		ldr	r0, [r4, #48]
 5024 0222 FFF7FEFF 		bl	HAL_DMA_Start_IT
 5025 0226 50BB     		cbnz	r0, .L693
 5026 0228 2268     		ldr	r2, [r4]
 5027 022a D368     		ldr	r3, [r2, #12]
 5028 022c 43F48053 		orr	r3, r3, #4096
 5029 0230 D360     		str	r3, [r2, #12]
 5030 0232 23E7     		b	.L681
 5031              	.L708:
 5032 0234 0223     		movs	r3, #2
 5033 0236 84F84230 		strb	r3, [r4, #66]
 5034 023a 0120     		movs	r0, #1
 5035 023c 14E0     		b	.L664
 5036              	.L680:
 5037 023e 0C2D     		cmp	r5, #12
 5038 0240 E2D0     		beq	.L678
 5039 0242 0120     		movs	r0, #1
 5040 0244 10E0     		b	.L664
ARM GAS  C:\Users\Nathan\AppData\Local\Temp\ccKB486e.s 			page 86


 5041              	.L684:
 5042 0246 9968     		ldr	r1, [r3, #8]
 5043 0248 144A     		ldr	r2, .L709+16
 5044 024a 0A40     		ands	r2, r2, r1
 5045 024c 062A     		cmp	r2, #6
 5046 024e 18D0     		beq	.L694
 5047 0250 B2F5803F 		cmp	r2, #65536
 5048 0254 17D0     		beq	.L695
 5049 0256 1A68     		ldr	r2, [r3]
 5050 0258 42F00102 		orr	r2, r2, #1
 5051 025c 1A60     		str	r2, [r3]
 5052 025e 0020     		movs	r0, #0
 5053 0260 02E0     		b	.L664
 5054              	.L686:
 5055 0262 0220     		movs	r0, #2
 5056 0264 00E0     		b	.L664
 5057              	.L687:
 5058 0266 0120     		movs	r0, #1
 5059              	.L664:
 5060 0268 38BD     		pop	{r3, r4, r5, pc}
 5061              	.L688:
 5062 026a 0120     		movs	r0, #1
 5063 026c FCE7     		b	.L664
 5064              	.L689:
 5065 026e 0120     		movs	r0, #1
 5066 0270 FAE7     		b	.L664
 5067              	.L690:
 5068 0272 0120     		movs	r0, #1
 5069 0274 F8E7     		b	.L664
 5070              	.L691:
 5071 0276 0120     		movs	r0, #1
 5072 0278 F6E7     		b	.L664
 5073              	.L692:
 5074 027a 0120     		movs	r0, #1
 5075 027c F4E7     		b	.L664
 5076              	.L693:
 5077 027e 0120     		movs	r0, #1
 5078 0280 F2E7     		b	.L664
 5079              	.L694:
 5080 0282 0020     		movs	r0, #0
 5081 0284 F0E7     		b	.L664
 5082              	.L695:
 5083 0286 0020     		movs	r0, #0
 5084 0288 EEE7     		b	.L664
 5085              	.L710:
 5086 028a 00BF     		.align	2
 5087              	.L709:
 5088 028c 00000000 		.word	TIM_DMADelayPulseCplt
 5089 0290 00000000 		.word	TIM_DMADelayPulseHalfCplt
 5090 0294 00000000 		.word	TIM_DMAError
 5091 0298 002C0140 		.word	1073818624
 5092 029c 07000100 		.word	65543
 5094              		.section	.text.HAL_TIM_OC_Stop_DMA,"ax",%progbits
 5095              		.align	1
 5096              		.global	HAL_TIM_OC_Stop_DMA
 5097              		.syntax unified
 5098              		.thumb
ARM GAS  C:\Users\Nathan\AppData\Local\Temp\ccKB486e.s 			page 87


 5099              		.thumb_func
 5101              	HAL_TIM_OC_Stop_DMA:
 5102              		@ args = 0, pretend = 0, frame = 0
 5103              		@ frame_needed = 0, uses_anonymous_args = 0
 5104 0000 38B5     		push	{r3, r4, r5, lr}
 5105 0002 0546     		mov	r5, r0
 5106 0004 0C46     		mov	r4, r1
 5107 0006 0829     		cmp	r1, #8
 5108 0008 4AD0     		beq	.L712
 5109 000a 0DD8     		bhi	.L713
 5110 000c C9B1     		cbz	r1, .L714
 5111 000e 0429     		cmp	r1, #4
 5112 0010 08D1     		bne	.L728
 5113 0012 0268     		ldr	r2, [r0]
 5114 0014 D368     		ldr	r3, [r2, #12]
 5115 0016 23F48063 		bic	r3, r3, #1024
 5116 001a D360     		str	r3, [r2, #12]
 5117 001c 806A     		ldr	r0, [r0, #40]
 5118 001e FFF7FEFF 		bl	HAL_DMA_Abort_IT
 5119 0022 16E0     		b	.L718
 5120              	.L728:
 5121 0024 0120     		movs	r0, #1
 5122 0026 3AE0     		b	.L716
 5123              	.L713:
 5124 0028 0C29     		cmp	r1, #12
 5125 002a 08D1     		bne	.L729
 5126 002c 0268     		ldr	r2, [r0]
 5127 002e D368     		ldr	r3, [r2, #12]
 5128 0030 23F48053 		bic	r3, r3, #4096
 5129 0034 D360     		str	r3, [r2, #12]
 5130 0036 006B     		ldr	r0, [r0, #48]
 5131 0038 FFF7FEFF 		bl	HAL_DMA_Abort_IT
 5132 003c 09E0     		b	.L718
 5133              	.L729:
 5134 003e 0120     		movs	r0, #1
 5135 0040 2DE0     		b	.L716
 5136              	.L714:
 5137 0042 0268     		ldr	r2, [r0]
 5138 0044 D368     		ldr	r3, [r2, #12]
 5139 0046 23F40073 		bic	r3, r3, #512
 5140 004a D360     		str	r3, [r2, #12]
 5141 004c 406A     		ldr	r0, [r0, #36]
 5142 004e FFF7FEFF 		bl	HAL_DMA_Abort_IT
 5143              	.L718:
 5144 0052 0022     		movs	r2, #0
 5145 0054 2146     		mov	r1, r4
 5146 0056 2868     		ldr	r0, [r5]
 5147 0058 FFF7FEFF 		bl	TIM_CCxChannelCmd
 5148 005c 2B68     		ldr	r3, [r5]
 5149 005e 2E4A     		ldr	r2, .L734
 5150 0060 9342     		cmp	r3, r2
 5151 0062 26D0     		beq	.L719
 5152 0064 02F5C052 		add	r2, r2, #6144
 5153 0068 9342     		cmp	r3, r2
 5154 006a 22D0     		beq	.L719
 5155 006c 02F58062 		add	r2, r2, #1024
 5156 0070 9342     		cmp	r3, r2
ARM GAS  C:\Users\Nathan\AppData\Local\Temp\ccKB486e.s 			page 88


 5157 0072 1ED0     		beq	.L719
 5158              	.L720:
 5159 0074 2A68     		ldr	r2, [r5]
 5160 0076 136A     		ldr	r3, [r2, #32]
 5161 0078 03F01133 		and	r3, r3, #286331153
 5162 007c 23F08853 		bic	r3, r3, #285212672
 5163 0080 43B9     		cbnz	r3, .L721
 5164 0082 116A     		ldr	r1, [r2, #32]
 5165 0084 40F24443 		movw	r3, #1092
 5166 0088 1942     		tst	r1, r3
 5167 008a 03D1     		bne	.L721
 5168 008c 1368     		ldr	r3, [r2]
 5169 008e 23F00103 		bic	r3, r3, #1
 5170 0092 1360     		str	r3, [r2]
 5171              	.L721:
 5172 0094 F4B9     		cbnz	r4, .L722
 5173 0096 0123     		movs	r3, #1
 5174 0098 85F83E30 		strb	r3, [r5, #62]
 5175 009c 2046     		mov	r0, r4
 5176              	.L716:
 5177 009e 38BD     		pop	{r3, r4, r5, pc}
 5178              	.L712:
 5179 00a0 0268     		ldr	r2, [r0]
 5180 00a2 D368     		ldr	r3, [r2, #12]
 5181 00a4 23F40063 		bic	r3, r3, #2048
 5182 00a8 D360     		str	r3, [r2, #12]
 5183 00aa C06A     		ldr	r0, [r0, #44]
 5184 00ac FFF7FEFF 		bl	HAL_DMA_Abort_IT
 5185 00b0 CFE7     		b	.L718
 5186              	.L719:
 5187 00b2 1A6A     		ldr	r2, [r3, #32]
 5188 00b4 02F01132 		and	r2, r2, #286331153
 5189 00b8 22F08852 		bic	r2, r2, #285212672
 5190 00bc 002A     		cmp	r2, #0
 5191 00be D9D1     		bne	.L720
 5192 00c0 196A     		ldr	r1, [r3, #32]
 5193 00c2 40F24442 		movw	r2, #1092
 5194 00c6 1142     		tst	r1, r2
 5195 00c8 D4D1     		bne	.L720
 5196 00ca 5A6C     		ldr	r2, [r3, #68]
 5197 00cc 22F40042 		bic	r2, r2, #32768
 5198 00d0 5A64     		str	r2, [r3, #68]
 5199 00d2 CFE7     		b	.L720
 5200              	.L722:
 5201 00d4 042C     		cmp	r4, #4
 5202 00d6 0AD0     		beq	.L730
 5203 00d8 082C     		cmp	r4, #8
 5204 00da 0DD0     		beq	.L731
 5205 00dc 0C2C     		cmp	r4, #12
 5206 00de 10D0     		beq	.L732
 5207 00e0 102C     		cmp	r4, #16
 5208 00e2 13D0     		beq	.L733
 5209 00e4 0123     		movs	r3, #1
 5210 00e6 85F84330 		strb	r3, [r5, #67]
 5211 00ea 0020     		movs	r0, #0
 5212 00ec D7E7     		b	.L716
 5213              	.L730:
ARM GAS  C:\Users\Nathan\AppData\Local\Temp\ccKB486e.s 			page 89


 5214 00ee 0123     		movs	r3, #1
 5215 00f0 85F83F30 		strb	r3, [r5, #63]
 5216 00f4 0020     		movs	r0, #0
 5217 00f6 D2E7     		b	.L716
 5218              	.L731:
 5219 00f8 0123     		movs	r3, #1
 5220 00fa 85F84030 		strb	r3, [r5, #64]
 5221 00fe 0020     		movs	r0, #0
 5222 0100 CDE7     		b	.L716
 5223              	.L732:
 5224 0102 0123     		movs	r3, #1
 5225 0104 85F84130 		strb	r3, [r5, #65]
 5226 0108 0020     		movs	r0, #0
 5227 010a C8E7     		b	.L716
 5228              	.L733:
 5229 010c 0123     		movs	r3, #1
 5230 010e 85F84230 		strb	r3, [r5, #66]
 5231 0112 0020     		movs	r0, #0
 5232 0114 C3E7     		b	.L716
 5233              	.L735:
 5234 0116 00BF     		.align	2
 5235              	.L734:
 5236 0118 002C0140 		.word	1073818624
 5238              		.section	.text.HAL_TIM_PWM_Start,"ax",%progbits
 5239              		.align	1
 5240              		.global	HAL_TIM_PWM_Start
 5241              		.syntax unified
 5242              		.thumb
 5243              		.thumb_func
 5245              	HAL_TIM_PWM_Start:
 5246              		@ args = 0, pretend = 0, frame = 0
 5247              		@ frame_needed = 0, uses_anonymous_args = 0
 5248 0000 10B5     		push	{r4, lr}
 5249 0002 0446     		mov	r4, r0
 5250 0004 0B46     		mov	r3, r1
 5251 0006 69BB     		cbnz	r1, .L737
 5252 0008 90F83E20 		ldrb	r2, [r0, #62]	@ zero_extendqisi2
 5253 000c 013A     		subs	r2, r2, #1
 5254 000e 18BF     		it	ne
 5255 0010 0122     		movne	r2, #1
 5256              	.L738:
 5257 0012 002A     		cmp	r2, #0
 5258 0014 76D1     		bne	.L754
 5259 0016 002B     		cmp	r3, #0
 5260 0018 4AD1     		bne	.L744
 5261 001a 0222     		movs	r2, #2
 5262 001c 84F83E20 		strb	r2, [r4, #62]
 5263              	.L745:
 5264 0020 0122     		movs	r2, #1
 5265 0022 1946     		mov	r1, r3
 5266 0024 2068     		ldr	r0, [r4]
 5267 0026 FFF7FEFF 		bl	TIM_CCxChannelCmd
 5268 002a 2368     		ldr	r3, [r4]
 5269 002c 384A     		ldr	r2, .L766
 5270 002e 9342     		cmp	r3, r2
 5271 0030 07D0     		beq	.L750
 5272 0032 02F5C052 		add	r2, r2, #6144
ARM GAS  C:\Users\Nathan\AppData\Local\Temp\ccKB486e.s 			page 90


 5273 0036 9342     		cmp	r3, r2
 5274 0038 03D0     		beq	.L750
 5275 003a 02F58062 		add	r2, r2, #1024
 5276 003e 9342     		cmp	r3, r2
 5277 0040 03D1     		bne	.L751
 5278              	.L750:
 5279 0042 5A6C     		ldr	r2, [r3, #68]
 5280 0044 42F40042 		orr	r2, r2, #32768
 5281 0048 5A64     		str	r2, [r3, #68]
 5282              	.L751:
 5283 004a 2368     		ldr	r3, [r4]
 5284 004c 304A     		ldr	r2, .L766
 5285 004e 9342     		cmp	r3, r2
 5286 0050 4AD0     		beq	.L752
 5287 0052 B3F1804F 		cmp	r3, #1073741824
 5288 0056 47D0     		beq	.L752
 5289 0058 1A68     		ldr	r2, [r3]
 5290 005a 42F00102 		orr	r2, r2, #1
 5291 005e 1A60     		str	r2, [r3]
 5292 0060 0020     		movs	r0, #0
 5293 0062 50E0     		b	.L743
 5294              	.L737:
 5295 0064 0429     		cmp	r1, #4
 5296 0066 0BD0     		beq	.L758
 5297 0068 0829     		cmp	r1, #8
 5298 006a 0FD0     		beq	.L759
 5299 006c 0C29     		cmp	r1, #12
 5300 006e 13D0     		beq	.L760
 5301 0070 1029     		cmp	r1, #16
 5302 0072 17D0     		beq	.L761
 5303 0074 90F84320 		ldrb	r2, [r0, #67]	@ zero_extendqisi2
 5304 0078 013A     		subs	r2, r2, #1
 5305 007a 18BF     		it	ne
 5306 007c 0122     		movne	r2, #1
 5307 007e C8E7     		b	.L738
 5308              	.L758:
 5309 0080 90F83F20 		ldrb	r2, [r0, #63]	@ zero_extendqisi2
 5310 0084 013A     		subs	r2, r2, #1
 5311 0086 18BF     		it	ne
 5312 0088 0122     		movne	r2, #1
 5313 008a C2E7     		b	.L738
 5314              	.L759:
 5315 008c 90F84020 		ldrb	r2, [r0, #64]	@ zero_extendqisi2
 5316 0090 013A     		subs	r2, r2, #1
 5317 0092 18BF     		it	ne
 5318 0094 0122     		movne	r2, #1
 5319 0096 BCE7     		b	.L738
 5320              	.L760:
 5321 0098 90F84120 		ldrb	r2, [r0, #65]	@ zero_extendqisi2
 5322 009c 013A     		subs	r2, r2, #1
 5323 009e 18BF     		it	ne
 5324 00a0 0122     		movne	r2, #1
 5325 00a2 B6E7     		b	.L738
 5326              	.L761:
 5327 00a4 90F84220 		ldrb	r2, [r0, #66]	@ zero_extendqisi2
 5328 00a8 013A     		subs	r2, r2, #1
 5329 00aa 18BF     		it	ne
ARM GAS  C:\Users\Nathan\AppData\Local\Temp\ccKB486e.s 			page 91


 5330 00ac 0122     		movne	r2, #1
 5331 00ae B0E7     		b	.L738
 5332              	.L744:
 5333 00b0 042B     		cmp	r3, #4
 5334 00b2 09D0     		beq	.L762
 5335 00b4 082B     		cmp	r3, #8
 5336 00b6 0BD0     		beq	.L763
 5337 00b8 0C2B     		cmp	r3, #12
 5338 00ba 0DD0     		beq	.L764
 5339 00bc 102B     		cmp	r3, #16
 5340 00be 0FD0     		beq	.L765
 5341 00c0 0222     		movs	r2, #2
 5342 00c2 84F84320 		strb	r2, [r4, #67]
 5343 00c6 ABE7     		b	.L745
 5344              	.L762:
 5345 00c8 0222     		movs	r2, #2
 5346 00ca 84F83F20 		strb	r2, [r4, #63]
 5347 00ce A7E7     		b	.L745
 5348              	.L763:
 5349 00d0 0222     		movs	r2, #2
 5350 00d2 84F84020 		strb	r2, [r4, #64]
 5351 00d6 A3E7     		b	.L745
 5352              	.L764:
 5353 00d8 0222     		movs	r2, #2
 5354 00da 84F84120 		strb	r2, [r4, #65]
 5355 00de 9FE7     		b	.L745
 5356              	.L765:
 5357 00e0 0222     		movs	r2, #2
 5358 00e2 84F84220 		strb	r2, [r4, #66]
 5359 00e6 9BE7     		b	.L745
 5360              	.L752:
 5361 00e8 9968     		ldr	r1, [r3, #8]
 5362 00ea 0A4A     		ldr	r2, .L766+4
 5363 00ec 0A40     		ands	r2, r2, r1
 5364 00ee 062A     		cmp	r2, #6
 5365 00f0 0AD0     		beq	.L755
 5366 00f2 B2F5803F 		cmp	r2, #65536
 5367 00f6 09D0     		beq	.L756
 5368 00f8 1A68     		ldr	r2, [r3]
 5369 00fa 42F00102 		orr	r2, r2, #1
 5370 00fe 1A60     		str	r2, [r3]
 5371 0100 0020     		movs	r0, #0
 5372 0102 00E0     		b	.L743
 5373              	.L754:
 5374 0104 0120     		movs	r0, #1
 5375              	.L743:
 5376 0106 10BD     		pop	{r4, pc}
 5377              	.L755:
 5378 0108 0020     		movs	r0, #0
 5379 010a FCE7     		b	.L743
 5380              	.L756:
 5381 010c 0020     		movs	r0, #0
 5382 010e FAE7     		b	.L743
 5383              	.L767:
 5384              		.align	2
 5385              	.L766:
 5386 0110 002C0140 		.word	1073818624
ARM GAS  C:\Users\Nathan\AppData\Local\Temp\ccKB486e.s 			page 92


 5387 0114 07000100 		.word	65543
 5389              		.section	.text.HAL_TIM_PWM_Stop,"ax",%progbits
 5390              		.align	1
 5391              		.global	HAL_TIM_PWM_Stop
 5392              		.syntax unified
 5393              		.thumb
 5394              		.thumb_func
 5396              	HAL_TIM_PWM_Stop:
 5397              		@ args = 0, pretend = 0, frame = 0
 5398              		@ frame_needed = 0, uses_anonymous_args = 0
 5399 0000 38B5     		push	{r3, r4, r5, lr}
 5400 0002 0446     		mov	r4, r0
 5401 0004 0D46     		mov	r5, r1
 5402 0006 0022     		movs	r2, #0
 5403 0008 0068     		ldr	r0, [r0]
 5404 000a FFF7FEFF 		bl	TIM_CCxChannelCmd
 5405 000e 2368     		ldr	r3, [r4]
 5406 0010 264A     		ldr	r2, .L783
 5407 0012 9342     		cmp	r3, r2
 5408 0014 1DD0     		beq	.L769
 5409 0016 02F5C052 		add	r2, r2, #6144
 5410 001a 9342     		cmp	r3, r2
 5411 001c 19D0     		beq	.L769
 5412 001e 02F58062 		add	r2, r2, #1024
 5413 0022 9342     		cmp	r3, r2
 5414 0024 15D0     		beq	.L769
 5415              	.L770:
 5416 0026 2268     		ldr	r2, [r4]
 5417 0028 136A     		ldr	r3, [r2, #32]
 5418 002a 03F01133 		and	r3, r3, #286331153
 5419 002e 23F08853 		bic	r3, r3, #285212672
 5420 0032 43B9     		cbnz	r3, .L771
 5421 0034 116A     		ldr	r1, [r2, #32]
 5422 0036 40F24443 		movw	r3, #1092
 5423 003a 1942     		tst	r1, r3
 5424 003c 03D1     		bne	.L771
 5425 003e 1368     		ldr	r3, [r2]
 5426 0040 23F00103 		bic	r3, r3, #1
 5427 0044 1360     		str	r3, [r2]
 5428              	.L771:
 5429 0046 ADB9     		cbnz	r5, .L772
 5430 0048 0123     		movs	r3, #1
 5431 004a 84F83E30 		strb	r3, [r4, #62]
 5432              	.L773:
 5433 004e 0020     		movs	r0, #0
 5434 0050 38BD     		pop	{r3, r4, r5, pc}
 5435              	.L769:
 5436 0052 1A6A     		ldr	r2, [r3, #32]
 5437 0054 02F01132 		and	r2, r2, #286331153
 5438 0058 22F08852 		bic	r2, r2, #285212672
 5439 005c 002A     		cmp	r2, #0
 5440 005e E2D1     		bne	.L770
 5441 0060 196A     		ldr	r1, [r3, #32]
 5442 0062 40F24442 		movw	r2, #1092
 5443 0066 1142     		tst	r1, r2
 5444 0068 DDD1     		bne	.L770
 5445 006a 5A6C     		ldr	r2, [r3, #68]
ARM GAS  C:\Users\Nathan\AppData\Local\Temp\ccKB486e.s 			page 93


 5446 006c 22F40042 		bic	r2, r2, #32768
 5447 0070 5A64     		str	r2, [r3, #68]
 5448 0072 D8E7     		b	.L770
 5449              	.L772:
 5450 0074 042D     		cmp	r5, #4
 5451 0076 09D0     		beq	.L779
 5452 0078 082D     		cmp	r5, #8
 5453 007a 0BD0     		beq	.L780
 5454 007c 0C2D     		cmp	r5, #12
 5455 007e 0DD0     		beq	.L781
 5456 0080 102D     		cmp	r5, #16
 5457 0082 0FD0     		beq	.L782
 5458 0084 0123     		movs	r3, #1
 5459 0086 84F84330 		strb	r3, [r4, #67]
 5460 008a E0E7     		b	.L773
 5461              	.L779:
 5462 008c 0123     		movs	r3, #1
 5463 008e 84F83F30 		strb	r3, [r4, #63]
 5464 0092 DCE7     		b	.L773
 5465              	.L780:
 5466 0094 0123     		movs	r3, #1
 5467 0096 84F84030 		strb	r3, [r4, #64]
 5468 009a D8E7     		b	.L773
 5469              	.L781:
 5470 009c 0123     		movs	r3, #1
 5471 009e 84F84130 		strb	r3, [r4, #65]
 5472 00a2 D4E7     		b	.L773
 5473              	.L782:
 5474 00a4 0123     		movs	r3, #1
 5475 00a6 84F84230 		strb	r3, [r4, #66]
 5476 00aa D0E7     		b	.L773
 5477              	.L784:
 5478              		.align	2
 5479              	.L783:
 5480 00ac 002C0140 		.word	1073818624
 5482              		.section	.text.HAL_TIM_PWM_Start_IT,"ax",%progbits
 5483              		.align	1
 5484              		.global	HAL_TIM_PWM_Start_IT
 5485              		.syntax unified
 5486              		.thumb
 5487              		.thumb_func
 5489              	HAL_TIM_PWM_Start_IT:
 5490              		@ args = 0, pretend = 0, frame = 0
 5491              		@ frame_needed = 0, uses_anonymous_args = 0
 5492 0000 10B5     		push	{r4, lr}
 5493 0002 0446     		mov	r4, r0
 5494 0004 0B46     		mov	r3, r1
 5495 0006 0029     		cmp	r1, #0
 5496 0008 33D1     		bne	.L786
 5497 000a 90F83E20 		ldrb	r2, [r0, #62]	@ zero_extendqisi2
 5498 000e 013A     		subs	r2, r2, #1
 5499 0010 18BF     		it	ne
 5500 0012 0122     		movne	r2, #1
 5501              	.L787:
 5502 0014 002A     		cmp	r2, #0
 5503 0016 40F09880 		bne	.L808
 5504 001a 002B     		cmp	r3, #0
ARM GAS  C:\Users\Nathan\AppData\Local\Temp\ccKB486e.s 			page 94


 5505 001c 4FD1     		bne	.L793
 5506 001e 0222     		movs	r2, #2
 5507 0020 84F83E20 		strb	r2, [r4, #62]
 5508              	.L794:
 5509 0024 2168     		ldr	r1, [r4]
 5510 0026 CA68     		ldr	r2, [r1, #12]
 5511 0028 42F00202 		orr	r2, r2, #2
 5512 002c CA60     		str	r2, [r1, #12]
 5513              	.L803:
 5514 002e 0122     		movs	r2, #1
 5515 0030 1946     		mov	r1, r3
 5516 0032 2068     		ldr	r0, [r4]
 5517 0034 FFF7FEFF 		bl	TIM_CCxChannelCmd
 5518 0038 2368     		ldr	r3, [r4]
 5519 003a 474A     		ldr	r2, .L820
 5520 003c 9342     		cmp	r3, r2
 5521 003e 07D0     		beq	.L804
 5522 0040 02F5C052 		add	r2, r2, #6144
 5523 0044 9342     		cmp	r3, r2
 5524 0046 03D0     		beq	.L804
 5525 0048 02F58062 		add	r2, r2, #1024
 5526 004c 9342     		cmp	r3, r2
 5527 004e 03D1     		bne	.L805
 5528              	.L804:
 5529 0050 5A6C     		ldr	r2, [r3, #68]
 5530 0052 42F40042 		orr	r2, r2, #32768
 5531 0056 5A64     		str	r2, [r3, #68]
 5532              	.L805:
 5533 0058 2368     		ldr	r3, [r4]
 5534 005a 3F4A     		ldr	r2, .L820
 5535 005c 9342     		cmp	r3, r2
 5536 005e 66D0     		beq	.L806
 5537 0060 B3F1804F 		cmp	r3, #1073741824
 5538 0064 63D0     		beq	.L806
 5539 0066 1A68     		ldr	r2, [r3]
 5540 0068 42F00102 		orr	r2, r2, #1
 5541 006c 1A60     		str	r2, [r3]
 5542 006e 0020     		movs	r0, #0
 5543 0070 6CE0     		b	.L792
 5544              	.L786:
 5545 0072 0429     		cmp	r1, #4
 5546 0074 0BD0     		beq	.L812
 5547 0076 0829     		cmp	r1, #8
 5548 0078 0FD0     		beq	.L813
 5549 007a 0C29     		cmp	r1, #12
 5550 007c 13D0     		beq	.L814
 5551 007e 1029     		cmp	r1, #16
 5552 0080 17D0     		beq	.L815
 5553 0082 90F84320 		ldrb	r2, [r0, #67]	@ zero_extendqisi2
 5554 0086 013A     		subs	r2, r2, #1
 5555 0088 18BF     		it	ne
 5556 008a 0122     		movne	r2, #1
 5557 008c C2E7     		b	.L787
 5558              	.L812:
 5559 008e 90F83F20 		ldrb	r2, [r0, #63]	@ zero_extendqisi2
 5560 0092 013A     		subs	r2, r2, #1
 5561 0094 18BF     		it	ne
ARM GAS  C:\Users\Nathan\AppData\Local\Temp\ccKB486e.s 			page 95


 5562 0096 0122     		movne	r2, #1
 5563 0098 BCE7     		b	.L787
 5564              	.L813:
 5565 009a 90F84020 		ldrb	r2, [r0, #64]	@ zero_extendqisi2
 5566 009e 013A     		subs	r2, r2, #1
 5567 00a0 18BF     		it	ne
 5568 00a2 0122     		movne	r2, #1
 5569 00a4 B6E7     		b	.L787
 5570              	.L814:
 5571 00a6 90F84120 		ldrb	r2, [r0, #65]	@ zero_extendqisi2
 5572 00aa 013A     		subs	r2, r2, #1
 5573 00ac 18BF     		it	ne
 5574 00ae 0122     		movne	r2, #1
 5575 00b0 B0E7     		b	.L787
 5576              	.L815:
 5577 00b2 90F84220 		ldrb	r2, [r0, #66]	@ zero_extendqisi2
 5578 00b6 013A     		subs	r2, r2, #1
 5579 00b8 18BF     		it	ne
 5580 00ba 0122     		movne	r2, #1
 5581 00bc AAE7     		b	.L787
 5582              	.L793:
 5583 00be 042B     		cmp	r3, #4
 5584 00c0 11D0     		beq	.L816
 5585 00c2 082B     		cmp	r3, #8
 5586 00c4 18D0     		beq	.L817
 5587 00c6 0C2B     		cmp	r3, #12
 5588 00c8 1FD0     		beq	.L818
 5589 00ca 102B     		cmp	r3, #16
 5590 00cc 26D0     		beq	.L819
 5591 00ce 0222     		movs	r2, #2
 5592 00d0 84F84320 		strb	r2, [r4, #67]
 5593 00d4 082B     		cmp	r3, #8
 5594 00d6 12D0     		beq	.L798
 5595 00d8 25D8     		bhi	.L802
 5596 00da 002B     		cmp	r3, #0
 5597 00dc A2D0     		beq	.L794
 5598 00de 042B     		cmp	r3, #4
 5599 00e0 04D0     		beq	.L796
 5600 00e2 0120     		movs	r0, #1
 5601 00e4 32E0     		b	.L792
 5602              	.L816:
 5603 00e6 0222     		movs	r2, #2
 5604 00e8 84F83F20 		strb	r2, [r4, #63]
 5605              	.L796:
 5606 00ec 2168     		ldr	r1, [r4]
 5607 00ee CA68     		ldr	r2, [r1, #12]
 5608 00f0 42F00402 		orr	r2, r2, #4
 5609 00f4 CA60     		str	r2, [r1, #12]
 5610 00f6 9AE7     		b	.L803
 5611              	.L817:
 5612 00f8 0222     		movs	r2, #2
 5613 00fa 84F84020 		strb	r2, [r4, #64]
 5614              	.L798:
 5615 00fe 2168     		ldr	r1, [r4]
 5616 0100 CA68     		ldr	r2, [r1, #12]
 5617 0102 42F00802 		orr	r2, r2, #8
 5618 0106 CA60     		str	r2, [r1, #12]
ARM GAS  C:\Users\Nathan\AppData\Local\Temp\ccKB486e.s 			page 96


 5619 0108 91E7     		b	.L803
 5620              	.L818:
 5621 010a 0222     		movs	r2, #2
 5622 010c 84F84120 		strb	r2, [r4, #65]
 5623              	.L800:
 5624 0110 2168     		ldr	r1, [r4]
 5625 0112 CA68     		ldr	r2, [r1, #12]
 5626 0114 42F01002 		orr	r2, r2, #16
 5627 0118 CA60     		str	r2, [r1, #12]
 5628 011a 88E7     		b	.L803
 5629              	.L819:
 5630 011c 0223     		movs	r3, #2
 5631 011e 84F84230 		strb	r3, [r4, #66]
 5632 0122 0120     		movs	r0, #1
 5633 0124 12E0     		b	.L792
 5634              	.L802:
 5635 0126 0C2B     		cmp	r3, #12
 5636 0128 F2D0     		beq	.L800
 5637 012a 0120     		movs	r0, #1
 5638 012c 0EE0     		b	.L792
 5639              	.L806:
 5640 012e 9968     		ldr	r1, [r3, #8]
 5641 0130 0A4A     		ldr	r2, .L820+4
 5642 0132 0A40     		ands	r2, r2, r1
 5643 0134 062A     		cmp	r2, #6
 5644 0136 0AD0     		beq	.L809
 5645 0138 B2F5803F 		cmp	r2, #65536
 5646 013c 09D0     		beq	.L810
 5647 013e 1A68     		ldr	r2, [r3]
 5648 0140 42F00102 		orr	r2, r2, #1
 5649 0144 1A60     		str	r2, [r3]
 5650 0146 0020     		movs	r0, #0
 5651 0148 00E0     		b	.L792
 5652              	.L808:
 5653 014a 0120     		movs	r0, #1
 5654              	.L792:
 5655 014c 10BD     		pop	{r4, pc}
 5656              	.L809:
 5657 014e 0020     		movs	r0, #0
 5658 0150 FCE7     		b	.L792
 5659              	.L810:
 5660 0152 0020     		movs	r0, #0
 5661 0154 FAE7     		b	.L792
 5662              	.L821:
 5663 0156 00BF     		.align	2
 5664              	.L820:
 5665 0158 002C0140 		.word	1073818624
 5666 015c 07000100 		.word	65543
 5668              		.section	.text.HAL_TIM_PWM_Stop_IT,"ax",%progbits
 5669              		.align	1
 5670              		.global	HAL_TIM_PWM_Stop_IT
 5671              		.syntax unified
 5672              		.thumb
 5673              		.thumb_func
 5675              	HAL_TIM_PWM_Stop_IT:
 5676              		@ args = 0, pretend = 0, frame = 0
 5677              		@ frame_needed = 0, uses_anonymous_args = 0
ARM GAS  C:\Users\Nathan\AppData\Local\Temp\ccKB486e.s 			page 97


 5678 0000 38B5     		push	{r3, r4, r5, lr}
 5679 0002 0546     		mov	r5, r0
 5680 0004 0C46     		mov	r4, r1
 5681 0006 0829     		cmp	r1, #8
 5682 0008 41D0     		beq	.L823
 5683 000a 0AD8     		bhi	.L824
 5684 000c 99B1     		cbz	r1, .L825
 5685 000e 0429     		cmp	r1, #4
 5686 0010 05D1     		bne	.L839
 5687 0012 0268     		ldr	r2, [r0]
 5688 0014 D368     		ldr	r3, [r2, #12]
 5689 0016 23F00403 		bic	r3, r3, #4
 5690 001a D360     		str	r3, [r2, #12]
 5691 001c 10E0     		b	.L829
 5692              	.L839:
 5693 001e 0120     		movs	r0, #1
 5694 0020 34E0     		b	.L827
 5695              	.L824:
 5696 0022 0C29     		cmp	r1, #12
 5697 0024 05D1     		bne	.L840
 5698 0026 0268     		ldr	r2, [r0]
 5699 0028 D368     		ldr	r3, [r2, #12]
 5700 002a 23F01003 		bic	r3, r3, #16
 5701 002e D360     		str	r3, [r2, #12]
 5702 0030 06E0     		b	.L829
 5703              	.L840:
 5704 0032 0120     		movs	r0, #1
 5705 0034 2AE0     		b	.L827
 5706              	.L825:
 5707 0036 0268     		ldr	r2, [r0]
 5708 0038 D368     		ldr	r3, [r2, #12]
 5709 003a 23F00203 		bic	r3, r3, #2
 5710 003e D360     		str	r3, [r2, #12]
 5711              	.L829:
 5712 0040 0022     		movs	r2, #0
 5713 0042 2146     		mov	r1, r4
 5714 0044 2868     		ldr	r0, [r5]
 5715 0046 FFF7FEFF 		bl	TIM_CCxChannelCmd
 5716 004a 2B68     		ldr	r3, [r5]
 5717 004c 2C4A     		ldr	r2, .L845
 5718 004e 9342     		cmp	r3, r2
 5719 0050 23D0     		beq	.L830
 5720 0052 02F5C052 		add	r2, r2, #6144
 5721 0056 9342     		cmp	r3, r2
 5722 0058 1FD0     		beq	.L830
 5723 005a 02F58062 		add	r2, r2, #1024
 5724 005e 9342     		cmp	r3, r2
 5725 0060 1BD0     		beq	.L830
 5726              	.L831:
 5727 0062 2A68     		ldr	r2, [r5]
 5728 0064 136A     		ldr	r3, [r2, #32]
 5729 0066 03F01133 		and	r3, r3, #286331153
 5730 006a 23F08853 		bic	r3, r3, #285212672
 5731 006e 43B9     		cbnz	r3, .L832
 5732 0070 116A     		ldr	r1, [r2, #32]
 5733 0072 40F24443 		movw	r3, #1092
 5734 0076 1942     		tst	r1, r3
ARM GAS  C:\Users\Nathan\AppData\Local\Temp\ccKB486e.s 			page 98


 5735 0078 03D1     		bne	.L832
 5736 007a 1368     		ldr	r3, [r2]
 5737 007c 23F00103 		bic	r3, r3, #1
 5738 0080 1360     		str	r3, [r2]
 5739              	.L832:
 5740 0082 DCB9     		cbnz	r4, .L833
 5741 0084 0123     		movs	r3, #1
 5742 0086 85F83E30 		strb	r3, [r5, #62]
 5743 008a 2046     		mov	r0, r4
 5744              	.L827:
 5745 008c 38BD     		pop	{r3, r4, r5, pc}
 5746              	.L823:
 5747 008e 0268     		ldr	r2, [r0]
 5748 0090 D368     		ldr	r3, [r2, #12]
 5749 0092 23F00803 		bic	r3, r3, #8
 5750 0096 D360     		str	r3, [r2, #12]
 5751 0098 D2E7     		b	.L829
 5752              	.L830:
 5753 009a 1A6A     		ldr	r2, [r3, #32]
 5754 009c 02F01132 		and	r2, r2, #286331153
 5755 00a0 22F08852 		bic	r2, r2, #285212672
 5756 00a4 002A     		cmp	r2, #0
 5757 00a6 DCD1     		bne	.L831
 5758 00a8 196A     		ldr	r1, [r3, #32]
 5759 00aa 40F24442 		movw	r2, #1092
 5760 00ae 1142     		tst	r1, r2
 5761 00b0 D7D1     		bne	.L831
 5762 00b2 5A6C     		ldr	r2, [r3, #68]
 5763 00b4 22F40042 		bic	r2, r2, #32768
 5764 00b8 5A64     		str	r2, [r3, #68]
 5765 00ba D2E7     		b	.L831
 5766              	.L833:
 5767 00bc 042C     		cmp	r4, #4
 5768 00be 0AD0     		beq	.L841
 5769 00c0 082C     		cmp	r4, #8
 5770 00c2 0DD0     		beq	.L842
 5771 00c4 0C2C     		cmp	r4, #12
 5772 00c6 10D0     		beq	.L843
 5773 00c8 102C     		cmp	r4, #16
 5774 00ca 13D0     		beq	.L844
 5775 00cc 0123     		movs	r3, #1
 5776 00ce 85F84330 		strb	r3, [r5, #67]
 5777 00d2 0020     		movs	r0, #0
 5778 00d4 DAE7     		b	.L827
 5779              	.L841:
 5780 00d6 0123     		movs	r3, #1
 5781 00d8 85F83F30 		strb	r3, [r5, #63]
 5782 00dc 0020     		movs	r0, #0
 5783 00de D5E7     		b	.L827
 5784              	.L842:
 5785 00e0 0123     		movs	r3, #1
 5786 00e2 85F84030 		strb	r3, [r5, #64]
 5787 00e6 0020     		movs	r0, #0
 5788 00e8 D0E7     		b	.L827
 5789              	.L843:
 5790 00ea 0123     		movs	r3, #1
 5791 00ec 85F84130 		strb	r3, [r5, #65]
ARM GAS  C:\Users\Nathan\AppData\Local\Temp\ccKB486e.s 			page 99


 5792 00f0 0020     		movs	r0, #0
 5793 00f2 CBE7     		b	.L827
 5794              	.L844:
 5795 00f4 0123     		movs	r3, #1
 5796 00f6 85F84230 		strb	r3, [r5, #66]
 5797 00fa 0020     		movs	r0, #0
 5798 00fc C6E7     		b	.L827
 5799              	.L846:
 5800 00fe 00BF     		.align	2
 5801              	.L845:
 5802 0100 002C0140 		.word	1073818624
 5804              		.section	.text.HAL_TIM_PWM_Start_DMA,"ax",%progbits
 5805              		.align	1
 5806              		.global	HAL_TIM_PWM_Start_DMA
 5807              		.syntax unified
 5808              		.thumb
 5809              		.thumb_func
 5811              	HAL_TIM_PWM_Start_DMA:
 5812              		@ args = 0, pretend = 0, frame = 0
 5813              		@ frame_needed = 0, uses_anonymous_args = 0
 5814 0000 38B5     		push	{r3, r4, r5, lr}
 5815 0002 0446     		mov	r4, r0
 5816 0004 9446     		mov	ip, r2
 5817 0006 0D46     		mov	r5, r1
 5818 0008 0029     		cmp	r1, #0
 5819 000a 5BD1     		bne	.L848
 5820 000c 90F83E00 		ldrb	r0, [r0, #62]	@ zero_extendqisi2
 5821 0010 0228     		cmp	r0, #2
 5822 0012 14BF     		ite	ne
 5823 0014 0020     		movne	r0, #0
 5824 0016 0120     		moveq	r0, #1
 5825              	.L849:
 5826 0018 0028     		cmp	r0, #0
 5827 001a 40F02281 		bne	.L876
 5828 001e 002D     		cmp	r5, #0
 5829 0020 7BD1     		bne	.L855
 5830 0022 94F83E20 		ldrb	r2, [r4, #62]	@ zero_extendqisi2
 5831 0026 012A     		cmp	r2, #1
 5832 0028 14BF     		ite	ne
 5833 002a 0022     		movne	r2, #0
 5834 002c 0122     		moveq	r2, #1
 5835              	.L856:
 5836 002e 002A     		cmp	r2, #0
 5837 0030 00F01981 		beq	.L877
 5838 0034 BCF1000F 		cmp	ip, #0
 5839 0038 00F01781 		beq	.L878
 5840 003c 002B     		cmp	r3, #0
 5841 003e 00F01681 		beq	.L879
 5842 0042 002D     		cmp	r5, #0
 5843 0044 40F09480 		bne	.L861
 5844 0048 0222     		movs	r2, #2
 5845 004a 84F83E20 		strb	r2, [r4, #62]
 5846              	.L862:
 5847 004e 626A     		ldr	r2, [r4, #36]
 5848 0050 8E49     		ldr	r1, .L899
 5849 0052 D162     		str	r1, [r2, #44]
 5850 0054 626A     		ldr	r2, [r4, #36]
ARM GAS  C:\Users\Nathan\AppData\Local\Temp\ccKB486e.s 			page 100


 5851 0056 8E49     		ldr	r1, .L899+4
 5852 0058 1163     		str	r1, [r2, #48]
 5853 005a 626A     		ldr	r2, [r4, #36]
 5854 005c 8D49     		ldr	r1, .L899+8
 5855 005e 5163     		str	r1, [r2, #52]
 5856 0060 2268     		ldr	r2, [r4]
 5857 0062 3432     		adds	r2, r2, #52
 5858 0064 6146     		mov	r1, ip
 5859 0066 606A     		ldr	r0, [r4, #36]
 5860 0068 FFF7FEFF 		bl	HAL_DMA_Start_IT
 5861 006c 0028     		cmp	r0, #0
 5862 006e 40F00081 		bne	.L880
 5863 0072 2268     		ldr	r2, [r4]
 5864 0074 D368     		ldr	r3, [r2, #12]
 5865 0076 43F40073 		orr	r3, r3, #512
 5866 007a D360     		str	r3, [r2, #12]
 5867              	.L871:
 5868 007c 0122     		movs	r2, #1
 5869 007e 2946     		mov	r1, r5
 5870 0080 2068     		ldr	r0, [r4]
 5871 0082 FFF7FEFF 		bl	TIM_CCxChannelCmd
 5872 0086 2368     		ldr	r3, [r4]
 5873 0088 834A     		ldr	r2, .L899+12
 5874 008a 9342     		cmp	r3, r2
 5875 008c 07D0     		beq	.L872
 5876 008e 02F5C052 		add	r2, r2, #6144
 5877 0092 9342     		cmp	r3, r2
 5878 0094 03D0     		beq	.L872
 5879 0096 02F58062 		add	r2, r2, #1024
 5880 009a 9342     		cmp	r3, r2
 5881 009c 03D1     		bne	.L873
 5882              	.L872:
 5883 009e 5A6C     		ldr	r2, [r3, #68]
 5884 00a0 42F40042 		orr	r2, r2, #32768
 5885 00a4 5A64     		str	r2, [r3, #68]
 5886              	.L873:
 5887 00a6 2368     		ldr	r3, [r4]
 5888 00a8 7B4A     		ldr	r2, .L899+12
 5889 00aa 9342     		cmp	r3, r2
 5890 00ac 00F0CB80 		beq	.L874
 5891 00b0 B3F1804F 		cmp	r3, #1073741824
 5892 00b4 00F0C780 		beq	.L874
 5893 00b8 1A68     		ldr	r2, [r3]
 5894 00ba 42F00102 		orr	r2, r2, #1
 5895 00be 1A60     		str	r2, [r3]
 5896 00c0 0020     		movs	r0, #0
 5897 00c2 D1E0     		b	.L854
 5898              	.L848:
 5899 00c4 0429     		cmp	r1, #4
 5900 00c6 0CD0     		beq	.L887
 5901 00c8 0829     		cmp	r1, #8
 5902 00ca 11D0     		beq	.L888
 5903 00cc 0C29     		cmp	r1, #12
 5904 00ce 16D0     		beq	.L889
 5905 00d0 1029     		cmp	r1, #16
 5906 00d2 1BD0     		beq	.L890
 5907 00d4 90F84300 		ldrb	r0, [r0, #67]	@ zero_extendqisi2
ARM GAS  C:\Users\Nathan\AppData\Local\Temp\ccKB486e.s 			page 101


 5908 00d8 0228     		cmp	r0, #2
 5909 00da 14BF     		ite	ne
 5910 00dc 0020     		movne	r0, #0
 5911 00de 0120     		moveq	r0, #1
 5912 00e0 9AE7     		b	.L849
 5913              	.L887:
 5914 00e2 90F83F00 		ldrb	r0, [r0, #63]	@ zero_extendqisi2
 5915 00e6 0228     		cmp	r0, #2
 5916 00e8 14BF     		ite	ne
 5917 00ea 0020     		movne	r0, #0
 5918 00ec 0120     		moveq	r0, #1
 5919 00ee 93E7     		b	.L849
 5920              	.L888:
 5921 00f0 90F84000 		ldrb	r0, [r0, #64]	@ zero_extendqisi2
 5922 00f4 0228     		cmp	r0, #2
 5923 00f6 14BF     		ite	ne
 5924 00f8 0020     		movne	r0, #0
 5925 00fa 0120     		moveq	r0, #1
 5926 00fc 8CE7     		b	.L849
 5927              	.L889:
 5928 00fe 90F84100 		ldrb	r0, [r0, #65]	@ zero_extendqisi2
 5929 0102 0228     		cmp	r0, #2
 5930 0104 14BF     		ite	ne
 5931 0106 0020     		movne	r0, #0
 5932 0108 0120     		moveq	r0, #1
 5933 010a 85E7     		b	.L849
 5934              	.L890:
 5935 010c 90F84200 		ldrb	r0, [r0, #66]	@ zero_extendqisi2
 5936 0110 0228     		cmp	r0, #2
 5937 0112 14BF     		ite	ne
 5938 0114 0020     		movne	r0, #0
 5939 0116 0120     		moveq	r0, #1
 5940 0118 7EE7     		b	.L849
 5941              	.L855:
 5942 011a 042D     		cmp	r5, #4
 5943 011c 0CD0     		beq	.L891
 5944 011e 082D     		cmp	r5, #8
 5945 0120 11D0     		beq	.L892
 5946 0122 0C2D     		cmp	r5, #12
 5947 0124 16D0     		beq	.L893
 5948 0126 102D     		cmp	r5, #16
 5949 0128 1BD0     		beq	.L894
 5950 012a 94F84320 		ldrb	r2, [r4, #67]	@ zero_extendqisi2
 5951 012e 012A     		cmp	r2, #1
 5952 0130 14BF     		ite	ne
 5953 0132 0022     		movne	r2, #0
 5954 0134 0122     		moveq	r2, #1
 5955 0136 7AE7     		b	.L856
 5956              	.L891:
 5957 0138 94F83F20 		ldrb	r2, [r4, #63]	@ zero_extendqisi2
 5958 013c 012A     		cmp	r2, #1
 5959 013e 14BF     		ite	ne
 5960 0140 0022     		movne	r2, #0
 5961 0142 0122     		moveq	r2, #1
 5962 0144 73E7     		b	.L856
 5963              	.L892:
 5964 0146 94F84020 		ldrb	r2, [r4, #64]	@ zero_extendqisi2
ARM GAS  C:\Users\Nathan\AppData\Local\Temp\ccKB486e.s 			page 102


 5965 014a 012A     		cmp	r2, #1
 5966 014c 14BF     		ite	ne
 5967 014e 0022     		movne	r2, #0
 5968 0150 0122     		moveq	r2, #1
 5969 0152 6CE7     		b	.L856
 5970              	.L893:
 5971 0154 94F84120 		ldrb	r2, [r4, #65]	@ zero_extendqisi2
 5972 0158 012A     		cmp	r2, #1
 5973 015a 14BF     		ite	ne
 5974 015c 0022     		movne	r2, #0
 5975 015e 0122     		moveq	r2, #1
 5976 0160 65E7     		b	.L856
 5977              	.L894:
 5978 0162 94F84220 		ldrb	r2, [r4, #66]	@ zero_extendqisi2
 5979 0166 012A     		cmp	r2, #1
 5980 0168 14BF     		ite	ne
 5981 016a 0022     		movne	r2, #0
 5982 016c 0122     		moveq	r2, #1
 5983 016e 5EE7     		b	.L856
 5984              	.L861:
 5985 0170 042D     		cmp	r5, #4
 5986 0172 12D0     		beq	.L895
 5987 0174 082D     		cmp	r5, #8
 5988 0176 2AD0     		beq	.L896
 5989 0178 0C2D     		cmp	r5, #12
 5990 017a 42D0     		beq	.L897
 5991 017c 102D     		cmp	r5, #16
 5992 017e 59D0     		beq	.L898
 5993 0180 0222     		movs	r2, #2
 5994 0182 84F84320 		strb	r2, [r4, #67]
 5995 0186 082D     		cmp	r5, #8
 5996 0188 24D0     		beq	.L866
 5997 018a 58D8     		bhi	.L870
 5998 018c 002D     		cmp	r5, #0
 5999 018e 3FF45EAF 		beq	.L862
 6000 0192 042D     		cmp	r5, #4
 6001 0194 04D0     		beq	.L864
 6002 0196 0120     		movs	r0, #1
 6003 0198 66E0     		b	.L854
 6004              	.L895:
 6005 019a 0222     		movs	r2, #2
 6006 019c 84F83F20 		strb	r2, [r4, #63]
 6007              	.L864:
 6008 01a0 A26A     		ldr	r2, [r4, #40]
 6009 01a2 3A49     		ldr	r1, .L899
 6010 01a4 D162     		str	r1, [r2, #44]
 6011 01a6 A26A     		ldr	r2, [r4, #40]
 6012 01a8 3949     		ldr	r1, .L899+4
 6013 01aa 1163     		str	r1, [r2, #48]
 6014 01ac A26A     		ldr	r2, [r4, #40]
 6015 01ae 3949     		ldr	r1, .L899+8
 6016 01b0 5163     		str	r1, [r2, #52]
 6017 01b2 2268     		ldr	r2, [r4]
 6018 01b4 3832     		adds	r2, r2, #56
 6019 01b6 6146     		mov	r1, ip
 6020 01b8 A06A     		ldr	r0, [r4, #40]
 6021 01ba FFF7FEFF 		bl	HAL_DMA_Start_IT
ARM GAS  C:\Users\Nathan\AppData\Local\Temp\ccKB486e.s 			page 103


 6022 01be 0028     		cmp	r0, #0
 6023 01c0 59D1     		bne	.L881
 6024 01c2 2268     		ldr	r2, [r4]
 6025 01c4 D368     		ldr	r3, [r2, #12]
 6026 01c6 43F48063 		orr	r3, r3, #1024
 6027 01ca D360     		str	r3, [r2, #12]
 6028 01cc 56E7     		b	.L871
 6029              	.L896:
 6030 01ce 0222     		movs	r2, #2
 6031 01d0 84F84020 		strb	r2, [r4, #64]
 6032              	.L866:
 6033 01d4 E26A     		ldr	r2, [r4, #44]
 6034 01d6 2D49     		ldr	r1, .L899
 6035 01d8 D162     		str	r1, [r2, #44]
 6036 01da E26A     		ldr	r2, [r4, #44]
 6037 01dc 2C49     		ldr	r1, .L899+4
 6038 01de 1163     		str	r1, [r2, #48]
 6039 01e0 E26A     		ldr	r2, [r4, #44]
 6040 01e2 2C49     		ldr	r1, .L899+8
 6041 01e4 5163     		str	r1, [r2, #52]
 6042 01e6 2268     		ldr	r2, [r4]
 6043 01e8 3C32     		adds	r2, r2, #60
 6044 01ea 6146     		mov	r1, ip
 6045 01ec E06A     		ldr	r0, [r4, #44]
 6046 01ee FFF7FEFF 		bl	HAL_DMA_Start_IT
 6047 01f2 0028     		cmp	r0, #0
 6048 01f4 41D1     		bne	.L882
 6049 01f6 2268     		ldr	r2, [r4]
 6050 01f8 D368     		ldr	r3, [r2, #12]
 6051 01fa 43F40063 		orr	r3, r3, #2048
 6052 01fe D360     		str	r3, [r2, #12]
 6053 0200 3CE7     		b	.L871
 6054              	.L897:
 6055 0202 0222     		movs	r2, #2
 6056 0204 84F84120 		strb	r2, [r4, #65]
 6057              	.L868:
 6058 0208 226B     		ldr	r2, [r4, #48]
 6059 020a 2049     		ldr	r1, .L899
 6060 020c D162     		str	r1, [r2, #44]
 6061 020e 226B     		ldr	r2, [r4, #48]
 6062 0210 1F49     		ldr	r1, .L899+4
 6063 0212 1163     		str	r1, [r2, #48]
 6064 0214 226B     		ldr	r2, [r4, #48]
 6065 0216 1F49     		ldr	r1, .L899+8
 6066 0218 5163     		str	r1, [r2, #52]
 6067 021a 2268     		ldr	r2, [r4]
 6068 021c 4032     		adds	r2, r2, #64
 6069 021e 6146     		mov	r1, ip
 6070 0220 206B     		ldr	r0, [r4, #48]
 6071 0222 FFF7FEFF 		bl	HAL_DMA_Start_IT
 6072 0226 50BB     		cbnz	r0, .L883
 6073 0228 2268     		ldr	r2, [r4]
 6074 022a D368     		ldr	r3, [r2, #12]
 6075 022c 43F48053 		orr	r3, r3, #4096
 6076 0230 D360     		str	r3, [r2, #12]
 6077 0232 23E7     		b	.L871
 6078              	.L898:
ARM GAS  C:\Users\Nathan\AppData\Local\Temp\ccKB486e.s 			page 104


 6079 0234 0223     		movs	r3, #2
 6080 0236 84F84230 		strb	r3, [r4, #66]
 6081 023a 0120     		movs	r0, #1
 6082 023c 14E0     		b	.L854
 6083              	.L870:
 6084 023e 0C2D     		cmp	r5, #12
 6085 0240 E2D0     		beq	.L868
 6086 0242 0120     		movs	r0, #1
 6087 0244 10E0     		b	.L854
 6088              	.L874:
 6089 0246 9968     		ldr	r1, [r3, #8]
 6090 0248 144A     		ldr	r2, .L899+16
 6091 024a 0A40     		ands	r2, r2, r1
 6092 024c 062A     		cmp	r2, #6
 6093 024e 18D0     		beq	.L884
 6094 0250 B2F5803F 		cmp	r2, #65536
 6095 0254 17D0     		beq	.L885
 6096 0256 1A68     		ldr	r2, [r3]
 6097 0258 42F00102 		orr	r2, r2, #1
 6098 025c 1A60     		str	r2, [r3]
 6099 025e 0020     		movs	r0, #0
 6100 0260 02E0     		b	.L854
 6101              	.L876:
 6102 0262 0220     		movs	r0, #2
 6103 0264 00E0     		b	.L854
 6104              	.L877:
 6105 0266 0120     		movs	r0, #1
 6106              	.L854:
 6107 0268 38BD     		pop	{r3, r4, r5, pc}
 6108              	.L878:
 6109 026a 0120     		movs	r0, #1
 6110 026c FCE7     		b	.L854
 6111              	.L879:
 6112 026e 0120     		movs	r0, #1
 6113 0270 FAE7     		b	.L854
 6114              	.L880:
 6115 0272 0120     		movs	r0, #1
 6116 0274 F8E7     		b	.L854
 6117              	.L881:
 6118 0276 0120     		movs	r0, #1
 6119 0278 F6E7     		b	.L854
 6120              	.L882:
 6121 027a 0120     		movs	r0, #1
 6122 027c F4E7     		b	.L854
 6123              	.L883:
 6124 027e 0120     		movs	r0, #1
 6125 0280 F2E7     		b	.L854
 6126              	.L884:
 6127 0282 0020     		movs	r0, #0
 6128 0284 F0E7     		b	.L854
 6129              	.L885:
 6130 0286 0020     		movs	r0, #0
 6131 0288 EEE7     		b	.L854
 6132              	.L900:
 6133 028a 00BF     		.align	2
 6134              	.L899:
 6135 028c 00000000 		.word	TIM_DMADelayPulseCplt
ARM GAS  C:\Users\Nathan\AppData\Local\Temp\ccKB486e.s 			page 105


 6136 0290 00000000 		.word	TIM_DMADelayPulseHalfCplt
 6137 0294 00000000 		.word	TIM_DMAError
 6138 0298 002C0140 		.word	1073818624
 6139 029c 07000100 		.word	65543
 6141              		.section	.text.HAL_TIM_PWM_Stop_DMA,"ax",%progbits
 6142              		.align	1
 6143              		.global	HAL_TIM_PWM_Stop_DMA
 6144              		.syntax unified
 6145              		.thumb
 6146              		.thumb_func
 6148              	HAL_TIM_PWM_Stop_DMA:
 6149              		@ args = 0, pretend = 0, frame = 0
 6150              		@ frame_needed = 0, uses_anonymous_args = 0
 6151 0000 38B5     		push	{r3, r4, r5, lr}
 6152 0002 0546     		mov	r5, r0
 6153 0004 0C46     		mov	r4, r1
 6154 0006 0829     		cmp	r1, #8
 6155 0008 4AD0     		beq	.L902
 6156 000a 0DD8     		bhi	.L903
 6157 000c C9B1     		cbz	r1, .L904
 6158 000e 0429     		cmp	r1, #4
 6159 0010 08D1     		bne	.L918
 6160 0012 0268     		ldr	r2, [r0]
 6161 0014 D368     		ldr	r3, [r2, #12]
 6162 0016 23F48063 		bic	r3, r3, #1024
 6163 001a D360     		str	r3, [r2, #12]
 6164 001c 806A     		ldr	r0, [r0, #40]
 6165 001e FFF7FEFF 		bl	HAL_DMA_Abort_IT
 6166 0022 16E0     		b	.L908
 6167              	.L918:
 6168 0024 0120     		movs	r0, #1
 6169 0026 3AE0     		b	.L906
 6170              	.L903:
 6171 0028 0C29     		cmp	r1, #12
 6172 002a 08D1     		bne	.L919
 6173 002c 0268     		ldr	r2, [r0]
 6174 002e D368     		ldr	r3, [r2, #12]
 6175 0030 23F48053 		bic	r3, r3, #4096
 6176 0034 D360     		str	r3, [r2, #12]
 6177 0036 006B     		ldr	r0, [r0, #48]
 6178 0038 FFF7FEFF 		bl	HAL_DMA_Abort_IT
 6179 003c 09E0     		b	.L908
 6180              	.L919:
 6181 003e 0120     		movs	r0, #1
 6182 0040 2DE0     		b	.L906
 6183              	.L904:
 6184 0042 0268     		ldr	r2, [r0]
 6185 0044 D368     		ldr	r3, [r2, #12]
 6186 0046 23F40073 		bic	r3, r3, #512
 6187 004a D360     		str	r3, [r2, #12]
 6188 004c 406A     		ldr	r0, [r0, #36]
 6189 004e FFF7FEFF 		bl	HAL_DMA_Abort_IT
 6190              	.L908:
 6191 0052 0022     		movs	r2, #0
 6192 0054 2146     		mov	r1, r4
 6193 0056 2868     		ldr	r0, [r5]
 6194 0058 FFF7FEFF 		bl	TIM_CCxChannelCmd
ARM GAS  C:\Users\Nathan\AppData\Local\Temp\ccKB486e.s 			page 106


 6195 005c 2B68     		ldr	r3, [r5]
 6196 005e 2E4A     		ldr	r2, .L924
 6197 0060 9342     		cmp	r3, r2
 6198 0062 26D0     		beq	.L909
 6199 0064 02F5C052 		add	r2, r2, #6144
 6200 0068 9342     		cmp	r3, r2
 6201 006a 22D0     		beq	.L909
 6202 006c 02F58062 		add	r2, r2, #1024
 6203 0070 9342     		cmp	r3, r2
 6204 0072 1ED0     		beq	.L909
 6205              	.L910:
 6206 0074 2A68     		ldr	r2, [r5]
 6207 0076 136A     		ldr	r3, [r2, #32]
 6208 0078 03F01133 		and	r3, r3, #286331153
 6209 007c 23F08853 		bic	r3, r3, #285212672
 6210 0080 43B9     		cbnz	r3, .L911
 6211 0082 116A     		ldr	r1, [r2, #32]
 6212 0084 40F24443 		movw	r3, #1092
 6213 0088 1942     		tst	r1, r3
 6214 008a 03D1     		bne	.L911
 6215 008c 1368     		ldr	r3, [r2]
 6216 008e 23F00103 		bic	r3, r3, #1
 6217 0092 1360     		str	r3, [r2]
 6218              	.L911:
 6219 0094 F4B9     		cbnz	r4, .L912
 6220 0096 0123     		movs	r3, #1
 6221 0098 85F83E30 		strb	r3, [r5, #62]
 6222 009c 2046     		mov	r0, r4
 6223              	.L906:
 6224 009e 38BD     		pop	{r3, r4, r5, pc}
 6225              	.L902:
 6226 00a0 0268     		ldr	r2, [r0]
 6227 00a2 D368     		ldr	r3, [r2, #12]
 6228 00a4 23F40063 		bic	r3, r3, #2048
 6229 00a8 D360     		str	r3, [r2, #12]
 6230 00aa C06A     		ldr	r0, [r0, #44]
 6231 00ac FFF7FEFF 		bl	HAL_DMA_Abort_IT
 6232 00b0 CFE7     		b	.L908
 6233              	.L909:
 6234 00b2 1A6A     		ldr	r2, [r3, #32]
 6235 00b4 02F01132 		and	r2, r2, #286331153
 6236 00b8 22F08852 		bic	r2, r2, #285212672
 6237 00bc 002A     		cmp	r2, #0
 6238 00be D9D1     		bne	.L910
 6239 00c0 196A     		ldr	r1, [r3, #32]
 6240 00c2 40F24442 		movw	r2, #1092
 6241 00c6 1142     		tst	r1, r2
 6242 00c8 D4D1     		bne	.L910
 6243 00ca 5A6C     		ldr	r2, [r3, #68]
 6244 00cc 22F40042 		bic	r2, r2, #32768
 6245 00d0 5A64     		str	r2, [r3, #68]
 6246 00d2 CFE7     		b	.L910
 6247              	.L912:
 6248 00d4 042C     		cmp	r4, #4
 6249 00d6 0AD0     		beq	.L920
 6250 00d8 082C     		cmp	r4, #8
 6251 00da 0DD0     		beq	.L921
ARM GAS  C:\Users\Nathan\AppData\Local\Temp\ccKB486e.s 			page 107


 6252 00dc 0C2C     		cmp	r4, #12
 6253 00de 10D0     		beq	.L922
 6254 00e0 102C     		cmp	r4, #16
 6255 00e2 13D0     		beq	.L923
 6256 00e4 0123     		movs	r3, #1
 6257 00e6 85F84330 		strb	r3, [r5, #67]
 6258 00ea 0020     		movs	r0, #0
 6259 00ec D7E7     		b	.L906
 6260              	.L920:
 6261 00ee 0123     		movs	r3, #1
 6262 00f0 85F83F30 		strb	r3, [r5, #63]
 6263 00f4 0020     		movs	r0, #0
 6264 00f6 D2E7     		b	.L906
 6265              	.L921:
 6266 00f8 0123     		movs	r3, #1
 6267 00fa 85F84030 		strb	r3, [r5, #64]
 6268 00fe 0020     		movs	r0, #0
 6269 0100 CDE7     		b	.L906
 6270              	.L922:
 6271 0102 0123     		movs	r3, #1
 6272 0104 85F84130 		strb	r3, [r5, #65]
 6273 0108 0020     		movs	r0, #0
 6274 010a C8E7     		b	.L906
 6275              	.L923:
 6276 010c 0123     		movs	r3, #1
 6277 010e 85F84230 		strb	r3, [r5, #66]
 6278 0112 0020     		movs	r0, #0
 6279 0114 C3E7     		b	.L906
 6280              	.L925:
 6281 0116 00BF     		.align	2
 6282              	.L924:
 6283 0118 002C0140 		.word	1073818624
 6285              		.section	.text.HAL_TIM_IC_Start,"ax",%progbits
 6286              		.align	1
 6287              		.global	HAL_TIM_IC_Start
 6288              		.syntax unified
 6289              		.thumb
 6290              		.thumb_func
 6292              	HAL_TIM_IC_Start:
 6293              		@ args = 0, pretend = 0, frame = 0
 6294              		@ frame_needed = 0, uses_anonymous_args = 0
 6295 0000 10B5     		push	{r4, lr}
 6296 0002 0446     		mov	r4, r0
 6297 0004 0B46     		mov	r3, r1
 6298 0006 11BB     		cbnz	r1, .L927
 6299 0008 90F83E00 		ldrb	r0, [r0, #62]	@ zero_extendqisi2
 6300 000c C0B2     		uxtb	r0, r0
 6301 000e 94F84420 		ldrb	r2, [r4, #68]	@ zero_extendqisi2
 6302 0012 D2B2     		uxtb	r2, r2
 6303              	.L928:
 6304 0014 0128     		cmp	r0, #1
 6305 0016 7ED1     		bne	.L948
 6306 0018 012A     		cmp	r2, #1
 6307 001a 7DD1     		bne	.L936
 6308 001c 002B     		cmp	r3, #0
 6309 001e 41D1     		bne	.L937
 6310 0020 0222     		movs	r2, #2
ARM GAS  C:\Users\Nathan\AppData\Local\Temp\ccKB486e.s 			page 108


 6311 0022 84F83E20 		strb	r2, [r4, #62]
 6312 0026 84F84420 		strb	r2, [r4, #68]
 6313              	.L938:
 6314 002a 0122     		movs	r2, #1
 6315 002c 1946     		mov	r1, r3
 6316 002e 2068     		ldr	r0, [r4]
 6317 0030 FFF7FEFF 		bl	TIM_CCxChannelCmd
 6318 0034 2368     		ldr	r3, [r4]
 6319 0036 3B4A     		ldr	r2, .L964
 6320 0038 9342     		cmp	r3, r2
 6321 003a 5ED0     		beq	.L946
 6322 003c B3F1804F 		cmp	r3, #1073741824
 6323 0040 5BD0     		beq	.L946
 6324 0042 1A68     		ldr	r2, [r3]
 6325 0044 42F00102 		orr	r2, r2, #1
 6326 0048 1A60     		str	r2, [r3]
 6327 004a 0020     		movs	r0, #0
 6328 004c 64E0     		b	.L936
 6329              	.L927:
 6330 004e 0429     		cmp	r1, #4
 6331 0050 09D0     		beq	.L952
 6332 0052 0829     		cmp	r1, #8
 6333 0054 12D0     		beq	.L953
 6334 0056 0C29     		cmp	r1, #12
 6335 0058 14D0     		beq	.L954
 6336 005a 1029     		cmp	r1, #16
 6337 005c 16D0     		beq	.L955
 6338 005e 90F84300 		ldrb	r0, [r0, #67]	@ zero_extendqisi2
 6339 0062 C0B2     		uxtb	r0, r0
 6340 0064 02E0     		b	.L930
 6341              	.L952:
 6342 0066 90F83F00 		ldrb	r0, [r0, #63]	@ zero_extendqisi2
 6343 006a C0B2     		uxtb	r0, r0
 6344              	.L930:
 6345 006c 042B     		cmp	r3, #4
 6346 006e 11D0     		beq	.L956
 6347 0070 082B     		cmp	r3, #8
 6348 0072 13D0     		beq	.L957
 6349 0074 94F84720 		ldrb	r2, [r4, #71]	@ zero_extendqisi2
 6350 0078 D2B2     		uxtb	r2, r2
 6351 007a CBE7     		b	.L928
 6352              	.L953:
 6353 007c 90F84000 		ldrb	r0, [r0, #64]	@ zero_extendqisi2
 6354 0080 C0B2     		uxtb	r0, r0
 6355 0082 F3E7     		b	.L930
 6356              	.L954:
 6357 0084 90F84100 		ldrb	r0, [r0, #65]	@ zero_extendqisi2
 6358 0088 C0B2     		uxtb	r0, r0
 6359 008a EFE7     		b	.L930
 6360              	.L955:
 6361 008c 90F84200 		ldrb	r0, [r0, #66]	@ zero_extendqisi2
 6362 0090 C0B2     		uxtb	r0, r0
 6363 0092 EBE7     		b	.L930
 6364              	.L956:
 6365 0094 94F84520 		ldrb	r2, [r4, #69]	@ zero_extendqisi2
 6366 0098 D2B2     		uxtb	r2, r2
 6367 009a BBE7     		b	.L928
ARM GAS  C:\Users\Nathan\AppData\Local\Temp\ccKB486e.s 			page 109


 6368              	.L957:
 6369 009c 94F84620 		ldrb	r2, [r4, #70]	@ zero_extendqisi2
 6370 00a0 D2B2     		uxtb	r2, r2
 6371 00a2 B7E7     		b	.L928
 6372              	.L937:
 6373 00a4 042B     		cmp	r3, #4
 6374 00a6 09D0     		beq	.L958
 6375 00a8 082B     		cmp	r3, #8
 6376 00aa 12D0     		beq	.L959
 6377 00ac 0C2B     		cmp	r3, #12
 6378 00ae 14D0     		beq	.L960
 6379 00b0 102B     		cmp	r3, #16
 6380 00b2 16D0     		beq	.L961
 6381 00b4 0222     		movs	r2, #2
 6382 00b6 84F84320 		strb	r2, [r4, #67]
 6383 00ba 02E0     		b	.L940
 6384              	.L958:
 6385 00bc 0222     		movs	r2, #2
 6386 00be 84F83F20 		strb	r2, [r4, #63]
 6387              	.L940:
 6388 00c2 042B     		cmp	r3, #4
 6389 00c4 11D0     		beq	.L962
 6390 00c6 082B     		cmp	r3, #8
 6391 00c8 13D0     		beq	.L963
 6392 00ca 0222     		movs	r2, #2
 6393 00cc 84F84720 		strb	r2, [r4, #71]
 6394 00d0 ABE7     		b	.L938
 6395              	.L959:
 6396 00d2 0222     		movs	r2, #2
 6397 00d4 84F84020 		strb	r2, [r4, #64]
 6398 00d8 F3E7     		b	.L940
 6399              	.L960:
 6400 00da 0222     		movs	r2, #2
 6401 00dc 84F84120 		strb	r2, [r4, #65]
 6402 00e0 EFE7     		b	.L940
 6403              	.L961:
 6404 00e2 0222     		movs	r2, #2
 6405 00e4 84F84220 		strb	r2, [r4, #66]
 6406 00e8 EBE7     		b	.L940
 6407              	.L962:
 6408 00ea 0222     		movs	r2, #2
 6409 00ec 84F84520 		strb	r2, [r4, #69]
 6410 00f0 9BE7     		b	.L938
 6411              	.L963:
 6412 00f2 0222     		movs	r2, #2
 6413 00f4 84F84620 		strb	r2, [r4, #70]
 6414 00f8 97E7     		b	.L938
 6415              	.L946:
 6416 00fa 9968     		ldr	r1, [r3, #8]
 6417 00fc 0A4A     		ldr	r2, .L964+4
 6418 00fe 0A40     		ands	r2, r2, r1
 6419 0100 062A     		cmp	r2, #6
 6420 0102 0AD0     		beq	.L949
 6421 0104 B2F5803F 		cmp	r2, #65536
 6422 0108 09D0     		beq	.L950
 6423 010a 1A68     		ldr	r2, [r3]
 6424 010c 42F00102 		orr	r2, r2, #1
ARM GAS  C:\Users\Nathan\AppData\Local\Temp\ccKB486e.s 			page 110


 6425 0110 1A60     		str	r2, [r3]
 6426 0112 0020     		movs	r0, #0
 6427 0114 00E0     		b	.L936
 6428              	.L948:
 6429 0116 0120     		movs	r0, #1
 6430              	.L936:
 6431 0118 10BD     		pop	{r4, pc}
 6432              	.L949:
 6433 011a 0020     		movs	r0, #0
 6434 011c FCE7     		b	.L936
 6435              	.L950:
 6436 011e 0020     		movs	r0, #0
 6437 0120 FAE7     		b	.L936
 6438              	.L965:
 6439 0122 00BF     		.align	2
 6440              	.L964:
 6441 0124 002C0140 		.word	1073818624
 6442 0128 07000100 		.word	65543
 6444              		.section	.text.HAL_TIM_IC_Stop,"ax",%progbits
 6445              		.align	1
 6446              		.global	HAL_TIM_IC_Stop
 6447              		.syntax unified
 6448              		.thumb
 6449              		.thumb_func
 6451              	HAL_TIM_IC_Stop:
 6452              		@ args = 0, pretend = 0, frame = 0
 6453              		@ frame_needed = 0, uses_anonymous_args = 0
 6454 0000 38B5     		push	{r3, r4, r5, lr}
 6455 0002 0446     		mov	r4, r0
 6456 0004 0D46     		mov	r5, r1
 6457 0006 0022     		movs	r2, #0
 6458 0008 0068     		ldr	r0, [r0]
 6459 000a FFF7FEFF 		bl	TIM_CCxChannelCmd
 6460 000e 2268     		ldr	r2, [r4]
 6461 0010 136A     		ldr	r3, [r2, #32]
 6462 0012 03F01133 		and	r3, r3, #286331153
 6463 0016 23F08853 		bic	r3, r3, #285212672
 6464 001a 43B9     		cbnz	r3, .L967
 6465 001c 116A     		ldr	r1, [r2, #32]
 6466 001e 40F24443 		movw	r3, #1092
 6467 0022 1942     		tst	r1, r3
 6468 0024 03D1     		bne	.L967
 6469 0026 1368     		ldr	r3, [r2]
 6470 0028 23F00103 		bic	r3, r3, #1
 6471 002c 1360     		str	r3, [r2]
 6472              	.L967:
 6473 002e 35B9     		cbnz	r5, .L968
 6474 0030 0123     		movs	r3, #1
 6475 0032 84F83E30 		strb	r3, [r4, #62]
 6476 0036 84F84430 		strb	r3, [r4, #68]
 6477              	.L969:
 6478 003a 0020     		movs	r0, #0
 6479 003c 38BD     		pop	{r3, r4, r5, pc}
 6480              	.L968:
 6481 003e 042D     		cmp	r5, #4
 6482 0040 09D0     		beq	.L978
 6483 0042 082D     		cmp	r5, #8
ARM GAS  C:\Users\Nathan\AppData\Local\Temp\ccKB486e.s 			page 111


 6484 0044 12D0     		beq	.L979
 6485 0046 0C2D     		cmp	r5, #12
 6486 0048 14D0     		beq	.L980
 6487 004a 102D     		cmp	r5, #16
 6488 004c 16D0     		beq	.L981
 6489 004e 0123     		movs	r3, #1
 6490 0050 84F84330 		strb	r3, [r4, #67]
 6491 0054 02E0     		b	.L971
 6492              	.L978:
 6493 0056 0123     		movs	r3, #1
 6494 0058 84F83F30 		strb	r3, [r4, #63]
 6495              	.L971:
 6496 005c 042D     		cmp	r5, #4
 6497 005e 11D0     		beq	.L982
 6498 0060 082D     		cmp	r5, #8
 6499 0062 13D0     		beq	.L983
 6500 0064 0123     		movs	r3, #1
 6501 0066 84F84730 		strb	r3, [r4, #71]
 6502 006a E6E7     		b	.L969
 6503              	.L979:
 6504 006c 0123     		movs	r3, #1
 6505 006e 84F84030 		strb	r3, [r4, #64]
 6506 0072 F3E7     		b	.L971
 6507              	.L980:
 6508 0074 0123     		movs	r3, #1
 6509 0076 84F84130 		strb	r3, [r4, #65]
 6510 007a EFE7     		b	.L971
 6511              	.L981:
 6512 007c 0123     		movs	r3, #1
 6513 007e 84F84230 		strb	r3, [r4, #66]
 6514 0082 EBE7     		b	.L971
 6515              	.L982:
 6516 0084 0123     		movs	r3, #1
 6517 0086 84F84530 		strb	r3, [r4, #69]
 6518 008a D6E7     		b	.L969
 6519              	.L983:
 6520 008c 0123     		movs	r3, #1
 6521 008e 84F84630 		strb	r3, [r4, #70]
 6522 0092 D2E7     		b	.L969
 6524              		.section	.text.HAL_TIM_IC_Start_IT,"ax",%progbits
 6525              		.align	1
 6526              		.global	HAL_TIM_IC_Start_IT
 6527              		.syntax unified
 6528              		.thumb
 6529              		.thumb_func
 6531              	HAL_TIM_IC_Start_IT:
 6532              		@ args = 0, pretend = 0, frame = 0
 6533              		@ frame_needed = 0, uses_anonymous_args = 0
 6534 0000 10B5     		push	{r4, lr}
 6535 0002 0446     		mov	r4, r0
 6536 0004 0B46     		mov	r3, r1
 6537 0006 49BB     		cbnz	r1, .L985
 6538 0008 90F83E00 		ldrb	r0, [r0, #62]	@ zero_extendqisi2
 6539 000c C0B2     		uxtb	r0, r0
 6540 000e 94F84420 		ldrb	r2, [r4, #68]	@ zero_extendqisi2
 6541 0012 D2B2     		uxtb	r2, r2
 6542              	.L986:
ARM GAS  C:\Users\Nathan\AppData\Local\Temp\ccKB486e.s 			page 112


 6543 0014 0128     		cmp	r0, #1
 6544 0016 40F0A180 		bne	.L1011
 6545 001a 012A     		cmp	r2, #1
 6546 001c 40F09F80 		bne	.L994
 6547 0020 002B     		cmp	r3, #0
 6548 0022 46D1     		bne	.L995
 6549 0024 0222     		movs	r2, #2
 6550 0026 84F83E20 		strb	r2, [r4, #62]
 6551 002a 84F84420 		strb	r2, [r4, #68]
 6552              	.L996:
 6553 002e 2168     		ldr	r1, [r4]
 6554 0030 CA68     		ldr	r2, [r1, #12]
 6555 0032 42F00202 		orr	r2, r2, #2
 6556 0036 CA60     		str	r2, [r1, #12]
 6557              	.L1008:
 6558 0038 0122     		movs	r2, #1
 6559 003a 1946     		mov	r1, r3
 6560 003c 2068     		ldr	r0, [r4]
 6561 003e FFF7FEFF 		bl	TIM_CCxChannelCmd
 6562 0042 2368     		ldr	r3, [r4]
 6563 0044 484A     		ldr	r2, .L1028
 6564 0046 9342     		cmp	r3, r2
 6565 0048 7AD0     		beq	.L1009
 6566 004a B3F1804F 		cmp	r3, #1073741824
 6567 004e 77D0     		beq	.L1009
 6568 0050 1A68     		ldr	r2, [r3]
 6569 0052 42F00102 		orr	r2, r2, #1
 6570 0056 1A60     		str	r2, [r3]
 6571 0058 0020     		movs	r0, #0
 6572 005a 80E0     		b	.L994
 6573              	.L985:
 6574 005c 0429     		cmp	r1, #4
 6575 005e 09D0     		beq	.L1015
 6576 0060 0829     		cmp	r1, #8
 6577 0062 12D0     		beq	.L1016
 6578 0064 0C29     		cmp	r1, #12
 6579 0066 14D0     		beq	.L1017
 6580 0068 1029     		cmp	r1, #16
 6581 006a 16D0     		beq	.L1018
 6582 006c 90F84300 		ldrb	r0, [r0, #67]	@ zero_extendqisi2
 6583 0070 C0B2     		uxtb	r0, r0
 6584 0072 02E0     		b	.L988
 6585              	.L1015:
 6586 0074 90F83F00 		ldrb	r0, [r0, #63]	@ zero_extendqisi2
 6587 0078 C0B2     		uxtb	r0, r0
 6588              	.L988:
 6589 007a 042B     		cmp	r3, #4
 6590 007c 11D0     		beq	.L1019
 6591 007e 082B     		cmp	r3, #8
 6592 0080 13D0     		beq	.L1020
 6593 0082 94F84720 		ldrb	r2, [r4, #71]	@ zero_extendqisi2
 6594 0086 D2B2     		uxtb	r2, r2
 6595 0088 C4E7     		b	.L986
 6596              	.L1016:
 6597 008a 90F84000 		ldrb	r0, [r0, #64]	@ zero_extendqisi2
 6598 008e C0B2     		uxtb	r0, r0
 6599 0090 F3E7     		b	.L988
ARM GAS  C:\Users\Nathan\AppData\Local\Temp\ccKB486e.s 			page 113


 6600              	.L1017:
 6601 0092 90F84100 		ldrb	r0, [r0, #65]	@ zero_extendqisi2
 6602 0096 C0B2     		uxtb	r0, r0
 6603 0098 EFE7     		b	.L988
 6604              	.L1018:
 6605 009a 90F84200 		ldrb	r0, [r0, #66]	@ zero_extendqisi2
 6606 009e C0B2     		uxtb	r0, r0
 6607 00a0 EBE7     		b	.L988
 6608              	.L1019:
 6609 00a2 94F84520 		ldrb	r2, [r4, #69]	@ zero_extendqisi2
 6610 00a6 D2B2     		uxtb	r2, r2
 6611 00a8 B4E7     		b	.L986
 6612              	.L1020:
 6613 00aa 94F84620 		ldrb	r2, [r4, #70]	@ zero_extendqisi2
 6614 00ae D2B2     		uxtb	r2, r2
 6615 00b0 B0E7     		b	.L986
 6616              	.L995:
 6617 00b2 042B     		cmp	r3, #4
 6618 00b4 09D0     		beq	.L1021
 6619 00b6 082B     		cmp	r3, #8
 6620 00b8 1AD0     		beq	.L1022
 6621 00ba 0C2B     		cmp	r3, #12
 6622 00bc 1CD0     		beq	.L1023
 6623 00be 102B     		cmp	r3, #16
 6624 00c0 1ED0     		beq	.L1024
 6625 00c2 0221     		movs	r1, #2
 6626 00c4 84F84310 		strb	r1, [r4, #67]
 6627 00c8 02E0     		b	.L998
 6628              	.L1021:
 6629 00ca 0221     		movs	r1, #2
 6630 00cc 84F83F10 		strb	r1, [r4, #63]
 6631              	.L998:
 6632 00d0 042B     		cmp	r3, #4
 6633 00d2 19D0     		beq	.L1025
 6634 00d4 082B     		cmp	r3, #8
 6635 00d6 20D0     		beq	.L1026
 6636 00d8 0221     		movs	r1, #2
 6637 00da 84F84710 		strb	r1, [r4, #71]
 6638 00de 082B     		cmp	r3, #8
 6639 00e0 1ED0     		beq	.L1005
 6640 00e2 23D8     		bhi	.L1006
 6641 00e4 002B     		cmp	r3, #0
 6642 00e6 A2D0     		beq	.L996
 6643 00e8 042B     		cmp	r3, #4
 6644 00ea 10D0     		beq	.L1003
 6645 00ec 1046     		mov	r0, r2
 6646 00ee 36E0     		b	.L994
 6647              	.L1022:
 6648 00f0 0221     		movs	r1, #2
 6649 00f2 84F84010 		strb	r1, [r4, #64]
 6650 00f6 EBE7     		b	.L998
 6651              	.L1023:
 6652 00f8 0221     		movs	r1, #2
 6653 00fa 84F84110 		strb	r1, [r4, #65]
 6654 00fe E7E7     		b	.L998
 6655              	.L1024:
 6656 0100 0221     		movs	r1, #2
ARM GAS  C:\Users\Nathan\AppData\Local\Temp\ccKB486e.s 			page 114


 6657 0102 84F84210 		strb	r1, [r4, #66]
 6658 0106 E3E7     		b	.L998
 6659              	.L1025:
 6660 0108 0222     		movs	r2, #2
 6661 010a 84F84520 		strb	r2, [r4, #69]
 6662              	.L1003:
 6663 010e 2168     		ldr	r1, [r4]
 6664 0110 CA68     		ldr	r2, [r1, #12]
 6665 0112 42F00402 		orr	r2, r2, #4
 6666 0116 CA60     		str	r2, [r1, #12]
 6667 0118 8EE7     		b	.L1008
 6668              	.L1026:
 6669 011a 0222     		movs	r2, #2
 6670 011c 84F84620 		strb	r2, [r4, #70]
 6671              	.L1005:
 6672 0120 2168     		ldr	r1, [r4]
 6673 0122 CA68     		ldr	r2, [r1, #12]
 6674 0124 42F00802 		orr	r2, r2, #8
 6675 0128 CA60     		str	r2, [r1, #12]
 6676 012a 85E7     		b	.L1008
 6677              	.L1006:
 6678 012c 0C2B     		cmp	r3, #12
 6679 012e 05D1     		bne	.L1027
 6680 0130 2168     		ldr	r1, [r4]
 6681 0132 CA68     		ldr	r2, [r1, #12]
 6682 0134 42F01002 		orr	r2, r2, #16
 6683 0138 CA60     		str	r2, [r1, #12]
 6684 013a 7DE7     		b	.L1008
 6685              	.L1027:
 6686 013c 1046     		mov	r0, r2
 6687 013e 0EE0     		b	.L994
 6688              	.L1009:
 6689 0140 9968     		ldr	r1, [r3, #8]
 6690 0142 0A4A     		ldr	r2, .L1028+4
 6691 0144 0A40     		ands	r2, r2, r1
 6692 0146 062A     		cmp	r2, #6
 6693 0148 0AD0     		beq	.L1012
 6694 014a B2F5803F 		cmp	r2, #65536
 6695 014e 09D0     		beq	.L1013
 6696 0150 1A68     		ldr	r2, [r3]
 6697 0152 42F00102 		orr	r2, r2, #1
 6698 0156 1A60     		str	r2, [r3]
 6699 0158 0020     		movs	r0, #0
 6700 015a 00E0     		b	.L994
 6701              	.L1011:
 6702 015c 0120     		movs	r0, #1
 6703              	.L994:
 6704 015e 10BD     		pop	{r4, pc}
 6705              	.L1012:
 6706 0160 0020     		movs	r0, #0
 6707 0162 FCE7     		b	.L994
 6708              	.L1013:
 6709 0164 0020     		movs	r0, #0
 6710 0166 FAE7     		b	.L994
 6711              	.L1029:
 6712              		.align	2
 6713              	.L1028:
ARM GAS  C:\Users\Nathan\AppData\Local\Temp\ccKB486e.s 			page 115


 6714 0168 002C0140 		.word	1073818624
 6715 016c 07000100 		.word	65543
 6717              		.section	.text.HAL_TIM_IC_Stop_IT,"ax",%progbits
 6718              		.align	1
 6719              		.global	HAL_TIM_IC_Stop_IT
 6720              		.syntax unified
 6721              		.thumb
 6722              		.thumb_func
 6724              	HAL_TIM_IC_Stop_IT:
 6725              		@ args = 0, pretend = 0, frame = 0
 6726              		@ frame_needed = 0, uses_anonymous_args = 0
 6727 0000 38B5     		push	{r3, r4, r5, lr}
 6728 0002 0546     		mov	r5, r0
 6729 0004 0C46     		mov	r4, r1
 6730 0006 0829     		cmp	r1, #8
 6731 0008 37D0     		beq	.L1031
 6732 000a 0AD8     		bhi	.L1032
 6733 000c 99B1     		cbz	r1, .L1033
 6734 000e 0429     		cmp	r1, #4
 6735 0010 05D1     		bne	.L1048
 6736 0012 0268     		ldr	r2, [r0]
 6737 0014 D368     		ldr	r3, [r2, #12]
 6738 0016 23F00403 		bic	r3, r3, #4
 6739 001a D360     		str	r3, [r2, #12]
 6740 001c 10E0     		b	.L1037
 6741              	.L1048:
 6742 001e 0120     		movs	r0, #1
 6743 0020 2AE0     		b	.L1035
 6744              	.L1032:
 6745 0022 0C29     		cmp	r1, #12
 6746 0024 05D1     		bne	.L1049
 6747 0026 0268     		ldr	r2, [r0]
 6748 0028 D368     		ldr	r3, [r2, #12]
 6749 002a 23F01003 		bic	r3, r3, #16
 6750 002e D360     		str	r3, [r2, #12]
 6751 0030 06E0     		b	.L1037
 6752              	.L1049:
 6753 0032 0120     		movs	r0, #1
 6754 0034 20E0     		b	.L1035
 6755              	.L1033:
 6756 0036 0268     		ldr	r2, [r0]
 6757 0038 D368     		ldr	r3, [r2, #12]
 6758 003a 23F00203 		bic	r3, r3, #2
 6759 003e D360     		str	r3, [r2, #12]
 6760              	.L1037:
 6761 0040 0022     		movs	r2, #0
 6762 0042 2146     		mov	r1, r4
 6763 0044 2868     		ldr	r0, [r5]
 6764 0046 FFF7FEFF 		bl	TIM_CCxChannelCmd
 6765 004a 2A68     		ldr	r2, [r5]
 6766 004c 136A     		ldr	r3, [r2, #32]
 6767 004e 03F01133 		and	r3, r3, #286331153
 6768 0052 23F08853 		bic	r3, r3, #285212672
 6769 0056 43B9     		cbnz	r3, .L1038
 6770 0058 116A     		ldr	r1, [r2, #32]
 6771 005a 40F24443 		movw	r3, #1092
 6772 005e 1942     		tst	r1, r3
ARM GAS  C:\Users\Nathan\AppData\Local\Temp\ccKB486e.s 			page 116


 6773 0060 03D1     		bne	.L1038
 6774 0062 1368     		ldr	r3, [r2]
 6775 0064 23F00103 		bic	r3, r3, #1
 6776 0068 1360     		str	r3, [r2]
 6777              	.L1038:
 6778 006a 64B9     		cbnz	r4, .L1039
 6779 006c 0123     		movs	r3, #1
 6780 006e 85F83E30 		strb	r3, [r5, #62]
 6781 0072 85F84430 		strb	r3, [r5, #68]
 6782 0076 2046     		mov	r0, r4
 6783              	.L1035:
 6784 0078 38BD     		pop	{r3, r4, r5, pc}
 6785              	.L1031:
 6786 007a 0268     		ldr	r2, [r0]
 6787 007c D368     		ldr	r3, [r2, #12]
 6788 007e 23F00803 		bic	r3, r3, #8
 6789 0082 D360     		str	r3, [r2, #12]
 6790 0084 DCE7     		b	.L1037
 6791              	.L1039:
 6792 0086 042C     		cmp	r4, #4
 6793 0088 09D0     		beq	.L1050
 6794 008a 082C     		cmp	r4, #8
 6795 008c 13D0     		beq	.L1051
 6796 008e 0C2C     		cmp	r4, #12
 6797 0090 15D0     		beq	.L1052
 6798 0092 102C     		cmp	r4, #16
 6799 0094 17D0     		beq	.L1053
 6800 0096 0123     		movs	r3, #1
 6801 0098 85F84330 		strb	r3, [r5, #67]
 6802 009c 02E0     		b	.L1041
 6803              	.L1050:
 6804 009e 0123     		movs	r3, #1
 6805 00a0 85F83F30 		strb	r3, [r5, #63]
 6806              	.L1041:
 6807 00a4 042C     		cmp	r4, #4
 6808 00a6 12D0     		beq	.L1054
 6809 00a8 082C     		cmp	r4, #8
 6810 00aa 15D0     		beq	.L1055
 6811 00ac 0123     		movs	r3, #1
 6812 00ae 85F84730 		strb	r3, [r5, #71]
 6813 00b2 0020     		movs	r0, #0
 6814 00b4 E0E7     		b	.L1035
 6815              	.L1051:
 6816 00b6 0123     		movs	r3, #1
 6817 00b8 85F84030 		strb	r3, [r5, #64]
 6818 00bc F2E7     		b	.L1041
 6819              	.L1052:
 6820 00be 0123     		movs	r3, #1
 6821 00c0 85F84130 		strb	r3, [r5, #65]
 6822 00c4 EEE7     		b	.L1041
 6823              	.L1053:
 6824 00c6 0123     		movs	r3, #1
 6825 00c8 85F84230 		strb	r3, [r5, #66]
 6826 00cc EAE7     		b	.L1041
 6827              	.L1054:
 6828 00ce 0123     		movs	r3, #1
 6829 00d0 85F84530 		strb	r3, [r5, #69]
ARM GAS  C:\Users\Nathan\AppData\Local\Temp\ccKB486e.s 			page 117


 6830 00d4 0020     		movs	r0, #0
 6831 00d6 CFE7     		b	.L1035
 6832              	.L1055:
 6833 00d8 0123     		movs	r3, #1
 6834 00da 85F84630 		strb	r3, [r5, #70]
 6835 00de 0020     		movs	r0, #0
 6836 00e0 CAE7     		b	.L1035
 6838              		.section	.text.HAL_TIM_IC_Start_DMA,"ax",%progbits
 6839              		.align	1
 6840              		.global	HAL_TIM_IC_Start_DMA
 6841              		.syntax unified
 6842              		.thumb
 6843              		.thumb_func
 6845              	HAL_TIM_IC_Start_DMA:
 6846              		@ args = 0, pretend = 0, frame = 0
 6847              		@ frame_needed = 0, uses_anonymous_args = 0
 6848 0000 2DE9F041 		push	{r4, r5, r6, r7, r8, lr}
 6849 0004 0446     		mov	r4, r0
 6850 0006 1746     		mov	r7, r2
 6851 0008 9846     		mov	r8, r3
 6852 000a 0E46     		mov	r6, r1
 6853 000c 0029     		cmp	r1, #0
 6854 000e 46D1     		bne	.L1057
 6855 0010 90F83E00 		ldrb	r0, [r0, #62]	@ zero_extendqisi2
 6856 0014 C0B2     		uxtb	r0, r0
 6857 0016 94F84450 		ldrb	r5, [r4, #68]	@ zero_extendqisi2
 6858 001a EDB2     		uxtb	r5, r5
 6859              	.L1058:
 6860 001c 0228     		cmp	r0, #2
 6861 001e 00F0FC80 		beq	.L1066
 6862 0022 022D     		cmp	r5, #2
 6863 0024 00F0F680 		beq	.L1084
 6864 0028 0128     		cmp	r0, #1
 6865 002a 40F0F580 		bne	.L1085
 6866 002e 012D     		cmp	r5, #1
 6867 0030 40F0F380 		bne	.L1066
 6868 0034 002F     		cmp	r7, #0
 6869 0036 00F0F280 		beq	.L1086
 6870 003a 4346     		mov	r3, r8
 6871 003c 002B     		cmp	r3, #0
 6872 003e 00F0F080 		beq	.L1087
 6873 0042 002E     		cmp	r6, #0
 6874 0044 56D1     		bne	.L1067
 6875 0046 0223     		movs	r3, #2
 6876 0048 84F83E30 		strb	r3, [r4, #62]
 6877 004c 84F84430 		strb	r3, [r4, #68]
 6878              	.L1068:
 6879 0050 0122     		movs	r2, #1
 6880 0052 3146     		mov	r1, r6
 6881 0054 2068     		ldr	r0, [r4]
 6882 0056 FFF7FEFF 		bl	TIM_CCxChannelCmd
 6883 005a 082E     		cmp	r6, #8
 6884 005c 00F0B680 		beq	.L1076
 6885 0060 75D8     		bhi	.L1077
 6886 0062 002E     		cmp	r6, #0
 6887 0064 00F08F80 		beq	.L1078
 6888 0068 042E     		cmp	r6, #4
ARM GAS  C:\Users\Nathan\AppData\Local\Temp\ccKB486e.s 			page 118


 6889 006a 6ED1     		bne	.L1093
 6890 006c A36A     		ldr	r3, [r4, #40]
 6891 006e 724A     		ldr	r2, .L1107
 6892 0070 DA62     		str	r2, [r3, #44]
 6893 0072 A36A     		ldr	r3, [r4, #40]
 6894 0074 714A     		ldr	r2, .L1107+4
 6895 0076 1A63     		str	r2, [r3, #48]
 6896 0078 A36A     		ldr	r3, [r4, #40]
 6897 007a 714A     		ldr	r2, .L1107+8
 6898 007c 5A63     		str	r2, [r3, #52]
 6899 007e 2168     		ldr	r1, [r4]
 6900 0080 4346     		mov	r3, r8
 6901 0082 3A46     		mov	r2, r7
 6902 0084 3831     		adds	r1, r1, #56
 6903 0086 A06A     		ldr	r0, [r4, #40]
 6904 0088 FFF7FEFF 		bl	HAL_DMA_Start_IT
 6905 008c 0028     		cmp	r0, #0
 6906 008e 40F0CC80 		bne	.L1089
 6907 0092 2268     		ldr	r2, [r4]
 6908 0094 D368     		ldr	r3, [r2, #12]
 6909 0096 43F48063 		orr	r3, r3, #1024
 6910 009a D360     		str	r3, [r2, #12]
 6911 009c 8AE0     		b	.L1080
 6912              	.L1057:
 6913 009e 0429     		cmp	r1, #4
 6914 00a0 09D0     		beq	.L1094
 6915 00a2 0829     		cmp	r1, #8
 6916 00a4 12D0     		beq	.L1095
 6917 00a6 0C29     		cmp	r1, #12
 6918 00a8 14D0     		beq	.L1096
 6919 00aa 1029     		cmp	r1, #16
 6920 00ac 16D0     		beq	.L1097
 6921 00ae 90F84300 		ldrb	r0, [r0, #67]	@ zero_extendqisi2
 6922 00b2 C0B2     		uxtb	r0, r0
 6923 00b4 02E0     		b	.L1060
 6924              	.L1094:
 6925 00b6 90F83F00 		ldrb	r0, [r0, #63]	@ zero_extendqisi2
 6926 00ba C0B2     		uxtb	r0, r0
 6927              	.L1060:
 6928 00bc 042E     		cmp	r6, #4
 6929 00be 11D0     		beq	.L1098
 6930 00c0 082E     		cmp	r6, #8
 6931 00c2 13D0     		beq	.L1099
 6932 00c4 94F84750 		ldrb	r5, [r4, #71]	@ zero_extendqisi2
 6933 00c8 EDB2     		uxtb	r5, r5
 6934 00ca A7E7     		b	.L1058
 6935              	.L1095:
 6936 00cc 90F84000 		ldrb	r0, [r0, #64]	@ zero_extendqisi2
 6937 00d0 C0B2     		uxtb	r0, r0
 6938 00d2 F3E7     		b	.L1060
 6939              	.L1096:
 6940 00d4 90F84100 		ldrb	r0, [r0, #65]	@ zero_extendqisi2
 6941 00d8 C0B2     		uxtb	r0, r0
 6942 00da EFE7     		b	.L1060
 6943              	.L1097:
 6944 00dc 90F84200 		ldrb	r0, [r0, #66]	@ zero_extendqisi2
 6945 00e0 C0B2     		uxtb	r0, r0
ARM GAS  C:\Users\Nathan\AppData\Local\Temp\ccKB486e.s 			page 119


 6946 00e2 EBE7     		b	.L1060
 6947              	.L1098:
 6948 00e4 94F84550 		ldrb	r5, [r4, #69]	@ zero_extendqisi2
 6949 00e8 EDB2     		uxtb	r5, r5
 6950 00ea 97E7     		b	.L1058
 6951              	.L1099:
 6952 00ec 94F84650 		ldrb	r5, [r4, #70]	@ zero_extendqisi2
 6953 00f0 EDB2     		uxtb	r5, r5
 6954 00f2 93E7     		b	.L1058
 6955              	.L1067:
 6956 00f4 042E     		cmp	r6, #4
 6957 00f6 09D0     		beq	.L1100
 6958 00f8 082E     		cmp	r6, #8
 6959 00fa 12D0     		beq	.L1101
 6960 00fc 0C2E     		cmp	r6, #12
 6961 00fe 14D0     		beq	.L1102
 6962 0100 102E     		cmp	r6, #16
 6963 0102 16D0     		beq	.L1103
 6964 0104 0223     		movs	r3, #2
 6965 0106 84F84330 		strb	r3, [r4, #67]
 6966 010a 02E0     		b	.L1070
 6967              	.L1100:
 6968 010c 0223     		movs	r3, #2
 6969 010e 84F83F30 		strb	r3, [r4, #63]
 6970              	.L1070:
 6971 0112 042E     		cmp	r6, #4
 6972 0114 11D0     		beq	.L1104
 6973 0116 082E     		cmp	r6, #8
 6974 0118 13D0     		beq	.L1105
 6975 011a 0223     		movs	r3, #2
 6976 011c 84F84730 		strb	r3, [r4, #71]
 6977 0120 96E7     		b	.L1068
 6978              	.L1101:
 6979 0122 0223     		movs	r3, #2
 6980 0124 84F84030 		strb	r3, [r4, #64]
 6981 0128 F3E7     		b	.L1070
 6982              	.L1102:
 6983 012a 0223     		movs	r3, #2
 6984 012c 84F84130 		strb	r3, [r4, #65]
 6985 0130 EFE7     		b	.L1070
 6986              	.L1103:
 6987 0132 0223     		movs	r3, #2
 6988 0134 84F84230 		strb	r3, [r4, #66]
 6989 0138 EBE7     		b	.L1070
 6990              	.L1104:
 6991 013a 0223     		movs	r3, #2
 6992 013c 84F84530 		strb	r3, [r4, #69]
 6993 0140 86E7     		b	.L1068
 6994              	.L1105:
 6995 0142 0223     		movs	r3, #2
 6996 0144 84F84630 		strb	r3, [r4, #70]
 6997 0148 82E7     		b	.L1068
 6998              	.L1093:
 6999 014a 2846     		mov	r0, r5
 7000 014c 32E0     		b	.L1080
 7001              	.L1077:
 7002 014e 0C2E     		cmp	r6, #12
ARM GAS  C:\Users\Nathan\AppData\Local\Temp\ccKB486e.s 			page 120


 7003 0150 17D1     		bne	.L1106
 7004 0152 236B     		ldr	r3, [r4, #48]
 7005 0154 384A     		ldr	r2, .L1107
 7006 0156 DA62     		str	r2, [r3, #44]
 7007 0158 236B     		ldr	r3, [r4, #48]
 7008 015a 384A     		ldr	r2, .L1107+4
 7009 015c 1A63     		str	r2, [r3, #48]
 7010 015e 236B     		ldr	r3, [r4, #48]
 7011 0160 374A     		ldr	r2, .L1107+8
 7012 0162 5A63     		str	r2, [r3, #52]
 7013 0164 2168     		ldr	r1, [r4]
 7014 0166 4346     		mov	r3, r8
 7015 0168 3A46     		mov	r2, r7
 7016 016a 4031     		adds	r1, r1, #64
 7017 016c 206B     		ldr	r0, [r4, #48]
 7018 016e FFF7FEFF 		bl	HAL_DMA_Start_IT
 7019 0172 0028     		cmp	r0, #0
 7020 0174 5DD1     		bne	.L1091
 7021 0176 2268     		ldr	r2, [r4]
 7022 0178 D368     		ldr	r3, [r2, #12]
 7023 017a 43F48053 		orr	r3, r3, #4096
 7024 017e D360     		str	r3, [r2, #12]
 7025 0180 18E0     		b	.L1080
 7026              	.L1106:
 7027 0182 2846     		mov	r0, r5
 7028 0184 16E0     		b	.L1080
 7029              	.L1078:
 7030 0186 636A     		ldr	r3, [r4, #36]
 7031 0188 2B4A     		ldr	r2, .L1107
 7032 018a DA62     		str	r2, [r3, #44]
 7033 018c 636A     		ldr	r3, [r4, #36]
 7034 018e 2B4A     		ldr	r2, .L1107+4
 7035 0190 1A63     		str	r2, [r3, #48]
 7036 0192 636A     		ldr	r3, [r4, #36]
 7037 0194 2A4A     		ldr	r2, .L1107+8
 7038 0196 5A63     		str	r2, [r3, #52]
 7039 0198 2168     		ldr	r1, [r4]
 7040 019a 4346     		mov	r3, r8
 7041 019c 3A46     		mov	r2, r7
 7042 019e 3431     		adds	r1, r1, #52
 7043 01a0 606A     		ldr	r0, [r4, #36]
 7044 01a2 FFF7FEFF 		bl	HAL_DMA_Start_IT
 7045 01a6 0028     		cmp	r0, #0
 7046 01a8 3DD1     		bne	.L1088
 7047 01aa 2268     		ldr	r2, [r4]
 7048 01ac D368     		ldr	r3, [r2, #12]
 7049 01ae 43F40073 		orr	r3, r3, #512
 7050 01b2 D360     		str	r3, [r2, #12]
 7051              	.L1080:
 7052 01b4 2368     		ldr	r3, [r4]
 7053 01b6 234A     		ldr	r2, .L1107+12
 7054 01b8 9342     		cmp	r3, r2
 7055 01ba 1ED0     		beq	.L1082
 7056 01bc B3F1804F 		cmp	r3, #1073741824
 7057 01c0 1BD0     		beq	.L1082
 7058 01c2 1A68     		ldr	r2, [r3]
 7059 01c4 42F00102 		orr	r2, r2, #1
ARM GAS  C:\Users\Nathan\AppData\Local\Temp\ccKB486e.s 			page 121


 7060 01c8 1A60     		str	r2, [r3]
 7061 01ca 26E0     		b	.L1066
 7062              	.L1076:
 7063 01cc E36A     		ldr	r3, [r4, #44]
 7064 01ce 1A4A     		ldr	r2, .L1107
 7065 01d0 DA62     		str	r2, [r3, #44]
 7066 01d2 E36A     		ldr	r3, [r4, #44]
 7067 01d4 194A     		ldr	r2, .L1107+4
 7068 01d6 1A63     		str	r2, [r3, #48]
 7069 01d8 E36A     		ldr	r3, [r4, #44]
 7070 01da 194A     		ldr	r2, .L1107+8
 7071 01dc 5A63     		str	r2, [r3, #52]
 7072 01de 2168     		ldr	r1, [r4]
 7073 01e0 4346     		mov	r3, r8
 7074 01e2 3A46     		mov	r2, r7
 7075 01e4 3C31     		adds	r1, r1, #60
 7076 01e6 E06A     		ldr	r0, [r4, #44]
 7077 01e8 FFF7FEFF 		bl	HAL_DMA_Start_IT
 7078 01ec F8B9     		cbnz	r0, .L1090
 7079 01ee 2268     		ldr	r2, [r4]
 7080 01f0 D368     		ldr	r3, [r2, #12]
 7081 01f2 43F40063 		orr	r3, r3, #2048
 7082 01f6 D360     		str	r3, [r2, #12]
 7083 01f8 DCE7     		b	.L1080
 7084              	.L1082:
 7085 01fa 9968     		ldr	r1, [r3, #8]
 7086 01fc 124A     		ldr	r2, .L1107+16
 7087 01fe 0A40     		ands	r2, r2, r1
 7088 0200 062A     		cmp	r2, #6
 7089 0202 0AD0     		beq	.L1066
 7090 0204 B2F5803F 		cmp	r2, #65536
 7091 0208 07D0     		beq	.L1066
 7092 020a 1A68     		ldr	r2, [r3]
 7093 020c 42F00102 		orr	r2, r2, #1
 7094 0210 1A60     		str	r2, [r3]
 7095 0212 02E0     		b	.L1066
 7096              	.L1084:
 7097 0214 2846     		mov	r0, r5
 7098 0216 00E0     		b	.L1066
 7099              	.L1085:
 7100 0218 0120     		movs	r0, #1
 7101              	.L1066:
 7102 021a BDE8F081 		pop	{r4, r5, r6, r7, r8, pc}
 7103              	.L1086:
 7104 021e 2846     		mov	r0, r5
 7105 0220 FBE7     		b	.L1066
 7106              	.L1087:
 7107 0222 2846     		mov	r0, r5
 7108 0224 F9E7     		b	.L1066
 7109              	.L1088:
 7110 0226 2846     		mov	r0, r5
 7111 0228 F7E7     		b	.L1066
 7112              	.L1089:
 7113 022a 2846     		mov	r0, r5
 7114 022c F5E7     		b	.L1066
 7115              	.L1090:
 7116 022e 2846     		mov	r0, r5
ARM GAS  C:\Users\Nathan\AppData\Local\Temp\ccKB486e.s 			page 122


 7117 0230 F3E7     		b	.L1066
 7118              	.L1091:
 7119 0232 2846     		mov	r0, r5
 7120 0234 F1E7     		b	.L1066
 7121              	.L1108:
 7122 0236 00BF     		.align	2
 7123              	.L1107:
 7124 0238 00000000 		.word	TIM_DMACaptureCplt
 7125 023c 00000000 		.word	TIM_DMACaptureHalfCplt
 7126 0240 00000000 		.word	TIM_DMAError
 7127 0244 002C0140 		.word	1073818624
 7128 0248 07000100 		.word	65543
 7130              		.section	.text.HAL_TIM_IC_Stop_DMA,"ax",%progbits
 7131              		.align	1
 7132              		.global	HAL_TIM_IC_Stop_DMA
 7133              		.syntax unified
 7134              		.thumb
 7135              		.thumb_func
 7137              	HAL_TIM_IC_Stop_DMA:
 7138              		@ args = 0, pretend = 0, frame = 0
 7139              		@ frame_needed = 0, uses_anonymous_args = 0
 7140 0000 38B5     		push	{r3, r4, r5, lr}
 7141 0002 0546     		mov	r5, r0
 7142 0004 0C46     		mov	r4, r1
 7143 0006 0022     		movs	r2, #0
 7144 0008 0068     		ldr	r0, [r0]
 7145 000a FFF7FEFF 		bl	TIM_CCxChannelCmd
 7146 000e 082C     		cmp	r4, #8
 7147 0010 3BD0     		beq	.L1110
 7148 0012 0DD8     		bhi	.L1111
 7149 0014 CCB1     		cbz	r4, .L1112
 7150 0016 042C     		cmp	r4, #4
 7151 0018 08D1     		bne	.L1127
 7152 001a 2A68     		ldr	r2, [r5]
 7153 001c D368     		ldr	r3, [r2, #12]
 7154 001e 23F48063 		bic	r3, r3, #1024
 7155 0022 D360     		str	r3, [r2, #12]
 7156 0024 A86A     		ldr	r0, [r5, #40]
 7157 0026 FFF7FEFF 		bl	HAL_DMA_Abort_IT
 7158 002a 16E0     		b	.L1116
 7159              	.L1127:
 7160 002c 0120     		movs	r0, #1
 7161 002e 2BE0     		b	.L1114
 7162              	.L1111:
 7163 0030 0C2C     		cmp	r4, #12
 7164 0032 08D1     		bne	.L1128
 7165 0034 2A68     		ldr	r2, [r5]
 7166 0036 D368     		ldr	r3, [r2, #12]
 7167 0038 23F48053 		bic	r3, r3, #4096
 7168 003c D360     		str	r3, [r2, #12]
 7169 003e 286B     		ldr	r0, [r5, #48]
 7170 0040 FFF7FEFF 		bl	HAL_DMA_Abort_IT
 7171 0044 09E0     		b	.L1116
 7172              	.L1128:
 7173 0046 0120     		movs	r0, #1
 7174 0048 1EE0     		b	.L1114
 7175              	.L1112:
ARM GAS  C:\Users\Nathan\AppData\Local\Temp\ccKB486e.s 			page 123


 7176 004a 2A68     		ldr	r2, [r5]
 7177 004c D368     		ldr	r3, [r2, #12]
 7178 004e 23F40073 		bic	r3, r3, #512
 7179 0052 D360     		str	r3, [r2, #12]
 7180 0054 686A     		ldr	r0, [r5, #36]
 7181 0056 FFF7FEFF 		bl	HAL_DMA_Abort_IT
 7182              	.L1116:
 7183 005a 2A68     		ldr	r2, [r5]
 7184 005c 136A     		ldr	r3, [r2, #32]
 7185 005e 03F01133 		and	r3, r3, #286331153
 7186 0062 23F08853 		bic	r3, r3, #285212672
 7187 0066 43B9     		cbnz	r3, .L1117
 7188 0068 116A     		ldr	r1, [r2, #32]
 7189 006a 40F24443 		movw	r3, #1092
 7190 006e 1942     		tst	r1, r3
 7191 0070 03D1     		bne	.L1117
 7192 0072 1368     		ldr	r3, [r2]
 7193 0074 23F00103 		bic	r3, r3, #1
 7194 0078 1360     		str	r3, [r2]
 7195              	.L1117:
 7196 007a 7CB9     		cbnz	r4, .L1118
 7197 007c 0123     		movs	r3, #1
 7198 007e 85F83E30 		strb	r3, [r5, #62]
 7199 0082 85F84430 		strb	r3, [r5, #68]
 7200 0086 2046     		mov	r0, r4
 7201              	.L1114:
 7202 0088 38BD     		pop	{r3, r4, r5, pc}
 7203              	.L1110:
 7204 008a 2A68     		ldr	r2, [r5]
 7205 008c D368     		ldr	r3, [r2, #12]
 7206 008e 23F40063 		bic	r3, r3, #2048
 7207 0092 D360     		str	r3, [r2, #12]
 7208 0094 E86A     		ldr	r0, [r5, #44]
 7209 0096 FFF7FEFF 		bl	HAL_DMA_Abort_IT
 7210 009a DEE7     		b	.L1116
 7211              	.L1118:
 7212 009c 042C     		cmp	r4, #4
 7213 009e 09D0     		beq	.L1129
 7214 00a0 082C     		cmp	r4, #8
 7215 00a2 13D0     		beq	.L1130
 7216 00a4 0C2C     		cmp	r4, #12
 7217 00a6 15D0     		beq	.L1131
 7218 00a8 102C     		cmp	r4, #16
 7219 00aa 17D0     		beq	.L1132
 7220 00ac 0123     		movs	r3, #1
 7221 00ae 85F84330 		strb	r3, [r5, #67]
 7222 00b2 02E0     		b	.L1120
 7223              	.L1129:
 7224 00b4 0123     		movs	r3, #1
 7225 00b6 85F83F30 		strb	r3, [r5, #63]
 7226              	.L1120:
 7227 00ba 042C     		cmp	r4, #4
 7228 00bc 12D0     		beq	.L1133
 7229 00be 082C     		cmp	r4, #8
 7230 00c0 15D0     		beq	.L1134
 7231 00c2 0123     		movs	r3, #1
 7232 00c4 85F84730 		strb	r3, [r5, #71]
ARM GAS  C:\Users\Nathan\AppData\Local\Temp\ccKB486e.s 			page 124


 7233 00c8 0020     		movs	r0, #0
 7234 00ca DDE7     		b	.L1114
 7235              	.L1130:
 7236 00cc 0123     		movs	r3, #1
 7237 00ce 85F84030 		strb	r3, [r5, #64]
 7238 00d2 F2E7     		b	.L1120
 7239              	.L1131:
 7240 00d4 0123     		movs	r3, #1
 7241 00d6 85F84130 		strb	r3, [r5, #65]
 7242 00da EEE7     		b	.L1120
 7243              	.L1132:
 7244 00dc 0123     		movs	r3, #1
 7245 00de 85F84230 		strb	r3, [r5, #66]
 7246 00e2 EAE7     		b	.L1120
 7247              	.L1133:
 7248 00e4 0123     		movs	r3, #1
 7249 00e6 85F84530 		strb	r3, [r5, #69]
 7250 00ea 0020     		movs	r0, #0
 7251 00ec CCE7     		b	.L1114
 7252              	.L1134:
 7253 00ee 0123     		movs	r3, #1
 7254 00f0 85F84630 		strb	r3, [r5, #70]
 7255 00f4 0020     		movs	r0, #0
 7256 00f6 C7E7     		b	.L1114
 7258              		.section	.text.HAL_TIM_OnePulse_Start,"ax",%progbits
 7259              		.align	1
 7260              		.global	HAL_TIM_OnePulse_Start
 7261              		.syntax unified
 7262              		.thumb
 7263              		.thumb_func
 7265              	HAL_TIM_OnePulse_Start:
 7266              		@ args = 0, pretend = 0, frame = 0
 7267              		@ frame_needed = 0, uses_anonymous_args = 0
 7268 0000 10B5     		push	{r4, lr}
 7269 0002 0446     		mov	r4, r0
 7270 0004 90F83EC0 		ldrb	ip, [r0, #62]	@ zero_extendqisi2
 7271 0008 90F83F30 		ldrb	r3, [r0, #63]	@ zero_extendqisi2
 7272 000c 90F84420 		ldrb	r2, [r0, #68]	@ zero_extendqisi2
 7273 0010 90F84510 		ldrb	r1, [r0, #69]	@ zero_extendqisi2
 7274 0014 BCF1010F 		cmp	ip, #1
 7275 0018 32D1     		bne	.L1138
 7276 001a 5FFA8CF0 		uxtb	r0, ip
 7277 001e DBB2     		uxtb	r3, r3
 7278 0020 D2B2     		uxtb	r2, r2
 7279 0022 C9B2     		uxtb	r1, r1
 7280 0024 012B     		cmp	r3, #1
 7281 0026 2CD1     		bne	.L1136
 7282 0028 012A     		cmp	r2, #1
 7283 002a 2BD1     		bne	.L1139
 7284 002c 0129     		cmp	r1, #1
 7285 002e 01D0     		beq	.L1143
 7286 0030 1046     		mov	r0, r2
 7287 0032 26E0     		b	.L1136
 7288              	.L1143:
 7289 0034 0223     		movs	r3, #2
 7290 0036 84F83E30 		strb	r3, [r4, #62]
 7291 003a 84F83F30 		strb	r3, [r4, #63]
ARM GAS  C:\Users\Nathan\AppData\Local\Temp\ccKB486e.s 			page 125


 7292 003e 84F84430 		strb	r3, [r4, #68]
 7293 0042 84F84530 		strb	r3, [r4, #69]
 7294 0046 0021     		movs	r1, #0
 7295 0048 2068     		ldr	r0, [r4]
 7296 004a FFF7FEFF 		bl	TIM_CCxChannelCmd
 7297 004e 0122     		movs	r2, #1
 7298 0050 0421     		movs	r1, #4
 7299 0052 2068     		ldr	r0, [r4]
 7300 0054 FFF7FEFF 		bl	TIM_CCxChannelCmd
 7301 0058 2368     		ldr	r3, [r4]
 7302 005a 0B4A     		ldr	r2, .L1144
 7303 005c 9342     		cmp	r3, r2
 7304 005e 09D0     		beq	.L1137
 7305 0060 02F5C052 		add	r2, r2, #6144
 7306 0064 9342     		cmp	r3, r2
 7307 0066 05D0     		beq	.L1137
 7308 0068 02F58062 		add	r2, r2, #1024
 7309 006c 9342     		cmp	r3, r2
 7310 006e 01D0     		beq	.L1137
 7311 0070 0020     		movs	r0, #0
 7312 0072 06E0     		b	.L1136
 7313              	.L1137:
 7314 0074 5A6C     		ldr	r2, [r3, #68]
 7315 0076 42F40042 		orr	r2, r2, #32768
 7316 007a 5A64     		str	r2, [r3, #68]
 7317 007c 0020     		movs	r0, #0
 7318 007e 00E0     		b	.L1136
 7319              	.L1138:
 7320 0080 0120     		movs	r0, #1
 7321              	.L1136:
 7322 0082 10BD     		pop	{r4, pc}
 7323              	.L1139:
 7324 0084 1846     		mov	r0, r3
 7325 0086 FCE7     		b	.L1136
 7326              	.L1145:
 7327              		.align	2
 7328              	.L1144:
 7329 0088 002C0140 		.word	1073818624
 7331              		.section	.text.HAL_TIM_OnePulse_Stop,"ax",%progbits
 7332              		.align	1
 7333              		.global	HAL_TIM_OnePulse_Stop
 7334              		.syntax unified
 7335              		.thumb
 7336              		.thumb_func
 7338              	HAL_TIM_OnePulse_Stop:
 7339              		@ args = 0, pretend = 0, frame = 0
 7340              		@ frame_needed = 0, uses_anonymous_args = 0
 7341 0000 10B5     		push	{r4, lr}
 7342 0002 0446     		mov	r4, r0
 7343 0004 0022     		movs	r2, #0
 7344 0006 1146     		mov	r1, r2
 7345 0008 0068     		ldr	r0, [r0]
 7346 000a FFF7FEFF 		bl	TIM_CCxChannelCmd
 7347 000e 0022     		movs	r2, #0
 7348 0010 0421     		movs	r1, #4
 7349 0012 2068     		ldr	r0, [r4]
 7350 0014 FFF7FEFF 		bl	TIM_CCxChannelCmd
ARM GAS  C:\Users\Nathan\AppData\Local\Temp\ccKB486e.s 			page 126


 7351 0018 2368     		ldr	r3, [r4]
 7352 001a 1B4A     		ldr	r2, .L1151
 7353 001c 9342     		cmp	r3, r2
 7354 001e 22D0     		beq	.L1147
 7355 0020 02F5C052 		add	r2, r2, #6144
 7356 0024 9342     		cmp	r3, r2
 7357 0026 1ED0     		beq	.L1147
 7358 0028 02F58062 		add	r2, r2, #1024
 7359 002c 9342     		cmp	r3, r2
 7360 002e 1AD0     		beq	.L1147
 7361              	.L1148:
 7362 0030 2268     		ldr	r2, [r4]
 7363 0032 136A     		ldr	r3, [r2, #32]
 7364 0034 03F01133 		and	r3, r3, #286331153
 7365 0038 23F08853 		bic	r3, r3, #285212672
 7366 003c 43B9     		cbnz	r3, .L1149
 7367 003e 116A     		ldr	r1, [r2, #32]
 7368 0040 40F24443 		movw	r3, #1092
 7369 0044 1942     		tst	r1, r3
 7370 0046 03D1     		bne	.L1149
 7371 0048 1368     		ldr	r3, [r2]
 7372 004a 23F00103 		bic	r3, r3, #1
 7373 004e 1360     		str	r3, [r2]
 7374              	.L1149:
 7375 0050 0123     		movs	r3, #1
 7376 0052 84F83E30 		strb	r3, [r4, #62]
 7377 0056 84F83F30 		strb	r3, [r4, #63]
 7378 005a 84F84430 		strb	r3, [r4, #68]
 7379 005e 84F84530 		strb	r3, [r4, #69]
 7380 0062 0020     		movs	r0, #0
 7381 0064 10BD     		pop	{r4, pc}
 7382              	.L1147:
 7383 0066 1A6A     		ldr	r2, [r3, #32]
 7384 0068 02F01132 		and	r2, r2, #286331153
 7385 006c 22F08852 		bic	r2, r2, #285212672
 7386 0070 002A     		cmp	r2, #0
 7387 0072 DDD1     		bne	.L1148
 7388 0074 196A     		ldr	r1, [r3, #32]
 7389 0076 40F24442 		movw	r2, #1092
 7390 007a 1142     		tst	r1, r2
 7391 007c D8D1     		bne	.L1148
 7392 007e 5A6C     		ldr	r2, [r3, #68]
 7393 0080 22F40042 		bic	r2, r2, #32768
 7394 0084 5A64     		str	r2, [r3, #68]
 7395 0086 D3E7     		b	.L1148
 7396              	.L1152:
 7397              		.align	2
 7398              	.L1151:
 7399 0088 002C0140 		.word	1073818624
 7401              		.section	.text.HAL_TIM_OnePulse_Start_IT,"ax",%progbits
 7402              		.align	1
 7403              		.global	HAL_TIM_OnePulse_Start_IT
 7404              		.syntax unified
 7405              		.thumb
 7406              		.thumb_func
 7408              	HAL_TIM_OnePulse_Start_IT:
 7409              		@ args = 0, pretend = 0, frame = 0
ARM GAS  C:\Users\Nathan\AppData\Local\Temp\ccKB486e.s 			page 127


 7410              		@ frame_needed = 0, uses_anonymous_args = 0
 7411 0000 10B5     		push	{r4, lr}
 7412 0002 0446     		mov	r4, r0
 7413 0004 90F83EC0 		ldrb	ip, [r0, #62]	@ zero_extendqisi2
 7414 0008 90F83F30 		ldrb	r3, [r0, #63]	@ zero_extendqisi2
 7415 000c 90F84420 		ldrb	r2, [r0, #68]	@ zero_extendqisi2
 7416 0010 90F84510 		ldrb	r1, [r0, #69]	@ zero_extendqisi2
 7417 0014 BCF1010F 		cmp	ip, #1
 7418 0018 3DD1     		bne	.L1156
 7419 001a 5FFA8CF0 		uxtb	r0, ip
 7420 001e DBB2     		uxtb	r3, r3
 7421 0020 D2B2     		uxtb	r2, r2
 7422 0022 C9B2     		uxtb	r1, r1
 7423 0024 012B     		cmp	r3, #1
 7424 0026 37D1     		bne	.L1154
 7425 0028 012A     		cmp	r2, #1
 7426 002a 36D1     		bne	.L1157
 7427 002c 0129     		cmp	r1, #1
 7428 002e 01D0     		beq	.L1161
 7429 0030 1046     		mov	r0, r2
 7430 0032 31E0     		b	.L1154
 7431              	.L1161:
 7432 0034 0223     		movs	r3, #2
 7433 0036 84F83E30 		strb	r3, [r4, #62]
 7434 003a 84F83F30 		strb	r3, [r4, #63]
 7435 003e 84F84430 		strb	r3, [r4, #68]
 7436 0042 84F84530 		strb	r3, [r4, #69]
 7437 0046 2268     		ldr	r2, [r4]
 7438 0048 D368     		ldr	r3, [r2, #12]
 7439 004a 43F00203 		orr	r3, r3, #2
 7440 004e D360     		str	r3, [r2, #12]
 7441 0050 2268     		ldr	r2, [r4]
 7442 0052 D368     		ldr	r3, [r2, #12]
 7443 0054 43F00403 		orr	r3, r3, #4
 7444 0058 D360     		str	r3, [r2, #12]
 7445 005a 0122     		movs	r2, #1
 7446 005c 0021     		movs	r1, #0
 7447 005e 2068     		ldr	r0, [r4]
 7448 0060 FFF7FEFF 		bl	TIM_CCxChannelCmd
 7449 0064 0122     		movs	r2, #1
 7450 0066 0421     		movs	r1, #4
 7451 0068 2068     		ldr	r0, [r4]
 7452 006a FFF7FEFF 		bl	TIM_CCxChannelCmd
 7453 006e 2368     		ldr	r3, [r4]
 7454 0070 0B4A     		ldr	r2, .L1162
 7455 0072 9342     		cmp	r3, r2
 7456 0074 09D0     		beq	.L1155
 7457 0076 02F5C052 		add	r2, r2, #6144
 7458 007a 9342     		cmp	r3, r2
 7459 007c 05D0     		beq	.L1155
 7460 007e 02F58062 		add	r2, r2, #1024
 7461 0082 9342     		cmp	r3, r2
 7462 0084 01D0     		beq	.L1155
 7463 0086 0020     		movs	r0, #0
 7464 0088 06E0     		b	.L1154
 7465              	.L1155:
 7466 008a 5A6C     		ldr	r2, [r3, #68]
ARM GAS  C:\Users\Nathan\AppData\Local\Temp\ccKB486e.s 			page 128


 7467 008c 42F40042 		orr	r2, r2, #32768
 7468 0090 5A64     		str	r2, [r3, #68]
 7469 0092 0020     		movs	r0, #0
 7470 0094 00E0     		b	.L1154
 7471              	.L1156:
 7472 0096 0120     		movs	r0, #1
 7473              	.L1154:
 7474 0098 10BD     		pop	{r4, pc}
 7475              	.L1157:
 7476 009a 1846     		mov	r0, r3
 7477 009c FCE7     		b	.L1154
 7478              	.L1163:
 7479 009e 00BF     		.align	2
 7480              	.L1162:
 7481 00a0 002C0140 		.word	1073818624
 7483              		.section	.text.HAL_TIM_OnePulse_Stop_IT,"ax",%progbits
 7484              		.align	1
 7485              		.global	HAL_TIM_OnePulse_Stop_IT
 7486              		.syntax unified
 7487              		.thumb
 7488              		.thumb_func
 7490              	HAL_TIM_OnePulse_Stop_IT:
 7491              		@ args = 0, pretend = 0, frame = 0
 7492              		@ frame_needed = 0, uses_anonymous_args = 0
 7493 0000 10B5     		push	{r4, lr}
 7494 0002 0446     		mov	r4, r0
 7495 0004 0268     		ldr	r2, [r0]
 7496 0006 D368     		ldr	r3, [r2, #12]
 7497 0008 23F00203 		bic	r3, r3, #2
 7498 000c D360     		str	r3, [r2, #12]
 7499 000e 0268     		ldr	r2, [r0]
 7500 0010 D368     		ldr	r3, [r2, #12]
 7501 0012 23F00403 		bic	r3, r3, #4
 7502 0016 D360     		str	r3, [r2, #12]
 7503 0018 0022     		movs	r2, #0
 7504 001a 1146     		mov	r1, r2
 7505 001c 0068     		ldr	r0, [r0]
 7506 001e FFF7FEFF 		bl	TIM_CCxChannelCmd
 7507 0022 0022     		movs	r2, #0
 7508 0024 0421     		movs	r1, #4
 7509 0026 2068     		ldr	r0, [r4]
 7510 0028 FFF7FEFF 		bl	TIM_CCxChannelCmd
 7511 002c 2368     		ldr	r3, [r4]
 7512 002e 1B4A     		ldr	r2, .L1169
 7513 0030 9342     		cmp	r3, r2
 7514 0032 22D0     		beq	.L1165
 7515 0034 02F5C052 		add	r2, r2, #6144
 7516 0038 9342     		cmp	r3, r2
 7517 003a 1ED0     		beq	.L1165
 7518 003c 02F58062 		add	r2, r2, #1024
 7519 0040 9342     		cmp	r3, r2
 7520 0042 1AD0     		beq	.L1165
 7521              	.L1166:
 7522 0044 2268     		ldr	r2, [r4]
 7523 0046 136A     		ldr	r3, [r2, #32]
 7524 0048 03F01133 		and	r3, r3, #286331153
 7525 004c 23F08853 		bic	r3, r3, #285212672
ARM GAS  C:\Users\Nathan\AppData\Local\Temp\ccKB486e.s 			page 129


 7526 0050 43B9     		cbnz	r3, .L1167
 7527 0052 116A     		ldr	r1, [r2, #32]
 7528 0054 40F24443 		movw	r3, #1092
 7529 0058 1942     		tst	r1, r3
 7530 005a 03D1     		bne	.L1167
 7531 005c 1368     		ldr	r3, [r2]
 7532 005e 23F00103 		bic	r3, r3, #1
 7533 0062 1360     		str	r3, [r2]
 7534              	.L1167:
 7535 0064 0123     		movs	r3, #1
 7536 0066 84F83E30 		strb	r3, [r4, #62]
 7537 006a 84F83F30 		strb	r3, [r4, #63]
 7538 006e 84F84430 		strb	r3, [r4, #68]
 7539 0072 84F84530 		strb	r3, [r4, #69]
 7540 0076 0020     		movs	r0, #0
 7541 0078 10BD     		pop	{r4, pc}
 7542              	.L1165:
 7543 007a 1A6A     		ldr	r2, [r3, #32]
 7544 007c 02F01132 		and	r2, r2, #286331153
 7545 0080 22F08852 		bic	r2, r2, #285212672
 7546 0084 002A     		cmp	r2, #0
 7547 0086 DDD1     		bne	.L1166
 7548 0088 196A     		ldr	r1, [r3, #32]
 7549 008a 40F24442 		movw	r2, #1092
 7550 008e 1142     		tst	r1, r2
 7551 0090 D8D1     		bne	.L1166
 7552 0092 5A6C     		ldr	r2, [r3, #68]
 7553 0094 22F40042 		bic	r2, r2, #32768
 7554 0098 5A64     		str	r2, [r3, #68]
 7555 009a D3E7     		b	.L1166
 7556              	.L1170:
 7557              		.align	2
 7558              	.L1169:
 7559 009c 002C0140 		.word	1073818624
 7561              		.section	.text.HAL_TIM_Encoder_Start,"ax",%progbits
 7562              		.align	1
 7563              		.global	HAL_TIM_Encoder_Start
 7564              		.syntax unified
 7565              		.thumb
 7566              		.thumb_func
 7568              	HAL_TIM_Encoder_Start:
 7569              		@ args = 0, pretend = 0, frame = 0
 7570              		@ frame_needed = 0, uses_anonymous_args = 0
 7571 0000 10B5     		push	{r4, lr}
 7572 0002 0446     		mov	r4, r0
 7573 0004 90F83E00 		ldrb	r0, [r0, #62]	@ zero_extendqisi2
 7574 0008 C0B2     		uxtb	r0, r0
 7575 000a 94F83F30 		ldrb	r3, [r4, #63]	@ zero_extendqisi2
 7576 000e 94F84420 		ldrb	r2, [r4, #68]	@ zero_extendqisi2
 7577 0012 D2B2     		uxtb	r2, r2
 7578 0014 94F845C0 		ldrb	ip, [r4, #69]	@ zero_extendqisi2
 7579 0018 8E46     		mov	lr, r1
 7580 001a C9B9     		cbnz	r1, .L1172
 7581 001c 0128     		cmp	r0, #1
 7582 001e 4CD1     		bne	.L1180
 7583 0020 012A     		cmp	r2, #1
 7584 0022 4BD1     		bne	.L1173
ARM GAS  C:\Users\Nathan\AppData\Local\Temp\ccKB486e.s 			page 130


 7585 0024 0223     		movs	r3, #2
 7586 0026 84F83E30 		strb	r3, [r4, #62]
 7587 002a 84F84430 		strb	r3, [r4, #68]
 7588              	.L1174:
 7589 002e BEF1000F 		cmp	lr, #0
 7590 0032 30D0     		beq	.L1176
 7591 0034 BEF1040F 		cmp	lr, #4
 7592 0038 39D0     		beq	.L1177
 7593 003a 0122     		movs	r2, #1
 7594 003c 0021     		movs	r1, #0
 7595 003e 2068     		ldr	r0, [r4]
 7596 0040 FFF7FEFF 		bl	TIM_CCxChannelCmd
 7597 0044 0122     		movs	r2, #1
 7598 0046 0421     		movs	r1, #4
 7599 0048 2068     		ldr	r0, [r4]
 7600 004a FFF7FEFF 		bl	TIM_CCxChannelCmd
 7601 004e 27E0     		b	.L1179
 7602              	.L1172:
 7603 0050 DBB2     		uxtb	r3, r3
 7604 0052 5FFA8CFC 		uxtb	ip, ip
 7605 0056 0429     		cmp	r1, #4
 7606 0058 12D0     		beq	.L1188
 7607 005a 0128     		cmp	r0, #1
 7608 005c 33D1     		bne	.L1183
 7609 005e 012B     		cmp	r3, #1
 7610 0060 2CD1     		bne	.L1173
 7611 0062 012A     		cmp	r2, #1
 7612 0064 31D1     		bne	.L1184
 7613 0066 BCF1010F 		cmp	ip, #1
 7614 006a 30D1     		bne	.L1185
 7615 006c 0223     		movs	r3, #2
 7616 006e 84F83E30 		strb	r3, [r4, #62]
 7617 0072 84F83F30 		strb	r3, [r4, #63]
 7618 0076 84F84430 		strb	r3, [r4, #68]
 7619 007a 84F84530 		strb	r3, [r4, #69]
 7620 007e D6E7     		b	.L1174
 7621              	.L1188:
 7622 0080 012B     		cmp	r3, #1
 7623 0082 1CD1     		bne	.L1181
 7624 0084 BCF1010F 		cmp	ip, #1
 7625 0088 1BD1     		bne	.L1182
 7626 008a 0223     		movs	r3, #2
 7627 008c 84F83F30 		strb	r3, [r4, #63]
 7628 0090 84F84530 		strb	r3, [r4, #69]
 7629 0094 CBE7     		b	.L1174
 7630              	.L1176:
 7631 0096 0122     		movs	r2, #1
 7632 0098 7146     		mov	r1, lr
 7633 009a 2068     		ldr	r0, [r4]
 7634 009c FFF7FEFF 		bl	TIM_CCxChannelCmd
 7635              	.L1179:
 7636 00a0 2268     		ldr	r2, [r4]
 7637 00a2 1368     		ldr	r3, [r2]
 7638 00a4 43F00103 		orr	r3, r3, #1
 7639 00a8 1360     		str	r3, [r2]
 7640 00aa 0020     		movs	r0, #0
 7641 00ac 06E0     		b	.L1173
ARM GAS  C:\Users\Nathan\AppData\Local\Temp\ccKB486e.s 			page 131


 7642              	.L1177:
 7643 00ae 0122     		movs	r2, #1
 7644 00b0 0421     		movs	r1, #4
 7645 00b2 2068     		ldr	r0, [r4]
 7646 00b4 FFF7FEFF 		bl	TIM_CCxChannelCmd
 7647 00b8 F2E7     		b	.L1179
 7648              	.L1180:
 7649 00ba 0120     		movs	r0, #1
 7650              	.L1173:
 7651 00bc 10BD     		pop	{r4, pc}
 7652              	.L1181:
 7653 00be 0120     		movs	r0, #1
 7654 00c0 FCE7     		b	.L1173
 7655              	.L1182:
 7656 00c2 1846     		mov	r0, r3
 7657 00c4 FAE7     		b	.L1173
 7658              	.L1183:
 7659 00c6 0120     		movs	r0, #1
 7660 00c8 F8E7     		b	.L1173
 7661              	.L1184:
 7662 00ca 1846     		mov	r0, r3
 7663 00cc F6E7     		b	.L1173
 7664              	.L1185:
 7665 00ce 1046     		mov	r0, r2
 7666 00d0 F4E7     		b	.L1173
 7668              		.section	.text.HAL_TIM_Encoder_Stop,"ax",%progbits
 7669              		.align	1
 7670              		.global	HAL_TIM_Encoder_Stop
 7671              		.syntax unified
 7672              		.thumb
 7673              		.thumb_func
 7675              	HAL_TIM_Encoder_Stop:
 7676              		@ args = 0, pretend = 0, frame = 0
 7677              		@ frame_needed = 0, uses_anonymous_args = 0
 7678 0000 38B5     		push	{r3, r4, r5, lr}
 7679 0002 0446     		mov	r4, r0
 7680 0004 0D46     		mov	r5, r1
 7681 0006 61B1     		cbz	r1, .L1190
 7682 0008 0429     		cmp	r1, #4
 7683 000a 2BD0     		beq	.L1191
 7684 000c 0022     		movs	r2, #0
 7685 000e 1146     		mov	r1, r2
 7686 0010 0068     		ldr	r0, [r0]
 7687 0012 FFF7FEFF 		bl	TIM_CCxChannelCmd
 7688 0016 0022     		movs	r2, #0
 7689 0018 0421     		movs	r1, #4
 7690 001a 2068     		ldr	r0, [r4]
 7691 001c FFF7FEFF 		bl	TIM_CCxChannelCmd
 7692 0020 03E0     		b	.L1193
 7693              	.L1190:
 7694 0022 0A46     		mov	r2, r1
 7695 0024 0068     		ldr	r0, [r0]
 7696 0026 FFF7FEFF 		bl	TIM_CCxChannelCmd
 7697              	.L1193:
 7698 002a 2268     		ldr	r2, [r4]
 7699 002c 136A     		ldr	r3, [r2, #32]
 7700 002e 03F01133 		and	r3, r3, #286331153
ARM GAS  C:\Users\Nathan\AppData\Local\Temp\ccKB486e.s 			page 132


 7701 0032 23F08853 		bic	r3, r3, #285212672
 7702 0036 43B9     		cbnz	r3, .L1194
 7703 0038 116A     		ldr	r1, [r2, #32]
 7704 003a 40F24443 		movw	r3, #1092
 7705 003e 1942     		tst	r1, r3
 7706 0040 03D1     		bne	.L1194
 7707 0042 1368     		ldr	r3, [r2]
 7708 0044 23F00103 		bic	r3, r3, #1
 7709 0048 1360     		str	r3, [r2]
 7710              	.L1194:
 7711 004a 8DB1     		cbz	r5, .L1195
 7712 004c 042D     		cmp	r5, #4
 7713 004e 16D0     		beq	.L1202
 7714 0050 0123     		movs	r3, #1
 7715 0052 84F83E30 		strb	r3, [r4, #62]
 7716 0056 84F83F30 		strb	r3, [r4, #63]
 7717 005a 84F84430 		strb	r3, [r4, #68]
 7718 005e 84F84530 		strb	r3, [r4, #69]
 7719 0062 0AE0     		b	.L1198
 7720              	.L1191:
 7721 0064 0022     		movs	r2, #0
 7722 0066 0421     		movs	r1, #4
 7723 0068 0068     		ldr	r0, [r0]
 7724 006a FFF7FEFF 		bl	TIM_CCxChannelCmd
 7725 006e DCE7     		b	.L1193
 7726              	.L1195:
 7727 0070 0123     		movs	r3, #1
 7728 0072 84F83E30 		strb	r3, [r4, #62]
 7729 0076 84F84430 		strb	r3, [r4, #68]
 7730              	.L1198:
 7731 007a 0020     		movs	r0, #0
 7732 007c 38BD     		pop	{r3, r4, r5, pc}
 7733              	.L1202:
 7734 007e 0123     		movs	r3, #1
 7735 0080 84F83F30 		strb	r3, [r4, #63]
 7736 0084 84F84530 		strb	r3, [r4, #69]
 7737 0088 F7E7     		b	.L1198
 7739              		.section	.text.HAL_TIM_Encoder_Start_IT,"ax",%progbits
 7740              		.align	1
 7741              		.global	HAL_TIM_Encoder_Start_IT
 7742              		.syntax unified
 7743              		.thumb
 7744              		.thumb_func
 7746              	HAL_TIM_Encoder_Start_IT:
 7747              		@ args = 0, pretend = 0, frame = 0
 7748              		@ frame_needed = 0, uses_anonymous_args = 0
 7749 0000 10B5     		push	{r4, lr}
 7750 0002 0446     		mov	r4, r0
 7751 0004 90F83E00 		ldrb	r0, [r0, #62]	@ zero_extendqisi2
 7752 0008 C0B2     		uxtb	r0, r0
 7753 000a 94F83F30 		ldrb	r3, [r4, #63]	@ zero_extendqisi2
 7754 000e 94F84420 		ldrb	r2, [r4, #68]	@ zero_extendqisi2
 7755 0012 D2B2     		uxtb	r2, r2
 7756 0014 94F845C0 		ldrb	ip, [r4, #69]	@ zero_extendqisi2
 7757 0018 8E46     		mov	lr, r1
 7758 001a 19BB     		cbnz	r1, .L1204
 7759 001c 0128     		cmp	r0, #1
ARM GAS  C:\Users\Nathan\AppData\Local\Temp\ccKB486e.s 			page 133


 7760 001e 60D1     		bne	.L1212
 7761 0020 012A     		cmp	r2, #1
 7762 0022 5FD1     		bne	.L1205
 7763 0024 0223     		movs	r3, #2
 7764 0026 84F83E30 		strb	r3, [r4, #62]
 7765 002a 84F84430 		strb	r3, [r4, #68]
 7766              	.L1206:
 7767 002e BEF1000F 		cmp	lr, #0
 7768 0032 3AD0     		beq	.L1208
 7769 0034 BEF1040F 		cmp	lr, #4
 7770 0038 48D0     		beq	.L1209
 7771 003a 0122     		movs	r2, #1
 7772 003c 0021     		movs	r1, #0
 7773 003e 2068     		ldr	r0, [r4]
 7774 0040 FFF7FEFF 		bl	TIM_CCxChannelCmd
 7775 0044 0122     		movs	r2, #1
 7776 0046 0421     		movs	r1, #4
 7777 0048 2068     		ldr	r0, [r4]
 7778 004a FFF7FEFF 		bl	TIM_CCxChannelCmd
 7779 004e 2268     		ldr	r2, [r4]
 7780 0050 D368     		ldr	r3, [r2, #12]
 7781 0052 43F00203 		orr	r3, r3, #2
 7782 0056 D360     		str	r3, [r2, #12]
 7783 0058 2268     		ldr	r2, [r4]
 7784 005a D368     		ldr	r3, [r2, #12]
 7785 005c 43F00403 		orr	r3, r3, #4
 7786 0060 D360     		str	r3, [r2, #12]
 7787 0062 2CE0     		b	.L1211
 7788              	.L1204:
 7789 0064 DBB2     		uxtb	r3, r3
 7790 0066 5FFA8CFC 		uxtb	ip, ip
 7791 006a 0429     		cmp	r1, #4
 7792 006c 12D0     		beq	.L1220
 7793 006e 0128     		cmp	r0, #1
 7794 0070 3DD1     		bne	.L1215
 7795 0072 012B     		cmp	r3, #1
 7796 0074 36D1     		bne	.L1205
 7797 0076 012A     		cmp	r2, #1
 7798 0078 3BD1     		bne	.L1216
 7799 007a BCF1010F 		cmp	ip, #1
 7800 007e 3AD1     		bne	.L1217
 7801 0080 0223     		movs	r3, #2
 7802 0082 84F83E30 		strb	r3, [r4, #62]
 7803 0086 84F83F30 		strb	r3, [r4, #63]
 7804 008a 84F84430 		strb	r3, [r4, #68]
 7805 008e 84F84530 		strb	r3, [r4, #69]
 7806 0092 CCE7     		b	.L1206
 7807              	.L1220:
 7808 0094 012B     		cmp	r3, #1
 7809 0096 26D1     		bne	.L1213
 7810 0098 BCF1010F 		cmp	ip, #1
 7811 009c 25D1     		bne	.L1214
 7812 009e 0223     		movs	r3, #2
 7813 00a0 84F83F30 		strb	r3, [r4, #63]
 7814 00a4 84F84530 		strb	r3, [r4, #69]
 7815 00a8 C1E7     		b	.L1206
 7816              	.L1208:
ARM GAS  C:\Users\Nathan\AppData\Local\Temp\ccKB486e.s 			page 134


 7817 00aa 0122     		movs	r2, #1
 7818 00ac 7146     		mov	r1, lr
 7819 00ae 2068     		ldr	r0, [r4]
 7820 00b0 FFF7FEFF 		bl	TIM_CCxChannelCmd
 7821 00b4 2268     		ldr	r2, [r4]
 7822 00b6 D368     		ldr	r3, [r2, #12]
 7823 00b8 43F00203 		orr	r3, r3, #2
 7824 00bc D360     		str	r3, [r2, #12]
 7825              	.L1211:
 7826 00be 2268     		ldr	r2, [r4]
 7827 00c0 1368     		ldr	r3, [r2]
 7828 00c2 43F00103 		orr	r3, r3, #1
 7829 00c6 1360     		str	r3, [r2]
 7830 00c8 0020     		movs	r0, #0
 7831 00ca 0BE0     		b	.L1205
 7832              	.L1209:
 7833 00cc 0122     		movs	r2, #1
 7834 00ce 0421     		movs	r1, #4
 7835 00d0 2068     		ldr	r0, [r4]
 7836 00d2 FFF7FEFF 		bl	TIM_CCxChannelCmd
 7837 00d6 2268     		ldr	r2, [r4]
 7838 00d8 D368     		ldr	r3, [r2, #12]
 7839 00da 43F00403 		orr	r3, r3, #4
 7840 00de D360     		str	r3, [r2, #12]
 7841 00e0 EDE7     		b	.L1211
 7842              	.L1212:
 7843 00e2 0120     		movs	r0, #1
 7844              	.L1205:
 7845 00e4 10BD     		pop	{r4, pc}
 7846              	.L1213:
 7847 00e6 0120     		movs	r0, #1
 7848 00e8 FCE7     		b	.L1205
 7849              	.L1214:
 7850 00ea 1846     		mov	r0, r3
 7851 00ec FAE7     		b	.L1205
 7852              	.L1215:
 7853 00ee 0120     		movs	r0, #1
 7854 00f0 F8E7     		b	.L1205
 7855              	.L1216:
 7856 00f2 1846     		mov	r0, r3
 7857 00f4 F6E7     		b	.L1205
 7858              	.L1217:
 7859 00f6 1046     		mov	r0, r2
 7860 00f8 F4E7     		b	.L1205
 7862              		.section	.text.HAL_TIM_Encoder_Stop_IT,"ax",%progbits
 7863              		.align	1
 7864              		.global	HAL_TIM_Encoder_Stop_IT
 7865              		.syntax unified
 7866              		.thumb
 7867              		.thumb_func
 7869              	HAL_TIM_Encoder_Stop_IT:
 7870              		@ args = 0, pretend = 0, frame = 0
 7871              		@ frame_needed = 0, uses_anonymous_args = 0
 7872 0000 38B5     		push	{r3, r4, r5, lr}
 7873 0002 0446     		mov	r4, r0
 7874 0004 0D46     		mov	r5, r1
 7875 0006 0029     		cmp	r1, #0
ARM GAS  C:\Users\Nathan\AppData\Local\Temp\ccKB486e.s 			page 135


 7876 0008 32D0     		beq	.L1232
 7877 000a 0429     		cmp	r1, #4
 7878 000c 3AD0     		beq	.L1233
 7879 000e 0022     		movs	r2, #0
 7880 0010 1146     		mov	r1, r2
 7881 0012 0068     		ldr	r0, [r0]
 7882 0014 FFF7FEFF 		bl	TIM_CCxChannelCmd
 7883 0018 0022     		movs	r2, #0
 7884 001a 0421     		movs	r1, #4
 7885 001c 2068     		ldr	r0, [r4]
 7886 001e FFF7FEFF 		bl	TIM_CCxChannelCmd
 7887 0022 2268     		ldr	r2, [r4]
 7888 0024 D368     		ldr	r3, [r2, #12]
 7889 0026 23F00203 		bic	r3, r3, #2
 7890 002a D360     		str	r3, [r2, #12]
 7891 002c 2268     		ldr	r2, [r4]
 7892 002e D368     		ldr	r3, [r2, #12]
 7893 0030 23F00403 		bic	r3, r3, #4
 7894 0034 D360     		str	r3, [r2, #12]
 7895              	.L1223:
 7896 0036 2268     		ldr	r2, [r4]
 7897 0038 136A     		ldr	r3, [r2, #32]
 7898 003a 03F01133 		and	r3, r3, #286331153
 7899 003e 23F08853 		bic	r3, r3, #285212672
 7900 0042 43B9     		cbnz	r3, .L1225
 7901 0044 116A     		ldr	r1, [r2, #32]
 7902 0046 40F24443 		movw	r3, #1092
 7903 004a 1942     		tst	r1, r3
 7904 004c 03D1     		bne	.L1225
 7905 004e 1368     		ldr	r3, [r2]
 7906 0050 23F00103 		bic	r3, r3, #1
 7907 0054 1360     		str	r3, [r2]
 7908              	.L1225:
 7909 0056 05B3     		cbz	r5, .L1226
 7910 0058 042D     		cmp	r5, #4
 7911 005a 25D0     		beq	.L1234
 7912 005c 0123     		movs	r3, #1
 7913 005e 84F83E30 		strb	r3, [r4, #62]
 7914 0062 84F83F30 		strb	r3, [r4, #63]
 7915 0066 84F84430 		strb	r3, [r4, #68]
 7916 006a 84F84530 		strb	r3, [r4, #69]
 7917 006e 19E0     		b	.L1229
 7918              	.L1232:
 7919 0070 0A46     		mov	r2, r1
 7920 0072 0068     		ldr	r0, [r0]
 7921 0074 FFF7FEFF 		bl	TIM_CCxChannelCmd
 7922 0078 2268     		ldr	r2, [r4]
 7923 007a D368     		ldr	r3, [r2, #12]
 7924 007c 23F00203 		bic	r3, r3, #2
 7925 0080 D360     		str	r3, [r2, #12]
 7926 0082 D8E7     		b	.L1223
 7927              	.L1233:
 7928 0084 0022     		movs	r2, #0
 7929 0086 0421     		movs	r1, #4
 7930 0088 0068     		ldr	r0, [r0]
 7931 008a FFF7FEFF 		bl	TIM_CCxChannelCmd
 7932 008e 2268     		ldr	r2, [r4]
ARM GAS  C:\Users\Nathan\AppData\Local\Temp\ccKB486e.s 			page 136


 7933 0090 D368     		ldr	r3, [r2, #12]
 7934 0092 23F00403 		bic	r3, r3, #4
 7935 0096 D360     		str	r3, [r2, #12]
 7936 0098 CDE7     		b	.L1223
 7937              	.L1226:
 7938 009a 0123     		movs	r3, #1
 7939 009c 84F83E30 		strb	r3, [r4, #62]
 7940 00a0 84F84430 		strb	r3, [r4, #68]
 7941              	.L1229:
 7942 00a4 0020     		movs	r0, #0
 7943 00a6 38BD     		pop	{r3, r4, r5, pc}
 7944              	.L1234:
 7945 00a8 0123     		movs	r3, #1
 7946 00aa 84F83F30 		strb	r3, [r4, #63]
 7947 00ae 84F84530 		strb	r3, [r4, #69]
 7948 00b2 F7E7     		b	.L1229
 7950              		.section	.text.HAL_TIM_Encoder_Start_DMA,"ax",%progbits
 7951              		.align	1
 7952              		.global	HAL_TIM_Encoder_Start_DMA
 7953              		.syntax unified
 7954              		.thumb
 7955              		.thumb_func
 7957              	HAL_TIM_Encoder_Start_DMA:
 7958              		@ args = 4, pretend = 0, frame = 0
 7959              		@ frame_needed = 0, uses_anonymous_args = 0
 7960 0000 F8B5     		push	{r3, r4, r5, r6, r7, lr}
 7961 0002 0446     		mov	r4, r0
 7962 0004 1F46     		mov	r7, r3
 7963 0006 BDF81860 		ldrh	r6, [sp, #24]
 7964 000a 90F83E50 		ldrb	r5, [r0, #62]	@ zero_extendqisi2
 7965 000e EDB2     		uxtb	r5, r5
 7966 0010 90F83F00 		ldrb	r0, [r0, #63]	@ zero_extendqisi2
 7967 0014 5FFA80FC 		uxtb	ip, r0
 7968 0018 94F84400 		ldrb	r0, [r4, #68]	@ zero_extendqisi2
 7969 001c C0B2     		uxtb	r0, r0
 7970 001e 94F84530 		ldrb	r3, [r4, #69]	@ zero_extendqisi2
 7971 0022 8E46     		mov	lr, r1
 7972 0024 0029     		cmp	r1, #0
 7973 0026 31D1     		bne	.L1236
 7974 0028 022D     		cmp	r5, #2
 7975 002a 00F0F180 		beq	.L1237
 7976 002e 0228     		cmp	r0, #2
 7977 0030 00F0EB80 		beq	.L1243
 7978 0034 012D     		cmp	r5, #1
 7979 0036 40F0EA80 		bne	.L1244
 7980 003a 0128     		cmp	r0, #1
 7981 003c 40F0E880 		bne	.L1237
 7982 0040 002A     		cmp	r2, #0
 7983 0042 00F0E780 		beq	.L1245
 7984 0046 002E     		cmp	r6, #0
 7985 0048 00F0E680 		beq	.L1246
 7986 004c 0223     		movs	r3, #2
 7987 004e 84F83E30 		strb	r3, [r4, #62]
 7988 0052 84F84430 		strb	r3, [r4, #68]
 7989              	.L1238:
 7990 0056 BEF1000F 		cmp	lr, #0
 7991 005a 61D0     		beq	.L1240
ARM GAS  C:\Users\Nathan\AppData\Local\Temp\ccKB486e.s 			page 137


 7992 005c BEF1040F 		cmp	lr, #4
 7993 0060 00F08180 		beq	.L1241
 7994 0064 636A     		ldr	r3, [r4, #36]
 7995 0066 7C49     		ldr	r1, .L1273
 7996 0068 D962     		str	r1, [r3, #44]
 7997 006a 636A     		ldr	r3, [r4, #36]
 7998 006c 7B49     		ldr	r1, .L1273+4
 7999 006e 1963     		str	r1, [r3, #48]
 8000 0070 636A     		ldr	r3, [r4, #36]
 8001 0072 7B49     		ldr	r1, .L1273+8
 8002 0074 5963     		str	r1, [r3, #52]
 8003 0076 2168     		ldr	r1, [r4]
 8004 0078 3346     		mov	r3, r6
 8005 007a 3431     		adds	r1, r1, #52
 8006 007c 606A     		ldr	r0, [r4, #36]
 8007 007e FFF7FEFF 		bl	HAL_DMA_Start_IT
 8008 0082 0028     		cmp	r0, #0
 8009 0084 00F09380 		beq	.L1268
 8010 0088 0125     		movs	r5, #1
 8011 008a C1E0     		b	.L1237
 8012              	.L1236:
 8013 008c DBB2     		uxtb	r3, r3
 8014 008e 0429     		cmp	r1, #4
 8015 0090 2CD0     		beq	.L1269
 8016 0092 022D     		cmp	r5, #2
 8017 0094 00F0BC80 		beq	.L1237
 8018 0098 BCF1020F 		cmp	ip, #2
 8019 009c 00F0CA80 		beq	.L1253
 8020 00a0 0228     		cmp	r0, #2
 8021 00a2 00F0C980 		beq	.L1254
 8022 00a6 022B     		cmp	r3, #2
 8023 00a8 00F0C880 		beq	.L1255
 8024 00ac 012D     		cmp	r5, #1
 8025 00ae 40F0C780 		bne	.L1256
 8026 00b2 BCF1010F 		cmp	ip, #1
 8027 00b6 40F0AB80 		bne	.L1237
 8028 00ba 0128     		cmp	r0, #1
 8029 00bc 40F0C280 		bne	.L1257
 8030 00c0 012B     		cmp	r3, #1
 8031 00c2 40F0C180 		bne	.L1258
 8032 00c6 002A     		cmp	r2, #0
 8033 00c8 00F0C080 		beq	.L1259
 8034 00cc 002F     		cmp	r7, #0
 8035 00ce 00F0BF80 		beq	.L1260
 8036 00d2 002E     		cmp	r6, #0
 8037 00d4 00F0BE80 		beq	.L1261
 8038 00d8 0223     		movs	r3, #2
 8039 00da 84F83E30 		strb	r3, [r4, #62]
 8040 00de 84F83F30 		strb	r3, [r4, #63]
 8041 00e2 84F84430 		strb	r3, [r4, #68]
 8042 00e6 84F84530 		strb	r3, [r4, #69]
 8043 00ea B4E7     		b	.L1238
 8044              	.L1269:
 8045 00ec BCF1020F 		cmp	ip, #2
 8046 00f0 00F09480 		beq	.L1247
 8047 00f4 022B     		cmp	r3, #2
 8048 00f6 00F09380 		beq	.L1248
ARM GAS  C:\Users\Nathan\AppData\Local\Temp\ccKB486e.s 			page 138


 8049 00fa BCF1010F 		cmp	ip, #1
 8050 00fe 40F09180 		bne	.L1249
 8051 0102 012B     		cmp	r3, #1
 8052 0104 40F09080 		bne	.L1250
 8053 0108 002F     		cmp	r7, #0
 8054 010a 00F08F80 		beq	.L1251
 8055 010e 002E     		cmp	r6, #0
 8056 0110 00F08E80 		beq	.L1252
 8057 0114 0223     		movs	r3, #2
 8058 0116 84F83F30 		strb	r3, [r4, #63]
 8059 011a 84F84530 		strb	r3, [r4, #69]
 8060 011e 9AE7     		b	.L1238
 8061              	.L1240:
 8062 0120 636A     		ldr	r3, [r4, #36]
 8063 0122 4D49     		ldr	r1, .L1273
 8064 0124 D962     		str	r1, [r3, #44]
 8065 0126 636A     		ldr	r3, [r4, #36]
 8066 0128 4C49     		ldr	r1, .L1273+4
 8067 012a 1963     		str	r1, [r3, #48]
 8068 012c 636A     		ldr	r3, [r4, #36]
 8069 012e 4C49     		ldr	r1, .L1273+8
 8070 0130 5963     		str	r1, [r3, #52]
 8071 0132 2168     		ldr	r1, [r4]
 8072 0134 3346     		mov	r3, r6
 8073 0136 3431     		adds	r1, r1, #52
 8074 0138 606A     		ldr	r0, [r4, #36]
 8075 013a FFF7FEFF 		bl	HAL_DMA_Start_IT
 8076 013e 0546     		mov	r5, r0
 8077 0140 08B1     		cbz	r0, .L1270
 8078 0142 0125     		movs	r5, #1
 8079 0144 64E0     		b	.L1237
 8080              	.L1270:
 8081 0146 2268     		ldr	r2, [r4]
 8082 0148 D368     		ldr	r3, [r2, #12]
 8083 014a 43F40073 		orr	r3, r3, #512
 8084 014e D360     		str	r3, [r2, #12]
 8085 0150 0122     		movs	r2, #1
 8086 0152 0146     		mov	r1, r0
 8087 0154 2068     		ldr	r0, [r4]
 8088 0156 FFF7FEFF 		bl	TIM_CCxChannelCmd
 8089 015a 2268     		ldr	r2, [r4]
 8090 015c 1368     		ldr	r3, [r2]
 8091 015e 43F00103 		orr	r3, r3, #1
 8092 0162 1360     		str	r3, [r2]
 8093 0164 54E0     		b	.L1237
 8094              	.L1241:
 8095 0166 A36A     		ldr	r3, [r4, #40]
 8096 0168 3B4A     		ldr	r2, .L1273
 8097 016a DA62     		str	r2, [r3, #44]
 8098 016c A36A     		ldr	r3, [r4, #40]
 8099 016e 3B4A     		ldr	r2, .L1273+4
 8100 0170 1A63     		str	r2, [r3, #48]
 8101 0172 A36A     		ldr	r3, [r4, #40]
 8102 0174 3A4A     		ldr	r2, .L1273+8
 8103 0176 5A63     		str	r2, [r3, #52]
 8104 0178 2168     		ldr	r1, [r4]
 8105 017a 3346     		mov	r3, r6
ARM GAS  C:\Users\Nathan\AppData\Local\Temp\ccKB486e.s 			page 139


 8106 017c 3A46     		mov	r2, r7
 8107 017e 3831     		adds	r1, r1, #56
 8108 0180 A06A     		ldr	r0, [r4, #40]
 8109 0182 FFF7FEFF 		bl	HAL_DMA_Start_IT
 8110 0186 0546     		mov	r5, r0
 8111 0188 08B1     		cbz	r0, .L1271
 8112 018a 0125     		movs	r5, #1
 8113 018c 40E0     		b	.L1237
 8114              	.L1271:
 8115 018e 2268     		ldr	r2, [r4]
 8116 0190 D368     		ldr	r3, [r2, #12]
 8117 0192 43F48063 		orr	r3, r3, #1024
 8118 0196 D360     		str	r3, [r2, #12]
 8119 0198 0122     		movs	r2, #1
 8120 019a 0421     		movs	r1, #4
 8121 019c 2068     		ldr	r0, [r4]
 8122 019e FFF7FEFF 		bl	TIM_CCxChannelCmd
 8123 01a2 2268     		ldr	r2, [r4]
 8124 01a4 1368     		ldr	r3, [r2]
 8125 01a6 43F00103 		orr	r3, r3, #1
 8126 01aa 1360     		str	r3, [r2]
 8127 01ac 30E0     		b	.L1237
 8128              	.L1268:
 8129 01ae A36A     		ldr	r3, [r4, #40]
 8130 01b0 294A     		ldr	r2, .L1273
 8131 01b2 DA62     		str	r2, [r3, #44]
 8132 01b4 A36A     		ldr	r3, [r4, #40]
 8133 01b6 294A     		ldr	r2, .L1273+4
 8134 01b8 1A63     		str	r2, [r3, #48]
 8135 01ba A36A     		ldr	r3, [r4, #40]
 8136 01bc 284A     		ldr	r2, .L1273+8
 8137 01be 5A63     		str	r2, [r3, #52]
 8138 01c0 2168     		ldr	r1, [r4]
 8139 01c2 3346     		mov	r3, r6
 8140 01c4 3A46     		mov	r2, r7
 8141 01c6 3831     		adds	r1, r1, #56
 8142 01c8 A06A     		ldr	r0, [r4, #40]
 8143 01ca FFF7FEFF 		bl	HAL_DMA_Start_IT
 8144 01ce 0546     		mov	r5, r0
 8145 01d0 08B1     		cbz	r0, .L1272
 8146 01d2 0125     		movs	r5, #1
 8147 01d4 1CE0     		b	.L1237
 8148              	.L1272:
 8149 01d6 2268     		ldr	r2, [r4]
 8150 01d8 D368     		ldr	r3, [r2, #12]
 8151 01da 43F40073 		orr	r3, r3, #512
 8152 01de D360     		str	r3, [r2, #12]
 8153 01e0 2268     		ldr	r2, [r4]
 8154 01e2 D368     		ldr	r3, [r2, #12]
 8155 01e4 43F48063 		orr	r3, r3, #1024
 8156 01e8 D360     		str	r3, [r2, #12]
 8157 01ea 0122     		movs	r2, #1
 8158 01ec 0146     		mov	r1, r0
 8159 01ee 2068     		ldr	r0, [r4]
 8160 01f0 FFF7FEFF 		bl	TIM_CCxChannelCmd
 8161 01f4 0122     		movs	r2, #1
 8162 01f6 0421     		movs	r1, #4
ARM GAS  C:\Users\Nathan\AppData\Local\Temp\ccKB486e.s 			page 140


 8163 01f8 2068     		ldr	r0, [r4]
 8164 01fa FFF7FEFF 		bl	TIM_CCxChannelCmd
 8165 01fe 2268     		ldr	r2, [r4]
 8166 0200 1368     		ldr	r3, [r2]
 8167 0202 43F00103 		orr	r3, r3, #1
 8168 0206 1360     		str	r3, [r2]
 8169 0208 02E0     		b	.L1237
 8170              	.L1243:
 8171 020a 0546     		mov	r5, r0
 8172 020c 00E0     		b	.L1237
 8173              	.L1244:
 8174 020e 0125     		movs	r5, #1
 8175              	.L1237:
 8176 0210 2846     		mov	r0, r5
 8177 0212 F8BD     		pop	{r3, r4, r5, r6, r7, pc}
 8178              	.L1245:
 8179 0214 0546     		mov	r5, r0
 8180 0216 FBE7     		b	.L1237
 8181              	.L1246:
 8182 0218 0546     		mov	r5, r0
 8183 021a F9E7     		b	.L1237
 8184              	.L1247:
 8185 021c 6546     		mov	r5, ip
 8186 021e F7E7     		b	.L1237
 8187              	.L1248:
 8188 0220 1D46     		mov	r5, r3
 8189 0222 F5E7     		b	.L1237
 8190              	.L1249:
 8191 0224 0125     		movs	r5, #1
 8192 0226 F3E7     		b	.L1237
 8193              	.L1250:
 8194 0228 6546     		mov	r5, ip
 8195 022a F1E7     		b	.L1237
 8196              	.L1251:
 8197 022c 1D46     		mov	r5, r3
 8198 022e EFE7     		b	.L1237
 8199              	.L1252:
 8200 0230 1D46     		mov	r5, r3
 8201 0232 EDE7     		b	.L1237
 8202              	.L1253:
 8203 0234 6546     		mov	r5, ip
 8204 0236 EBE7     		b	.L1237
 8205              	.L1254:
 8206 0238 0546     		mov	r5, r0
 8207 023a E9E7     		b	.L1237
 8208              	.L1255:
 8209 023c 1D46     		mov	r5, r3
 8210 023e E7E7     		b	.L1237
 8211              	.L1256:
 8212 0240 0125     		movs	r5, #1
 8213 0242 E5E7     		b	.L1237
 8214              	.L1257:
 8215 0244 6546     		mov	r5, ip
 8216 0246 E3E7     		b	.L1237
 8217              	.L1258:
 8218 0248 0546     		mov	r5, r0
 8219 024a E1E7     		b	.L1237
ARM GAS  C:\Users\Nathan\AppData\Local\Temp\ccKB486e.s 			page 141


 8220              	.L1259:
 8221 024c 1D46     		mov	r5, r3
 8222 024e DFE7     		b	.L1237
 8223              	.L1260:
 8224 0250 1D46     		mov	r5, r3
 8225 0252 DDE7     		b	.L1237
 8226              	.L1261:
 8227 0254 1D46     		mov	r5, r3
 8228 0256 DBE7     		b	.L1237
 8229              	.L1274:
 8230              		.align	2
 8231              	.L1273:
 8232 0258 00000000 		.word	TIM_DMACaptureCplt
 8233 025c 00000000 		.word	TIM_DMACaptureHalfCplt
 8234 0260 00000000 		.word	TIM_DMAError
 8236              		.section	.text.HAL_TIM_Encoder_Stop_DMA,"ax",%progbits
 8237              		.align	1
 8238              		.global	HAL_TIM_Encoder_Stop_DMA
 8239              		.syntax unified
 8240              		.thumb
 8241              		.thumb_func
 8243              	HAL_TIM_Encoder_Stop_DMA:
 8244              		@ args = 0, pretend = 0, frame = 0
 8245              		@ frame_needed = 0, uses_anonymous_args = 0
 8246 0000 38B5     		push	{r3, r4, r5, lr}
 8247 0002 0446     		mov	r4, r0
 8248 0004 0D46     		mov	r5, r1
 8249 0006 0029     		cmp	r1, #0
 8250 0008 38D0     		beq	.L1286
 8251 000a 0429     		cmp	r1, #4
 8252 000c 43D0     		beq	.L1287
 8253 000e 0022     		movs	r2, #0
 8254 0010 1146     		mov	r1, r2
 8255 0012 0068     		ldr	r0, [r0]
 8256 0014 FFF7FEFF 		bl	TIM_CCxChannelCmd
 8257 0018 0022     		movs	r2, #0
 8258 001a 0421     		movs	r1, #4
 8259 001c 2068     		ldr	r0, [r4]
 8260 001e FFF7FEFF 		bl	TIM_CCxChannelCmd
 8261 0022 2268     		ldr	r2, [r4]
 8262 0024 D368     		ldr	r3, [r2, #12]
 8263 0026 23F40073 		bic	r3, r3, #512
 8264 002a D360     		str	r3, [r2, #12]
 8265 002c 2268     		ldr	r2, [r4]
 8266 002e D368     		ldr	r3, [r2, #12]
 8267 0030 23F48063 		bic	r3, r3, #1024
 8268 0034 D360     		str	r3, [r2, #12]
 8269 0036 606A     		ldr	r0, [r4, #36]
 8270 0038 FFF7FEFF 		bl	HAL_DMA_Abort_IT
 8271 003c A06A     		ldr	r0, [r4, #40]
 8272 003e FFF7FEFF 		bl	HAL_DMA_Abort_IT
 8273              	.L1277:
 8274 0042 2268     		ldr	r2, [r4]
 8275 0044 136A     		ldr	r3, [r2, #32]
 8276 0046 03F01133 		and	r3, r3, #286331153
 8277 004a 23F08853 		bic	r3, r3, #285212672
 8278 004e 43B9     		cbnz	r3, .L1279
ARM GAS  C:\Users\Nathan\AppData\Local\Temp\ccKB486e.s 			page 142


 8279 0050 116A     		ldr	r1, [r2, #32]
 8280 0052 40F24443 		movw	r3, #1092
 8281 0056 1942     		tst	r1, r3
 8282 0058 03D1     		bne	.L1279
 8283 005a 1368     		ldr	r3, [r2]
 8284 005c 23F00103 		bic	r3, r3, #1
 8285 0060 1360     		str	r3, [r2]
 8286              	.L1279:
 8287 0062 35B3     		cbz	r5, .L1280
 8288 0064 042D     		cmp	r5, #4
 8289 0066 2BD0     		beq	.L1288
 8290 0068 0123     		movs	r3, #1
 8291 006a 84F83E30 		strb	r3, [r4, #62]
 8292 006e 84F83F30 		strb	r3, [r4, #63]
 8293 0072 84F84430 		strb	r3, [r4, #68]
 8294 0076 84F84530 		strb	r3, [r4, #69]
 8295 007a 1FE0     		b	.L1283
 8296              	.L1286:
 8297 007c 0A46     		mov	r2, r1
 8298 007e 0068     		ldr	r0, [r0]
 8299 0080 FFF7FEFF 		bl	TIM_CCxChannelCmd
 8300 0084 2268     		ldr	r2, [r4]
 8301 0086 D368     		ldr	r3, [r2, #12]
 8302 0088 23F40073 		bic	r3, r3, #512
 8303 008c D360     		str	r3, [r2, #12]
 8304 008e 606A     		ldr	r0, [r4, #36]
 8305 0090 FFF7FEFF 		bl	HAL_DMA_Abort_IT
 8306 0094 D5E7     		b	.L1277
 8307              	.L1287:
 8308 0096 0022     		movs	r2, #0
 8309 0098 0421     		movs	r1, #4
 8310 009a 0068     		ldr	r0, [r0]
 8311 009c FFF7FEFF 		bl	TIM_CCxChannelCmd
 8312 00a0 2268     		ldr	r2, [r4]
 8313 00a2 D368     		ldr	r3, [r2, #12]
 8314 00a4 23F48063 		bic	r3, r3, #1024
 8315 00a8 D360     		str	r3, [r2, #12]
 8316 00aa A06A     		ldr	r0, [r4, #40]
 8317 00ac FFF7FEFF 		bl	HAL_DMA_Abort_IT
 8318 00b0 C7E7     		b	.L1277
 8319              	.L1280:
 8320 00b2 0123     		movs	r3, #1
 8321 00b4 84F83E30 		strb	r3, [r4, #62]
 8322 00b8 84F84430 		strb	r3, [r4, #68]
 8323              	.L1283:
 8324 00bc 0020     		movs	r0, #0
 8325 00be 38BD     		pop	{r3, r4, r5, pc}
 8326              	.L1288:
 8327 00c0 0123     		movs	r3, #1
 8328 00c2 84F83F30 		strb	r3, [r4, #63]
 8329 00c6 84F84530 		strb	r3, [r4, #69]
 8330 00ca F7E7     		b	.L1283
 8332              		.ident	"GCC: (xPack GNU Arm Embedded GCC x86_64) 15.2.1 20251203"
ARM GAS  C:\Users\Nathan\AppData\Local\Temp\ccKB486e.s 			page 143


DEFINED SYMBOLS
                            *ABS*:00000000 stm32wbxx_hal_tim.c
C:\Users\Nathan\AppData\Local\Temp\ccKB486e.s:18     .text.TIM_OC1_SetConfig:00000000 $t
C:\Users\Nathan\AppData\Local\Temp\ccKB486e.s:23     .text.TIM_OC1_SetConfig:00000000 TIM_OC1_SetConfig
C:\Users\Nathan\AppData\Local\Temp\ccKB486e.s:80     .text.TIM_OC1_SetConfig:00000080 $d
C:\Users\Nathan\AppData\Local\Temp\ccKB486e.s:83     .text.TIM_OC3_SetConfig:00000000 $t
C:\Users\Nathan\AppData\Local\Temp\ccKB486e.s:88     .text.TIM_OC3_SetConfig:00000000 TIM_OC3_SetConfig
C:\Users\Nathan\AppData\Local\Temp\ccKB486e.s:140    .text.TIM_OC3_SetConfig:00000078 $d
C:\Users\Nathan\AppData\Local\Temp\ccKB486e.s:143    .text.TIM_OC4_SetConfig:00000000 $t
C:\Users\Nathan\AppData\Local\Temp\ccKB486e.s:148    .text.TIM_OC4_SetConfig:00000000 TIM_OC4_SetConfig
C:\Users\Nathan\AppData\Local\Temp\ccKB486e.s:188    .text.TIM_OC4_SetConfig:0000005c $d
C:\Users\Nathan\AppData\Local\Temp\ccKB486e.s:191    .text.TIM_OC5_SetConfig:00000000 $t
C:\Users\Nathan\AppData\Local\Temp\ccKB486e.s:196    .text.TIM_OC5_SetConfig:00000000 TIM_OC5_SetConfig
C:\Users\Nathan\AppData\Local\Temp\ccKB486e.s:236    .text.TIM_OC5_SetConfig:00000058 $d
C:\Users\Nathan\AppData\Local\Temp\ccKB486e.s:239    .text.TIM_OC6_SetConfig:00000000 $t
C:\Users\Nathan\AppData\Local\Temp\ccKB486e.s:244    .text.TIM_OC6_SetConfig:00000000 TIM_OC6_SetConfig
C:\Users\Nathan\AppData\Local\Temp\ccKB486e.s:284    .text.TIM_OC6_SetConfig:0000005c $d
C:\Users\Nathan\AppData\Local\Temp\ccKB486e.s:287    .text.TIM_TI1_ConfigInputStage:00000000 $t
C:\Users\Nathan\AppData\Local\Temp\ccKB486e.s:292    .text.TIM_TI1_ConfigInputStage:00000000 TIM_TI1_ConfigInputStage
C:\Users\Nathan\AppData\Local\Temp\ccKB486e.s:310    .text.TIM_TI2_SetConfig:00000000 $t
C:\Users\Nathan\AppData\Local\Temp\ccKB486e.s:315    .text.TIM_TI2_SetConfig:00000000 TIM_TI2_SetConfig
C:\Users\Nathan\AppData\Local\Temp\ccKB486e.s:339    .text.TIM_TI2_ConfigInputStage:00000000 $t
C:\Users\Nathan\AppData\Local\Temp\ccKB486e.s:344    .text.TIM_TI2_ConfigInputStage:00000000 TIM_TI2_ConfigInputStage
C:\Users\Nathan\AppData\Local\Temp\ccKB486e.s:362    .text.TIM_TI3_SetConfig:00000000 $t
C:\Users\Nathan\AppData\Local\Temp\ccKB486e.s:367    .text.TIM_TI3_SetConfig:00000000 TIM_TI3_SetConfig
C:\Users\Nathan\AppData\Local\Temp\ccKB486e.s:391    .text.TIM_TI4_SetConfig:00000000 $t
C:\Users\Nathan\AppData\Local\Temp\ccKB486e.s:396    .text.TIM_TI4_SetConfig:00000000 TIM_TI4_SetConfig
C:\Users\Nathan\AppData\Local\Temp\ccKB486e.s:420    .text.TIM_ITRx_SetConfig:00000000 $t
C:\Users\Nathan\AppData\Local\Temp\ccKB486e.s:425    .text.TIM_ITRx_SetConfig:00000000 TIM_ITRx_SetConfig
C:\Users\Nathan\AppData\Local\Temp\ccKB486e.s:438    .text.HAL_TIM_Base_MspInit:00000000 $t
C:\Users\Nathan\AppData\Local\Temp\ccKB486e.s:444    .text.HAL_TIM_Base_MspInit:00000000 HAL_TIM_Base_MspInit
C:\Users\Nathan\AppData\Local\Temp\ccKB486e.s:451    .text.HAL_TIM_Base_MspDeInit:00000000 $t
C:\Users\Nathan\AppData\Local\Temp\ccKB486e.s:457    .text.HAL_TIM_Base_MspDeInit:00000000 HAL_TIM_Base_MspDeInit
C:\Users\Nathan\AppData\Local\Temp\ccKB486e.s:464    .text.HAL_TIM_Base_DeInit:00000000 $t
C:\Users\Nathan\AppData\Local\Temp\ccKB486e.s:470    .text.HAL_TIM_Base_DeInit:00000000 HAL_TIM_Base_DeInit
C:\Users\Nathan\AppData\Local\Temp\ccKB486e.s:509    .text.HAL_TIM_Base_Start:00000000 $t
C:\Users\Nathan\AppData\Local\Temp\ccKB486e.s:515    .text.HAL_TIM_Base_Start:00000000 HAL_TIM_Base_Start
C:\Users\Nathan\AppData\Local\Temp\ccKB486e.s:560    .text.HAL_TIM_Base_Start:00000050 $d
C:\Users\Nathan\AppData\Local\Temp\ccKB486e.s:564    .text.HAL_TIM_Base_Stop:00000000 $t
C:\Users\Nathan\AppData\Local\Temp\ccKB486e.s:570    .text.HAL_TIM_Base_Stop:00000000 HAL_TIM_Base_Stop
C:\Users\Nathan\AppData\Local\Temp\ccKB486e.s:593    .text.HAL_TIM_Base_Start_IT:00000000 $t
C:\Users\Nathan\AppData\Local\Temp\ccKB486e.s:599    .text.HAL_TIM_Base_Start_IT:00000000 HAL_TIM_Base_Start_IT
C:\Users\Nathan\AppData\Local\Temp\ccKB486e.s:648    .text.HAL_TIM_Base_Start_IT:0000005c $d
C:\Users\Nathan\AppData\Local\Temp\ccKB486e.s:652    .text.HAL_TIM_Base_Stop_IT:00000000 $t
C:\Users\Nathan\AppData\Local\Temp\ccKB486e.s:658    .text.HAL_TIM_Base_Stop_IT:00000000 HAL_TIM_Base_Stop_IT
C:\Users\Nathan\AppData\Local\Temp\ccKB486e.s:685    .text.HAL_TIM_Base_Start_DMA:00000000 $t
C:\Users\Nathan\AppData\Local\Temp\ccKB486e.s:691    .text.HAL_TIM_Base_Start_DMA:00000000 HAL_TIM_Base_Start_DMA
C:\Users\Nathan\AppData\Local\Temp\ccKB486e.s:768    .text.HAL_TIM_Base_Start_DMA:00000098 $d
C:\Users\Nathan\AppData\Local\Temp\ccKB486e.s:1877   .text.TIM_DMAPeriodElapsedCplt:00000000 TIM_DMAPeriodElapsedCplt
C:\Users\Nathan\AppData\Local\Temp\ccKB486e.s:1910   .text.TIM_DMAPeriodElapsedHalfCplt:00000000 TIM_DMAPeriodElapsedHalfCplt
C:\Users\Nathan\AppData\Local\Temp\ccKB486e.s:2467   .text.TIM_DMAError:00000000 TIM_DMAError
C:\Users\Nathan\AppData\Local\Temp\ccKB486e.s:775    .text.HAL_TIM_Base_Stop_DMA:00000000 $t
C:\Users\Nathan\AppData\Local\Temp\ccKB486e.s:781    .text.HAL_TIM_Base_Stop_DMA:00000000 HAL_TIM_Base_Stop_DMA
C:\Users\Nathan\AppData\Local\Temp\ccKB486e.s:811    .text.HAL_TIM_OC_MspInit:00000000 $t
C:\Users\Nathan\AppData\Local\Temp\ccKB486e.s:817    .text.HAL_TIM_OC_MspInit:00000000 HAL_TIM_OC_MspInit
C:\Users\Nathan\AppData\Local\Temp\ccKB486e.s:824    .text.HAL_TIM_OC_MspDeInit:00000000 $t
C:\Users\Nathan\AppData\Local\Temp\ccKB486e.s:830    .text.HAL_TIM_OC_MspDeInit:00000000 HAL_TIM_OC_MspDeInit
ARM GAS  C:\Users\Nathan\AppData\Local\Temp\ccKB486e.s 			page 144


C:\Users\Nathan\AppData\Local\Temp\ccKB486e.s:837    .text.HAL_TIM_OC_DeInit:00000000 $t
C:\Users\Nathan\AppData\Local\Temp\ccKB486e.s:843    .text.HAL_TIM_OC_DeInit:00000000 HAL_TIM_OC_DeInit
C:\Users\Nathan\AppData\Local\Temp\ccKB486e.s:882    .text.HAL_TIM_PWM_MspInit:00000000 $t
C:\Users\Nathan\AppData\Local\Temp\ccKB486e.s:888    .text.HAL_TIM_PWM_MspInit:00000000 HAL_TIM_PWM_MspInit
C:\Users\Nathan\AppData\Local\Temp\ccKB486e.s:895    .text.HAL_TIM_PWM_MspDeInit:00000000 $t
C:\Users\Nathan\AppData\Local\Temp\ccKB486e.s:901    .text.HAL_TIM_PWM_MspDeInit:00000000 HAL_TIM_PWM_MspDeInit
C:\Users\Nathan\AppData\Local\Temp\ccKB486e.s:908    .text.HAL_TIM_PWM_DeInit:00000000 $t
C:\Users\Nathan\AppData\Local\Temp\ccKB486e.s:914    .text.HAL_TIM_PWM_DeInit:00000000 HAL_TIM_PWM_DeInit
C:\Users\Nathan\AppData\Local\Temp\ccKB486e.s:953    .text.HAL_TIM_IC_MspInit:00000000 $t
C:\Users\Nathan\AppData\Local\Temp\ccKB486e.s:959    .text.HAL_TIM_IC_MspInit:00000000 HAL_TIM_IC_MspInit
C:\Users\Nathan\AppData\Local\Temp\ccKB486e.s:966    .text.HAL_TIM_IC_MspDeInit:00000000 $t
C:\Users\Nathan\AppData\Local\Temp\ccKB486e.s:972    .text.HAL_TIM_IC_MspDeInit:00000000 HAL_TIM_IC_MspDeInit
C:\Users\Nathan\AppData\Local\Temp\ccKB486e.s:979    .text.HAL_TIM_IC_DeInit:00000000 $t
C:\Users\Nathan\AppData\Local\Temp\ccKB486e.s:985    .text.HAL_TIM_IC_DeInit:00000000 HAL_TIM_IC_DeInit
C:\Users\Nathan\AppData\Local\Temp\ccKB486e.s:1024   .text.HAL_TIM_OnePulse_MspInit:00000000 $t
C:\Users\Nathan\AppData\Local\Temp\ccKB486e.s:1030   .text.HAL_TIM_OnePulse_MspInit:00000000 HAL_TIM_OnePulse_MspInit
C:\Users\Nathan\AppData\Local\Temp\ccKB486e.s:1037   .text.HAL_TIM_OnePulse_MspDeInit:00000000 $t
C:\Users\Nathan\AppData\Local\Temp\ccKB486e.s:1043   .text.HAL_TIM_OnePulse_MspDeInit:00000000 HAL_TIM_OnePulse_MspDeInit
C:\Users\Nathan\AppData\Local\Temp\ccKB486e.s:1050   .text.HAL_TIM_OnePulse_DeInit:00000000 $t
C:\Users\Nathan\AppData\Local\Temp\ccKB486e.s:1056   .text.HAL_TIM_OnePulse_DeInit:00000000 HAL_TIM_OnePulse_DeInit
C:\Users\Nathan\AppData\Local\Temp\ccKB486e.s:1089   .text.HAL_TIM_Encoder_MspInit:00000000 $t
C:\Users\Nathan\AppData\Local\Temp\ccKB486e.s:1095   .text.HAL_TIM_Encoder_MspInit:00000000 HAL_TIM_Encoder_MspInit
C:\Users\Nathan\AppData\Local\Temp\ccKB486e.s:1102   .text.HAL_TIM_Encoder_MspDeInit:00000000 $t
C:\Users\Nathan\AppData\Local\Temp\ccKB486e.s:1108   .text.HAL_TIM_Encoder_MspDeInit:00000000 HAL_TIM_Encoder_MspDeInit
C:\Users\Nathan\AppData\Local\Temp\ccKB486e.s:1115   .text.HAL_TIM_Encoder_DeInit:00000000 $t
C:\Users\Nathan\AppData\Local\Temp\ccKB486e.s:1121   .text.HAL_TIM_Encoder_DeInit:00000000 HAL_TIM_Encoder_DeInit
C:\Users\Nathan\AppData\Local\Temp\ccKB486e.s:1154   .text.HAL_TIM_DMABurst_MultiWriteStart:00000000 $t
C:\Users\Nathan\AppData\Local\Temp\ccKB486e.s:1160   .text.HAL_TIM_DMABurst_MultiWriteStart:00000000 HAL_TIM_DMABurst_MultiWriteStart
C:\Users\Nathan\AppData\Local\Temp\ccKB486e.s:1358   .text.HAL_TIM_DMABurst_MultiWriteStart:00000188 $d
C:\Users\Nathan\AppData\Local\Temp\ccKB486e.s:2092   .text.TIM_DMADelayPulseCplt:00000000 TIM_DMADelayPulseCplt
C:\Users\Nathan\AppData\Local\Temp\ccKB486e.s:2172   .text.TIM_DMADelayPulseHalfCplt:00000000 TIM_DMADelayPulseHalfCplt
C:\Users\Nathan\AppData\Local\Temp\ccKB486e.s:2406   .text.TIM_DMATriggerCplt:00000000 TIM_DMATriggerCplt
C:\Users\Nathan\AppData\Local\Temp\ccKB486e.s:2439   .text.TIM_DMATriggerHalfCplt:00000000 TIM_DMATriggerHalfCplt
C:\Users\Nathan\AppData\Local\Temp\ccKB486e.s:1369   .text.HAL_TIM_DMABurst_WriteStart:00000000 $t
C:\Users\Nathan\AppData\Local\Temp\ccKB486e.s:1375   .text.HAL_TIM_DMABurst_WriteStart:00000000 HAL_TIM_DMABurst_WriteStart
C:\Users\Nathan\AppData\Local\Temp\ccKB486e.s:1391   .text.HAL_TIM_DMABurst_WriteStop:00000000 $t
C:\Users\Nathan\AppData\Local\Temp\ccKB486e.s:1397   .text.HAL_TIM_DMABurst_WriteStop:00000000 HAL_TIM_DMABurst_WriteStop
C:\Users\Nathan\AppData\Local\Temp\ccKB486e.s:1462   .text.HAL_TIM_DMABurst_MultiReadStart:00000000 $t
C:\Users\Nathan\AppData\Local\Temp\ccKB486e.s:1468   .text.HAL_TIM_DMABurst_MultiReadStart:00000000 HAL_TIM_DMABurst_MultiReadStart
C:\Users\Nathan\AppData\Local\Temp\ccKB486e.s:1666   .text.HAL_TIM_DMABurst_MultiReadStart:00000188 $d
C:\Users\Nathan\AppData\Local\Temp\ccKB486e.s:1951   .text.TIM_DMACaptureCplt:00000000 TIM_DMACaptureCplt
C:\Users\Nathan\AppData\Local\Temp\ccKB486e.s:2035   .text.TIM_DMACaptureHalfCplt:00000000 TIM_DMACaptureHalfCplt
C:\Users\Nathan\AppData\Local\Temp\ccKB486e.s:1677   .text.HAL_TIM_DMABurst_ReadStart:00000000 $t
C:\Users\Nathan\AppData\Local\Temp\ccKB486e.s:1683   .text.HAL_TIM_DMABurst_ReadStart:00000000 HAL_TIM_DMABurst_ReadStart
C:\Users\Nathan\AppData\Local\Temp\ccKB486e.s:1699   .text.HAL_TIM_DMABurst_ReadStop:00000000 $t
C:\Users\Nathan\AppData\Local\Temp\ccKB486e.s:1705   .text.HAL_TIM_DMABurst_ReadStop:00000000 HAL_TIM_DMABurst_ReadStop
C:\Users\Nathan\AppData\Local\Temp\ccKB486e.s:1770   .text.HAL_TIM_GenerateEvent:00000000 $t
C:\Users\Nathan\AppData\Local\Temp\ccKB486e.s:1776   .text.HAL_TIM_GenerateEvent:00000000 HAL_TIM_GenerateEvent
C:\Users\Nathan\AppData\Local\Temp\ccKB486e.s:1799   .text.HAL_TIM_ConfigTI1Input:00000000 $t
C:\Users\Nathan\AppData\Local\Temp\ccKB486e.s:1805   .text.HAL_TIM_ConfigTI1Input:00000000 HAL_TIM_ConfigTI1Input
C:\Users\Nathan\AppData\Local\Temp\ccKB486e.s:1818   .text.HAL_TIM_ReadCapturedValue:00000000 $t
C:\Users\Nathan\AppData\Local\Temp\ccKB486e.s:1824   .text.HAL_TIM_ReadCapturedValue:00000000 HAL_TIM_ReadCapturedValue
C:\Users\Nathan\AppData\Local\Temp\ccKB486e.s:1859   .text.HAL_TIM_PeriodElapsedCallback:00000000 $t
C:\Users\Nathan\AppData\Local\Temp\ccKB486e.s:1865   .text.HAL_TIM_PeriodElapsedCallback:00000000 HAL_TIM_PeriodElapsedCallback
C:\Users\Nathan\AppData\Local\Temp\ccKB486e.s:1872   .text.TIM_DMAPeriodElapsedCplt:00000000 $t
C:\Users\Nathan\AppData\Local\Temp\ccKB486e.s:1892   .text.HAL_TIM_PeriodElapsedHalfCpltCallback:00000000 $t
C:\Users\Nathan\AppData\Local\Temp\ccKB486e.s:1898   .text.HAL_TIM_PeriodElapsedHalfCpltCallback:00000000 HAL_TIM_PeriodElapsedHalfCpltCallback
ARM GAS  C:\Users\Nathan\AppData\Local\Temp\ccKB486e.s 			page 145


C:\Users\Nathan\AppData\Local\Temp\ccKB486e.s:1905   .text.TIM_DMAPeriodElapsedHalfCplt:00000000 $t
C:\Users\Nathan\AppData\Local\Temp\ccKB486e.s:1919   .text.HAL_TIM_OC_DelayElapsedCallback:00000000 $t
C:\Users\Nathan\AppData\Local\Temp\ccKB486e.s:1925   .text.HAL_TIM_OC_DelayElapsedCallback:00000000 HAL_TIM_OC_DelayElapsedCallback
C:\Users\Nathan\AppData\Local\Temp\ccKB486e.s:1932   .text.HAL_TIM_IC_CaptureCallback:00000000 $t
C:\Users\Nathan\AppData\Local\Temp\ccKB486e.s:1938   .text.HAL_TIM_IC_CaptureCallback:00000000 HAL_TIM_IC_CaptureCallback
C:\Users\Nathan\AppData\Local\Temp\ccKB486e.s:1945   .text.TIM_DMACaptureCplt:00000000 $t
C:\Users\Nathan\AppData\Local\Temp\ccKB486e.s:2016   .text.HAL_TIM_IC_CaptureHalfCpltCallback:00000000 $t
C:\Users\Nathan\AppData\Local\Temp\ccKB486e.s:2022   .text.HAL_TIM_IC_CaptureHalfCpltCallback:00000000 HAL_TIM_IC_CaptureHalfCpltCallback
C:\Users\Nathan\AppData\Local\Temp\ccKB486e.s:2029   .text.TIM_DMACaptureHalfCplt:00000000 $t
C:\Users\Nathan\AppData\Local\Temp\ccKB486e.s:2074   .text.HAL_TIM_PWM_PulseFinishedCallback:00000000 $t
C:\Users\Nathan\AppData\Local\Temp\ccKB486e.s:2080   .text.HAL_TIM_PWM_PulseFinishedCallback:00000000 HAL_TIM_PWM_PulseFinishedCallback
C:\Users\Nathan\AppData\Local\Temp\ccKB486e.s:2087   .text.TIM_DMADelayPulseCplt:00000000 $t
C:\Users\Nathan\AppData\Local\Temp\ccKB486e.s:2153   .text.HAL_TIM_PWM_PulseFinishedHalfCpltCallback:00000000 $t
C:\Users\Nathan\AppData\Local\Temp\ccKB486e.s:2159   .text.HAL_TIM_PWM_PulseFinishedHalfCpltCallback:00000000 HAL_TIM_PWM_PulseFinishedHalfCpltCallback
C:\Users\Nathan\AppData\Local\Temp\ccKB486e.s:2166   .text.TIM_DMADelayPulseHalfCplt:00000000 $t
C:\Users\Nathan\AppData\Local\Temp\ccKB486e.s:2211   .text.HAL_TIM_TriggerCallback:00000000 $t
C:\Users\Nathan\AppData\Local\Temp\ccKB486e.s:2217   .text.HAL_TIM_TriggerCallback:00000000 HAL_TIM_TriggerCallback
C:\Users\Nathan\AppData\Local\Temp\ccKB486e.s:2224   .text.HAL_TIM_IRQHandler:00000000 $t
C:\Users\Nathan\AppData\Local\Temp\ccKB486e.s:2230   .text.HAL_TIM_IRQHandler:00000000 HAL_TIM_IRQHandler
C:\Users\Nathan\AppData\Local\Temp\ccKB486e.s:2401   .text.TIM_DMATriggerCplt:00000000 $t
C:\Users\Nathan\AppData\Local\Temp\ccKB486e.s:2421   .text.HAL_TIM_TriggerHalfCpltCallback:00000000 $t
C:\Users\Nathan\AppData\Local\Temp\ccKB486e.s:2427   .text.HAL_TIM_TriggerHalfCpltCallback:00000000 HAL_TIM_TriggerHalfCpltCallback
C:\Users\Nathan\AppData\Local\Temp\ccKB486e.s:2434   .text.TIM_DMATriggerHalfCplt:00000000 $t
C:\Users\Nathan\AppData\Local\Temp\ccKB486e.s:2448   .text.HAL_TIM_ErrorCallback:00000000 $t
C:\Users\Nathan\AppData\Local\Temp\ccKB486e.s:2454   .text.HAL_TIM_ErrorCallback:00000000 HAL_TIM_ErrorCallback
C:\Users\Nathan\AppData\Local\Temp\ccKB486e.s:2461   .text.TIM_DMAError:00000000 $t
C:\Users\Nathan\AppData\Local\Temp\ccKB486e.s:2517   .text.HAL_TIM_Base_GetState:00000000 $t
C:\Users\Nathan\AppData\Local\Temp\ccKB486e.s:2523   .text.HAL_TIM_Base_GetState:00000000 HAL_TIM_Base_GetState
C:\Users\Nathan\AppData\Local\Temp\ccKB486e.s:2531   .text.HAL_TIM_OC_GetState:00000000 $t
C:\Users\Nathan\AppData\Local\Temp\ccKB486e.s:2537   .text.HAL_TIM_OC_GetState:00000000 HAL_TIM_OC_GetState
C:\Users\Nathan\AppData\Local\Temp\ccKB486e.s:2545   .text.HAL_TIM_PWM_GetState:00000000 $t
C:\Users\Nathan\AppData\Local\Temp\ccKB486e.s:2551   .text.HAL_TIM_PWM_GetState:00000000 HAL_TIM_PWM_GetState
C:\Users\Nathan\AppData\Local\Temp\ccKB486e.s:2559   .text.HAL_TIM_IC_GetState:00000000 $t
C:\Users\Nathan\AppData\Local\Temp\ccKB486e.s:2565   .text.HAL_TIM_IC_GetState:00000000 HAL_TIM_IC_GetState
C:\Users\Nathan\AppData\Local\Temp\ccKB486e.s:2573   .text.HAL_TIM_OnePulse_GetState:00000000 $t
C:\Users\Nathan\AppData\Local\Temp\ccKB486e.s:2579   .text.HAL_TIM_OnePulse_GetState:00000000 HAL_TIM_OnePulse_GetState
C:\Users\Nathan\AppData\Local\Temp\ccKB486e.s:2587   .text.HAL_TIM_Encoder_GetState:00000000 $t
C:\Users\Nathan\AppData\Local\Temp\ccKB486e.s:2593   .text.HAL_TIM_Encoder_GetState:00000000 HAL_TIM_Encoder_GetState
C:\Users\Nathan\AppData\Local\Temp\ccKB486e.s:2601   .text.HAL_TIM_GetActiveChannel:00000000 $t
C:\Users\Nathan\AppData\Local\Temp\ccKB486e.s:2607   .text.HAL_TIM_GetActiveChannel:00000000 HAL_TIM_GetActiveChannel
C:\Users\Nathan\AppData\Local\Temp\ccKB486e.s:2615   .text.HAL_TIM_GetChannelState:00000000 $t
C:\Users\Nathan\AppData\Local\Temp\ccKB486e.s:2621   .text.HAL_TIM_GetChannelState:00000000 HAL_TIM_GetChannelState
C:\Users\Nathan\AppData\Local\Temp\ccKB486e.s:2659   .text.HAL_TIM_DMABurstState:00000000 $t
C:\Users\Nathan\AppData\Local\Temp\ccKB486e.s:2665   .text.HAL_TIM_DMABurstState:00000000 HAL_TIM_DMABurstState
C:\Users\Nathan\AppData\Local\Temp\ccKB486e.s:2673   .text.TIM_Base_SetConfig:00000000 $t
C:\Users\Nathan\AppData\Local\Temp\ccKB486e.s:2679   .text.TIM_Base_SetConfig:00000000 TIM_Base_SetConfig
C:\Users\Nathan\AppData\Local\Temp\ccKB486e.s:2740   .text.TIM_Base_SetConfig:00000074 $d
C:\Users\Nathan\AppData\Local\Temp\ccKB486e.s:2743   .text.HAL_TIM_Base_Init:00000000 $t
C:\Users\Nathan\AppData\Local\Temp\ccKB486e.s:2749   .text.HAL_TIM_Base_Init:00000000 HAL_TIM_Base_Init
C:\Users\Nathan\AppData\Local\Temp\ccKB486e.s:2787   .text.HAL_TIM_OC_Init:00000000 $t
C:\Users\Nathan\AppData\Local\Temp\ccKB486e.s:2793   .text.HAL_TIM_OC_Init:00000000 HAL_TIM_OC_Init
C:\Users\Nathan\AppData\Local\Temp\ccKB486e.s:2831   .text.HAL_TIM_PWM_Init:00000000 $t
C:\Users\Nathan\AppData\Local\Temp\ccKB486e.s:2837   .text.HAL_TIM_PWM_Init:00000000 HAL_TIM_PWM_Init
C:\Users\Nathan\AppData\Local\Temp\ccKB486e.s:2875   .text.HAL_TIM_IC_Init:00000000 $t
C:\Users\Nathan\AppData\Local\Temp\ccKB486e.s:2881   .text.HAL_TIM_IC_Init:00000000 HAL_TIM_IC_Init
C:\Users\Nathan\AppData\Local\Temp\ccKB486e.s:2919   .text.HAL_TIM_OnePulse_Init:00000000 $t
C:\Users\Nathan\AppData\Local\Temp\ccKB486e.s:2925   .text.HAL_TIM_OnePulse_Init:00000000 HAL_TIM_OnePulse_Init
ARM GAS  C:\Users\Nathan\AppData\Local\Temp\ccKB486e.s 			page 146


C:\Users\Nathan\AppData\Local\Temp\ccKB486e.s:2966   .text.HAL_TIM_Encoder_Init:00000000 $t
C:\Users\Nathan\AppData\Local\Temp\ccKB486e.s:2972   .text.HAL_TIM_Encoder_Init:00000000 HAL_TIM_Encoder_Init
C:\Users\Nathan\AppData\Local\Temp\ccKB486e.s:3045   .text.TIM_OC2_SetConfig:00000000 $t
C:\Users\Nathan\AppData\Local\Temp\ccKB486e.s:3051   .text.TIM_OC2_SetConfig:00000000 TIM_OC2_SetConfig
C:\Users\Nathan\AppData\Local\Temp\ccKB486e.s:3103   .text.TIM_OC2_SetConfig:00000078 $d
C:\Users\Nathan\AppData\Local\Temp\ccKB486e.s:3106   .text.HAL_TIM_OC_ConfigChannel:00000000 $t
C:\Users\Nathan\AppData\Local\Temp\ccKB486e.s:3112   .text.HAL_TIM_OC_ConfigChannel:00000000 HAL_TIM_OC_ConfigChannel
C:\Users\Nathan\AppData\Local\Temp\ccKB486e.s:3177   .text.HAL_TIM_PWM_ConfigChannel:00000000 $t
C:\Users\Nathan\AppData\Local\Temp\ccKB486e.s:3183   .text.HAL_TIM_PWM_ConfigChannel:00000000 HAL_TIM_PWM_ConfigChannel
C:\Users\Nathan\AppData\Local\Temp\ccKB486e.s:3333   .text.TIM_TI1_SetConfig:00000000 $t
C:\Users\Nathan\AppData\Local\Temp\ccKB486e.s:3339   .text.TIM_TI1_SetConfig:00000000 TIM_TI1_SetConfig
C:\Users\Nathan\AppData\Local\Temp\ccKB486e.s:3373   .text.TIM_TI1_SetConfig:00000048 $d
C:\Users\Nathan\AppData\Local\Temp\ccKB486e.s:3376   .text.HAL_TIM_IC_ConfigChannel:00000000 $t
C:\Users\Nathan\AppData\Local\Temp\ccKB486e.s:3382   .text.HAL_TIM_IC_ConfigChannel:00000000 HAL_TIM_IC_ConfigChannel
C:\Users\Nathan\AppData\Local\Temp\ccKB486e.s:3479   .text.HAL_TIM_OnePulse_ConfigChannel:00000000 $t
C:\Users\Nathan\AppData\Local\Temp\ccKB486e.s:3485   .text.HAL_TIM_OnePulse_ConfigChannel:00000000 HAL_TIM_OnePulse_ConfigChannel
C:\Users\Nathan\AppData\Local\Temp\ccKB486e.s:3610   .text.TIM_ETR_SetConfig:00000000 $t
C:\Users\Nathan\AppData\Local\Temp\ccKB486e.s:3616   .text.TIM_ETR_SetConfig:00000000 TIM_ETR_SetConfig
C:\Users\Nathan\AppData\Local\Temp\ccKB486e.s:3629   .text.HAL_TIM_ConfigOCrefClear:00000000 $t
C:\Users\Nathan\AppData\Local\Temp\ccKB486e.s:3635   .text.HAL_TIM_ConfigOCrefClear:00000000 HAL_TIM_ConfigOCrefClear
C:\Users\Nathan\AppData\Local\Temp\ccKB486e.s:3835   .text.HAL_TIM_ConfigClockSource:00000000 $t
C:\Users\Nathan\AppData\Local\Temp\ccKB486e.s:3841   .text.HAL_TIM_ConfigClockSource:00000000 HAL_TIM_ConfigClockSource
C:\Users\Nathan\AppData\Local\Temp\ccKB486e.s:3967   .text.HAL_TIM_ConfigClockSource:000000fc $d
C:\Users\Nathan\AppData\Local\Temp\ccKB486e.s:3970   .text.TIM_SlaveTimer_SetConfig:00000000 $t
C:\Users\Nathan\AppData\Local\Temp\ccKB486e.s:3975   .text.TIM_SlaveTimer_SetConfig:00000000 TIM_SlaveTimer_SetConfig
C:\Users\Nathan\AppData\Local\Temp\ccKB486e.s:4079   .text.HAL_TIM_SlaveConfigSynchro:00000000 $t
C:\Users\Nathan\AppData\Local\Temp\ccKB486e.s:4085   .text.HAL_TIM_SlaveConfigSynchro:00000000 HAL_TIM_SlaveConfigSynchro
C:\Users\Nathan\AppData\Local\Temp\ccKB486e.s:4124   .text.HAL_TIM_SlaveConfigSynchro_IT:00000000 $t
C:\Users\Nathan\AppData\Local\Temp\ccKB486e.s:4130   .text.HAL_TIM_SlaveConfigSynchro_IT:00000000 HAL_TIM_SlaveConfigSynchro_IT
C:\Users\Nathan\AppData\Local\Temp\ccKB486e.s:4169   .text.TIM_CCxChannelCmd:00000000 $t
C:\Users\Nathan\AppData\Local\Temp\ccKB486e.s:4175   .text.TIM_CCxChannelCmd:00000000 TIM_CCxChannelCmd
C:\Users\Nathan\AppData\Local\Temp\ccKB486e.s:4192   .text.HAL_TIM_OC_Start:00000000 $t
C:\Users\Nathan\AppData\Local\Temp\ccKB486e.s:4198   .text.HAL_TIM_OC_Start:00000000 HAL_TIM_OC_Start
C:\Users\Nathan\AppData\Local\Temp\ccKB486e.s:4339   .text.HAL_TIM_OC_Start:00000110 $d
C:\Users\Nathan\AppData\Local\Temp\ccKB486e.s:4343   .text.HAL_TIM_OC_Stop:00000000 $t
C:\Users\Nathan\AppData\Local\Temp\ccKB486e.s:4349   .text.HAL_TIM_OC_Stop:00000000 HAL_TIM_OC_Stop
C:\Users\Nathan\AppData\Local\Temp\ccKB486e.s:4433   .text.HAL_TIM_OC_Stop:000000ac $d
C:\Users\Nathan\AppData\Local\Temp\ccKB486e.s:4436   .text.HAL_TIM_OC_Start_IT:00000000 $t
C:\Users\Nathan\AppData\Local\Temp\ccKB486e.s:4442   .text.HAL_TIM_OC_Start_IT:00000000 HAL_TIM_OC_Start_IT
C:\Users\Nathan\AppData\Local\Temp\ccKB486e.s:4618   .text.HAL_TIM_OC_Start_IT:00000158 $d
C:\Users\Nathan\AppData\Local\Temp\ccKB486e.s:4622   .text.HAL_TIM_OC_Stop_IT:00000000 $t
C:\Users\Nathan\AppData\Local\Temp\ccKB486e.s:4628   .text.HAL_TIM_OC_Stop_IT:00000000 HAL_TIM_OC_Stop_IT
C:\Users\Nathan\AppData\Local\Temp\ccKB486e.s:4755   .text.HAL_TIM_OC_Stop_IT:00000100 $d
C:\Users\Nathan\AppData\Local\Temp\ccKB486e.s:4758   .text.HAL_TIM_OC_Start_DMA:00000000 $t
C:\Users\Nathan\AppData\Local\Temp\ccKB486e.s:4764   .text.HAL_TIM_OC_Start_DMA:00000000 HAL_TIM_OC_Start_DMA
C:\Users\Nathan\AppData\Local\Temp\ccKB486e.s:5088   .text.HAL_TIM_OC_Start_DMA:0000028c $d
C:\Users\Nathan\AppData\Local\Temp\ccKB486e.s:5095   .text.HAL_TIM_OC_Stop_DMA:00000000 $t
C:\Users\Nathan\AppData\Local\Temp\ccKB486e.s:5101   .text.HAL_TIM_OC_Stop_DMA:00000000 HAL_TIM_OC_Stop_DMA
C:\Users\Nathan\AppData\Local\Temp\ccKB486e.s:5236   .text.HAL_TIM_OC_Stop_DMA:00000118 $d
C:\Users\Nathan\AppData\Local\Temp\ccKB486e.s:5239   .text.HAL_TIM_PWM_Start:00000000 $t
C:\Users\Nathan\AppData\Local\Temp\ccKB486e.s:5245   .text.HAL_TIM_PWM_Start:00000000 HAL_TIM_PWM_Start
C:\Users\Nathan\AppData\Local\Temp\ccKB486e.s:5386   .text.HAL_TIM_PWM_Start:00000110 $d
C:\Users\Nathan\AppData\Local\Temp\ccKB486e.s:5390   .text.HAL_TIM_PWM_Stop:00000000 $t
C:\Users\Nathan\AppData\Local\Temp\ccKB486e.s:5396   .text.HAL_TIM_PWM_Stop:00000000 HAL_TIM_PWM_Stop
C:\Users\Nathan\AppData\Local\Temp\ccKB486e.s:5480   .text.HAL_TIM_PWM_Stop:000000ac $d
C:\Users\Nathan\AppData\Local\Temp\ccKB486e.s:5483   .text.HAL_TIM_PWM_Start_IT:00000000 $t
C:\Users\Nathan\AppData\Local\Temp\ccKB486e.s:5489   .text.HAL_TIM_PWM_Start_IT:00000000 HAL_TIM_PWM_Start_IT
ARM GAS  C:\Users\Nathan\AppData\Local\Temp\ccKB486e.s 			page 147


C:\Users\Nathan\AppData\Local\Temp\ccKB486e.s:5665   .text.HAL_TIM_PWM_Start_IT:00000158 $d
C:\Users\Nathan\AppData\Local\Temp\ccKB486e.s:5669   .text.HAL_TIM_PWM_Stop_IT:00000000 $t
C:\Users\Nathan\AppData\Local\Temp\ccKB486e.s:5675   .text.HAL_TIM_PWM_Stop_IT:00000000 HAL_TIM_PWM_Stop_IT
C:\Users\Nathan\AppData\Local\Temp\ccKB486e.s:5802   .text.HAL_TIM_PWM_Stop_IT:00000100 $d
C:\Users\Nathan\AppData\Local\Temp\ccKB486e.s:5805   .text.HAL_TIM_PWM_Start_DMA:00000000 $t
C:\Users\Nathan\AppData\Local\Temp\ccKB486e.s:5811   .text.HAL_TIM_PWM_Start_DMA:00000000 HAL_TIM_PWM_Start_DMA
C:\Users\Nathan\AppData\Local\Temp\ccKB486e.s:6135   .text.HAL_TIM_PWM_Start_DMA:0000028c $d
C:\Users\Nathan\AppData\Local\Temp\ccKB486e.s:6142   .text.HAL_TIM_PWM_Stop_DMA:00000000 $t
C:\Users\Nathan\AppData\Local\Temp\ccKB486e.s:6148   .text.HAL_TIM_PWM_Stop_DMA:00000000 HAL_TIM_PWM_Stop_DMA
C:\Users\Nathan\AppData\Local\Temp\ccKB486e.s:6283   .text.HAL_TIM_PWM_Stop_DMA:00000118 $d
C:\Users\Nathan\AppData\Local\Temp\ccKB486e.s:6286   .text.HAL_TIM_IC_Start:00000000 $t
C:\Users\Nathan\AppData\Local\Temp\ccKB486e.s:6292   .text.HAL_TIM_IC_Start:00000000 HAL_TIM_IC_Start
C:\Users\Nathan\AppData\Local\Temp\ccKB486e.s:6441   .text.HAL_TIM_IC_Start:00000124 $d
C:\Users\Nathan\AppData\Local\Temp\ccKB486e.s:6445   .text.HAL_TIM_IC_Stop:00000000 $t
C:\Users\Nathan\AppData\Local\Temp\ccKB486e.s:6451   .text.HAL_TIM_IC_Stop:00000000 HAL_TIM_IC_Stop
C:\Users\Nathan\AppData\Local\Temp\ccKB486e.s:6525   .text.HAL_TIM_IC_Start_IT:00000000 $t
C:\Users\Nathan\AppData\Local\Temp\ccKB486e.s:6531   .text.HAL_TIM_IC_Start_IT:00000000 HAL_TIM_IC_Start_IT
C:\Users\Nathan\AppData\Local\Temp\ccKB486e.s:6714   .text.HAL_TIM_IC_Start_IT:00000168 $d
C:\Users\Nathan\AppData\Local\Temp\ccKB486e.s:6718   .text.HAL_TIM_IC_Stop_IT:00000000 $t
C:\Users\Nathan\AppData\Local\Temp\ccKB486e.s:6724   .text.HAL_TIM_IC_Stop_IT:00000000 HAL_TIM_IC_Stop_IT
C:\Users\Nathan\AppData\Local\Temp\ccKB486e.s:6839   .text.HAL_TIM_IC_Start_DMA:00000000 $t
C:\Users\Nathan\AppData\Local\Temp\ccKB486e.s:6845   .text.HAL_TIM_IC_Start_DMA:00000000 HAL_TIM_IC_Start_DMA
C:\Users\Nathan\AppData\Local\Temp\ccKB486e.s:7124   .text.HAL_TIM_IC_Start_DMA:00000238 $d
C:\Users\Nathan\AppData\Local\Temp\ccKB486e.s:7131   .text.HAL_TIM_IC_Stop_DMA:00000000 $t
C:\Users\Nathan\AppData\Local\Temp\ccKB486e.s:7137   .text.HAL_TIM_IC_Stop_DMA:00000000 HAL_TIM_IC_Stop_DMA
C:\Users\Nathan\AppData\Local\Temp\ccKB486e.s:7259   .text.HAL_TIM_OnePulse_Start:00000000 $t
C:\Users\Nathan\AppData\Local\Temp\ccKB486e.s:7265   .text.HAL_TIM_OnePulse_Start:00000000 HAL_TIM_OnePulse_Start
C:\Users\Nathan\AppData\Local\Temp\ccKB486e.s:7329   .text.HAL_TIM_OnePulse_Start:00000088 $d
C:\Users\Nathan\AppData\Local\Temp\ccKB486e.s:7332   .text.HAL_TIM_OnePulse_Stop:00000000 $t
C:\Users\Nathan\AppData\Local\Temp\ccKB486e.s:7338   .text.HAL_TIM_OnePulse_Stop:00000000 HAL_TIM_OnePulse_Stop
C:\Users\Nathan\AppData\Local\Temp\ccKB486e.s:7399   .text.HAL_TIM_OnePulse_Stop:00000088 $d
C:\Users\Nathan\AppData\Local\Temp\ccKB486e.s:7402   .text.HAL_TIM_OnePulse_Start_IT:00000000 $t
C:\Users\Nathan\AppData\Local\Temp\ccKB486e.s:7408   .text.HAL_TIM_OnePulse_Start_IT:00000000 HAL_TIM_OnePulse_Start_IT
C:\Users\Nathan\AppData\Local\Temp\ccKB486e.s:7481   .text.HAL_TIM_OnePulse_Start_IT:000000a0 $d
C:\Users\Nathan\AppData\Local\Temp\ccKB486e.s:7484   .text.HAL_TIM_OnePulse_Stop_IT:00000000 $t
C:\Users\Nathan\AppData\Local\Temp\ccKB486e.s:7490   .text.HAL_TIM_OnePulse_Stop_IT:00000000 HAL_TIM_OnePulse_Stop_IT
C:\Users\Nathan\AppData\Local\Temp\ccKB486e.s:7559   .text.HAL_TIM_OnePulse_Stop_IT:0000009c $d
C:\Users\Nathan\AppData\Local\Temp\ccKB486e.s:7562   .text.HAL_TIM_Encoder_Start:00000000 $t
C:\Users\Nathan\AppData\Local\Temp\ccKB486e.s:7568   .text.HAL_TIM_Encoder_Start:00000000 HAL_TIM_Encoder_Start
C:\Users\Nathan\AppData\Local\Temp\ccKB486e.s:7669   .text.HAL_TIM_Encoder_Stop:00000000 $t
C:\Users\Nathan\AppData\Local\Temp\ccKB486e.s:7675   .text.HAL_TIM_Encoder_Stop:00000000 HAL_TIM_Encoder_Stop
C:\Users\Nathan\AppData\Local\Temp\ccKB486e.s:7740   .text.HAL_TIM_Encoder_Start_IT:00000000 $t
C:\Users\Nathan\AppData\Local\Temp\ccKB486e.s:7746   .text.HAL_TIM_Encoder_Start_IT:00000000 HAL_TIM_Encoder_Start_IT
C:\Users\Nathan\AppData\Local\Temp\ccKB486e.s:7863   .text.HAL_TIM_Encoder_Stop_IT:00000000 $t
C:\Users\Nathan\AppData\Local\Temp\ccKB486e.s:7869   .text.HAL_TIM_Encoder_Stop_IT:00000000 HAL_TIM_Encoder_Stop_IT
C:\Users\Nathan\AppData\Local\Temp\ccKB486e.s:7951   .text.HAL_TIM_Encoder_Start_DMA:00000000 $t
C:\Users\Nathan\AppData\Local\Temp\ccKB486e.s:7957   .text.HAL_TIM_Encoder_Start_DMA:00000000 HAL_TIM_Encoder_Start_DMA
C:\Users\Nathan\AppData\Local\Temp\ccKB486e.s:8232   .text.HAL_TIM_Encoder_Start_DMA:00000258 $d
C:\Users\Nathan\AppData\Local\Temp\ccKB486e.s:8237   .text.HAL_TIM_Encoder_Stop_DMA:00000000 $t
C:\Users\Nathan\AppData\Local\Temp\ccKB486e.s:8243   .text.HAL_TIM_Encoder_Stop_DMA:00000000 HAL_TIM_Encoder_Stop_DMA

UNDEFINED SYMBOLS
HAL_DMA_Start_IT
HAL_DMA_Abort_IT
TIMEx_DMACommutationCplt
TIMEx_DMACommutationHalfCplt
HAL_TIMEx_BreakCallback
ARM GAS  C:\Users\Nathan\AppData\Local\Temp\ccKB486e.s 			page 148


HAL_TIMEx_Break2Callback
HAL_TIMEx_CommutCallback
