ARM GAS  C:\Users\Nathan\AppData\Local\Temp\cc2yLhuw.s 			page 1


   1              		.cpu cortex-m4
   2              		.arch armv7e-m
   3              		.fpu fpv4-sp-d16
   4              		.eabi_attribute 27, 1
   5              		.eabi_attribute 28, 1
   6              		.eabi_attribute 20, 1
   7              		.eabi_attribute 21, 1
   8              		.eabi_attribute 23, 3
   9              		.eabi_attribute 24, 1
  10              		.eabi_attribute 25, 1
  11              		.eabi_attribute 26, 1
  12              		.eabi_attribute 30, 1
  13              		.eabi_attribute 34, 1
  14              		.eabi_attribute 18, 4
  15              		.file	"stm32wbxx_hal_i2c.c"
  16              		.text
  17              		.section	.text.I2C_Flush_TXDR,"ax",%progbits
  18              		.align	1
  19              		.syntax unified
  20              		.thumb
  21              		.thumb_func
  23              	I2C_Flush_TXDR:
  24              		@ args = 0, pretend = 0, frame = 0
  25              		@ frame_needed = 0, uses_anonymous_args = 0
  26              		@ link register save eliminated.
  27 0000 0368     		ldr	r3, [r0]
  28 0002 9A69     		ldr	r2, [r3, #24]
  29 0004 12F0020F 		tst	r2, #2
  30 0008 01D0     		beq	.L2
  31 000a 0022     		movs	r2, #0
  32 000c 9A62     		str	r2, [r3, #40]
  33              	.L2:
  34 000e 0368     		ldr	r3, [r0]
  35 0010 9A69     		ldr	r2, [r3, #24]
  36 0012 12F0010F 		tst	r2, #1
  37 0016 03D1     		bne	.L1
  38 0018 9A69     		ldr	r2, [r3, #24]
  39 001a 42F00102 		orr	r2, r2, #1
  40 001e 9A61     		str	r2, [r3, #24]
  41              	.L1:
  42 0020 7047     		bx	lr
  44              		.section	.text.I2C_TransferConfig,"ax",%progbits
  45              		.align	1
  46              		.syntax unified
  47              		.thumb
  48              		.thumb_func
  50              	I2C_TransferConfig:
  51              		@ args = 4, pretend = 0, frame = 0
  52              		@ frame_needed = 0, uses_anonymous_args = 0
  53              		@ link register save eliminated.
  54 0000 DDF800C0 		ldr	ip, [sp]
  55 0004 C1F30901 		ubfx	r1, r1, #0, #10
  56 0008 41EA0241 		orr	r1, r1, r2, lsl #16
  57 000c 1943     		orrs	r1, r1, r3
  58 000e 41EA0C01 		orr	r1, r1, ip
  59 0012 21F00041 		bic	r1, r1, #-2147483648
  60 0016 0268     		ldr	r2, [r0]
ARM GAS  C:\Users\Nathan\AppData\Local\Temp\cc2yLhuw.s 			page 2


  61 0018 5368     		ldr	r3, [r2, #4]
  62 001a 4FEA5C5C 		lsr	ip, ip, #21
  63 001e 0CF4806C 		and	ip, ip, #1024
  64 0022 4CF07F7C 		orr	ip, ip, #66846720
  65 0026 4CF4583C 		orr	ip, ip, #221184
  66 002a 4CF47F7C 		orr	ip, ip, #1020
  67 002e 4CF0030C 		orr	ip, ip, #3
  68 0032 23EA0C03 		bic	r3, r3, ip
  69 0036 0B43     		orrs	r3, r3, r1
  70 0038 5360     		str	r3, [r2, #4]
  71 003a 7047     		bx	lr
  73              		.section	.text.I2C_Enable_IRQ,"ax",%progbits
  74              		.align	1
  75              		.syntax unified
  76              		.thumb
  77              		.thumb_func
  79              	I2C_Enable_IRQ:
  80              		@ args = 0, pretend = 0, frame = 0
  81              		@ frame_needed = 0, uses_anonymous_args = 0
  82              		@ link register save eliminated.
  83 0000 436B     		ldr	r3, [r0, #52]
  84 0002 234A     		ldr	r2, .L21
  85 0004 9342     		cmp	r3, r2
  86 0006 1FD0     		beq	.L6
  87 0008 224A     		ldr	r2, .L21+4
  88 000a 9342     		cmp	r3, r2
  89 000c 1CD0     		beq	.L6
  90 000e 224A     		ldr	r2, .L21+8
  91 0010 9342     		cmp	r3, r2
  92 0012 19D0     		beq	.L6
  93 0014 11F4004F 		tst	r1, #32768
  94 0018 0FD1     		bne	.L17
  95 001a 0023     		movs	r3, #0
  96              	.L7:
  97 001c 11F0010F 		tst	r1, #1
  98 0020 01D0     		beq	.L8
  99 0022 43F0F203 		orr	r3, r3, #242
 100              	.L8:
 101 0026 11F0020F 		tst	r1, #2
 102 002a 08D0     		beq	.L9
 103 002c 43F0F403 		orr	r3, r3, #244
 104              	.L10:
 105 0030 2029     		cmp	r1, #32
 106 0032 1BD1     		bne	.L11
 107 0034 43F02003 		orr	r3, r3, #32
 108 0038 18E0     		b	.L11
 109              	.L17:
 110 003a B823     		movs	r3, #184
 111 003c EEE7     		b	.L7
 112              	.L9:
 113 003e 1029     		cmp	r1, #16
 114 0040 F6D1     		bne	.L10
 115 0042 43F09003 		orr	r3, r3, #144
 116 0046 11E0     		b	.L11
 117              	.L6:
 118 0048 11F4004F 		tst	r1, #32768
 119 004c 13D1     		bne	.L18
ARM GAS  C:\Users\Nathan\AppData\Local\Temp\cc2yLhuw.s 			page 3


 120 004e 0023     		movs	r3, #0
 121              	.L12:
 122 0050 11F0010F 		tst	r1, #1
 123 0054 01D0     		beq	.L13
 124 0056 43F0F203 		orr	r3, r3, #242
 125              	.L13:
 126 005a 11F0020F 		tst	r1, #2
 127 005e 0CD0     		beq	.L14
 128 0060 43F0F403 		orr	r3, r3, #244
 129              	.L15:
 130 0064 2029     		cmp	r1, #32
 131 0066 0DD0     		beq	.L19
 132              	.L16:
 133 0068 4029     		cmp	r1, #64
 134 006a 0ED0     		beq	.L20
 135              	.L11:
 136 006c 0168     		ldr	r1, [r0]
 137 006e 0A68     		ldr	r2, [r1]
 138 0070 1343     		orrs	r3, r3, r2
 139 0072 0B60     		str	r3, [r1]
 140 0074 7047     		bx	lr
 141              	.L18:
 142 0076 B823     		movs	r3, #184
 143 0078 EAE7     		b	.L12
 144              	.L14:
 145 007a 1029     		cmp	r1, #16
 146 007c F2D1     		bne	.L15
 147 007e 43F09003 		orr	r3, r3, #144
 148 0082 F1E7     		b	.L16
 149              	.L19:
 150 0084 43F06003 		orr	r3, r3, #96
 151 0088 F0E7     		b	.L11
 152              	.L20:
 153 008a 43F04003 		orr	r3, r3, #64
 154 008e EDE7     		b	.L11
 155              	.L22:
 156              		.align	2
 157              	.L21:
 158 0090 00000000 		.word	I2C_Master_ISR_DMA
 159 0094 00000000 		.word	I2C_Slave_ISR_DMA
 160 0098 00000000 		.word	I2C_Mem_ISR_DMA
 162              		.section	.text.I2C_Disable_IRQ,"ax",%progbits
 163              		.align	1
 164              		.syntax unified
 165              		.thumb
 166              		.thumb_func
 168              	I2C_Disable_IRQ:
 169              		@ args = 0, pretend = 0, frame = 0
 170              		@ frame_needed = 0, uses_anonymous_args = 0
 171              		@ link register save eliminated.
 172 0000 11F0010F 		tst	r1, #1
 173 0004 09D0     		beq	.L30
 174 0006 90F84130 		ldrb	r3, [r0, #65]	@ zero_extendqisi2
 175 000a 03F02803 		and	r3, r3, #40
 176 000e 282B     		cmp	r3, #40
 177 0010 01D0     		beq	.L33
 178 0012 F223     		movs	r3, #242
ARM GAS  C:\Users\Nathan\AppData\Local\Temp\cc2yLhuw.s 			page 4


 179 0014 02E0     		b	.L24
 180              	.L33:
 181 0016 4223     		movs	r3, #66
 182 0018 00E0     		b	.L24
 183              	.L30:
 184 001a 0023     		movs	r3, #0
 185              	.L24:
 186 001c 11F0020F 		tst	r1, #2
 187 0020 09D0     		beq	.L25
 188 0022 43F0440C 		orr	ip, r3, #68
 189 0026 90F84120 		ldrb	r2, [r0, #65]	@ zero_extendqisi2
 190 002a 02F02802 		and	r2, r2, #40
 191 002e 282A     		cmp	r2, #40
 192 0030 09D0     		beq	.L32
 193 0032 43F0F403 		orr	r3, r3, #244
 194              	.L25:
 195 0036 11F4004F 		tst	r1, #32768
 196 003a 06D1     		bne	.L34
 197 003c 1029     		cmp	r1, #16
 198 003e 06D1     		bne	.L27
 199 0040 43F09003 		orr	r3, r3, #144
 200 0044 05E0     		b	.L28
 201              	.L32:
 202 0046 6346     		mov	r3, ip
 203 0048 F5E7     		b	.L25
 204              	.L34:
 205 004a 43F0B803 		orr	r3, r3, #184
 206              	.L27:
 207 004e 2029     		cmp	r1, #32
 208 0050 07D0     		beq	.L35
 209              	.L28:
 210 0052 4029     		cmp	r1, #64
 211 0054 08D0     		beq	.L36
 212              	.L29:
 213 0056 0168     		ldr	r1, [r0]
 214 0058 0A68     		ldr	r2, [r1]
 215 005a 22EA0303 		bic	r3, r2, r3
 216 005e 0B60     		str	r3, [r1]
 217 0060 7047     		bx	lr
 218              	.L35:
 219 0062 43F02003 		orr	r3, r3, #32
 220 0066 F6E7     		b	.L29
 221              	.L36:
 222 0068 43F04003 		orr	r3, r3, #64
 223 006c F3E7     		b	.L29
 225              		.section	.text.I2C_ConvertOtherXferOptions,"ax",%progbits
 226              		.align	1
 227              		.syntax unified
 228              		.thumb
 229              		.thumb_func
 231              	I2C_ConvertOtherXferOptions:
 232              		@ args = 0, pretend = 0, frame = 0
 233              		@ frame_needed = 0, uses_anonymous_args = 0
 234              		@ link register save eliminated.
 235 0000 C36A     		ldr	r3, [r0, #44]
 236 0002 AA2B     		cmp	r3, #170
 237 0004 04D0     		beq	.L40
ARM GAS  C:\Users\Nathan\AppData\Local\Temp\cc2yLhuw.s 			page 5


 238 0006 C36A     		ldr	r3, [r0, #44]
 239 0008 B3F52A4F 		cmp	r3, #43520
 240 000c 03D0     		beq	.L41
 241              	.L37:
 242 000e 7047     		bx	lr
 243              	.L40:
 244 0010 0023     		movs	r3, #0
 245 0012 C362     		str	r3, [r0, #44]
 246 0014 7047     		bx	lr
 247              	.L41:
 248 0016 4FF00073 		mov	r3, #33554432
 249 001a C362     		str	r3, [r0, #44]
 250 001c F7E7     		b	.L37
 252              		.section	.text.I2C_IsErrorOccurred,"ax",%progbits
 253              		.align	1
 254              		.syntax unified
 255              		.thumb
 256              		.thumb_func
 258              	I2C_IsErrorOccurred:
 259              		@ args = 0, pretend = 0, frame = 0
 260              		@ frame_needed = 0, uses_anonymous_args = 0
 261 0000 2DE9F041 		push	{r4, r5, r6, r7, r8, lr}
 262 0004 0446     		mov	r4, r0
 263 0006 0368     		ldr	r3, [r0]
 264 0008 9E69     		ldr	r6, [r3, #24]
 265 000a 16F01006 		ands	r6, r6, #16
 266 000e 7CD0     		beq	.L59
 267 0010 0D46     		mov	r5, r1
 268 0012 9046     		mov	r8, r2
 269 0014 1022     		movs	r2, #16
 270 0016 DA61     		str	r2, [r3, #28]
 271 0018 0026     		movs	r6, #0
 272 001a 3746     		mov	r7, r6
 273              	.L45:
 274 001c 2368     		ldr	r3, [r4]
 275 001e 9869     		ldr	r0, [r3, #24]
 276 0020 10F0200F 		tst	r0, #32
 277 0024 30D1     		bne	.L51
 278 0026 7FBB     		cbnz	r7, .L51
 279 0028 B5F1FF3F 		cmp	r5, #-1
 280 002c F6D0     		beq	.L45
 281 002e FFF7FEFF 		bl	HAL_GetTick
 282 0032 4346     		mov	r3, r8
 283 0034 C01A     		subs	r0, r0, r3
 284 0036 A842     		cmp	r0, r5
 285 0038 01D8     		bhi	.L46
 286 003a 002D     		cmp	r5, #0
 287 003c EED1     		bne	.L45
 288              	.L46:
 289 003e 2168     		ldr	r1, [r4]
 290 0040 4B68     		ldr	r3, [r1, #4]
 291 0042 03F48043 		and	r3, r3, #16384
 292 0046 94F84220 		ldrb	r2, [r4, #66]	@ zero_extendqisi2
 293 004a D2B2     		uxtb	r2, r2
 294 004c 8869     		ldr	r0, [r1, #24]
 295 004e 10F4004F 		tst	r0, #32768
 296 0052 02D0     		beq	.L49
ARM GAS  C:\Users\Nathan\AppData\Local\Temp\cc2yLhuw.s 			page 6


 297 0054 0BB9     		cbnz	r3, .L49
 298 0056 202A     		cmp	r2, #32
 299 0058 0ED1     		bne	.L61
 300              	.L49:
 301 005a 2368     		ldr	r3, [r4]
 302 005c 9B69     		ldr	r3, [r3, #24]
 303 005e 13F0200F 		tst	r3, #32
 304 0062 DBD1     		bne	.L45
 305 0064 FFF7FEFF 		bl	HAL_GetTick
 306 0068 4346     		mov	r3, r8
 307 006a C01A     		subs	r0, r0, r3
 308 006c 1928     		cmp	r0, #25
 309 006e F4D9     		bls	.L49
 310 0070 46F02006 		orr	r6, r6, #32
 311 0074 0127     		movs	r7, #1
 312 0076 D1E7     		b	.L45
 313              	.L61:
 314 0078 4B68     		ldr	r3, [r1, #4]
 315 007a 43F48043 		orr	r3, r3, #16384
 316 007e 4B60     		str	r3, [r1, #4]
 317 0080 FFF7FEFF 		bl	HAL_GetTick
 318 0084 8046     		mov	r8, r0
 319 0086 E8E7     		b	.L49
 320              	.L51:
 321 0088 0FB9     		cbnz	r7, .L53
 322 008a 2022     		movs	r2, #32
 323 008c DA61     		str	r2, [r3, #28]
 324              	.L53:
 325 008e 46F00406 		orr	r6, r6, #4
 326 0092 0125     		movs	r5, #1
 327              	.L43:
 328 0094 2268     		ldr	r2, [r4]
 329 0096 9369     		ldr	r3, [r2, #24]
 330 0098 13F4807F 		tst	r3, #256
 331 009c 05D0     		beq	.L54
 332 009e 46F00106 		orr	r6, r6, #1
 333 00a2 4FF48071 		mov	r1, #256
 334 00a6 D161     		str	r1, [r2, #28]
 335 00a8 0125     		movs	r5, #1
 336              	.L54:
 337 00aa 13F4806F 		tst	r3, #1024
 338 00ae 06D0     		beq	.L55
 339 00b0 46F00806 		orr	r6, r6, #8
 340 00b4 2268     		ldr	r2, [r4]
 341 00b6 4FF48061 		mov	r1, #1024
 342 00ba D161     		str	r1, [r2, #28]
 343 00bc 0125     		movs	r5, #1
 344              	.L55:
 345 00be 13F4007F 		tst	r3, #512
 346 00c2 24D0     		beq	.L56
 347 00c4 46F00206 		orr	r6, r6, #2
 348 00c8 2368     		ldr	r3, [r4]
 349 00ca 4FF40072 		mov	r2, #512
 350 00ce DA61     		str	r2, [r3, #28]
 351 00d0 0125     		movs	r5, #1
 352              	.L57:
 353 00d2 2046     		mov	r0, r4
ARM GAS  C:\Users\Nathan\AppData\Local\Temp\cc2yLhuw.s 			page 7


 354 00d4 FFF7FEFF 		bl	I2C_Flush_TXDR
 355 00d8 2268     		ldr	r2, [r4]
 356 00da 5368     		ldr	r3, [r2, #4]
 357 00dc 23F0FF73 		bic	r3, r3, #33423360
 358 00e0 23F48B33 		bic	r3, r3, #71168
 359 00e4 23F4FF73 		bic	r3, r3, #510
 360 00e8 23F00103 		bic	r3, r3, #1
 361 00ec 5360     		str	r3, [r2, #4]
 362 00ee 636C     		ldr	r3, [r4, #68]
 363 00f0 3343     		orrs	r3, r3, r6
 364 00f2 6364     		str	r3, [r4, #68]
 365 00f4 2023     		movs	r3, #32
 366 00f6 84F84130 		strb	r3, [r4, #65]
 367 00fa 0023     		movs	r3, #0
 368 00fc 84F84230 		strb	r3, [r4, #66]
 369 0100 84F84030 		strb	r3, [r4, #64]
 370              	.L58:
 371 0104 2846     		mov	r0, r5
 372 0106 BDE8F081 		pop	{r4, r5, r6, r7, r8, pc}
 373              	.L59:
 374 010a 0025     		movs	r5, #0
 375 010c C2E7     		b	.L43
 376              	.L56:
 377 010e 002D     		cmp	r5, #0
 378 0110 F8D0     		beq	.L58
 379 0112 DEE7     		b	.L57
 381              		.section	.text.I2C_WaitOnTXISFlagUntilTimeout,"ax",%progbits
 382              		.align	1
 383              		.syntax unified
 384              		.thumb
 385              		.thumb_func
 387              	I2C_WaitOnTXISFlagUntilTimeout:
 388              		@ args = 0, pretend = 0, frame = 0
 389              		@ frame_needed = 0, uses_anonymous_args = 0
 390 0000 70B5     		push	{r4, r5, r6, lr}
 391 0002 0446     		mov	r4, r0
 392 0004 0D46     		mov	r5, r1
 393 0006 1646     		mov	r6, r2
 394              	.L65:
 395 0008 2368     		ldr	r3, [r4]
 396 000a 9B69     		ldr	r3, [r3, #24]
 397 000c 13F0020F 		tst	r3, #2
 398 0010 22D1     		bne	.L70
 399 0012 3246     		mov	r2, r6
 400 0014 2946     		mov	r1, r5
 401 0016 2046     		mov	r0, r4
 402 0018 FFF7FEFF 		bl	I2C_IsErrorOccurred
 403 001c F0B9     		cbnz	r0, .L68
 404 001e B5F1FF3F 		cmp	r5, #-1
 405 0022 F1D0     		beq	.L65
 406 0024 FFF7FEFF 		bl	HAL_GetTick
 407 0028 801B     		subs	r0, r0, r6
 408 002a A842     		cmp	r0, r5
 409 002c 01D8     		bhi	.L66
 410 002e 002D     		cmp	r5, #0
 411 0030 EAD1     		bne	.L65
 412              	.L66:
ARM GAS  C:\Users\Nathan\AppData\Local\Temp\cc2yLhuw.s 			page 8


 413 0032 2368     		ldr	r3, [r4]
 414 0034 9B69     		ldr	r3, [r3, #24]
 415 0036 13F0020F 		tst	r3, #2
 416 003a E5D1     		bne	.L65
 417 003c 636C     		ldr	r3, [r4, #68]
 418 003e 43F02003 		orr	r3, r3, #32
 419 0042 6364     		str	r3, [r4, #68]
 420 0044 2023     		movs	r3, #32
 421 0046 84F84130 		strb	r3, [r4, #65]
 422 004a 0023     		movs	r3, #0
 423 004c 84F84230 		strb	r3, [r4, #66]
 424 0050 84F84030 		strb	r3, [r4, #64]
 425 0054 0120     		movs	r0, #1
 426 0056 00E0     		b	.L64
 427              	.L70:
 428 0058 0020     		movs	r0, #0
 429              	.L64:
 430 005a 70BD     		pop	{r4, r5, r6, pc}
 431              	.L68:
 432 005c 0120     		movs	r0, #1
 433 005e FCE7     		b	.L64
 435              		.section	.text.I2C_WaitOnFlagUntilTimeout,"ax",%progbits
 436              		.align	1
 437              		.syntax unified
 438              		.thumb
 439              		.thumb_func
 441              	I2C_WaitOnFlagUntilTimeout:
 442              		@ args = 4, pretend = 0, frame = 0
 443              		@ frame_needed = 0, uses_anonymous_args = 0
 444 0000 2DE9F041 		push	{r4, r5, r6, r7, r8, lr}
 445 0004 0446     		mov	r4, r0
 446 0006 0F46     		mov	r7, r1
 447 0008 1646     		mov	r6, r2
 448 000a 1D46     		mov	r5, r3
 449 000c DDF81880 		ldr	r8, [sp, #24]
 450              	.L74:
 451 0010 2368     		ldr	r3, [r4]
 452 0012 9B69     		ldr	r3, [r3, #24]
 453 0014 37EA0303 		bics	r3, r7, r3
 454 0018 0CBF     		ite	eq
 455 001a 0123     		moveq	r3, #1
 456 001c 0023     		movne	r3, #0
 457 001e B342     		cmp	r3, r6
 458 0020 27D1     		bne	.L79
 459 0022 4246     		mov	r2, r8
 460 0024 2946     		mov	r1, r5
 461 0026 2046     		mov	r0, r4
 462 0028 FFF7FEFF 		bl	I2C_IsErrorOccurred
 463 002c 20BB     		cbnz	r0, .L77
 464 002e B5F1FF3F 		cmp	r5, #-1
 465 0032 EDD0     		beq	.L74
 466 0034 FFF7FEFF 		bl	HAL_GetTick
 467 0038 A0EB0800 		sub	r0, r0, r8
 468 003c A842     		cmp	r0, r5
 469 003e 01D8     		bhi	.L75
 470 0040 002D     		cmp	r5, #0
 471 0042 E5D1     		bne	.L74
ARM GAS  C:\Users\Nathan\AppData\Local\Temp\cc2yLhuw.s 			page 9


 472              	.L75:
 473 0044 2368     		ldr	r3, [r4]
 474 0046 9B69     		ldr	r3, [r3, #24]
 475 0048 37EA0303 		bics	r3, r7, r3
 476 004c 0CBF     		ite	eq
 477 004e 0123     		moveq	r3, #1
 478 0050 0023     		movne	r3, #0
 479 0052 B342     		cmp	r3, r6
 480 0054 DCD1     		bne	.L74
 481 0056 636C     		ldr	r3, [r4, #68]
 482 0058 43F02003 		orr	r3, r3, #32
 483 005c 6364     		str	r3, [r4, #68]
 484 005e 2023     		movs	r3, #32
 485 0060 84F84130 		strb	r3, [r4, #65]
 486 0064 0023     		movs	r3, #0
 487 0066 84F84230 		strb	r3, [r4, #66]
 488 006a 84F84030 		strb	r3, [r4, #64]
 489 006e 0120     		movs	r0, #1
 490 0070 00E0     		b	.L73
 491              	.L79:
 492 0072 0020     		movs	r0, #0
 493              	.L73:
 494 0074 BDE8F081 		pop	{r4, r5, r6, r7, r8, pc}
 495              	.L77:
 496 0078 0120     		movs	r0, #1
 497 007a FBE7     		b	.L73
 499              		.section	.text.I2C_RequestMemoryWrite,"ax",%progbits
 500              		.align	1
 501              		.syntax unified
 502              		.thumb
 503              		.thumb_func
 505              	I2C_RequestMemoryWrite:
 506              		@ args = 8, pretend = 0, frame = 0
 507              		@ frame_needed = 0, uses_anonymous_args = 0
 508 0000 70B5     		push	{r4, r5, r6, lr}
 509 0002 82B0     		sub	sp, sp, #8
 510 0004 0446     		mov	r4, r0
 511 0006 1646     		mov	r6, r2
 512 0008 1D46     		mov	r5, r3
 513 000a 184B     		ldr	r3, .L89
 514 000c 0093     		str	r3, [sp]
 515 000e 4FF08073 		mov	r3, #16777216
 516 0012 EAB2     		uxtb	r2, r5
 517 0014 FFF7FEFF 		bl	I2C_TransferConfig
 518 0018 079A     		ldr	r2, [sp, #28]
 519 001a 0699     		ldr	r1, [sp, #24]
 520 001c 2046     		mov	r0, r4
 521 001e FFF7FEFF 		bl	I2C_WaitOnTXISFlagUntilTimeout
 522 0022 E0B9     		cbnz	r0, .L84
 523 0024 012D     		cmp	r5, #1
 524 0026 0DD1     		bne	.L82
 525 0028 2368     		ldr	r3, [r4]
 526 002a F2B2     		uxtb	r2, r6
 527 002c 9A62     		str	r2, [r3, #40]
 528              	.L83:
 529 002e 079B     		ldr	r3, [sp, #28]
 530 0030 0093     		str	r3, [sp]
ARM GAS  C:\Users\Nathan\AppData\Local\Temp\cc2yLhuw.s 			page 10


 531 0032 069B     		ldr	r3, [sp, #24]
 532 0034 0022     		movs	r2, #0
 533 0036 8021     		movs	r1, #128
 534 0038 2046     		mov	r0, r4
 535 003a FFF7FEFF 		bl	I2C_WaitOnFlagUntilTimeout
 536 003e 90B9     		cbnz	r0, .L88
 537              	.L81:
 538 0040 02B0     		add	sp, sp, #8
 539              		@ sp needed
 540 0042 70BD     		pop	{r4, r5, r6, pc}
 541              	.L82:
 542 0044 330A     		lsrs	r3, r6, #8
 543 0046 2268     		ldr	r2, [r4]
 544 0048 9362     		str	r3, [r2, #40]
 545 004a 079A     		ldr	r2, [sp, #28]
 546 004c 0699     		ldr	r1, [sp, #24]
 547 004e 2046     		mov	r0, r4
 548 0050 FFF7FEFF 		bl	I2C_WaitOnTXISFlagUntilTimeout
 549 0054 28B9     		cbnz	r0, .L85
 550 0056 2368     		ldr	r3, [r4]
 551 0058 F2B2     		uxtb	r2, r6
 552 005a 9A62     		str	r2, [r3, #40]
 553 005c E7E7     		b	.L83
 554              	.L84:
 555 005e 0120     		movs	r0, #1
 556 0060 EEE7     		b	.L81
 557              	.L85:
 558 0062 0120     		movs	r0, #1
 559 0064 ECE7     		b	.L81
 560              	.L88:
 561 0066 0120     		movs	r0, #1
 562 0068 EAE7     		b	.L81
 563              	.L90:
 564 006a 00BF     		.align	2
 565              	.L89:
 566 006c 00200080 		.word	-2147475456
 568              		.section	.text.I2C_RequestMemoryRead,"ax",%progbits
 569              		.align	1
 570              		.syntax unified
 571              		.thumb
 572              		.thumb_func
 574              	I2C_RequestMemoryRead:
 575              		@ args = 8, pretend = 0, frame = 0
 576              		@ frame_needed = 0, uses_anonymous_args = 0
 577 0000 70B5     		push	{r4, r5, r6, lr}
 578 0002 82B0     		sub	sp, sp, #8
 579 0004 0446     		mov	r4, r0
 580 0006 1646     		mov	r6, r2
 581 0008 1D46     		mov	r5, r3
 582 000a 174B     		ldr	r3, .L100
 583 000c 0093     		str	r3, [sp]
 584 000e 0023     		movs	r3, #0
 585 0010 EAB2     		uxtb	r2, r5
 586 0012 FFF7FEFF 		bl	I2C_TransferConfig
 587 0016 079A     		ldr	r2, [sp, #28]
 588 0018 0699     		ldr	r1, [sp, #24]
 589 001a 2046     		mov	r0, r4
ARM GAS  C:\Users\Nathan\AppData\Local\Temp\cc2yLhuw.s 			page 11


 590 001c FFF7FEFF 		bl	I2C_WaitOnTXISFlagUntilTimeout
 591 0020 E0B9     		cbnz	r0, .L95
 592 0022 012D     		cmp	r5, #1
 593 0024 0DD1     		bne	.L93
 594 0026 2368     		ldr	r3, [r4]
 595 0028 F2B2     		uxtb	r2, r6
 596 002a 9A62     		str	r2, [r3, #40]
 597              	.L94:
 598 002c 079B     		ldr	r3, [sp, #28]
 599 002e 0093     		str	r3, [sp]
 600 0030 069B     		ldr	r3, [sp, #24]
 601 0032 0022     		movs	r2, #0
 602 0034 4021     		movs	r1, #64
 603 0036 2046     		mov	r0, r4
 604 0038 FFF7FEFF 		bl	I2C_WaitOnFlagUntilTimeout
 605 003c 90B9     		cbnz	r0, .L99
 606              	.L92:
 607 003e 02B0     		add	sp, sp, #8
 608              		@ sp needed
 609 0040 70BD     		pop	{r4, r5, r6, pc}
 610              	.L93:
 611 0042 330A     		lsrs	r3, r6, #8
 612 0044 2268     		ldr	r2, [r4]
 613 0046 9362     		str	r3, [r2, #40]
 614 0048 079A     		ldr	r2, [sp, #28]
 615 004a 0699     		ldr	r1, [sp, #24]
 616 004c 2046     		mov	r0, r4
 617 004e FFF7FEFF 		bl	I2C_WaitOnTXISFlagUntilTimeout
 618 0052 28B9     		cbnz	r0, .L96
 619 0054 2368     		ldr	r3, [r4]
 620 0056 F2B2     		uxtb	r2, r6
 621 0058 9A62     		str	r2, [r3, #40]
 622 005a E7E7     		b	.L94
 623              	.L95:
 624 005c 0120     		movs	r0, #1
 625 005e EEE7     		b	.L92
 626              	.L96:
 627 0060 0120     		movs	r0, #1
 628 0062 ECE7     		b	.L92
 629              	.L99:
 630 0064 0120     		movs	r0, #1
 631 0066 EAE7     		b	.L92
 632              	.L101:
 633              		.align	2
 634              	.L100:
 635 0068 00200080 		.word	-2147475456
 637              		.section	.text.I2C_WaitOnSTOPFlagUntilTimeout,"ax",%progbits
 638              		.align	1
 639              		.syntax unified
 640              		.thumb
 641              		.thumb_func
 643              	I2C_WaitOnSTOPFlagUntilTimeout:
 644              		@ args = 0, pretend = 0, frame = 0
 645              		@ frame_needed = 0, uses_anonymous_args = 0
 646 0000 70B5     		push	{r4, r5, r6, lr}
 647 0002 0446     		mov	r4, r0
 648 0004 0D46     		mov	r5, r1
ARM GAS  C:\Users\Nathan\AppData\Local\Temp\cc2yLhuw.s 			page 12


 649 0006 1646     		mov	r6, r2
 650 0008 04E0     		b	.L103
 651              	.L105:
 652 000a 2368     		ldr	r3, [r4]
 653 000c 9B69     		ldr	r3, [r3, #24]
 654 000e 13F0200F 		tst	r3, #32
 655 0012 12D0     		beq	.L109
 656              	.L103:
 657 0014 2368     		ldr	r3, [r4]
 658 0016 9B69     		ldr	r3, [r3, #24]
 659 0018 13F0200F 		tst	r3, #32
 660 001c 1BD1     		bne	.L110
 661 001e 3246     		mov	r2, r6
 662 0020 2946     		mov	r1, r5
 663 0022 2046     		mov	r0, r4
 664 0024 FFF7FEFF 		bl	I2C_IsErrorOccurred
 665 0028 B8B9     		cbnz	r0, .L107
 666 002a FFF7FEFF 		bl	HAL_GetTick
 667 002e 801B     		subs	r0, r0, r6
 668 0030 A842     		cmp	r0, r5
 669 0032 EAD8     		bhi	.L105
 670 0034 002D     		cmp	r5, #0
 671 0036 EDD1     		bne	.L103
 672 0038 E7E7     		b	.L105
 673              	.L109:
 674 003a 636C     		ldr	r3, [r4, #68]
 675 003c 43F02003 		orr	r3, r3, #32
 676 0040 6364     		str	r3, [r4, #68]
 677 0042 2023     		movs	r3, #32
 678 0044 84F84130 		strb	r3, [r4, #65]
 679 0048 0023     		movs	r3, #0
 680 004a 84F84230 		strb	r3, [r4, #66]
 681 004e 84F84030 		strb	r3, [r4, #64]
 682 0052 0120     		movs	r0, #1
 683 0054 00E0     		b	.L104
 684              	.L110:
 685 0056 0020     		movs	r0, #0
 686              	.L104:
 687 0058 70BD     		pop	{r4, r5, r6, pc}
 688              	.L107:
 689 005a 0120     		movs	r0, #1
 690 005c FCE7     		b	.L104
 692              		.section	.text.I2C_WaitOnRXNEFlagUntilTimeout,"ax",%progbits
 693              		.align	1
 694              		.syntax unified
 695              		.thumb
 696              		.thumb_func
 698              	I2C_WaitOnRXNEFlagUntilTimeout:
 699              		@ args = 0, pretend = 0, frame = 0
 700              		@ frame_needed = 0, uses_anonymous_args = 0
 701 0000 F8B5     		push	{r3, r4, r5, r6, r7, lr}
 702 0002 0446     		mov	r4, r0
 703 0004 0E46     		mov	r6, r1
 704 0006 1746     		mov	r7, r2
 705 0008 0025     		movs	r5, #0
 706 000a 17E0     		b	.L112
 707              	.L115:
ARM GAS  C:\Users\Nathan\AppData\Local\Temp\cc2yLhuw.s 			page 13


 708 000c 0023     		movs	r3, #0
 709 000e 6364     		str	r3, [r4, #68]
 710              	.L114:
 711 0010 FFF7FEFF 		bl	HAL_GetTick
 712 0014 C01B     		subs	r0, r0, r7
 713 0016 B042     		cmp	r0, r6
 714 0018 00D8     		bhi	.L116
 715 001a 7EB9     		cbnz	r6, .L112
 716              	.L116:
 717 001c 75B9     		cbnz	r5, .L112
 718 001e 2368     		ldr	r3, [r4]
 719 0020 9B69     		ldr	r3, [r3, #24]
 720 0022 13F0040F 		tst	r3, #4
 721 0026 09D1     		bne	.L112
 722 0028 636C     		ldr	r3, [r4, #68]
 723 002a 43F02003 		orr	r3, r3, #32
 724 002e 6364     		str	r3, [r4, #68]
 725 0030 2023     		movs	r3, #32
 726 0032 84F84130 		strb	r3, [r4, #65]
 727 0036 84F84050 		strb	r5, [r4, #64]
 728 003a 0125     		movs	r5, #1
 729              	.L112:
 730 003c 2368     		ldr	r3, [r4]
 731 003e 9B69     		ldr	r3, [r3, #24]
 732 0040 13F0040F 		tst	r3, #4
 733 0044 2DD1     		bne	.L118
 734 0046 65BB     		cbnz	r5, .L118
 735 0048 3A46     		mov	r2, r7
 736 004a 3146     		mov	r1, r6
 737 004c 2046     		mov	r0, r4
 738 004e FFF7FEFF 		bl	I2C_IsErrorOccurred
 739 0052 00B1     		cbz	r0, .L113
 740 0054 0125     		movs	r5, #1
 741              	.L113:
 742 0056 2368     		ldr	r3, [r4]
 743 0058 9A69     		ldr	r2, [r3, #24]
 744 005a 12F0200F 		tst	r2, #32
 745 005e D7D0     		beq	.L114
 746 0060 002D     		cmp	r5, #0
 747 0062 D5D1     		bne	.L114
 748 0064 9A69     		ldr	r2, [r3, #24]
 749 0066 9A69     		ldr	r2, [r3, #24]
 750 0068 12F0100F 		tst	r2, #16
 751 006c CED0     		beq	.L115
 752 006e 1022     		movs	r2, #16
 753 0070 DA61     		str	r2, [r3, #28]
 754 0072 0423     		movs	r3, #4
 755 0074 6364     		str	r3, [r4, #68]
 756 0076 2368     		ldr	r3, [r4]
 757 0078 2022     		movs	r2, #32
 758 007a DA61     		str	r2, [r3, #28]
 759 007c 2168     		ldr	r1, [r4]
 760 007e 4B68     		ldr	r3, [r1, #4]
 761 0080 23F0FF73 		bic	r3, r3, #33423360
 762 0084 23F48B33 		bic	r3, r3, #71168
 763 0088 23F4FF73 		bic	r3, r3, #510
 764 008c 23F00103 		bic	r3, r3, #1
ARM GAS  C:\Users\Nathan\AppData\Local\Temp\cc2yLhuw.s 			page 14


 765 0090 4B60     		str	r3, [r1, #4]
 766 0092 84F84120 		strb	r2, [r4, #65]
 767 0096 84F84250 		strb	r5, [r4, #66]
 768 009a 84F84050 		strb	r5, [r4, #64]
 769 009e 0125     		movs	r5, #1
 770 00a0 B6E7     		b	.L114
 771              	.L118:
 772 00a2 2846     		mov	r0, r5
 773 00a4 F8BD     		pop	{r3, r4, r5, r6, r7, pc}
 775              		.section	.text.HAL_I2C_MspInit,"ax",%progbits
 776              		.align	1
 777              		.weak	HAL_I2C_MspInit
 778              		.syntax unified
 779              		.thumb
 780              		.thumb_func
 782              	HAL_I2C_MspInit:
 783              		@ args = 0, pretend = 0, frame = 0
 784              		@ frame_needed = 0, uses_anonymous_args = 0
 785              		@ link register save eliminated.
 786 0000 7047     		bx	lr
 788              		.section	.text.HAL_I2C_Init,"ax",%progbits
 789              		.align	1
 790              		.global	HAL_I2C_Init
 791              		.syntax unified
 792              		.thumb
 793              		.thumb_func
 795              	HAL_I2C_Init:
 796              		@ args = 0, pretend = 0, frame = 0
 797              		@ frame_needed = 0, uses_anonymous_args = 0
 798 0000 0028     		cmp	r0, #0
 799 0002 5FD0     		beq	.L130
 800 0004 10B5     		push	{r4, lr}
 801 0006 0446     		mov	r4, r0
 802 0008 90F84130 		ldrb	r3, [r0, #65]	@ zero_extendqisi2
 803 000c 002B     		cmp	r3, #0
 804 000e 48D0     		beq	.L135
 805              	.L125:
 806 0010 2423     		movs	r3, #36
 807 0012 84F84130 		strb	r3, [r4, #65]
 808 0016 2268     		ldr	r2, [r4]
 809 0018 1368     		ldr	r3, [r2]
 810 001a 23F00103 		bic	r3, r3, #1
 811 001e 1360     		str	r3, [r2]
 812 0020 6368     		ldr	r3, [r4, #4]
 813 0022 2268     		ldr	r2, [r4]
 814 0024 23F07063 		bic	r3, r3, #251658240
 815 0028 1361     		str	r3, [r2, #16]
 816 002a 2268     		ldr	r2, [r4]
 817 002c 9368     		ldr	r3, [r2, #8]
 818 002e 23F40043 		bic	r3, r3, #32768
 819 0032 9360     		str	r3, [r2, #8]
 820 0034 E368     		ldr	r3, [r4, #12]
 821 0036 012B     		cmp	r3, #1
 822 0038 38D0     		beq	.L136
 823 003a A368     		ldr	r3, [r4, #8]
 824 003c 2268     		ldr	r2, [r4]
 825 003e 43F40443 		orr	r3, r3, #33792
ARM GAS  C:\Users\Nathan\AppData\Local\Temp\cc2yLhuw.s 			page 15


 826 0042 9360     		str	r3, [r2, #8]
 827              	.L127:
 828 0044 E368     		ldr	r3, [r4, #12]
 829 0046 022B     		cmp	r3, #2
 830 0048 36D0     		beq	.L137
 831 004a 2268     		ldr	r2, [r4]
 832 004c 5368     		ldr	r3, [r2, #4]
 833 004e 23F40063 		bic	r3, r3, #2048
 834 0052 5360     		str	r3, [r2, #4]
 835              	.L129:
 836 0054 2268     		ldr	r2, [r4]
 837 0056 5368     		ldr	r3, [r2, #4]
 838 0058 43F00073 		orr	r3, r3, #33554432
 839 005c 43F40043 		orr	r3, r3, #32768
 840 0060 5360     		str	r3, [r2, #4]
 841 0062 2268     		ldr	r2, [r4]
 842 0064 D368     		ldr	r3, [r2, #12]
 843 0066 23F40043 		bic	r3, r3, #32768
 844 006a D360     		str	r3, [r2, #12]
 845 006c 2369     		ldr	r3, [r4, #16]
 846 006e 6269     		ldr	r2, [r4, #20]
 847 0070 1343     		orrs	r3, r3, r2
 848 0072 A169     		ldr	r1, [r4, #24]
 849 0074 2268     		ldr	r2, [r4]
 850 0076 43EA0123 		orr	r3, r3, r1, lsl #8
 851 007a D360     		str	r3, [r2, #12]
 852 007c E369     		ldr	r3, [r4, #28]
 853 007e 216A     		ldr	r1, [r4, #32]
 854 0080 2268     		ldr	r2, [r4]
 855 0082 0B43     		orrs	r3, r3, r1
 856 0084 1360     		str	r3, [r2]
 857 0086 2268     		ldr	r2, [r4]
 858 0088 1368     		ldr	r3, [r2]
 859 008a 43F00103 		orr	r3, r3, #1
 860 008e 1360     		str	r3, [r2]
 861 0090 0020     		movs	r0, #0
 862 0092 6064     		str	r0, [r4, #68]
 863 0094 2023     		movs	r3, #32
 864 0096 84F84130 		strb	r3, [r4, #65]
 865 009a 2063     		str	r0, [r4, #48]
 866 009c 84F84200 		strb	r0, [r4, #66]
 867 00a0 10BD     		pop	{r4, pc}
 868              	.L135:
 869 00a2 80F84030 		strb	r3, [r0, #64]
 870 00a6 FFF7FEFF 		bl	HAL_I2C_MspInit
 871 00aa B1E7     		b	.L125
 872              	.L136:
 873 00ac A368     		ldr	r3, [r4, #8]
 874 00ae 2268     		ldr	r2, [r4]
 875 00b0 43F40043 		orr	r3, r3, #32768
 876 00b4 9360     		str	r3, [r2, #8]
 877 00b6 C5E7     		b	.L127
 878              	.L137:
 879 00b8 2268     		ldr	r2, [r4]
 880 00ba 5368     		ldr	r3, [r2, #4]
 881 00bc 43F40063 		orr	r3, r3, #2048
 882 00c0 5360     		str	r3, [r2, #4]
ARM GAS  C:\Users\Nathan\AppData\Local\Temp\cc2yLhuw.s 			page 16


 883 00c2 C7E7     		b	.L129
 884              	.L130:
 885 00c4 0120     		movs	r0, #1
 886 00c6 7047     		bx	lr
 888              		.section	.text.HAL_I2C_MspDeInit,"ax",%progbits
 889              		.align	1
 890              		.weak	HAL_I2C_MspDeInit
 891              		.syntax unified
 892              		.thumb
 893              		.thumb_func
 895              	HAL_I2C_MspDeInit:
 896              		@ args = 0, pretend = 0, frame = 0
 897              		@ frame_needed = 0, uses_anonymous_args = 0
 898              		@ link register save eliminated.
 899 0000 7047     		bx	lr
 901              		.section	.text.HAL_I2C_DeInit,"ax",%progbits
 902              		.align	1
 903              		.global	HAL_I2C_DeInit
 904              		.syntax unified
 905              		.thumb
 906              		.thumb_func
 908              	HAL_I2C_DeInit:
 909              		@ args = 0, pretend = 0, frame = 0
 910              		@ frame_needed = 0, uses_anonymous_args = 0
 911 0000 A8B1     		cbz	r0, .L141
 912 0002 10B5     		push	{r4, lr}
 913 0004 0446     		mov	r4, r0
 914 0006 2423     		movs	r3, #36
 915 0008 80F84130 		strb	r3, [r0, #65]
 916 000c 0268     		ldr	r2, [r0]
 917 000e 1368     		ldr	r3, [r2]
 918 0010 23F00103 		bic	r3, r3, #1
 919 0014 1360     		str	r3, [r2]
 920 0016 FFF7FEFF 		bl	HAL_I2C_MspDeInit
 921 001a 0020     		movs	r0, #0
 922 001c 6064     		str	r0, [r4, #68]
 923 001e 84F84100 		strb	r0, [r4, #65]
 924 0022 2063     		str	r0, [r4, #48]
 925 0024 84F84200 		strb	r0, [r4, #66]
 926 0028 84F84000 		strb	r0, [r4, #64]
 927 002c 10BD     		pop	{r4, pc}
 928              	.L141:
 929 002e 0120     		movs	r0, #1
 930 0030 7047     		bx	lr
 932              		.section	.text.HAL_I2C_Master_Transmit,"ax",%progbits
 933              		.align	1
 934              		.global	HAL_I2C_Master_Transmit
 935              		.syntax unified
 936              		.thumb
 937              		.thumb_func
 939              	HAL_I2C_Master_Transmit:
 940              		@ args = 4, pretend = 0, frame = 0
 941              		@ frame_needed = 0, uses_anonymous_args = 0
 942 0000 2DE9F043 		push	{r4, r5, r6, r7, r8, r9, lr}
 943 0004 83B0     		sub	sp, sp, #12
 944 0006 8946     		mov	r9, r1
 945 0008 0A9E     		ldr	r6, [sp, #40]
ARM GAS  C:\Users\Nathan\AppData\Local\Temp\cc2yLhuw.s 			page 17


 946 000a 90F84110 		ldrb	r1, [r0, #65]	@ zero_extendqisi2
 947 000e 2029     		cmp	r1, #32
 948 0010 40F0B480 		bne	.L156
 949 0014 0446     		mov	r4, r0
 950 0016 1746     		mov	r7, r2
 951 0018 9846     		mov	r8, r3
 952 001a 90F84030 		ldrb	r3, [r0, #64]	@ zero_extendqisi2
 953 001e 012B     		cmp	r3, #1
 954 0020 00F0B080 		beq	.L157
 955 0024 4FF00103 		mov	r3, #1
 956 0028 80F84030 		strb	r3, [r0, #64]
 957 002c FFF7FEFF 		bl	HAL_GetTick
 958 0030 0546     		mov	r5, r0
 959 0032 0090     		str	r0, [sp]
 960 0034 1923     		movs	r3, #25
 961 0036 0122     		movs	r2, #1
 962 0038 4FF40041 		mov	r1, #32768
 963 003c 2046     		mov	r0, r4
 964 003e FFF7FEFF 		bl	I2C_WaitOnFlagUntilTimeout
 965 0042 0028     		cmp	r0, #0
 966 0044 40F0A080 		bne	.L158
 967 0048 2123     		movs	r3, #33
 968 004a 84F84130 		strb	r3, [r4, #65]
 969 004e 1023     		movs	r3, #16
 970 0050 84F84230 		strb	r3, [r4, #66]
 971 0054 6064     		str	r0, [r4, #68]
 972 0056 6762     		str	r7, [r4, #36]
 973 0058 A4F82A80 		strh	r8, [r4, #42]	@ movhi
 974 005c 6063     		str	r0, [r4, #52]
 975 005e 638D     		ldrh	r3, [r4, #42]
 976 0060 9BB2     		uxth	r3, r3
 977 0062 FF2B     		cmp	r3, #255
 978 0064 1ED9     		bls	.L148
 979 0066 FF23     		movs	r3, #255
 980 0068 2385     		strh	r3, [r4, #40]	@ movhi
 981 006a 4FF08073 		mov	r3, #16777216
 982              	.L149:
 983 006e 228D     		ldrh	r2, [r4, #40]
 984 0070 EAB1     		cbz	r2, .L150
 985 0072 2268     		ldr	r2, [r4]
 986 0074 3978     		ldrb	r1, [r7]	@ zero_extendqisi2
 987 0076 9162     		str	r1, [r2, #40]
 988 0078 626A     		ldr	r2, [r4, #36]
 989 007a 0132     		adds	r2, r2, #1
 990 007c 6262     		str	r2, [r4, #36]
 991 007e 628D     		ldrh	r2, [r4, #42]
 992 0080 92B2     		uxth	r2, r2
 993 0082 013A     		subs	r2, r2, #1
 994 0084 92B2     		uxth	r2, r2
 995 0086 6285     		strh	r2, [r4, #42]	@ movhi
 996 0088 228D     		ldrh	r2, [r4, #40]
 997 008a 013A     		subs	r2, r2, #1
 998 008c 92B2     		uxth	r2, r2
 999 008e 2285     		strh	r2, [r4, #40]	@ movhi
 1000 0090 D2B2     		uxtb	r2, r2
 1001 0092 0132     		adds	r2, r2, #1
 1002 0094 4049     		ldr	r1, .L164
ARM GAS  C:\Users\Nathan\AppData\Local\Temp\cc2yLhuw.s 			page 18


 1003 0096 0091     		str	r1, [sp]
 1004 0098 D2B2     		uxtb	r2, r2
 1005 009a 4946     		mov	r1, r9
 1006 009c 2046     		mov	r0, r4
 1007 009e FFF7FEFF 		bl	I2C_TransferConfig
 1008 00a2 18E0     		b	.L154
 1009              	.L148:
 1010 00a4 638D     		ldrh	r3, [r4, #42]
 1011 00a6 2385     		strh	r3, [r4, #40]	@ movhi
 1012 00a8 4FF00073 		mov	r3, #33554432
 1013 00ac DFE7     		b	.L149
 1014              	.L150:
 1015 00ae 3A49     		ldr	r1, .L164
 1016 00b0 0091     		str	r1, [sp]
 1017 00b2 D2B2     		uxtb	r2, r2
 1018 00b4 4946     		mov	r1, r9
 1019 00b6 2046     		mov	r0, r4
 1020 00b8 FFF7FEFF 		bl	I2C_TransferConfig
 1021 00bc 0BE0     		b	.L154
 1022              	.L153:
 1023 00be 628D     		ldrh	r2, [r4, #42]
 1024 00c0 92B2     		uxth	r2, r2
 1025 00c2 2285     		strh	r2, [r4, #40]	@ movhi
 1026 00c4 0023     		movs	r3, #0
 1027 00c6 0093     		str	r3, [sp]
 1028 00c8 4FF00073 		mov	r3, #33554432
 1029 00cc D2B2     		uxtb	r2, r2
 1030 00ce 4946     		mov	r1, r9
 1031 00d0 2046     		mov	r0, r4
 1032 00d2 FFF7FEFF 		bl	I2C_TransferConfig
 1033              	.L154:
 1034 00d6 638D     		ldrh	r3, [r4, #42]
 1035 00d8 9BB2     		uxth	r3, r3
 1036 00da 002B     		cmp	r3, #0
 1037 00dc 32D0     		beq	.L163
 1038 00de 2A46     		mov	r2, r5
 1039 00e0 3146     		mov	r1, r6
 1040 00e2 2046     		mov	r0, r4
 1041 00e4 FFF7FEFF 		bl	I2C_WaitOnTXISFlagUntilTimeout
 1042 00e8 0028     		cmp	r0, #0
 1043 00ea 4FD1     		bne	.L159
 1044 00ec 626A     		ldr	r2, [r4, #36]
 1045 00ee 2368     		ldr	r3, [r4]
 1046 00f0 1278     		ldrb	r2, [r2]	@ zero_extendqisi2
 1047 00f2 9A62     		str	r2, [r3, #40]
 1048 00f4 636A     		ldr	r3, [r4, #36]
 1049 00f6 0133     		adds	r3, r3, #1
 1050 00f8 6362     		str	r3, [r4, #36]
 1051 00fa 638D     		ldrh	r3, [r4, #42]
 1052 00fc 9BB2     		uxth	r3, r3
 1053 00fe 013B     		subs	r3, r3, #1
 1054 0100 9BB2     		uxth	r3, r3
 1055 0102 6385     		strh	r3, [r4, #42]	@ movhi
 1056 0104 238D     		ldrh	r3, [r4, #40]
 1057 0106 013B     		subs	r3, r3, #1
 1058 0108 9BB2     		uxth	r3, r3
 1059 010a 2385     		strh	r3, [r4, #40]	@ movhi
ARM GAS  C:\Users\Nathan\AppData\Local\Temp\cc2yLhuw.s 			page 19


 1060 010c 628D     		ldrh	r2, [r4, #42]
 1061 010e 92B2     		uxth	r2, r2
 1062 0110 002A     		cmp	r2, #0
 1063 0112 E0D0     		beq	.L154
 1064 0114 002B     		cmp	r3, #0
 1065 0116 DED1     		bne	.L154
 1066 0118 0095     		str	r5, [sp]
 1067 011a 3346     		mov	r3, r6
 1068 011c 0246     		mov	r2, r0
 1069 011e 8021     		movs	r1, #128
 1070 0120 2046     		mov	r0, r4
 1071 0122 FFF7FEFF 		bl	I2C_WaitOnFlagUntilTimeout
 1072 0126 98BB     		cbnz	r0, .L160
 1073 0128 638D     		ldrh	r3, [r4, #42]
 1074 012a 9BB2     		uxth	r3, r3
 1075 012c FF2B     		cmp	r3, #255
 1076 012e C6D9     		bls	.L153
 1077 0130 FF22     		movs	r2, #255
 1078 0132 2285     		strh	r2, [r4, #40]	@ movhi
 1079 0134 0090     		str	r0, [sp]
 1080 0136 4FF08073 		mov	r3, #16777216
 1081 013a 4946     		mov	r1, r9
 1082 013c 2046     		mov	r0, r4
 1083 013e FFF7FEFF 		bl	I2C_TransferConfig
 1084 0142 C8E7     		b	.L154
 1085              	.L163:
 1086 0144 2A46     		mov	r2, r5
 1087 0146 3146     		mov	r1, r6
 1088 0148 2046     		mov	r0, r4
 1089 014a FFF7FEFF 		bl	I2C_WaitOnSTOPFlagUntilTimeout
 1090 014e 08BB     		cbnz	r0, .L161
 1091 0150 2368     		ldr	r3, [r4]
 1092 0152 2022     		movs	r2, #32
 1093 0154 DA61     		str	r2, [r3, #28]
 1094 0156 2168     		ldr	r1, [r4]
 1095 0158 4B68     		ldr	r3, [r1, #4]
 1096 015a 23F0FF73 		bic	r3, r3, #33423360
 1097 015e 23F48B33 		bic	r3, r3, #71168
 1098 0162 23F4FF73 		bic	r3, r3, #510
 1099 0166 23F00103 		bic	r3, r3, #1
 1100 016a 4B60     		str	r3, [r1, #4]
 1101 016c 84F84120 		strb	r2, [r4, #65]
 1102 0170 0023     		movs	r3, #0
 1103 0172 84F84230 		strb	r3, [r4, #66]
 1104 0176 84F84030 		strb	r3, [r4, #64]
 1105 017a 00E0     		b	.L147
 1106              	.L156:
 1107 017c 0220     		movs	r0, #2
 1108              	.L147:
 1109 017e 03B0     		add	sp, sp, #12
 1110              		@ sp needed
 1111 0180 BDE8F083 		pop	{r4, r5, r6, r7, r8, r9, pc}
 1112              	.L157:
 1113 0184 0220     		movs	r0, #2
 1114 0186 FAE7     		b	.L147
 1115              	.L158:
 1116 0188 0120     		movs	r0, #1
ARM GAS  C:\Users\Nathan\AppData\Local\Temp\cc2yLhuw.s 			page 20


 1117 018a F8E7     		b	.L147
 1118              	.L159:
 1119 018c 0120     		movs	r0, #1
 1120 018e F6E7     		b	.L147
 1121              	.L160:
 1122 0190 0120     		movs	r0, #1
 1123 0192 F4E7     		b	.L147
 1124              	.L161:
 1125 0194 0120     		movs	r0, #1
 1126 0196 F2E7     		b	.L147
 1127              	.L165:
 1128              		.align	2
 1129              	.L164:
 1130 0198 00200080 		.word	-2147475456
 1132              		.section	.text.HAL_I2C_Master_Receive,"ax",%progbits
 1133              		.align	1
 1134              		.global	HAL_I2C_Master_Receive
 1135              		.syntax unified
 1136              		.thumb
 1137              		.thumb_func
 1139              	HAL_I2C_Master_Receive:
 1140              		@ args = 4, pretend = 0, frame = 0
 1141              		@ frame_needed = 0, uses_anonymous_args = 0
 1142 0000 2DE9F043 		push	{r4, r5, r6, r7, r8, r9, lr}
 1143 0004 83B0     		sub	sp, sp, #12
 1144 0006 0F46     		mov	r7, r1
 1145 0008 0A9E     		ldr	r6, [sp, #40]
 1146 000a 90F84110 		ldrb	r1, [r0, #65]	@ zero_extendqisi2
 1147 000e 2029     		cmp	r1, #32
 1148 0010 40F0A080 		bne	.L174
 1149 0014 0446     		mov	r4, r0
 1150 0016 9146     		mov	r9, r2
 1151 0018 9846     		mov	r8, r3
 1152 001a 90F84030 		ldrb	r3, [r0, #64]	@ zero_extendqisi2
 1153 001e 012B     		cmp	r3, #1
 1154 0020 00F09C80 		beq	.L175
 1155 0024 4FF00103 		mov	r3, #1
 1156 0028 80F84030 		strb	r3, [r0, #64]
 1157 002c FFF7FEFF 		bl	HAL_GetTick
 1158 0030 0546     		mov	r5, r0
 1159 0032 0090     		str	r0, [sp]
 1160 0034 1923     		movs	r3, #25
 1161 0036 0122     		movs	r2, #1
 1162 0038 4FF40041 		mov	r1, #32768
 1163 003c 2046     		mov	r0, r4
 1164 003e FFF7FEFF 		bl	I2C_WaitOnFlagUntilTimeout
 1165 0042 0028     		cmp	r0, #0
 1166 0044 40F08C80 		bne	.L176
 1167 0048 2223     		movs	r3, #34
 1168 004a 84F84130 		strb	r3, [r4, #65]
 1169 004e 1023     		movs	r3, #16
 1170 0050 84F84230 		strb	r3, [r4, #66]
 1171 0054 6064     		str	r0, [r4, #68]
 1172 0056 C4F82490 		str	r9, [r4, #36]
 1173 005a A4F82A80 		strh	r8, [r4, #42]	@ movhi
 1174 005e 6063     		str	r0, [r4, #52]
 1175 0060 638D     		ldrh	r3, [r4, #42]
ARM GAS  C:\Users\Nathan\AppData\Local\Temp\cc2yLhuw.s 			page 21


 1176 0062 9BB2     		uxth	r3, r3
 1177 0064 FF2B     		cmp	r3, #255
 1178 0066 0AD9     		bls	.L168
 1179 0068 FF22     		movs	r2, #255
 1180 006a 2285     		strh	r2, [r4, #40]	@ movhi
 1181 006c 404B     		ldr	r3, .L182
 1182 006e 0093     		str	r3, [sp]
 1183 0070 4FF08073 		mov	r3, #16777216
 1184 0074 3946     		mov	r1, r7
 1185 0076 2046     		mov	r0, r4
 1186 0078 FFF7FEFF 		bl	I2C_TransferConfig
 1187 007c 18E0     		b	.L172
 1188              	.L168:
 1189 007e 628D     		ldrh	r2, [r4, #42]
 1190 0080 92B2     		uxth	r2, r2
 1191 0082 2285     		strh	r2, [r4, #40]	@ movhi
 1192 0084 3A4B     		ldr	r3, .L182
 1193 0086 0093     		str	r3, [sp]
 1194 0088 4FF00073 		mov	r3, #33554432
 1195 008c D2B2     		uxtb	r2, r2
 1196 008e 3946     		mov	r1, r7
 1197 0090 2046     		mov	r0, r4
 1198 0092 FFF7FEFF 		bl	I2C_TransferConfig
 1199 0096 0BE0     		b	.L172
 1200              	.L171:
 1201 0098 628D     		ldrh	r2, [r4, #42]
 1202 009a 92B2     		uxth	r2, r2
 1203 009c 2285     		strh	r2, [r4, #40]	@ movhi
 1204 009e 0023     		movs	r3, #0
 1205 00a0 0093     		str	r3, [sp]
 1206 00a2 4FF00073 		mov	r3, #33554432
 1207 00a6 D2B2     		uxtb	r2, r2
 1208 00a8 3946     		mov	r1, r7
 1209 00aa 2046     		mov	r0, r4
 1210 00ac FFF7FEFF 		bl	I2C_TransferConfig
 1211              	.L172:
 1212 00b0 638D     		ldrh	r3, [r4, #42]
 1213 00b2 9BB2     		uxth	r3, r3
 1214 00b4 002B     		cmp	r3, #0
 1215 00b6 31D0     		beq	.L181
 1216 00b8 2A46     		mov	r2, r5
 1217 00ba 3146     		mov	r1, r6
 1218 00bc 2046     		mov	r0, r4
 1219 00be FFF7FEFF 		bl	I2C_WaitOnRXNEFlagUntilTimeout
 1220 00c2 0028     		cmp	r0, #0
 1221 00c4 4ED1     		bne	.L177
 1222 00c6 2368     		ldr	r3, [r4]
 1223 00c8 5A6A     		ldr	r2, [r3, #36]
 1224 00ca 636A     		ldr	r3, [r4, #36]
 1225 00cc 1A70     		strb	r2, [r3]
 1226 00ce 636A     		ldr	r3, [r4, #36]
 1227 00d0 0133     		adds	r3, r3, #1
 1228 00d2 6362     		str	r3, [r4, #36]
 1229 00d4 228D     		ldrh	r2, [r4, #40]
 1230 00d6 013A     		subs	r2, r2, #1
 1231 00d8 92B2     		uxth	r2, r2
 1232 00da 2285     		strh	r2, [r4, #40]	@ movhi
ARM GAS  C:\Users\Nathan\AppData\Local\Temp\cc2yLhuw.s 			page 22


 1233 00dc 638D     		ldrh	r3, [r4, #42]
 1234 00de 9BB2     		uxth	r3, r3
 1235 00e0 013B     		subs	r3, r3, #1
 1236 00e2 9BB2     		uxth	r3, r3
 1237 00e4 6385     		strh	r3, [r4, #42]	@ movhi
 1238 00e6 638D     		ldrh	r3, [r4, #42]
 1239 00e8 9BB2     		uxth	r3, r3
 1240 00ea 002B     		cmp	r3, #0
 1241 00ec E0D0     		beq	.L172
 1242 00ee 002A     		cmp	r2, #0
 1243 00f0 DED1     		bne	.L172
 1244 00f2 0095     		str	r5, [sp]
 1245 00f4 3346     		mov	r3, r6
 1246 00f6 8021     		movs	r1, #128
 1247 00f8 2046     		mov	r0, r4
 1248 00fa FFF7FEFF 		bl	I2C_WaitOnFlagUntilTimeout
 1249 00fe 98BB     		cbnz	r0, .L178
 1250 0100 638D     		ldrh	r3, [r4, #42]
 1251 0102 9BB2     		uxth	r3, r3
 1252 0104 FF2B     		cmp	r3, #255
 1253 0106 C7D9     		bls	.L171
 1254 0108 FF22     		movs	r2, #255
 1255 010a 2285     		strh	r2, [r4, #40]	@ movhi
 1256 010c 0090     		str	r0, [sp]
 1257 010e 4FF08073 		mov	r3, #16777216
 1258 0112 3946     		mov	r1, r7
 1259 0114 2046     		mov	r0, r4
 1260 0116 FFF7FEFF 		bl	I2C_TransferConfig
 1261 011a C9E7     		b	.L172
 1262              	.L181:
 1263 011c 2A46     		mov	r2, r5
 1264 011e 3146     		mov	r1, r6
 1265 0120 2046     		mov	r0, r4
 1266 0122 FFF7FEFF 		bl	I2C_WaitOnSTOPFlagUntilTimeout
 1267 0126 08BB     		cbnz	r0, .L179
 1268 0128 2368     		ldr	r3, [r4]
 1269 012a 2022     		movs	r2, #32
 1270 012c DA61     		str	r2, [r3, #28]
 1271 012e 2168     		ldr	r1, [r4]
 1272 0130 4B68     		ldr	r3, [r1, #4]
 1273 0132 23F0FF73 		bic	r3, r3, #33423360
 1274 0136 23F48B33 		bic	r3, r3, #71168
 1275 013a 23F4FF73 		bic	r3, r3, #510
 1276 013e 23F00103 		bic	r3, r3, #1
 1277 0142 4B60     		str	r3, [r1, #4]
 1278 0144 84F84120 		strb	r2, [r4, #65]
 1279 0148 0023     		movs	r3, #0
 1280 014a 84F84230 		strb	r3, [r4, #66]
 1281 014e 84F84030 		strb	r3, [r4, #64]
 1282 0152 00E0     		b	.L167
 1283              	.L174:
 1284 0154 0220     		movs	r0, #2
 1285              	.L167:
 1286 0156 03B0     		add	sp, sp, #12
 1287              		@ sp needed
 1288 0158 BDE8F083 		pop	{r4, r5, r6, r7, r8, r9, pc}
 1289              	.L175:
ARM GAS  C:\Users\Nathan\AppData\Local\Temp\cc2yLhuw.s 			page 23


 1290 015c 0220     		movs	r0, #2
 1291 015e FAE7     		b	.L167
 1292              	.L176:
 1293 0160 0120     		movs	r0, #1
 1294 0162 F8E7     		b	.L167
 1295              	.L177:
 1296 0164 0120     		movs	r0, #1
 1297 0166 F6E7     		b	.L167
 1298              	.L178:
 1299 0168 0120     		movs	r0, #1
 1300 016a F4E7     		b	.L167
 1301              	.L179:
 1302 016c 0120     		movs	r0, #1
 1303 016e F2E7     		b	.L167
 1304              	.L183:
 1305              		.align	2
 1306              	.L182:
 1307 0170 00240080 		.word	-2147474432
 1309              		.section	.text.HAL_I2C_Slave_Transmit,"ax",%progbits
 1310              		.align	1
 1311              		.global	HAL_I2C_Slave_Transmit
 1312              		.syntax unified
 1313              		.thumb
 1314              		.thumb_func
 1316              	HAL_I2C_Slave_Transmit:
 1317              		@ args = 0, pretend = 0, frame = 0
 1318              		@ frame_needed = 0, uses_anonymous_args = 0
 1319 0000 2DE9F041 		push	{r4, r5, r6, r7, r8, lr}
 1320 0004 82B0     		sub	sp, sp, #8
 1321 0006 1D46     		mov	r5, r3
 1322 0008 90F84130 		ldrb	r3, [r0, #65]	@ zero_extendqisi2
 1323 000c 202B     		cmp	r3, #32
 1324 000e 40F0EA80 		bne	.L200
 1325 0012 0446     		mov	r4, r0
 1326 0014 0F46     		mov	r7, r1
 1327 0016 9046     		mov	r8, r2
 1328 0018 0029     		cmp	r1, #0
 1329 001a 57D0     		beq	.L186
 1330 001c 002A     		cmp	r2, #0
 1331 001e 55D0     		beq	.L186
 1332 0020 90F84030 		ldrb	r3, [r0, #64]	@ zero_extendqisi2
 1333 0024 012B     		cmp	r3, #1
 1334 0026 00F0E280 		beq	.L201
 1335 002a 0123     		movs	r3, #1
 1336 002c 80F84030 		strb	r3, [r0, #64]
 1337 0030 FFF7FEFF 		bl	HAL_GetTick
 1338 0034 0646     		mov	r6, r0
 1339 0036 2123     		movs	r3, #33
 1340 0038 84F84130 		strb	r3, [r4, #65]
 1341 003c 2023     		movs	r3, #32
 1342 003e 84F84230 		strb	r3, [r4, #66]
 1343 0042 0023     		movs	r3, #0
 1344 0044 6364     		str	r3, [r4, #68]
 1345 0046 6762     		str	r7, [r4, #36]
 1346 0048 A4F82A80 		strh	r8, [r4, #42]	@ movhi
 1347 004c 6363     		str	r3, [r4, #52]
 1348 004e 2268     		ldr	r2, [r4]
ARM GAS  C:\Users\Nathan\AppData\Local\Temp\cc2yLhuw.s 			page 24


 1349 0050 5368     		ldr	r3, [r2, #4]
 1350 0052 23F40043 		bic	r3, r3, #32768
 1351 0056 5360     		str	r3, [r2, #4]
 1352 0058 236A     		ldr	r3, [r4, #32]
 1353 005a B3F5003F 		cmp	r3, #131072
 1354 005e 3AD0     		beq	.L203
 1355              	.L188:
 1356 0060 0096     		str	r6, [sp]
 1357 0062 2B46     		mov	r3, r5
 1358 0064 0022     		movs	r2, #0
 1359 0066 0821     		movs	r1, #8
 1360 0068 2046     		mov	r0, r4
 1361 006a FFF7FEFF 		bl	I2C_WaitOnFlagUntilTimeout
 1362 006e 0028     		cmp	r0, #0
 1363 0070 3ED1     		bne	.L204
 1364 0072 2368     		ldr	r3, [r4]
 1365 0074 0822     		movs	r2, #8
 1366 0076 DA61     		str	r2, [r3, #28]
 1367 0078 E368     		ldr	r3, [r4, #12]
 1368 007a 022B     		cmp	r3, #2
 1369 007c 42D0     		beq	.L205
 1370              	.L190:
 1371 007e 0096     		str	r6, [sp]
 1372 0080 2B46     		mov	r3, r5
 1373 0082 0022     		movs	r2, #0
 1374 0084 4FF48031 		mov	r1, #65536
 1375 0088 2046     		mov	r0, r4
 1376 008a FFF7FEFF 		bl	I2C_WaitOnFlagUntilTimeout
 1377 008e 0028     		cmp	r0, #0
 1378 0090 4ED1     		bne	.L206
 1379              	.L192:
 1380 0092 628D     		ldrh	r2, [r4, #42]
 1381 0094 92B2     		uxth	r2, r2
 1382 0096 002A     		cmp	r2, #0
 1383 0098 5BD0     		beq	.L207
 1384 009a 3246     		mov	r2, r6
 1385 009c 2946     		mov	r1, r5
 1386 009e 2046     		mov	r0, r4
 1387 00a0 FFF7FEFF 		bl	I2C_WaitOnTXISFlagUntilTimeout
 1388 00a4 0028     		cmp	r0, #0
 1389 00a6 4DD1     		bne	.L208
 1390 00a8 626A     		ldr	r2, [r4, #36]
 1391 00aa 2368     		ldr	r3, [r4]
 1392 00ac 1278     		ldrb	r2, [r2]	@ zero_extendqisi2
 1393 00ae 9A62     		str	r2, [r3, #40]
 1394 00b0 636A     		ldr	r3, [r4, #36]
 1395 00b2 0133     		adds	r3, r3, #1
 1396 00b4 6362     		str	r3, [r4, #36]
 1397 00b6 B4F82AC0 		ldrh	ip, [r4, #42]
 1398 00ba 1FFA8CFC 		uxth	ip, ip
 1399 00be 0CF1FF3C 		add	ip, ip, #-1
 1400 00c2 1FFA8CFC 		uxth	ip, ip
 1401 00c6 A4F82AC0 		strh	ip, [r4, #42]	@ movhi
 1402 00ca E2E7     		b	.L192
 1403              	.L186:
 1404 00cc 4FF40073 		mov	r3, #512
 1405 00d0 6364     		str	r3, [r4, #68]
ARM GAS  C:\Users\Nathan\AppData\Local\Temp\cc2yLhuw.s 			page 25


 1406 00d2 0120     		movs	r0, #1
 1407 00d4 88E0     		b	.L185
 1408              	.L203:
 1409 00d6 626A     		ldr	r2, [r4, #36]
 1410 00d8 2368     		ldr	r3, [r4]
 1411 00da 1278     		ldrb	r2, [r2]	@ zero_extendqisi2
 1412 00dc 9A62     		str	r2, [r3, #40]
 1413 00de 636A     		ldr	r3, [r4, #36]
 1414 00e0 0133     		adds	r3, r3, #1
 1415 00e2 6362     		str	r3, [r4, #36]
 1416 00e4 638D     		ldrh	r3, [r4, #42]
 1417 00e6 9BB2     		uxth	r3, r3
 1418 00e8 013B     		subs	r3, r3, #1
 1419 00ea 9BB2     		uxth	r3, r3
 1420 00ec 6385     		strh	r3, [r4, #42]	@ movhi
 1421 00ee B7E7     		b	.L188
 1422              	.L204:
 1423 00f0 2268     		ldr	r2, [r4]
 1424 00f2 5368     		ldr	r3, [r2, #4]
 1425 00f4 43F40043 		orr	r3, r3, #32768
 1426 00f8 5360     		str	r3, [r2, #4]
 1427 00fa 2046     		mov	r0, r4
 1428 00fc FFF7FEFF 		bl	I2C_Flush_TXDR
 1429 0100 0120     		movs	r0, #1
 1430 0102 71E0     		b	.L185
 1431              	.L205:
 1432 0104 0096     		str	r6, [sp]
 1433 0106 2B46     		mov	r3, r5
 1434 0108 0246     		mov	r2, r0
 1435 010a 0821     		movs	r1, #8
 1436 010c 2046     		mov	r0, r4
 1437 010e FFF7FEFF 		bl	I2C_WaitOnFlagUntilTimeout
 1438 0112 18B9     		cbnz	r0, .L209
 1439 0114 2368     		ldr	r3, [r4]
 1440 0116 0822     		movs	r2, #8
 1441 0118 DA61     		str	r2, [r3, #28]
 1442 011a B0E7     		b	.L190
 1443              	.L209:
 1444 011c 2268     		ldr	r2, [r4]
 1445 011e 5368     		ldr	r3, [r2, #4]
 1446 0120 43F40043 		orr	r3, r3, #32768
 1447 0124 5360     		str	r3, [r2, #4]
 1448 0126 2046     		mov	r0, r4
 1449 0128 FFF7FEFF 		bl	I2C_Flush_TXDR
 1450 012c 0120     		movs	r0, #1
 1451 012e 5BE0     		b	.L185
 1452              	.L206:
 1453 0130 2268     		ldr	r2, [r4]
 1454 0132 5368     		ldr	r3, [r2, #4]
 1455 0134 43F40043 		orr	r3, r3, #32768
 1456 0138 5360     		str	r3, [r2, #4]
 1457 013a 2046     		mov	r0, r4
 1458 013c FFF7FEFF 		bl	I2C_Flush_TXDR
 1459 0140 0120     		movs	r0, #1
 1460 0142 51E0     		b	.L185
 1461              	.L208:
 1462 0144 2268     		ldr	r2, [r4]
ARM GAS  C:\Users\Nathan\AppData\Local\Temp\cc2yLhuw.s 			page 26


 1463 0146 5368     		ldr	r3, [r2, #4]
 1464 0148 43F40043 		orr	r3, r3, #32768
 1465 014c 5360     		str	r3, [r2, #4]
 1466 014e 0120     		movs	r0, #1
 1467 0150 4AE0     		b	.L185
 1468              	.L207:
 1469 0152 0096     		str	r6, [sp]
 1470 0154 2B46     		mov	r3, r5
 1471 0156 1021     		movs	r1, #16
 1472 0158 2046     		mov	r0, r4
 1473 015a FFF7FEFF 		bl	I2C_WaitOnFlagUntilTimeout
 1474 015e E8B1     		cbz	r0, .L195
 1475 0160 638D     		ldrh	r3, [r4, #42]
 1476 0162 9BB2     		uxth	r3, r3
 1477 0164 626C     		ldr	r2, [r4, #68]
 1478 0166 042A     		cmp	r2, #4
 1479 0168 11D1     		bne	.L196
 1480 016a 83B9     		cbnz	r3, .L196
 1481 016c 6364     		str	r3, [r4, #68]
 1482              	.L197:
 1483 016e 0096     		str	r6, [sp]
 1484 0170 2B46     		mov	r3, r5
 1485 0172 0122     		movs	r2, #1
 1486 0174 4FF40041 		mov	r1, #32768
 1487 0178 2046     		mov	r0, r4
 1488 017a FFF7FEFF 		bl	I2C_WaitOnFlagUntilTimeout
 1489 017e 20B3     		cbz	r0, .L199
 1490 0180 2268     		ldr	r2, [r4]
 1491 0182 5368     		ldr	r3, [r2, #4]
 1492 0184 43F40043 		orr	r3, r3, #32768
 1493 0188 5360     		str	r3, [r2, #4]
 1494 018a 0120     		movs	r0, #1
 1495 018c 2CE0     		b	.L185
 1496              	.L196:
 1497 018e 2268     		ldr	r2, [r4]
 1498 0190 5368     		ldr	r3, [r2, #4]
 1499 0192 43F40043 		orr	r3, r3, #32768
 1500 0196 5360     		str	r3, [r2, #4]
 1501 0198 0120     		movs	r0, #1
 1502 019a 25E0     		b	.L185
 1503              	.L195:
 1504 019c 2046     		mov	r0, r4
 1505 019e FFF7FEFF 		bl	I2C_Flush_TXDR
 1506 01a2 2368     		ldr	r3, [r4]
 1507 01a4 1022     		movs	r2, #16
 1508 01a6 DA61     		str	r2, [r3, #28]
 1509 01a8 3246     		mov	r2, r6
 1510 01aa 2946     		mov	r1, r5
 1511 01ac 2046     		mov	r0, r4
 1512 01ae FFF7FEFF 		bl	I2C_WaitOnSTOPFlagUntilTimeout
 1513 01b2 18B9     		cbnz	r0, .L210
 1514 01b4 2368     		ldr	r3, [r4]
 1515 01b6 2022     		movs	r2, #32
 1516 01b8 DA61     		str	r2, [r3, #28]
 1517 01ba D8E7     		b	.L197
 1518              	.L210:
 1519 01bc 2268     		ldr	r2, [r4]
ARM GAS  C:\Users\Nathan\AppData\Local\Temp\cc2yLhuw.s 			page 27


 1520 01be 5368     		ldr	r3, [r2, #4]
 1521 01c0 43F40043 		orr	r3, r3, #32768
 1522 01c4 5360     		str	r3, [r2, #4]
 1523 01c6 0120     		movs	r0, #1
 1524 01c8 0EE0     		b	.L185
 1525              	.L199:
 1526 01ca 2268     		ldr	r2, [r4]
 1527 01cc 5368     		ldr	r3, [r2, #4]
 1528 01ce 43F40043 		orr	r3, r3, #32768
 1529 01d2 5360     		str	r3, [r2, #4]
 1530 01d4 2023     		movs	r3, #32
 1531 01d6 84F84130 		strb	r3, [r4, #65]
 1532 01da 0023     		movs	r3, #0
 1533 01dc 84F84230 		strb	r3, [r4, #66]
 1534 01e0 84F84030 		strb	r3, [r4, #64]
 1535 01e4 00E0     		b	.L185
 1536              	.L200:
 1537 01e6 0220     		movs	r0, #2
 1538              	.L185:
 1539 01e8 02B0     		add	sp, sp, #8
 1540              		@ sp needed
 1541 01ea BDE8F081 		pop	{r4, r5, r6, r7, r8, pc}
 1542              	.L201:
 1543 01ee 0220     		movs	r0, #2
 1544 01f0 FAE7     		b	.L185
 1546              		.section	.text.HAL_I2C_Slave_Receive,"ax",%progbits
 1547              		.align	1
 1548              		.global	HAL_I2C_Slave_Receive
 1549              		.syntax unified
 1550              		.thumb
 1551              		.thumb_func
 1553              	HAL_I2C_Slave_Receive:
 1554              		@ args = 0, pretend = 0, frame = 0
 1555              		@ frame_needed = 0, uses_anonymous_args = 0
 1556 0000 2DE9F041 		push	{r4, r5, r6, r7, r8, lr}
 1557 0004 82B0     		sub	sp, sp, #8
 1558 0006 1D46     		mov	r5, r3
 1559 0008 90F84130 		ldrb	r3, [r0, #65]	@ zero_extendqisi2
 1560 000c 202B     		cmp	r3, #32
 1561 000e 40F0B180 		bne	.L222
 1562 0012 0446     		mov	r4, r0
 1563 0014 0E46     		mov	r6, r1
 1564 0016 1746     		mov	r7, r2
 1565 0018 59B3     		cbz	r1, .L213
 1566 001a 52B3     		cbz	r2, .L213
 1567 001c 90F84030 		ldrb	r3, [r0, #64]	@ zero_extendqisi2
 1568 0020 012B     		cmp	r3, #1
 1569 0022 00F0AB80 		beq	.L223
 1570 0026 0123     		movs	r3, #1
 1571 0028 80F84030 		strb	r3, [r0, #64]
 1572 002c FFF7FEFF 		bl	HAL_GetTick
 1573 0030 8046     		mov	r8, r0
 1574 0032 2223     		movs	r3, #34
 1575 0034 84F84130 		strb	r3, [r4, #65]
 1576 0038 2023     		movs	r3, #32
 1577 003a 84F84230 		strb	r3, [r4, #66]
 1578 003e 0022     		movs	r2, #0
ARM GAS  C:\Users\Nathan\AppData\Local\Temp\cc2yLhuw.s 			page 28


 1579 0040 6264     		str	r2, [r4, #68]
 1580 0042 6662     		str	r6, [r4, #36]
 1581 0044 6785     		strh	r7, [r4, #42]	@ movhi
 1582 0046 638D     		ldrh	r3, [r4, #42]
 1583 0048 2385     		strh	r3, [r4, #40]	@ movhi
 1584 004a 6263     		str	r2, [r4, #52]
 1585 004c 2168     		ldr	r1, [r4]
 1586 004e 4B68     		ldr	r3, [r1, #4]
 1587 0050 23F40043 		bic	r3, r3, #32768
 1588 0054 4B60     		str	r3, [r1, #4]
 1589 0056 0090     		str	r0, [sp]
 1590 0058 2B46     		mov	r3, r5
 1591 005a 0821     		movs	r1, #8
 1592 005c 2046     		mov	r0, r4
 1593 005e FFF7FEFF 		bl	I2C_WaitOnFlagUntilTimeout
 1594 0062 58B1     		cbz	r0, .L215
 1595 0064 2268     		ldr	r2, [r4]
 1596 0066 5368     		ldr	r3, [r2, #4]
 1597 0068 43F40043 		orr	r3, r3, #32768
 1598 006c 5360     		str	r3, [r2, #4]
 1599 006e 0120     		movs	r0, #1
 1600 0070 81E0     		b	.L212
 1601              	.L213:
 1602 0072 4FF40073 		mov	r3, #512
 1603 0076 6364     		str	r3, [r4, #68]
 1604 0078 0120     		movs	r0, #1
 1605 007a 7CE0     		b	.L212
 1606              	.L215:
 1607 007c 2368     		ldr	r3, [r4]
 1608 007e 0822     		movs	r2, #8
 1609 0080 DA61     		str	r2, [r3, #28]
 1610 0082 CDF80080 		str	r8, [sp]
 1611 0086 2B46     		mov	r3, r5
 1612 0088 0122     		movs	r2, #1
 1613 008a 4FF48031 		mov	r1, #65536
 1614 008e 2046     		mov	r0, r4
 1615 0090 FFF7FEFF 		bl	I2C_WaitOnFlagUntilTimeout
 1616 0094 F0B9     		cbnz	r0, .L225
 1617              	.L216:
 1618 0096 638D     		ldrh	r3, [r4, #42]
 1619 0098 9BB2     		uxth	r3, r3
 1620 009a 002B     		cmp	r3, #0
 1621 009c 3BD0     		beq	.L226
 1622 009e 4246     		mov	r2, r8
 1623 00a0 2946     		mov	r1, r5
 1624 00a2 2046     		mov	r0, r4
 1625 00a4 FFF7FEFF 		bl	I2C_WaitOnRXNEFlagUntilTimeout
 1626 00a8 D8B9     		cbnz	r0, .L227
 1627 00aa 2368     		ldr	r3, [r4]
 1628 00ac 5A6A     		ldr	r2, [r3, #36]
 1629 00ae 636A     		ldr	r3, [r4, #36]
 1630 00b0 1A70     		strb	r2, [r3]
 1631 00b2 636A     		ldr	r3, [r4, #36]
 1632 00b4 0133     		adds	r3, r3, #1
 1633 00b6 6362     		str	r3, [r4, #36]
 1634 00b8 B4F82AC0 		ldrh	ip, [r4, #42]
 1635 00bc 1FFA8CFC 		uxth	ip, ip
ARM GAS  C:\Users\Nathan\AppData\Local\Temp\cc2yLhuw.s 			page 29


 1636 00c0 0CF1FF3C 		add	ip, ip, #-1
 1637 00c4 1FFA8CFC 		uxth	ip, ip
 1638 00c8 A4F82AC0 		strh	ip, [r4, #42]	@ movhi
 1639 00cc 238D     		ldrh	r3, [r4, #40]
 1640 00ce 013B     		subs	r3, r3, #1
 1641 00d0 2385     		strh	r3, [r4, #40]	@ movhi
 1642 00d2 E0E7     		b	.L216
 1643              	.L225:
 1644 00d4 2268     		ldr	r2, [r4]
 1645 00d6 5368     		ldr	r3, [r2, #4]
 1646 00d8 43F40043 		orr	r3, r3, #32768
 1647 00dc 5360     		str	r3, [r2, #4]
 1648 00de 0120     		movs	r0, #1
 1649 00e0 49E0     		b	.L212
 1650              	.L227:
 1651 00e2 2268     		ldr	r2, [r4]
 1652 00e4 5368     		ldr	r3, [r2, #4]
 1653 00e6 43F40043 		orr	r3, r3, #32768
 1654 00ea 5360     		str	r3, [r2, #4]
 1655 00ec 2368     		ldr	r3, [r4]
 1656 00ee 9A69     		ldr	r2, [r3, #24]
 1657 00f0 12F0040F 		tst	r2, #4
 1658 00f4 0DD0     		beq	.L218
 1659 00f6 5A6A     		ldr	r2, [r3, #36]
 1660 00f8 636A     		ldr	r3, [r4, #36]
 1661 00fa 1A70     		strb	r2, [r3]
 1662 00fc 636A     		ldr	r3, [r4, #36]
 1663 00fe 0133     		adds	r3, r3, #1
 1664 0100 6362     		str	r3, [r4, #36]
 1665 0102 638D     		ldrh	r3, [r4, #42]
 1666 0104 9BB2     		uxth	r3, r3
 1667 0106 013B     		subs	r3, r3, #1
 1668 0108 9BB2     		uxth	r3, r3
 1669 010a 6385     		strh	r3, [r4, #42]	@ movhi
 1670 010c 238D     		ldrh	r3, [r4, #40]
 1671 010e 013B     		subs	r3, r3, #1
 1672 0110 2385     		strh	r3, [r4, #40]	@ movhi
 1673              	.L218:
 1674 0112 0120     		movs	r0, #1
 1675 0114 2FE0     		b	.L212
 1676              	.L226:
 1677 0116 4246     		mov	r2, r8
 1678 0118 2946     		mov	r1, r5
 1679 011a 2046     		mov	r0, r4
 1680 011c FFF7FEFF 		bl	I2C_WaitOnSTOPFlagUntilTimeout
 1681 0120 30B1     		cbz	r0, .L220
 1682 0122 2268     		ldr	r2, [r4]
 1683 0124 5368     		ldr	r3, [r2, #4]
 1684 0126 43F40043 		orr	r3, r3, #32768
 1685 012a 5360     		str	r3, [r2, #4]
 1686 012c 0120     		movs	r0, #1
 1687 012e 22E0     		b	.L212
 1688              	.L220:
 1689 0130 2368     		ldr	r3, [r4]
 1690 0132 2022     		movs	r2, #32
 1691 0134 DA61     		str	r2, [r3, #28]
 1692 0136 CDF80080 		str	r8, [sp]
ARM GAS  C:\Users\Nathan\AppData\Local\Temp\cc2yLhuw.s 			page 30


 1693 013a 2B46     		mov	r3, r5
 1694 013c 0122     		movs	r2, #1
 1695 013e 4FF40041 		mov	r1, #32768
 1696 0142 2046     		mov	r0, r4
 1697 0144 FFF7FEFF 		bl	I2C_WaitOnFlagUntilTimeout
 1698 0148 30B1     		cbz	r0, .L221
 1699 014a 2268     		ldr	r2, [r4]
 1700 014c 5368     		ldr	r3, [r2, #4]
 1701 014e 43F40043 		orr	r3, r3, #32768
 1702 0152 5360     		str	r3, [r2, #4]
 1703 0154 0120     		movs	r0, #1
 1704 0156 0EE0     		b	.L212
 1705              	.L221:
 1706 0158 2268     		ldr	r2, [r4]
 1707 015a 5368     		ldr	r3, [r2, #4]
 1708 015c 43F40043 		orr	r3, r3, #32768
 1709 0160 5360     		str	r3, [r2, #4]
 1710 0162 2023     		movs	r3, #32
 1711 0164 84F84130 		strb	r3, [r4, #65]
 1712 0168 0023     		movs	r3, #0
 1713 016a 84F84230 		strb	r3, [r4, #66]
 1714 016e 84F84030 		strb	r3, [r4, #64]
 1715 0172 00E0     		b	.L212
 1716              	.L222:
 1717 0174 0220     		movs	r0, #2
 1718              	.L212:
 1719 0176 02B0     		add	sp, sp, #8
 1720              		@ sp needed
 1721 0178 BDE8F081 		pop	{r4, r5, r6, r7, r8, pc}
 1722              	.L223:
 1723 017c 0220     		movs	r0, #2
 1724 017e FAE7     		b	.L212
 1726              		.section	.text.HAL_I2C_Master_Transmit_IT,"ax",%progbits
 1727              		.align	1
 1728              		.global	HAL_I2C_Master_Transmit_IT
 1729              		.syntax unified
 1730              		.thumb
 1731              		.thumb_func
 1733              	HAL_I2C_Master_Transmit_IT:
 1734              		@ args = 0, pretend = 0, frame = 0
 1735              		@ frame_needed = 0, uses_anonymous_args = 0
 1736 0000 10B5     		push	{r4, lr}
 1737 0002 82B0     		sub	sp, sp, #8
 1738 0004 0446     		mov	r4, r0
 1739 0006 90F84100 		ldrb	r0, [r0, #65]	@ zero_extendqisi2
 1740 000a 2028     		cmp	r0, #32
 1741 000c 5BD1     		bne	.L234
 1742 000e 2068     		ldr	r0, [r4]
 1743 0010 D0F818C0 		ldr	ip, [r0, #24]
 1744 0014 1CF4004F 		tst	ip, #32768
 1745 0018 57D1     		bne	.L235
 1746 001a 94F840C0 		ldrb	ip, [r4, #64]	@ zero_extendqisi2
 1747 001e BCF1010F 		cmp	ip, #1
 1748 0022 54D0     		beq	.L236
 1749 0024 4FF0010C 		mov	ip, #1
 1750 0028 84F840C0 		strb	ip, [r4, #64]
 1751 002c 4FF0210C 		mov	ip, #33
ARM GAS  C:\Users\Nathan\AppData\Local\Temp\cc2yLhuw.s 			page 31


 1752 0030 84F841C0 		strb	ip, [r4, #65]
 1753 0034 4FF0100C 		mov	ip, #16
 1754 0038 84F842C0 		strb	ip, [r4, #66]
 1755 003c 4FF0000C 		mov	ip, #0
 1756 0040 C4F844C0 		str	ip, [r4, #68]
 1757 0044 6262     		str	r2, [r4, #36]
 1758 0046 6385     		strh	r3, [r4, #42]	@ movhi
 1759 0048 224B     		ldr	r3, .L238
 1760 004a E362     		str	r3, [r4, #44]
 1761 004c 224B     		ldr	r3, .L238+4
 1762 004e 6363     		str	r3, [r4, #52]
 1763 0050 638D     		ldrh	r3, [r4, #42]
 1764 0052 9BB2     		uxth	r3, r3
 1765 0054 FF2B     		cmp	r3, #255
 1766 0056 29D9     		bls	.L230
 1767 0058 FF23     		movs	r3, #255
 1768 005a 2385     		strh	r3, [r4, #40]	@ movhi
 1769 005c 4FF08073 		mov	r3, #16777216
 1770              	.L231:
 1771 0060 B4F828C0 		ldrh	ip, [r4, #40]
 1772 0064 BCF1000F 		cmp	ip, #0
 1773 0068 25D0     		beq	.L232
 1774 006a 1278     		ldrb	r2, [r2]	@ zero_extendqisi2
 1775 006c 8262     		str	r2, [r0, #40]
 1776 006e 626A     		ldr	r2, [r4, #36]
 1777 0070 0132     		adds	r2, r2, #1
 1778 0072 6262     		str	r2, [r4, #36]
 1779 0074 628D     		ldrh	r2, [r4, #42]
 1780 0076 92B2     		uxth	r2, r2
 1781 0078 013A     		subs	r2, r2, #1
 1782 007a 92B2     		uxth	r2, r2
 1783 007c 6285     		strh	r2, [r4, #42]	@ movhi
 1784 007e 228D     		ldrh	r2, [r4, #40]
 1785 0080 013A     		subs	r2, r2, #1
 1786 0082 92B2     		uxth	r2, r2
 1787 0084 2285     		strh	r2, [r4, #40]	@ movhi
 1788 0086 D2B2     		uxtb	r2, r2
 1789 0088 0132     		adds	r2, r2, #1
 1790 008a 1448     		ldr	r0, .L238+8
 1791 008c 0090     		str	r0, [sp]
 1792 008e D2B2     		uxtb	r2, r2
 1793 0090 2046     		mov	r0, r4
 1794 0092 FFF7FEFF 		bl	I2C_TransferConfig
 1795              	.L233:
 1796 0096 4FF00003 		mov	r3, #0
 1797 009a 84F84030 		strb	r3, [r4, #64]
 1798 009e 0121     		movs	r1, #1
 1799 00a0 2046     		mov	r0, r4
 1800 00a2 FFF7FEFF 		bl	I2C_Enable_IRQ
 1801 00a6 0020     		movs	r0, #0
 1802              	.L229:
 1803 00a8 02B0     		add	sp, sp, #8
 1804              		@ sp needed
 1805 00aa 10BD     		pop	{r4, pc}
 1806              	.L230:
 1807 00ac 638D     		ldrh	r3, [r4, #42]
 1808 00ae 2385     		strh	r3, [r4, #40]	@ movhi
ARM GAS  C:\Users\Nathan\AppData\Local\Temp\cc2yLhuw.s 			page 32


 1809 00b0 4FF00073 		mov	r3, #33554432
 1810 00b4 D4E7     		b	.L231
 1811              	.L232:
 1812 00b6 094A     		ldr	r2, .L238+8
 1813 00b8 0092     		str	r2, [sp]
 1814 00ba 5FFA8CF2 		uxtb	r2, ip
 1815 00be 2046     		mov	r0, r4
 1816 00c0 FFF7FEFF 		bl	I2C_TransferConfig
 1817 00c4 E7E7     		b	.L233
 1818              	.L234:
 1819 00c6 0220     		movs	r0, #2
 1820 00c8 EEE7     		b	.L229
 1821              	.L235:
 1822 00ca 0220     		movs	r0, #2
 1823 00cc ECE7     		b	.L229
 1824              	.L236:
 1825 00ce 0220     		movs	r0, #2
 1826 00d0 EAE7     		b	.L229
 1827              	.L239:
 1828 00d2 00BF     		.align	2
 1829              	.L238:
 1830 00d4 0000FFFF 		.word	-65536
 1831 00d8 00000000 		.word	I2C_Master_ISR_IT
 1832 00dc 00200080 		.word	-2147475456
 1834              		.section	.text.HAL_I2C_Master_Receive_IT,"ax",%progbits
 1835              		.align	1
 1836              		.global	HAL_I2C_Master_Receive_IT
 1837              		.syntax unified
 1838              		.thumb
 1839              		.thumb_func
 1841              	HAL_I2C_Master_Receive_IT:
 1842              		@ args = 0, pretend = 0, frame = 0
 1843              		@ frame_needed = 0, uses_anonymous_args = 0
 1844 0000 10B5     		push	{r4, lr}
 1845 0002 82B0     		sub	sp, sp, #8
 1846 0004 0446     		mov	r4, r0
 1847 0006 90F84100 		ldrb	r0, [r0, #65]	@ zero_extendqisi2
 1848 000a 2028     		cmp	r0, #32
 1849 000c 38D1     		bne	.L244
 1850 000e 2068     		ldr	r0, [r4]
 1851 0010 8069     		ldr	r0, [r0, #24]
 1852 0012 10F4004F 		tst	r0, #32768
 1853 0016 35D1     		bne	.L245
 1854 0018 94F84000 		ldrb	r0, [r4, #64]	@ zero_extendqisi2
 1855 001c 0128     		cmp	r0, #1
 1856 001e 33D0     		beq	.L246
 1857 0020 0120     		movs	r0, #1
 1858 0022 84F84000 		strb	r0, [r4, #64]
 1859 0026 2220     		movs	r0, #34
 1860 0028 84F84100 		strb	r0, [r4, #65]
 1861 002c 1020     		movs	r0, #16
 1862 002e 84F84200 		strb	r0, [r4, #66]
 1863 0032 0020     		movs	r0, #0
 1864 0034 6064     		str	r0, [r4, #68]
 1865 0036 6262     		str	r2, [r4, #36]
 1866 0038 6385     		strh	r3, [r4, #42]	@ movhi
 1867 003a 144B     		ldr	r3, .L248
ARM GAS  C:\Users\Nathan\AppData\Local\Temp\cc2yLhuw.s 			page 33


 1868 003c E362     		str	r3, [r4, #44]
 1869 003e 144B     		ldr	r3, .L248+4
 1870 0040 6363     		str	r3, [r4, #52]
 1871 0042 638D     		ldrh	r3, [r4, #42]
 1872 0044 9BB2     		uxth	r3, r3
 1873 0046 FF2B     		cmp	r3, #255
 1874 0048 15D9     		bls	.L242
 1875 004a FF23     		movs	r3, #255
 1876 004c 2385     		strh	r3, [r4, #40]	@ movhi
 1877 004e 4FF08073 		mov	r3, #16777216
 1878              	.L243:
 1879 0052 104A     		ldr	r2, .L248+8
 1880 0054 0092     		str	r2, [sp]
 1881 0056 94F82820 		ldrb	r2, [r4, #40]	@ zero_extendqisi2
 1882 005a 2046     		mov	r0, r4
 1883 005c FFF7FEFF 		bl	I2C_TransferConfig
 1884 0060 4FF00003 		mov	r3, #0
 1885 0064 84F84030 		strb	r3, [r4, #64]
 1886 0068 0221     		movs	r1, #2
 1887 006a 2046     		mov	r0, r4
 1888 006c FFF7FEFF 		bl	I2C_Enable_IRQ
 1889 0070 0020     		movs	r0, #0
 1890              	.L241:
 1891 0072 02B0     		add	sp, sp, #8
 1892              		@ sp needed
 1893 0074 10BD     		pop	{r4, pc}
 1894              	.L242:
 1895 0076 638D     		ldrh	r3, [r4, #42]
 1896 0078 2385     		strh	r3, [r4, #40]	@ movhi
 1897 007a 4FF00073 		mov	r3, #33554432
 1898 007e E8E7     		b	.L243
 1899              	.L244:
 1900 0080 0220     		movs	r0, #2
 1901 0082 F6E7     		b	.L241
 1902              	.L245:
 1903 0084 0220     		movs	r0, #2
 1904 0086 F4E7     		b	.L241
 1905              	.L246:
 1906 0088 0220     		movs	r0, #2
 1907 008a F2E7     		b	.L241
 1908              	.L249:
 1909              		.align	2
 1910              	.L248:
 1911 008c 0000FFFF 		.word	-65536
 1912 0090 00000000 		.word	I2C_Master_ISR_IT
 1913 0094 00240080 		.word	-2147474432
 1915              		.section	.text.HAL_I2C_Slave_Transmit_IT,"ax",%progbits
 1916              		.align	1
 1917              		.global	HAL_I2C_Slave_Transmit_IT
 1918              		.syntax unified
 1919              		.thumb
 1920              		.thumb_func
 1922              	HAL_I2C_Slave_Transmit_IT:
 1923              		@ args = 0, pretend = 0, frame = 0
 1924              		@ frame_needed = 0, uses_anonymous_args = 0
 1925 0000 08B5     		push	{r3, lr}
 1926 0002 90F84130 		ldrb	r3, [r0, #65]	@ zero_extendqisi2
ARM GAS  C:\Users\Nathan\AppData\Local\Temp\cc2yLhuw.s 			page 34


 1927 0006 202B     		cmp	r3, #32
 1928 0008 3BD1     		bne	.L253
 1929 000a 90F84030 		ldrb	r3, [r0, #64]	@ zero_extendqisi2
 1930 000e 012B     		cmp	r3, #1
 1931 0010 39D0     		beq	.L254
 1932 0012 0123     		movs	r3, #1
 1933 0014 80F84030 		strb	r3, [r0, #64]
 1934 0018 2123     		movs	r3, #33
 1935 001a 80F84130 		strb	r3, [r0, #65]
 1936 001e 2023     		movs	r3, #32
 1937 0020 80F84230 		strb	r3, [r0, #66]
 1938 0024 0023     		movs	r3, #0
 1939 0026 4364     		str	r3, [r0, #68]
 1940 0028 D0F800C0 		ldr	ip, [r0]
 1941 002c DCF80430 		ldr	r3, [ip, #4]
 1942 0030 23F40043 		bic	r3, r3, #32768
 1943 0034 CCF80430 		str	r3, [ip, #4]
 1944 0038 4162     		str	r1, [r0, #36]
 1945 003a 4285     		strh	r2, [r0, #42]	@ movhi
 1946 003c 438D     		ldrh	r3, [r0, #42]
 1947 003e 0385     		strh	r3, [r0, #40]	@ movhi
 1948 0040 124B     		ldr	r3, .L257
 1949 0042 C362     		str	r3, [r0, #44]
 1950 0044 124B     		ldr	r3, .L257+4
 1951 0046 4363     		str	r3, [r0, #52]
 1952 0048 036A     		ldr	r3, [r0, #32]
 1953 004a B3F5003F 		cmp	r3, #131072
 1954 004e 09D0     		beq	.L256
 1955              	.L252:
 1956 0050 4FF00003 		mov	r3, #0
 1957 0054 80F84030 		strb	r3, [r0, #64]
 1958 0058 48F20101 		movw	r1, #32769
 1959 005c FFF7FEFF 		bl	I2C_Enable_IRQ
 1960 0060 0020     		movs	r0, #0
 1961              	.L251:
 1962 0062 08BD     		pop	{r3, pc}
 1963              	.L256:
 1964 0064 0368     		ldr	r3, [r0]
 1965 0066 0A78     		ldrb	r2, [r1]	@ zero_extendqisi2
 1966 0068 9A62     		str	r2, [r3, #40]
 1967 006a 436A     		ldr	r3, [r0, #36]
 1968 006c 0133     		adds	r3, r3, #1
 1969 006e 4362     		str	r3, [r0, #36]
 1970 0070 438D     		ldrh	r3, [r0, #42]
 1971 0072 9BB2     		uxth	r3, r3
 1972 0074 013B     		subs	r3, r3, #1
 1973 0076 9BB2     		uxth	r3, r3
 1974 0078 4385     		strh	r3, [r0, #42]	@ movhi
 1975 007a 038D     		ldrh	r3, [r0, #40]
 1976 007c 013B     		subs	r3, r3, #1
 1977 007e 0385     		strh	r3, [r0, #40]	@ movhi
 1978 0080 E6E7     		b	.L252
 1979              	.L253:
 1980 0082 0220     		movs	r0, #2
 1981 0084 EDE7     		b	.L251
 1982              	.L254:
 1983 0086 0220     		movs	r0, #2
ARM GAS  C:\Users\Nathan\AppData\Local\Temp\cc2yLhuw.s 			page 35


 1984 0088 EBE7     		b	.L251
 1985              	.L258:
 1986 008a 00BF     		.align	2
 1987              	.L257:
 1988 008c 0000FFFF 		.word	-65536
 1989 0090 00000000 		.word	I2C_Slave_ISR_IT
 1991              		.section	.text.HAL_I2C_Slave_Receive_IT,"ax",%progbits
 1992              		.align	1
 1993              		.global	HAL_I2C_Slave_Receive_IT
 1994              		.syntax unified
 1995              		.thumb
 1996              		.thumb_func
 1998              	HAL_I2C_Slave_Receive_IT:
 1999              		@ args = 0, pretend = 0, frame = 0
 2000              		@ frame_needed = 0, uses_anonymous_args = 0
 2001 0000 08B5     		push	{r3, lr}
 2002 0002 90F84130 		ldrb	r3, [r0, #65]	@ zero_extendqisi2
 2003 0006 202B     		cmp	r3, #32
 2004 0008 28D1     		bne	.L261
 2005 000a 90F84030 		ldrb	r3, [r0, #64]	@ zero_extendqisi2
 2006 000e 012B     		cmp	r3, #1
 2007 0010 26D0     		beq	.L262
 2008 0012 0123     		movs	r3, #1
 2009 0014 80F84030 		strb	r3, [r0, #64]
 2010 0018 2223     		movs	r3, #34
 2011 001a 80F84130 		strb	r3, [r0, #65]
 2012 001e 2023     		movs	r3, #32
 2013 0020 80F84230 		strb	r3, [r0, #66]
 2014 0024 0023     		movs	r3, #0
 2015 0026 4364     		str	r3, [r0, #68]
 2016 0028 D0F800C0 		ldr	ip, [r0]
 2017 002c DCF80430 		ldr	r3, [ip, #4]
 2018 0030 23F40043 		bic	r3, r3, #32768
 2019 0034 CCF80430 		str	r3, [ip, #4]
 2020 0038 4162     		str	r1, [r0, #36]
 2021 003a 4285     		strh	r2, [r0, #42]	@ movhi
 2022 003c 438D     		ldrh	r3, [r0, #42]
 2023 003e 0385     		strh	r3, [r0, #40]	@ movhi
 2024 0040 084B     		ldr	r3, .L264
 2025 0042 C362     		str	r3, [r0, #44]
 2026 0044 084B     		ldr	r3, .L264+4
 2027 0046 4363     		str	r3, [r0, #52]
 2028 0048 4FF00003 		mov	r3, #0
 2029 004c 80F84030 		strb	r3, [r0, #64]
 2030 0050 48F20201 		movw	r1, #32770
 2031 0054 FFF7FEFF 		bl	I2C_Enable_IRQ
 2032 0058 0020     		movs	r0, #0
 2033              	.L260:
 2034 005a 08BD     		pop	{r3, pc}
 2035              	.L261:
 2036 005c 0220     		movs	r0, #2
 2037 005e FCE7     		b	.L260
 2038              	.L262:
 2039 0060 0220     		movs	r0, #2
 2040 0062 FAE7     		b	.L260
 2041              	.L265:
 2042              		.align	2
ARM GAS  C:\Users\Nathan\AppData\Local\Temp\cc2yLhuw.s 			page 36


 2043              	.L264:
 2044 0064 0000FFFF 		.word	-65536
 2045 0068 00000000 		.word	I2C_Slave_ISR_IT
 2047              		.section	.text.HAL_I2C_Master_Transmit_DMA,"ax",%progbits
 2048              		.align	1
 2049              		.global	HAL_I2C_Master_Transmit_DMA
 2050              		.syntax unified
 2051              		.thumb
 2052              		.thumb_func
 2054              	HAL_I2C_Master_Transmit_DMA:
 2055              		@ args = 0, pretend = 0, frame = 0
 2056              		@ frame_needed = 0, uses_anonymous_args = 0
 2057 0000 70B5     		push	{r4, r5, r6, lr}
 2058 0002 82B0     		sub	sp, sp, #8
 2059 0004 0446     		mov	r4, r0
 2060 0006 90F84100 		ldrb	r0, [r0, #65]	@ zero_extendqisi2
 2061 000a 2028     		cmp	r0, #32
 2062 000c 40F0A680 		bne	.L276
 2063 0010 0D46     		mov	r5, r1
 2064 0012 2068     		ldr	r0, [r4]
 2065 0014 8169     		ldr	r1, [r0, #24]
 2066 0016 11F40041 		ands	r1, r1, #32768
 2067 001a 40F0A280 		bne	.L277
 2068 001e 94F840C0 		ldrb	ip, [r4, #64]	@ zero_extendqisi2
 2069 0022 BCF1010F 		cmp	ip, #1
 2070 0026 00F09E80 		beq	.L278
 2071 002a 4FF0010C 		mov	ip, #1
 2072 002e 84F840C0 		strb	ip, [r4, #64]
 2073 0032 4FF0210C 		mov	ip, #33
 2074 0036 84F841C0 		strb	ip, [r4, #65]
 2075 003a 4FF0100C 		mov	ip, #16
 2076 003e 84F842C0 		strb	ip, [r4, #66]
 2077 0042 4FF0000C 		mov	ip, #0
 2078 0046 C4F844C0 		str	ip, [r4, #68]
 2079 004a 6262     		str	r2, [r4, #36]
 2080 004c 6385     		strh	r3, [r4, #42]	@ movhi
 2081 004e 474B     		ldr	r3, .L282
 2082 0050 E362     		str	r3, [r4, #44]
 2083 0052 474B     		ldr	r3, .L282+4
 2084 0054 6363     		str	r3, [r4, #52]
 2085 0056 638D     		ldrh	r3, [r4, #42]
 2086 0058 9BB2     		uxth	r3, r3
 2087 005a FF2B     		cmp	r3, #255
 2088 005c 38D9     		bls	.L268
 2089 005e FF23     		movs	r3, #255
 2090 0060 2385     		strh	r3, [r4, #40]	@ movhi
 2091 0062 4FF08073 		mov	r3, #16777216
 2092 0066 1E46     		mov	r6, r3
 2093              	.L269:
 2094 0068 238D     		ldrh	r3, [r4, #40]
 2095 006a 63B1     		cbz	r3, .L270
 2096 006c 1378     		ldrb	r3, [r2]	@ zero_extendqisi2
 2097 006e 8362     		str	r3, [r0, #40]
 2098 0070 636A     		ldr	r3, [r4, #36]
 2099 0072 0133     		adds	r3, r3, #1
 2100 0074 6362     		str	r3, [r4, #36]
 2101 0076 218D     		ldrh	r1, [r4, #40]
ARM GAS  C:\Users\Nathan\AppData\Local\Temp\cc2yLhuw.s 			page 37


 2102 0078 638D     		ldrh	r3, [r4, #42]
 2103 007a 9BB2     		uxth	r3, r3
 2104 007c 013B     		subs	r3, r3, #1
 2105 007e 9BB2     		uxth	r3, r3
 2106 0080 6385     		strh	r3, [r4, #42]	@ movhi
 2107 0082 4B1E     		subs	r3, r1, #1
 2108 0084 2385     		strh	r3, [r4, #40]	@ movhi
 2109              	.L270:
 2110 0086 238D     		ldrh	r3, [r4, #40]
 2111 0088 002B     		cmp	r3, #0
 2112 008a 53D0     		beq	.L271
 2113 008c A36B     		ldr	r3, [r4, #56]
 2114 008e 2BB3     		cbz	r3, .L272
 2115 0090 384A     		ldr	r2, .L282+8
 2116 0092 DA62     		str	r2, [r3, #44]
 2117 0094 A36B     		ldr	r3, [r4, #56]
 2118 0096 384A     		ldr	r2, .L282+12
 2119 0098 5A63     		str	r2, [r3, #52]
 2120 009a A26B     		ldr	r2, [r4, #56]
 2121 009c 0023     		movs	r3, #0
 2122 009e 1363     		str	r3, [r2, #48]
 2123 00a0 A26B     		ldr	r2, [r4, #56]
 2124 00a2 9363     		str	r3, [r2, #56]
 2125 00a4 2268     		ldr	r2, [r4]
 2126 00a6 238D     		ldrh	r3, [r4, #40]
 2127 00a8 2832     		adds	r2, r2, #40
 2128 00aa 616A     		ldr	r1, [r4, #36]
 2129 00ac A06B     		ldr	r0, [r4, #56]
 2130 00ae FFF7FEFF 		bl	HAL_DMA_Start_IT
 2131 00b2 08B3     		cbz	r0, .L281
 2132 00b4 2023     		movs	r3, #32
 2133 00b6 84F84130 		strb	r3, [r4, #65]
 2134 00ba 0022     		movs	r2, #0
 2135 00bc 84F84220 		strb	r2, [r4, #66]
 2136 00c0 636C     		ldr	r3, [r4, #68]
 2137 00c2 43F01003 		orr	r3, r3, #16
 2138 00c6 6364     		str	r3, [r4, #68]
 2139 00c8 84F84020 		strb	r2, [r4, #64]
 2140 00cc 0120     		movs	r0, #1
 2141 00ce 46E0     		b	.L267
 2142              	.L268:
 2143 00d0 638D     		ldrh	r3, [r4, #42]
 2144 00d2 2385     		strh	r3, [r4, #40]	@ movhi
 2145 00d4 4FF00073 		mov	r3, #33554432
 2146 00d8 1E46     		mov	r6, r3
 2147 00da C5E7     		b	.L269
 2148              	.L272:
 2149 00dc 2023     		movs	r3, #32
 2150 00de 84F84130 		strb	r3, [r4, #65]
 2151 00e2 0022     		movs	r2, #0
 2152 00e4 84F84220 		strb	r2, [r4, #66]
 2153 00e8 636C     		ldr	r3, [r4, #68]
 2154 00ea 43F08003 		orr	r3, r3, #128
 2155 00ee 6364     		str	r3, [r4, #68]
 2156 00f0 84F84020 		strb	r2, [r4, #64]
 2157 00f4 0120     		movs	r0, #1
 2158 00f6 32E0     		b	.L267
ARM GAS  C:\Users\Nathan\AppData\Local\Temp\cc2yLhuw.s 			page 38


 2159              	.L281:
 2160 00f8 94F82820 		ldrb	r2, [r4, #40]	@ zero_extendqisi2
 2161 00fc 0132     		adds	r2, r2, #1
 2162 00fe 1F4B     		ldr	r3, .L282+16
 2163 0100 0093     		str	r3, [sp]
 2164 0102 3346     		mov	r3, r6
 2165 0104 D2B2     		uxtb	r2, r2
 2166 0106 2946     		mov	r1, r5
 2167 0108 2046     		mov	r0, r4
 2168 010a FFF7FEFF 		bl	I2C_TransferConfig
 2169 010e 638D     		ldrh	r3, [r4, #42]
 2170 0110 9BB2     		uxth	r3, r3
 2171 0112 228D     		ldrh	r2, [r4, #40]
 2172 0114 9B1A     		subs	r3, r3, r2
 2173 0116 9BB2     		uxth	r3, r3
 2174 0118 6385     		strh	r3, [r4, #42]	@ movhi
 2175 011a 0023     		movs	r3, #0
 2176 011c 84F84030 		strb	r3, [r4, #64]
 2177 0120 1021     		movs	r1, #16
 2178 0122 2046     		mov	r0, r4
 2179 0124 FFF7FEFF 		bl	I2C_Enable_IRQ
 2180 0128 2268     		ldr	r2, [r4]
 2181 012a 1368     		ldr	r3, [r2]
 2182 012c 43F48043 		orr	r3, r3, #16384
 2183 0130 1360     		str	r3, [r2]
 2184 0132 11E0     		b	.L275
 2185              	.L271:
 2186 0134 124B     		ldr	r3, .L282+20
 2187 0136 6363     		str	r3, [r4, #52]
 2188 0138 104B     		ldr	r3, .L282+16
 2189 013a 0093     		str	r3, [sp]
 2190 013c 4FF00073 		mov	r3, #33554432
 2191 0140 CAB2     		uxtb	r2, r1
 2192 0142 2946     		mov	r1, r5
 2193 0144 2046     		mov	r0, r4
 2194 0146 FFF7FEFF 		bl	I2C_TransferConfig
 2195 014a 0023     		movs	r3, #0
 2196 014c 84F84030 		strb	r3, [r4, #64]
 2197 0150 0121     		movs	r1, #1
 2198 0152 2046     		mov	r0, r4
 2199 0154 FFF7FEFF 		bl	I2C_Enable_IRQ
 2200              	.L275:
 2201 0158 0020     		movs	r0, #0
 2202 015a 00E0     		b	.L267
 2203              	.L276:
 2204 015c 0220     		movs	r0, #2
 2205              	.L267:
 2206 015e 02B0     		add	sp, sp, #8
 2207              		@ sp needed
 2208 0160 70BD     		pop	{r4, r5, r6, pc}
 2209              	.L277:
 2210 0162 0220     		movs	r0, #2
 2211 0164 FBE7     		b	.L267
 2212              	.L278:
 2213 0166 0220     		movs	r0, #2
 2214 0168 F9E7     		b	.L267
 2215              	.L283:
ARM GAS  C:\Users\Nathan\AppData\Local\Temp\cc2yLhuw.s 			page 39


 2216 016a 00BF     		.align	2
 2217              	.L282:
 2218 016c 0000FFFF 		.word	-65536
 2219 0170 00000000 		.word	I2C_Master_ISR_DMA
 2220 0174 00000000 		.word	I2C_DMAMasterTransmitCplt
 2221 0178 00000000 		.word	I2C_DMAError
 2222 017c 00200080 		.word	-2147475456
 2223 0180 00000000 		.word	I2C_Master_ISR_IT
 2225              		.section	.text.HAL_I2C_Master_Receive_DMA,"ax",%progbits
 2226              		.align	1
 2227              		.global	HAL_I2C_Master_Receive_DMA
 2228              		.syntax unified
 2229              		.thumb
 2230              		.thumb_func
 2232              	HAL_I2C_Master_Receive_DMA:
 2233              		@ args = 0, pretend = 0, frame = 0
 2234              		@ frame_needed = 0, uses_anonymous_args = 0
 2235 0000 70B5     		push	{r4, r5, r6, lr}
 2236 0002 82B0     		sub	sp, sp, #8
 2237 0004 0446     		mov	r4, r0
 2238 0006 90F84100 		ldrb	r0, [r0, #65]	@ zero_extendqisi2
 2239 000a 2028     		cmp	r0, #32
 2240 000c 40F08E80 		bne	.L293
 2241 0010 0D46     		mov	r5, r1
 2242 0012 2168     		ldr	r1, [r4]
 2243 0014 8969     		ldr	r1, [r1, #24]
 2244 0016 11F4004F 		tst	r1, #32768
 2245 001a 40F08A80 		bne	.L294
 2246 001e 94F84010 		ldrb	r1, [r4, #64]	@ zero_extendqisi2
 2247 0022 0129     		cmp	r1, #1
 2248 0024 00F08780 		beq	.L295
 2249 0028 0121     		movs	r1, #1
 2250 002a 84F84010 		strb	r1, [r4, #64]
 2251 002e 2221     		movs	r1, #34
 2252 0030 84F84110 		strb	r1, [r4, #65]
 2253 0034 1021     		movs	r1, #16
 2254 0036 84F84210 		strb	r1, [r4, #66]
 2255 003a 0021     		movs	r1, #0
 2256 003c 6164     		str	r1, [r4, #68]
 2257 003e 6262     		str	r2, [r4, #36]
 2258 0040 6385     		strh	r3, [r4, #42]	@ movhi
 2259 0042 3E4B     		ldr	r3, .L299
 2260 0044 E362     		str	r3, [r4, #44]
 2261 0046 3E4B     		ldr	r3, .L299+4
 2262 0048 6363     		str	r3, [r4, #52]
 2263 004a 638D     		ldrh	r3, [r4, #42]
 2264 004c 9BB2     		uxth	r3, r3
 2265 004e FF2B     		cmp	r3, #255
 2266 0050 28D9     		bls	.L286
 2267 0052 FF23     		movs	r3, #255
 2268 0054 2385     		strh	r3, [r4, #40]	@ movhi
 2269 0056 4FF08073 		mov	r3, #16777216
 2270 005a 1E46     		mov	r6, r3
 2271              	.L287:
 2272 005c 218D     		ldrh	r1, [r4, #40]
 2273 005e 0029     		cmp	r1, #0
 2274 0060 50D0     		beq	.L288
ARM GAS  C:\Users\Nathan\AppData\Local\Temp\cc2yLhuw.s 			page 40


 2275 0062 E36B     		ldr	r3, [r4, #60]
 2276 0064 23B3     		cbz	r3, .L289
 2277 0066 3749     		ldr	r1, .L299+8
 2278 0068 D962     		str	r1, [r3, #44]
 2279 006a E36B     		ldr	r3, [r4, #60]
 2280 006c 3649     		ldr	r1, .L299+12
 2281 006e 5963     		str	r1, [r3, #52]
 2282 0070 E16B     		ldr	r1, [r4, #60]
 2283 0072 0023     		movs	r3, #0
 2284 0074 0B63     		str	r3, [r1, #48]
 2285 0076 E16B     		ldr	r1, [r4, #60]
 2286 0078 8B63     		str	r3, [r1, #56]
 2287 007a 2168     		ldr	r1, [r4]
 2288 007c 238D     		ldrh	r3, [r4, #40]
 2289 007e 2431     		adds	r1, r1, #36
 2290 0080 E06B     		ldr	r0, [r4, #60]
 2291 0082 FFF7FEFF 		bl	HAL_DMA_Start_IT
 2292 0086 08B3     		cbz	r0, .L298
 2293 0088 2023     		movs	r3, #32
 2294 008a 84F84130 		strb	r3, [r4, #65]
 2295 008e 0022     		movs	r2, #0
 2296 0090 84F84220 		strb	r2, [r4, #66]
 2297 0094 636C     		ldr	r3, [r4, #68]
 2298 0096 43F01003 		orr	r3, r3, #16
 2299 009a 6364     		str	r3, [r4, #68]
 2300 009c 84F84020 		strb	r2, [r4, #64]
 2301 00a0 0120     		movs	r0, #1
 2302 00a2 44E0     		b	.L285
 2303              	.L286:
 2304 00a4 638D     		ldrh	r3, [r4, #42]
 2305 00a6 2385     		strh	r3, [r4, #40]	@ movhi
 2306 00a8 4FF00073 		mov	r3, #33554432
 2307 00ac 1E46     		mov	r6, r3
 2308 00ae D5E7     		b	.L287
 2309              	.L289:
 2310 00b0 2023     		movs	r3, #32
 2311 00b2 84F84130 		strb	r3, [r4, #65]
 2312 00b6 0022     		movs	r2, #0
 2313 00b8 84F84220 		strb	r2, [r4, #66]
 2314 00bc 636C     		ldr	r3, [r4, #68]
 2315 00be 43F08003 		orr	r3, r3, #128
 2316 00c2 6364     		str	r3, [r4, #68]
 2317 00c4 84F84020 		strb	r2, [r4, #64]
 2318 00c8 0120     		movs	r0, #1
 2319 00ca 30E0     		b	.L285
 2320              	.L298:
 2321 00cc 1F4B     		ldr	r3, .L299+16
 2322 00ce 0093     		str	r3, [sp]
 2323 00d0 3346     		mov	r3, r6
 2324 00d2 94F82820 		ldrb	r2, [r4, #40]	@ zero_extendqisi2
 2325 00d6 2946     		mov	r1, r5
 2326 00d8 2046     		mov	r0, r4
 2327 00da FFF7FEFF 		bl	I2C_TransferConfig
 2328 00de 638D     		ldrh	r3, [r4, #42]
 2329 00e0 9BB2     		uxth	r3, r3
 2330 00e2 228D     		ldrh	r2, [r4, #40]
 2331 00e4 9B1A     		subs	r3, r3, r2
ARM GAS  C:\Users\Nathan\AppData\Local\Temp\cc2yLhuw.s 			page 41


 2332 00e6 9BB2     		uxth	r3, r3
 2333 00e8 6385     		strh	r3, [r4, #42]	@ movhi
 2334 00ea 0023     		movs	r3, #0
 2335 00ec 84F84030 		strb	r3, [r4, #64]
 2336 00f0 1021     		movs	r1, #16
 2337 00f2 2046     		mov	r0, r4
 2338 00f4 FFF7FEFF 		bl	I2C_Enable_IRQ
 2339 00f8 2268     		ldr	r2, [r4]
 2340 00fa 1368     		ldr	r3, [r2]
 2341 00fc 43F40043 		orr	r3, r3, #32768
 2342 0100 1360     		str	r3, [r2]
 2343 0102 11E0     		b	.L292
 2344              	.L288:
 2345 0104 124B     		ldr	r3, .L299+20
 2346 0106 6363     		str	r3, [r4, #52]
 2347 0108 104B     		ldr	r3, .L299+16
 2348 010a 0093     		str	r3, [sp]
 2349 010c 4FF00073 		mov	r3, #33554432
 2350 0110 CAB2     		uxtb	r2, r1
 2351 0112 2946     		mov	r1, r5
 2352 0114 2046     		mov	r0, r4
 2353 0116 FFF7FEFF 		bl	I2C_TransferConfig
 2354 011a 0023     		movs	r3, #0
 2355 011c 84F84030 		strb	r3, [r4, #64]
 2356 0120 0221     		movs	r1, #2
 2357 0122 2046     		mov	r0, r4
 2358 0124 FFF7FEFF 		bl	I2C_Enable_IRQ
 2359              	.L292:
 2360 0128 0020     		movs	r0, #0
 2361 012a 00E0     		b	.L285
 2362              	.L293:
 2363 012c 0220     		movs	r0, #2
 2364              	.L285:
 2365 012e 02B0     		add	sp, sp, #8
 2366              		@ sp needed
 2367 0130 70BD     		pop	{r4, r5, r6, pc}
 2368              	.L294:
 2369 0132 0220     		movs	r0, #2
 2370 0134 FBE7     		b	.L285
 2371              	.L295:
 2372 0136 0220     		movs	r0, #2
 2373 0138 F9E7     		b	.L285
 2374              	.L300:
 2375 013a 00BF     		.align	2
 2376              	.L299:
 2377 013c 0000FFFF 		.word	-65536
 2378 0140 00000000 		.word	I2C_Master_ISR_DMA
 2379 0144 00000000 		.word	I2C_DMAMasterReceiveCplt
 2380 0148 00000000 		.word	I2C_DMAError
 2381 014c 00240080 		.word	-2147474432
 2382 0150 00000000 		.word	I2C_Master_ISR_IT
 2384              		.section	.text.HAL_I2C_Slave_Transmit_DMA,"ax",%progbits
 2385              		.align	1
 2386              		.global	HAL_I2C_Slave_Transmit_DMA
 2387              		.syntax unified
 2388              		.thumb
 2389              		.thumb_func
ARM GAS  C:\Users\Nathan\AppData\Local\Temp\cc2yLhuw.s 			page 42


 2391              	HAL_I2C_Slave_Transmit_DMA:
 2392              		@ args = 0, pretend = 0, frame = 0
 2393              		@ frame_needed = 0, uses_anonymous_args = 0
 2394 0000 90F84130 		ldrb	r3, [r0, #65]	@ zero_extendqisi2
 2395 0004 202B     		cmp	r3, #32
 2396 0006 40F08D80 		bne	.L311
 2397 000a 10B5     		push	{r4, lr}
 2398 000c 0446     		mov	r4, r0
 2399 000e 0029     		cmp	r1, #0
 2400 0010 44D0     		beq	.L303
 2401 0012 002A     		cmp	r2, #0
 2402 0014 42D0     		beq	.L303
 2403 0016 90F84030 		ldrb	r3, [r0, #64]	@ zero_extendqisi2
 2404 001a 012B     		cmp	r3, #1
 2405 001c 00F08480 		beq	.L312
 2406 0020 0123     		movs	r3, #1
 2407 0022 80F84030 		strb	r3, [r0, #64]
 2408 0026 2123     		movs	r3, #33
 2409 0028 80F84130 		strb	r3, [r0, #65]
 2410 002c 2023     		movs	r3, #32
 2411 002e 80F84230 		strb	r3, [r0, #66]
 2412 0032 0023     		movs	r3, #0
 2413 0034 4364     		str	r3, [r0, #68]
 2414 0036 4162     		str	r1, [r0, #36]
 2415 0038 4285     		strh	r2, [r0, #42]	@ movhi
 2416 003a 438D     		ldrh	r3, [r0, #42]
 2417 003c 0385     		strh	r3, [r0, #40]	@ movhi
 2418 003e 3B4B     		ldr	r3, .L320
 2419 0040 C362     		str	r3, [r0, #44]
 2420 0042 3B4B     		ldr	r3, .L320+4
 2421 0044 4363     		str	r3, [r0, #52]
 2422 0046 036A     		ldr	r3, [r0, #32]
 2423 0048 B3F5003F 		cmp	r3, #131072
 2424 004c 2BD0     		beq	.L318
 2425              	.L305:
 2426 004e 638D     		ldrh	r3, [r4, #42]
 2427 0050 9BB2     		uxth	r3, r3
 2428 0052 002B     		cmp	r3, #0
 2429 0054 57D0     		beq	.L306
 2430 0056 A36B     		ldr	r3, [r4, #56]
 2431 0058 002B     		cmp	r3, #0
 2432 005a 33D0     		beq	.L307
 2433 005c 354A     		ldr	r2, .L320+8
 2434 005e DA62     		str	r2, [r3, #44]
 2435 0060 A36B     		ldr	r3, [r4, #56]
 2436 0062 354A     		ldr	r2, .L320+12
 2437 0064 5A63     		str	r2, [r3, #52]
 2438 0066 A26B     		ldr	r2, [r4, #56]
 2439 0068 0023     		movs	r3, #0
 2440 006a 1363     		str	r3, [r2, #48]
 2441 006c A26B     		ldr	r2, [r4, #56]
 2442 006e 9363     		str	r3, [r2, #56]
 2443 0070 2268     		ldr	r2, [r4]
 2444 0072 238D     		ldrh	r3, [r4, #40]
 2445 0074 2832     		adds	r2, r2, #40
 2446 0076 616A     		ldr	r1, [r4, #36]
 2447 0078 A06B     		ldr	r0, [r4, #56]
ARM GAS  C:\Users\Nathan\AppData\Local\Temp\cc2yLhuw.s 			page 43


 2448 007a FFF7FEFF 		bl	HAL_DMA_Start_IT
 2449 007e 78B3     		cbz	r0, .L319
 2450 0080 2823     		movs	r3, #40
 2451 0082 84F84130 		strb	r3, [r4, #65]
 2452 0086 0022     		movs	r2, #0
 2453 0088 84F84220 		strb	r2, [r4, #66]
 2454 008c 636C     		ldr	r3, [r4, #68]
 2455 008e 43F01003 		orr	r3, r3, #16
 2456 0092 6364     		str	r3, [r4, #68]
 2457 0094 84F84020 		strb	r2, [r4, #64]
 2458 0098 0120     		movs	r0, #1
 2459 009a 03E0     		b	.L302
 2460              	.L303:
 2461 009c 4FF40073 		mov	r3, #512
 2462 00a0 6364     		str	r3, [r4, #68]
 2463 00a2 0120     		movs	r0, #1
 2464              	.L302:
 2465 00a4 10BD     		pop	{r4, pc}
 2466              	.L318:
 2467 00a6 0368     		ldr	r3, [r0]
 2468 00a8 0A78     		ldrb	r2, [r1]	@ zero_extendqisi2
 2469 00aa 9A62     		str	r2, [r3, #40]
 2470 00ac 436A     		ldr	r3, [r0, #36]
 2471 00ae 0133     		adds	r3, r3, #1
 2472 00b0 4362     		str	r3, [r0, #36]
 2473 00b2 438D     		ldrh	r3, [r0, #42]
 2474 00b4 9BB2     		uxth	r3, r3
 2475 00b6 013B     		subs	r3, r3, #1
 2476 00b8 9BB2     		uxth	r3, r3
 2477 00ba 4385     		strh	r3, [r0, #42]	@ movhi
 2478 00bc 038D     		ldrh	r3, [r0, #40]
 2479 00be 013B     		subs	r3, r3, #1
 2480 00c0 0385     		strh	r3, [r0, #40]	@ movhi
 2481 00c2 C4E7     		b	.L305
 2482              	.L307:
 2483 00c4 2823     		movs	r3, #40
 2484 00c6 84F84130 		strb	r3, [r4, #65]
 2485 00ca 0022     		movs	r2, #0
 2486 00cc 84F84220 		strb	r2, [r4, #66]
 2487 00d0 636C     		ldr	r3, [r4, #68]
 2488 00d2 43F08003 		orr	r3, r3, #128
 2489 00d6 6364     		str	r3, [r4, #68]
 2490 00d8 84F84020 		strb	r2, [r4, #64]
 2491 00dc 0120     		movs	r0, #1
 2492 00de E1E7     		b	.L302
 2493              	.L319:
 2494 00e0 2268     		ldr	r2, [r4]
 2495 00e2 5368     		ldr	r3, [r2, #4]
 2496 00e4 23F40043 		bic	r3, r3, #32768
 2497 00e8 5360     		str	r3, [r2, #4]
 2498 00ea 0023     		movs	r3, #0
 2499 00ec 84F84030 		strb	r3, [r4, #64]
 2500 00f0 4FF40041 		mov	r1, #32768
 2501 00f4 2046     		mov	r0, r4
 2502 00f6 FFF7FEFF 		bl	I2C_Enable_IRQ
 2503 00fa 2268     		ldr	r2, [r4]
 2504 00fc 1368     		ldr	r3, [r2]
ARM GAS  C:\Users\Nathan\AppData\Local\Temp\cc2yLhuw.s 			page 44


 2505 00fe 43F48043 		orr	r3, r3, #16384
 2506 0102 1360     		str	r3, [r2]
 2507 0104 0CE0     		b	.L310
 2508              	.L306:
 2509 0106 2268     		ldr	r2, [r4]
 2510 0108 5368     		ldr	r3, [r2, #4]
 2511 010a 23F40043 		bic	r3, r3, #32768
 2512 010e 5360     		str	r3, [r2, #4]
 2513 0110 0023     		movs	r3, #0
 2514 0112 84F84030 		strb	r3, [r4, #64]
 2515 0116 4FF40041 		mov	r1, #32768
 2516 011a 2046     		mov	r0, r4
 2517 011c FFF7FEFF 		bl	I2C_Enable_IRQ
 2518              	.L310:
 2519 0120 0020     		movs	r0, #0
 2520 0122 BFE7     		b	.L302
 2521              	.L311:
 2522 0124 0220     		movs	r0, #2
 2523 0126 7047     		bx	lr
 2524              	.L312:
 2525 0128 0220     		movs	r0, #2
 2526 012a BBE7     		b	.L302
 2527              	.L321:
 2528              		.align	2
 2529              	.L320:
 2530 012c 0000FFFF 		.word	-65536
 2531 0130 00000000 		.word	I2C_Slave_ISR_DMA
 2532 0134 00000000 		.word	I2C_DMASlaveTransmitCplt
 2533 0138 00000000 		.word	I2C_DMAError
 2535              		.section	.text.HAL_I2C_Slave_Receive_DMA,"ax",%progbits
 2536              		.align	1
 2537              		.global	HAL_I2C_Slave_Receive_DMA
 2538              		.syntax unified
 2539              		.thumb
 2540              		.thumb_func
 2542              	HAL_I2C_Slave_Receive_DMA:
 2543              		@ args = 0, pretend = 0, frame = 0
 2544              		@ frame_needed = 0, uses_anonymous_args = 0
 2545 0000 38B5     		push	{r3, r4, r5, lr}
 2546 0002 90F84130 		ldrb	r3, [r0, #65]	@ zero_extendqisi2
 2547 0006 202B     		cmp	r3, #32
 2548 0008 68D1     		bne	.L329
 2549 000a 0446     		mov	r4, r0
 2550 000c 0029     		cmp	r1, #0
 2551 000e 3DD0     		beq	.L324
 2552 0010 002A     		cmp	r2, #0
 2553 0012 3BD0     		beq	.L324
 2554 0014 90F84030 		ldrb	r3, [r0, #64]	@ zero_extendqisi2
 2555 0018 012B     		cmp	r3, #1
 2556 001a 63D0     		beq	.L330
 2557 001c 0123     		movs	r3, #1
 2558 001e 80F84030 		strb	r3, [r0, #64]
 2559 0022 2223     		movs	r3, #34
 2560 0024 80F84130 		strb	r3, [r0, #65]
 2561 0028 2023     		movs	r3, #32
 2562 002a 80F84230 		strb	r3, [r0, #66]
 2563 002e 0023     		movs	r3, #0
ARM GAS  C:\Users\Nathan\AppData\Local\Temp\cc2yLhuw.s 			page 45


 2564 0030 4364     		str	r3, [r0, #68]
 2565 0032 4162     		str	r1, [r0, #36]
 2566 0034 4285     		strh	r2, [r0, #42]	@ movhi
 2567 0036 438D     		ldrh	r3, [r0, #42]
 2568 0038 0385     		strh	r3, [r0, #40]	@ movhi
 2569 003a 2C4B     		ldr	r3, .L334
 2570 003c C362     		str	r3, [r0, #44]
 2571 003e 2C4B     		ldr	r3, .L334+4
 2572 0040 4363     		str	r3, [r0, #52]
 2573 0042 C36B     		ldr	r3, [r0, #60]
 2574 0044 43B3     		cbz	r3, .L326
 2575 0046 2B4A     		ldr	r2, .L334+8
 2576 0048 DA62     		str	r2, [r3, #44]
 2577 004a C36B     		ldr	r3, [r0, #60]
 2578 004c 2A4A     		ldr	r2, .L334+12
 2579 004e 5A63     		str	r2, [r3, #52]
 2580 0050 C26B     		ldr	r2, [r0, #60]
 2581 0052 0023     		movs	r3, #0
 2582 0054 1363     		str	r3, [r2, #48]
 2583 0056 C26B     		ldr	r2, [r0, #60]
 2584 0058 9363     		str	r3, [r2, #56]
 2585 005a 0068     		ldr	r0, [r0]
 2586 005c 238D     		ldrh	r3, [r4, #40]
 2587 005e 0A46     		mov	r2, r1
 2588 0060 00F12401 		add	r1, r0, #36
 2589 0064 E06B     		ldr	r0, [r4, #60]
 2590 0066 FFF7FEFF 		bl	HAL_DMA_Start_IT
 2591 006a 0546     		mov	r5, r0
 2592 006c 18B3     		cbz	r0, .L333
 2593 006e 2823     		movs	r3, #40
 2594 0070 84F84130 		strb	r3, [r4, #65]
 2595 0074 0022     		movs	r2, #0
 2596 0076 84F84220 		strb	r2, [r4, #66]
 2597 007a 636C     		ldr	r3, [r4, #68]
 2598 007c 43F01003 		orr	r3, r3, #16
 2599 0080 6364     		str	r3, [r4, #68]
 2600 0082 84F84020 		strb	r2, [r4, #64]
 2601 0086 0123     		movs	r3, #1
 2602 0088 1D46     		mov	r5, r3
 2603 008a 29E0     		b	.L323
 2604              	.L324:
 2605 008c 4FF40073 		mov	r3, #512
 2606 0090 6364     		str	r3, [r4, #68]
 2607 0092 0123     		movs	r3, #1
 2608 0094 1D46     		mov	r5, r3
 2609 0096 23E0     		b	.L323
 2610              	.L326:
 2611 0098 2823     		movs	r3, #40
 2612 009a 80F84130 		strb	r3, [r0, #65]
 2613 009e 0022     		movs	r2, #0
 2614 00a0 80F84220 		strb	r2, [r0, #66]
 2615 00a4 436C     		ldr	r3, [r0, #68]
 2616 00a6 43F08003 		orr	r3, r3, #128
 2617 00aa 4364     		str	r3, [r0, #68]
 2618 00ac 80F84020 		strb	r2, [r0, #64]
 2619 00b0 0123     		movs	r3, #1
 2620 00b2 1D46     		mov	r5, r3
ARM GAS  C:\Users\Nathan\AppData\Local\Temp\cc2yLhuw.s 			page 46


 2621 00b4 14E0     		b	.L323
 2622              	.L333:
 2623 00b6 2268     		ldr	r2, [r4]
 2624 00b8 5368     		ldr	r3, [r2, #4]
 2625 00ba 23F40043 		bic	r3, r3, #32768
 2626 00be 5360     		str	r3, [r2, #4]
 2627 00c0 0023     		movs	r3, #0
 2628 00c2 84F84030 		strb	r3, [r4, #64]
 2629 00c6 4FF40041 		mov	r1, #32768
 2630 00ca 2046     		mov	r0, r4
 2631 00cc FFF7FEFF 		bl	I2C_Enable_IRQ
 2632 00d0 2268     		ldr	r2, [r4]
 2633 00d2 1368     		ldr	r3, [r2]
 2634 00d4 43F40043 		orr	r3, r3, #32768
 2635 00d8 1360     		str	r3, [r2]
 2636 00da 01E0     		b	.L323
 2637              	.L329:
 2638 00dc 0223     		movs	r3, #2
 2639 00de 1D46     		mov	r5, r3
 2640              	.L323:
 2641 00e0 2846     		mov	r0, r5
 2642 00e2 38BD     		pop	{r3, r4, r5, pc}
 2643              	.L330:
 2644 00e4 0223     		movs	r3, #2
 2645 00e6 1D46     		mov	r5, r3
 2646 00e8 FAE7     		b	.L323
 2647              	.L335:
 2648 00ea 00BF     		.align	2
 2649              	.L334:
 2650 00ec 0000FFFF 		.word	-65536
 2651 00f0 00000000 		.word	I2C_Slave_ISR_DMA
 2652 00f4 00000000 		.word	I2C_DMASlaveReceiveCplt
 2653 00f8 00000000 		.word	I2C_DMAError
 2655              		.section	.text.HAL_I2C_Mem_Write,"ax",%progbits
 2656              		.align	1
 2657              		.global	HAL_I2C_Mem_Write
 2658              		.syntax unified
 2659              		.thumb
 2660              		.thumb_func
 2662              	HAL_I2C_Mem_Write:
 2663              		@ args = 12, pretend = 0, frame = 0
 2664              		@ frame_needed = 0, uses_anonymous_args = 0
 2665 0000 2DE9F043 		push	{r4, r5, r6, r7, r8, r9, lr}
 2666 0004 83B0     		sub	sp, sp, #12
 2667 0006 0E46     		mov	r6, r1
 2668 0008 9846     		mov	r8, r3
 2669 000a BDF82C30 		ldrh	r3, [sp, #44]
 2670 000e 90F84110 		ldrb	r1, [r0, #65]	@ zero_extendqisi2
 2671 0012 2029     		cmp	r1, #32
 2672 0014 40F0B780 		bne	.L346
 2673 0018 0446     		mov	r4, r0
 2674 001a 1746     		mov	r7, r2
 2675 001c 9946     		mov	r9, r3
 2676 001e 0A9A     		ldr	r2, [sp, #40]
 2677 0020 BAB1     		cbz	r2, .L338
 2678 0022 B3B1     		cbz	r3, .L338
 2679 0024 90F84030 		ldrb	r3, [r0, #64]	@ zero_extendqisi2
ARM GAS  C:\Users\Nathan\AppData\Local\Temp\cc2yLhuw.s 			page 47


 2680 0028 012B     		cmp	r3, #1
 2681 002a 00F0B080 		beq	.L347
 2682 002e 4FF00103 		mov	r3, #1
 2683 0032 80F84030 		strb	r3, [r0, #64]
 2684 0036 FFF7FEFF 		bl	HAL_GetTick
 2685 003a 0546     		mov	r5, r0
 2686 003c 0090     		str	r0, [sp]
 2687 003e 1923     		movs	r3, #25
 2688 0040 0122     		movs	r2, #1
 2689 0042 4FF40041 		mov	r1, #32768
 2690 0046 2046     		mov	r0, r4
 2691 0048 FFF7FEFF 		bl	I2C_WaitOnFlagUntilTimeout
 2692 004c 30B1     		cbz	r0, .L353
 2693 004e 0120     		movs	r0, #1
 2694 0050 9AE0     		b	.L337
 2695              	.L338:
 2696 0052 4FF40073 		mov	r3, #512
 2697 0056 6364     		str	r3, [r4, #68]
 2698 0058 0120     		movs	r0, #1
 2699 005a 95E0     		b	.L337
 2700              	.L353:
 2701 005c 2123     		movs	r3, #33
 2702 005e 84F84130 		strb	r3, [r4, #65]
 2703 0062 4023     		movs	r3, #64
 2704 0064 84F84230 		strb	r3, [r4, #66]
 2705 0068 6064     		str	r0, [r4, #68]
 2706 006a 0A9A     		ldr	r2, [sp, #40]
 2707 006c 6262     		str	r2, [r4, #36]
 2708 006e A4F82A90 		strh	r9, [r4, #42]	@ movhi
 2709 0072 6063     		str	r0, [r4, #52]
 2710 0074 0195     		str	r5, [sp, #4]
 2711 0076 0C9B     		ldr	r3, [sp, #48]
 2712 0078 0093     		str	r3, [sp]
 2713 007a 4346     		mov	r3, r8
 2714 007c 3A46     		mov	r2, r7
 2715 007e 3146     		mov	r1, r6
 2716 0080 2046     		mov	r0, r4
 2717 0082 FFF7FEFF 		bl	I2C_RequestMemoryWrite
 2718 0086 68B9     		cbnz	r0, .L354
 2719 0088 638D     		ldrh	r3, [r4, #42]
 2720 008a 9BB2     		uxth	r3, r3
 2721 008c FF2B     		cmp	r3, #255
 2722 008e 0ED9     		bls	.L341
 2723 0090 FF22     		movs	r2, #255
 2724 0092 2285     		strh	r2, [r4, #40]	@ movhi
 2725 0094 0090     		str	r0, [sp]
 2726 0096 4FF08073 		mov	r3, #16777216
 2727 009a 3146     		mov	r1, r6
 2728 009c 2046     		mov	r0, r4
 2729 009e FFF7FEFF 		bl	I2C_TransferConfig
 2730 00a2 21E0     		b	.L345
 2731              	.L354:
 2732 00a4 0023     		movs	r3, #0
 2733 00a6 84F84030 		strb	r3, [r4, #64]
 2734 00aa 0120     		movs	r0, #1
 2735 00ac 6CE0     		b	.L337
 2736              	.L341:
ARM GAS  C:\Users\Nathan\AppData\Local\Temp\cc2yLhuw.s 			page 48


 2737 00ae 628D     		ldrh	r2, [r4, #42]
 2738 00b0 92B2     		uxth	r2, r2
 2739 00b2 2285     		strh	r2, [r4, #40]	@ movhi
 2740 00b4 0023     		movs	r3, #0
 2741 00b6 0093     		str	r3, [sp]
 2742 00b8 4FF00073 		mov	r3, #33554432
 2743 00bc D2B2     		uxtb	r2, r2
 2744 00be 3146     		mov	r1, r6
 2745 00c0 2046     		mov	r0, r4
 2746 00c2 FFF7FEFF 		bl	I2C_TransferConfig
 2747 00c6 0FE0     		b	.L345
 2748              	.L344:
 2749 00c8 628D     		ldrh	r2, [r4, #42]
 2750 00ca 92B2     		uxth	r2, r2
 2751 00cc 2285     		strh	r2, [r4, #40]	@ movhi
 2752 00ce 0023     		movs	r3, #0
 2753 00d0 0093     		str	r3, [sp]
 2754 00d2 4FF00073 		mov	r3, #33554432
 2755 00d6 D2B2     		uxtb	r2, r2
 2756 00d8 3146     		mov	r1, r6
 2757 00da 2046     		mov	r0, r4
 2758 00dc FFF7FEFF 		bl	I2C_TransferConfig
 2759              	.L343:
 2760 00e0 638D     		ldrh	r3, [r4, #42]
 2761 00e2 9BB2     		uxth	r3, r3
 2762 00e4 002B     		cmp	r3, #0
 2763 00e6 32D0     		beq	.L355
 2764              	.L345:
 2765 00e8 2A46     		mov	r2, r5
 2766 00ea 0C99     		ldr	r1, [sp, #48]
 2767 00ec 2046     		mov	r0, r4
 2768 00ee FFF7FEFF 		bl	I2C_WaitOnTXISFlagUntilTimeout
 2769 00f2 0028     		cmp	r0, #0
 2770 00f4 4DD1     		bne	.L349
 2771 00f6 626A     		ldr	r2, [r4, #36]
 2772 00f8 2368     		ldr	r3, [r4]
 2773 00fa 1278     		ldrb	r2, [r2]	@ zero_extendqisi2
 2774 00fc 9A62     		str	r2, [r3, #40]
 2775 00fe 636A     		ldr	r3, [r4, #36]
 2776 0100 0133     		adds	r3, r3, #1
 2777 0102 6362     		str	r3, [r4, #36]
 2778 0104 638D     		ldrh	r3, [r4, #42]
 2779 0106 9BB2     		uxth	r3, r3
 2780 0108 013B     		subs	r3, r3, #1
 2781 010a 9BB2     		uxth	r3, r3
 2782 010c 6385     		strh	r3, [r4, #42]	@ movhi
 2783 010e 238D     		ldrh	r3, [r4, #40]
 2784 0110 013B     		subs	r3, r3, #1
 2785 0112 9BB2     		uxth	r3, r3
 2786 0114 2385     		strh	r3, [r4, #40]	@ movhi
 2787 0116 628D     		ldrh	r2, [r4, #42]
 2788 0118 92B2     		uxth	r2, r2
 2789 011a 002A     		cmp	r2, #0
 2790 011c E0D0     		beq	.L343
 2791 011e 002B     		cmp	r3, #0
 2792 0120 DED1     		bne	.L343
 2793 0122 0095     		str	r5, [sp]
ARM GAS  C:\Users\Nathan\AppData\Local\Temp\cc2yLhuw.s 			page 49


 2794 0124 0C9B     		ldr	r3, [sp, #48]
 2795 0126 0246     		mov	r2, r0
 2796 0128 8021     		movs	r1, #128
 2797 012a 2046     		mov	r0, r4
 2798 012c FFF7FEFF 		bl	I2C_WaitOnFlagUntilTimeout
 2799 0130 88BB     		cbnz	r0, .L350
 2800 0132 638D     		ldrh	r3, [r4, #42]
 2801 0134 9BB2     		uxth	r3, r3
 2802 0136 FF2B     		cmp	r3, #255
 2803 0138 C6D9     		bls	.L344
 2804 013a FF22     		movs	r2, #255
 2805 013c 2285     		strh	r2, [r4, #40]	@ movhi
 2806 013e 0090     		str	r0, [sp]
 2807 0140 4FF08073 		mov	r3, #16777216
 2808 0144 3146     		mov	r1, r6
 2809 0146 2046     		mov	r0, r4
 2810 0148 FFF7FEFF 		bl	I2C_TransferConfig
 2811 014c C8E7     		b	.L343
 2812              	.L355:
 2813 014e 2A46     		mov	r2, r5
 2814 0150 0C99     		ldr	r1, [sp, #48]
 2815 0152 2046     		mov	r0, r4
 2816 0154 FFF7FEFF 		bl	I2C_WaitOnSTOPFlagUntilTimeout
 2817 0158 F8B9     		cbnz	r0, .L351
 2818 015a 2368     		ldr	r3, [r4]
 2819 015c 2022     		movs	r2, #32
 2820 015e DA61     		str	r2, [r3, #28]
 2821 0160 2168     		ldr	r1, [r4]
 2822 0162 4B68     		ldr	r3, [r1, #4]
 2823 0164 23F0FF73 		bic	r3, r3, #33423360
 2824 0168 23F48B33 		bic	r3, r3, #71168
 2825 016c 23F4FF73 		bic	r3, r3, #510
 2826 0170 23F00103 		bic	r3, r3, #1
 2827 0174 4B60     		str	r3, [r1, #4]
 2828 0176 84F84120 		strb	r2, [r4, #65]
 2829 017a 0023     		movs	r3, #0
 2830 017c 84F84230 		strb	r3, [r4, #66]
 2831 0180 84F84030 		strb	r3, [r4, #64]
 2832 0184 00E0     		b	.L337
 2833              	.L346:
 2834 0186 0220     		movs	r0, #2
 2835              	.L337:
 2836 0188 03B0     		add	sp, sp, #12
 2837              		@ sp needed
 2838 018a BDE8F083 		pop	{r4, r5, r6, r7, r8, r9, pc}
 2839              	.L347:
 2840 018e 0220     		movs	r0, #2
 2841 0190 FAE7     		b	.L337
 2842              	.L349:
 2843 0192 0120     		movs	r0, #1
 2844 0194 F8E7     		b	.L337
 2845              	.L350:
 2846 0196 0120     		movs	r0, #1
 2847 0198 F6E7     		b	.L337
 2848              	.L351:
 2849 019a 0120     		movs	r0, #1
 2850 019c F4E7     		b	.L337
ARM GAS  C:\Users\Nathan\AppData\Local\Temp\cc2yLhuw.s 			page 50


 2852              		.section	.text.HAL_I2C_Mem_Read,"ax",%progbits
 2853              		.align	1
 2854              		.global	HAL_I2C_Mem_Read
 2855              		.syntax unified
 2856              		.thumb
 2857              		.thumb_func
 2859              	HAL_I2C_Mem_Read:
 2860              		@ args = 12, pretend = 0, frame = 0
 2861              		@ frame_needed = 0, uses_anonymous_args = 0
 2862 0000 2DE9F043 		push	{r4, r5, r6, r7, r8, r9, lr}
 2863 0004 83B0     		sub	sp, sp, #12
 2864 0006 0E46     		mov	r6, r1
 2865 0008 9846     		mov	r8, r3
 2866 000a BDF82C30 		ldrh	r3, [sp, #44]
 2867 000e 90F84110 		ldrb	r1, [r0, #65]	@ zero_extendqisi2
 2868 0012 2029     		cmp	r1, #32
 2869 0014 40F0B980 		bne	.L366
 2870 0018 0446     		mov	r4, r0
 2871 001a 1746     		mov	r7, r2
 2872 001c 9946     		mov	r9, r3
 2873 001e 0A9A     		ldr	r2, [sp, #40]
 2874 0020 BAB1     		cbz	r2, .L358
 2875 0022 B3B1     		cbz	r3, .L358
 2876 0024 90F84030 		ldrb	r3, [r0, #64]	@ zero_extendqisi2
 2877 0028 012B     		cmp	r3, #1
 2878 002a 00F0B280 		beq	.L367
 2879 002e 4FF00103 		mov	r3, #1
 2880 0032 80F84030 		strb	r3, [r0, #64]
 2881 0036 FFF7FEFF 		bl	HAL_GetTick
 2882 003a 0546     		mov	r5, r0
 2883 003c 0090     		str	r0, [sp]
 2884 003e 1923     		movs	r3, #25
 2885 0040 0122     		movs	r2, #1
 2886 0042 4FF40041 		mov	r1, #32768
 2887 0046 2046     		mov	r0, r4
 2888 0048 FFF7FEFF 		bl	I2C_WaitOnFlagUntilTimeout
 2889 004c 30B1     		cbz	r0, .L373
 2890 004e 0120     		movs	r0, #1
 2891 0050 9CE0     		b	.L357
 2892              	.L358:
 2893 0052 4FF40073 		mov	r3, #512
 2894 0056 6364     		str	r3, [r4, #68]
 2895 0058 0120     		movs	r0, #1
 2896 005a 97E0     		b	.L357
 2897              	.L373:
 2898 005c 2223     		movs	r3, #34
 2899 005e 84F84130 		strb	r3, [r4, #65]
 2900 0062 4023     		movs	r3, #64
 2901 0064 84F84230 		strb	r3, [r4, #66]
 2902 0068 6064     		str	r0, [r4, #68]
 2903 006a 0A9A     		ldr	r2, [sp, #40]
 2904 006c 6262     		str	r2, [r4, #36]
 2905 006e A4F82A90 		strh	r9, [r4, #42]	@ movhi
 2906 0072 6063     		str	r0, [r4, #52]
 2907 0074 0195     		str	r5, [sp, #4]
 2908 0076 0C9B     		ldr	r3, [sp, #48]
 2909 0078 0093     		str	r3, [sp]
ARM GAS  C:\Users\Nathan\AppData\Local\Temp\cc2yLhuw.s 			page 51


 2910 007a 4346     		mov	r3, r8
 2911 007c 3A46     		mov	r2, r7
 2912 007e 3146     		mov	r1, r6
 2913 0080 2046     		mov	r0, r4
 2914 0082 FFF7FEFF 		bl	I2C_RequestMemoryRead
 2915 0086 70B9     		cbnz	r0, .L374
 2916 0088 638D     		ldrh	r3, [r4, #42]
 2917 008a 9BB2     		uxth	r3, r3
 2918 008c FF2B     		cmp	r3, #255
 2919 008e 0FD9     		bls	.L361
 2920 0090 FF22     		movs	r2, #255
 2921 0092 2285     		strh	r2, [r4, #40]	@ movhi
 2922 0094 434B     		ldr	r3, .L376
 2923 0096 0093     		str	r3, [sp]
 2924 0098 4FF08073 		mov	r3, #16777216
 2925 009c 3146     		mov	r1, r6
 2926 009e 2046     		mov	r0, r4
 2927 00a0 FFF7FEFF 		bl	I2C_TransferConfig
 2928 00a4 21E0     		b	.L365
 2929              	.L374:
 2930 00a6 0023     		movs	r3, #0
 2931 00a8 84F84030 		strb	r3, [r4, #64]
 2932 00ac 0120     		movs	r0, #1
 2933 00ae 6DE0     		b	.L357
 2934              	.L361:
 2935 00b0 628D     		ldrh	r2, [r4, #42]
 2936 00b2 92B2     		uxth	r2, r2
 2937 00b4 2285     		strh	r2, [r4, #40]	@ movhi
 2938 00b6 3B4B     		ldr	r3, .L376
 2939 00b8 0093     		str	r3, [sp]
 2940 00ba 4FF00073 		mov	r3, #33554432
 2941 00be D2B2     		uxtb	r2, r2
 2942 00c0 3146     		mov	r1, r6
 2943 00c2 2046     		mov	r0, r4
 2944 00c4 FFF7FEFF 		bl	I2C_TransferConfig
 2945 00c8 0FE0     		b	.L365
 2946              	.L364:
 2947 00ca 628D     		ldrh	r2, [r4, #42]
 2948 00cc 92B2     		uxth	r2, r2
 2949 00ce 2285     		strh	r2, [r4, #40]	@ movhi
 2950 00d0 0023     		movs	r3, #0
 2951 00d2 0093     		str	r3, [sp]
 2952 00d4 4FF00073 		mov	r3, #33554432
 2953 00d8 D2B2     		uxtb	r2, r2
 2954 00da 3146     		mov	r1, r6
 2955 00dc 2046     		mov	r0, r4
 2956 00de FFF7FEFF 		bl	I2C_TransferConfig
 2957              	.L363:
 2958 00e2 638D     		ldrh	r3, [r4, #42]
 2959 00e4 9BB2     		uxth	r3, r3
 2960 00e6 002B     		cmp	r3, #0
 2961 00e8 33D0     		beq	.L375
 2962              	.L365:
 2963 00ea 0095     		str	r5, [sp]
 2964 00ec 0C9B     		ldr	r3, [sp, #48]
 2965 00ee 0022     		movs	r2, #0
 2966 00f0 0421     		movs	r1, #4
ARM GAS  C:\Users\Nathan\AppData\Local\Temp\cc2yLhuw.s 			page 52


 2967 00f2 2046     		mov	r0, r4
 2968 00f4 FFF7FEFF 		bl	I2C_WaitOnFlagUntilTimeout
 2969 00f8 0028     		cmp	r0, #0
 2970 00fa 4CD1     		bne	.L369
 2971 00fc 2368     		ldr	r3, [r4]
 2972 00fe 5A6A     		ldr	r2, [r3, #36]
 2973 0100 636A     		ldr	r3, [r4, #36]
 2974 0102 1A70     		strb	r2, [r3]
 2975 0104 636A     		ldr	r3, [r4, #36]
 2976 0106 0133     		adds	r3, r3, #1
 2977 0108 6362     		str	r3, [r4, #36]
 2978 010a 228D     		ldrh	r2, [r4, #40]
 2979 010c 013A     		subs	r2, r2, #1
 2980 010e 92B2     		uxth	r2, r2
 2981 0110 2285     		strh	r2, [r4, #40]	@ movhi
 2982 0112 638D     		ldrh	r3, [r4, #42]
 2983 0114 9BB2     		uxth	r3, r3
 2984 0116 013B     		subs	r3, r3, #1
 2985 0118 9BB2     		uxth	r3, r3
 2986 011a 6385     		strh	r3, [r4, #42]	@ movhi
 2987 011c 638D     		ldrh	r3, [r4, #42]
 2988 011e 9BB2     		uxth	r3, r3
 2989 0120 002B     		cmp	r3, #0
 2990 0122 DED0     		beq	.L363
 2991 0124 002A     		cmp	r2, #0
 2992 0126 DCD1     		bne	.L363
 2993 0128 0095     		str	r5, [sp]
 2994 012a 0C9B     		ldr	r3, [sp, #48]
 2995 012c 8021     		movs	r1, #128
 2996 012e 2046     		mov	r0, r4
 2997 0130 FFF7FEFF 		bl	I2C_WaitOnFlagUntilTimeout
 2998 0134 88BB     		cbnz	r0, .L370
 2999 0136 638D     		ldrh	r3, [r4, #42]
 3000 0138 9BB2     		uxth	r3, r3
 3001 013a FF2B     		cmp	r3, #255
 3002 013c C5D9     		bls	.L364
 3003 013e FF22     		movs	r2, #255
 3004 0140 2285     		strh	r2, [r4, #40]	@ movhi
 3005 0142 0090     		str	r0, [sp]
 3006 0144 4FF08073 		mov	r3, #16777216
 3007 0148 3146     		mov	r1, r6
 3008 014a 2046     		mov	r0, r4
 3009 014c FFF7FEFF 		bl	I2C_TransferConfig
 3010 0150 C7E7     		b	.L363
 3011              	.L375:
 3012 0152 2A46     		mov	r2, r5
 3013 0154 0C99     		ldr	r1, [sp, #48]
 3014 0156 2046     		mov	r0, r4
 3015 0158 FFF7FEFF 		bl	I2C_WaitOnSTOPFlagUntilTimeout
 3016 015c F8B9     		cbnz	r0, .L371
 3017 015e 2368     		ldr	r3, [r4]
 3018 0160 2022     		movs	r2, #32
 3019 0162 DA61     		str	r2, [r3, #28]
 3020 0164 2168     		ldr	r1, [r4]
 3021 0166 4B68     		ldr	r3, [r1, #4]
 3022 0168 23F0FF73 		bic	r3, r3, #33423360
 3023 016c 23F48B33 		bic	r3, r3, #71168
ARM GAS  C:\Users\Nathan\AppData\Local\Temp\cc2yLhuw.s 			page 53


 3024 0170 23F4FF73 		bic	r3, r3, #510
 3025 0174 23F00103 		bic	r3, r3, #1
 3026 0178 4B60     		str	r3, [r1, #4]
 3027 017a 84F84120 		strb	r2, [r4, #65]
 3028 017e 0023     		movs	r3, #0
 3029 0180 84F84230 		strb	r3, [r4, #66]
 3030 0184 84F84030 		strb	r3, [r4, #64]
 3031 0188 00E0     		b	.L357
 3032              	.L366:
 3033 018a 0220     		movs	r0, #2
 3034              	.L357:
 3035 018c 03B0     		add	sp, sp, #12
 3036              		@ sp needed
 3037 018e BDE8F083 		pop	{r4, r5, r6, r7, r8, r9, pc}
 3038              	.L367:
 3039 0192 0220     		movs	r0, #2
 3040 0194 FAE7     		b	.L357
 3041              	.L369:
 3042 0196 0120     		movs	r0, #1
 3043 0198 F8E7     		b	.L357
 3044              	.L370:
 3045 019a 0120     		movs	r0, #1
 3046 019c F6E7     		b	.L357
 3047              	.L371:
 3048 019e 0120     		movs	r0, #1
 3049 01a0 F4E7     		b	.L357
 3050              	.L377:
 3051 01a2 00BF     		.align	2
 3052              	.L376:
 3053 01a4 00240080 		.word	-2147474432
 3055              		.section	.text.HAL_I2C_Mem_Write_IT,"ax",%progbits
 3056              		.align	1
 3057              		.global	HAL_I2C_Mem_Write_IT
 3058              		.syntax unified
 3059              		.thumb
 3060              		.thumb_func
 3062              	HAL_I2C_Mem_Write_IT:
 3063              		@ args = 8, pretend = 0, frame = 0
 3064              		@ frame_needed = 0, uses_anonymous_args = 0
 3065 0000 30B5     		push	{r4, r5, lr}
 3066 0002 83B0     		sub	sp, sp, #12
 3067 0004 0446     		mov	r4, r0
 3068 0006 9C46     		mov	ip, r3
 3069 0008 BDF81C30 		ldrh	r3, [sp, #28]
 3070 000c 90F84100 		ldrb	r0, [r0, #65]	@ zero_extendqisi2
 3071 0010 2028     		cmp	r0, #32
 3072 0012 4ED1     		bne	.L384
 3073 0014 0698     		ldr	r0, [sp, #24]
 3074 0016 0028     		cmp	r0, #0
 3075 0018 40D0     		beq	.L380
 3076 001a 002B     		cmp	r3, #0
 3077 001c 3ED0     		beq	.L380
 3078 001e 2068     		ldr	r0, [r4]
 3079 0020 D0F818E0 		ldr	lr, [r0, #24]
 3080 0024 1EF4004F 		tst	lr, #32768
 3081 0028 46D1     		bne	.L385
 3082 002a 94F840E0 		ldrb	lr, [r4, #64]	@ zero_extendqisi2
ARM GAS  C:\Users\Nathan\AppData\Local\Temp\cc2yLhuw.s 			page 54


 3083 002e BEF1010F 		cmp	lr, #1
 3084 0032 43D0     		beq	.L386
 3085 0034 4FF0010E 		mov	lr, #1
 3086 0038 84F840E0 		strb	lr, [r4, #64]
 3087 003c 4FF0210E 		mov	lr, #33
 3088 0040 84F841E0 		strb	lr, [r4, #65]
 3089 0044 4FF0400E 		mov	lr, #64
 3090 0048 84F842E0 		strb	lr, [r4, #66]
 3091 004c 4FF0000E 		mov	lr, #0
 3092 0050 C4F844E0 		str	lr, [r4, #68]
 3093 0054 A4F828E0 		strh	lr, [r4, #40]	@ movhi
 3094 0058 069D     		ldr	r5, [sp, #24]
 3095 005a 6562     		str	r5, [r4, #36]
 3096 005c 6385     		strh	r3, [r4, #42]	@ movhi
 3097 005e 184B     		ldr	r3, .L389
 3098 0060 E362     		str	r3, [r4, #44]
 3099 0062 184B     		ldr	r3, .L389+4
 3100 0064 6363     		str	r3, [r4, #52]
 3101 0066 E164     		str	r1, [r4, #76]
 3102 0068 BCF1010F 		cmp	ip, #1
 3103 006c 1BD0     		beq	.L388
 3104 006e 130A     		lsrs	r3, r2, #8
 3105 0070 8362     		str	r3, [r0, #40]
 3106 0072 D2B2     		uxtb	r2, r2
 3107 0074 2265     		str	r2, [r4, #80]
 3108              	.L383:
 3109 0076 144B     		ldr	r3, .L389+8
 3110 0078 0093     		str	r3, [sp]
 3111 007a 4FF08073 		mov	r3, #16777216
 3112 007e 5FFA8CF2 		uxtb	r2, ip
 3113 0082 2046     		mov	r0, r4
 3114 0084 FFF7FEFF 		bl	I2C_TransferConfig
 3115 0088 4FF00003 		mov	r3, #0
 3116 008c 84F84030 		strb	r3, [r4, #64]
 3117 0090 0121     		movs	r1, #1
 3118 0092 2046     		mov	r0, r4
 3119 0094 FFF7FEFF 		bl	I2C_Enable_IRQ
 3120 0098 0020     		movs	r0, #0
 3121 009a 0BE0     		b	.L379
 3122              	.L380:
 3123 009c 4FF40073 		mov	r3, #512
 3124 00a0 6364     		str	r3, [r4, #68]
 3125 00a2 0120     		movs	r0, #1
 3126 00a4 06E0     		b	.L379
 3127              	.L388:
 3128 00a6 D2B2     		uxtb	r2, r2
 3129 00a8 8262     		str	r2, [r0, #40]
 3130 00aa 4FF0FF33 		mov	r3, #-1
 3131 00ae 2365     		str	r3, [r4, #80]
 3132 00b0 E1E7     		b	.L383
 3133              	.L384:
 3134 00b2 0220     		movs	r0, #2
 3135              	.L379:
 3136 00b4 03B0     		add	sp, sp, #12
 3137              		@ sp needed
 3138 00b6 30BD     		pop	{r4, r5, pc}
 3139              	.L385:
ARM GAS  C:\Users\Nathan\AppData\Local\Temp\cc2yLhuw.s 			page 55


 3140 00b8 0220     		movs	r0, #2
 3141 00ba FBE7     		b	.L379
 3142              	.L386:
 3143 00bc 0220     		movs	r0, #2
 3144 00be F9E7     		b	.L379
 3145              	.L390:
 3146              		.align	2
 3147              	.L389:
 3148 00c0 0000FFFF 		.word	-65536
 3149 00c4 00000000 		.word	I2C_Mem_ISR_IT
 3150 00c8 00200080 		.word	-2147475456
 3152              		.section	.text.HAL_I2C_Mem_Read_IT,"ax",%progbits
 3153              		.align	1
 3154              		.global	HAL_I2C_Mem_Read_IT
 3155              		.syntax unified
 3156              		.thumb
 3157              		.thumb_func
 3159              	HAL_I2C_Mem_Read_IT:
 3160              		@ args = 8, pretend = 0, frame = 0
 3161              		@ frame_needed = 0, uses_anonymous_args = 0
 3162 0000 30B5     		push	{r4, r5, lr}
 3163 0002 83B0     		sub	sp, sp, #12
 3164 0004 0446     		mov	r4, r0
 3165 0006 9C46     		mov	ip, r3
 3166 0008 BDF81C30 		ldrh	r3, [sp, #28]
 3167 000c 90F84100 		ldrb	r0, [r0, #65]	@ zero_extendqisi2
 3168 0010 2028     		cmp	r0, #32
 3169 0012 4BD1     		bne	.L397
 3170 0014 0698     		ldr	r0, [sp, #24]
 3171 0016 0028     		cmp	r0, #0
 3172 0018 3DD0     		beq	.L393
 3173 001a 002B     		cmp	r3, #0
 3174 001c 3BD0     		beq	.L393
 3175 001e 2068     		ldr	r0, [r4]
 3176 0020 D0F818E0 		ldr	lr, [r0, #24]
 3177 0024 1EF4004F 		tst	lr, #32768
 3178 0028 43D1     		bne	.L398
 3179 002a 94F840E0 		ldrb	lr, [r4, #64]	@ zero_extendqisi2
 3180 002e BEF1010F 		cmp	lr, #1
 3181 0032 40D0     		beq	.L399
 3182 0034 4FF0010E 		mov	lr, #1
 3183 0038 84F840E0 		strb	lr, [r4, #64]
 3184 003c 4FF0220E 		mov	lr, #34
 3185 0040 84F841E0 		strb	lr, [r4, #65]
 3186 0044 4FF0400E 		mov	lr, #64
 3187 0048 84F842E0 		strb	lr, [r4, #66]
 3188 004c 4FF0000E 		mov	lr, #0
 3189 0050 C4F844E0 		str	lr, [r4, #68]
 3190 0054 069D     		ldr	r5, [sp, #24]
 3191 0056 6562     		str	r5, [r4, #36]
 3192 0058 6385     		strh	r3, [r4, #42]	@ movhi
 3193 005a 184B     		ldr	r3, .L402
 3194 005c E362     		str	r3, [r4, #44]
 3195 005e 184B     		ldr	r3, .L402+4
 3196 0060 6363     		str	r3, [r4, #52]
 3197 0062 E164     		str	r1, [r4, #76]
 3198 0064 BCF1010F 		cmp	ip, #1
ARM GAS  C:\Users\Nathan\AppData\Local\Temp\cc2yLhuw.s 			page 56


 3199 0068 1AD0     		beq	.L401
 3200 006a 130A     		lsrs	r3, r2, #8
 3201 006c 8362     		str	r3, [r0, #40]
 3202 006e D2B2     		uxtb	r2, r2
 3203 0070 2265     		str	r2, [r4, #80]
 3204              	.L396:
 3205 0072 144B     		ldr	r3, .L402+8
 3206 0074 0093     		str	r3, [sp]
 3207 0076 0023     		movs	r3, #0
 3208 0078 5FFA8CF2 		uxtb	r2, ip
 3209 007c 2046     		mov	r0, r4
 3210 007e FFF7FEFF 		bl	I2C_TransferConfig
 3211 0082 4FF00003 		mov	r3, #0
 3212 0086 84F84030 		strb	r3, [r4, #64]
 3213 008a 0121     		movs	r1, #1
 3214 008c 2046     		mov	r0, r4
 3215 008e FFF7FEFF 		bl	I2C_Enable_IRQ
 3216 0092 0020     		movs	r0, #0
 3217 0094 0BE0     		b	.L392
 3218              	.L393:
 3219 0096 4FF40073 		mov	r3, #512
 3220 009a 6364     		str	r3, [r4, #68]
 3221 009c 0120     		movs	r0, #1
 3222 009e 06E0     		b	.L392
 3223              	.L401:
 3224 00a0 D2B2     		uxtb	r2, r2
 3225 00a2 8262     		str	r2, [r0, #40]
 3226 00a4 4FF0FF33 		mov	r3, #-1
 3227 00a8 2365     		str	r3, [r4, #80]
 3228 00aa E2E7     		b	.L396
 3229              	.L397:
 3230 00ac 0220     		movs	r0, #2
 3231              	.L392:
 3232 00ae 03B0     		add	sp, sp, #12
 3233              		@ sp needed
 3234 00b0 30BD     		pop	{r4, r5, pc}
 3235              	.L398:
 3236 00b2 0220     		movs	r0, #2
 3237 00b4 FBE7     		b	.L392
 3238              	.L399:
 3239 00b6 0220     		movs	r0, #2
 3240 00b8 F9E7     		b	.L392
 3241              	.L403:
 3242 00ba 00BF     		.align	2
 3243              	.L402:
 3244 00bc 0000FFFF 		.word	-65536
 3245 00c0 00000000 		.word	I2C_Mem_ISR_IT
 3246 00c4 00200080 		.word	-2147475456
 3248              		.section	.text.HAL_I2C_Mem_Write_DMA,"ax",%progbits
 3249              		.align	1
 3250              		.global	HAL_I2C_Mem_Write_DMA
 3251              		.syntax unified
 3252              		.thumb
 3253              		.thumb_func
 3255              	HAL_I2C_Mem_Write_DMA:
 3256              		@ args = 8, pretend = 0, frame = 0
 3257              		@ frame_needed = 0, uses_anonymous_args = 0
ARM GAS  C:\Users\Nathan\AppData\Local\Temp\cc2yLhuw.s 			page 57


 3258 0000 F0B5     		push	{r4, r5, r6, r7, lr}
 3259 0002 83B0     		sub	sp, sp, #12
 3260 0004 0446     		mov	r4, r0
 3261 0006 0E46     		mov	r6, r1
 3262 0008 1F46     		mov	r7, r3
 3263 000a 0899     		ldr	r1, [sp, #32]
 3264 000c BDF82430 		ldrh	r3, [sp, #36]
 3265 0010 90F84100 		ldrb	r0, [r0, #65]	@ zero_extendqisi2
 3266 0014 2028     		cmp	r0, #32
 3267 0016 40F08580 		bne	.L415
 3268 001a 0029     		cmp	r1, #0
 3269 001c 53D0     		beq	.L406
 3270 001e 002B     		cmp	r3, #0
 3271 0020 51D0     		beq	.L406
 3272 0022 2068     		ldr	r0, [r4]
 3273 0024 D0F818C0 		ldr	ip, [r0, #24]
 3274 0028 1CF4004F 		tst	ip, #32768
 3275 002c 7FD1     		bne	.L416
 3276 002e 94F840C0 		ldrb	ip, [r4, #64]	@ zero_extendqisi2
 3277 0032 BCF1010F 		cmp	ip, #1
 3278 0036 7DD0     		beq	.L417
 3279 0038 4FF0010C 		mov	ip, #1
 3280 003c 84F840C0 		strb	ip, [r4, #64]
 3281 0040 4FF0210C 		mov	ip, #33
 3282 0044 84F841C0 		strb	ip, [r4, #65]
 3283 0048 4FF0400C 		mov	ip, #64
 3284 004c 84F842C0 		strb	ip, [r4, #66]
 3285 0050 4FF0000C 		mov	ip, #0
 3286 0054 C4F844C0 		str	ip, [r4, #68]
 3287 0058 6162     		str	r1, [r4, #36]
 3288 005a 6385     		strh	r3, [r4, #42]	@ movhi
 3289 005c 374B     		ldr	r3, .L422
 3290 005e E362     		str	r3, [r4, #44]
 3291 0060 374B     		ldr	r3, .L422+4
 3292 0062 6363     		str	r3, [r4, #52]
 3293 0064 E664     		str	r6, [r4, #76]
 3294 0066 638D     		ldrh	r3, [r4, #42]
 3295 0068 9BB2     		uxth	r3, r3
 3296 006a FF2B     		cmp	r3, #255
 3297 006c 31D9     		bls	.L408
 3298 006e FF23     		movs	r3, #255
 3299 0070 2385     		strh	r3, [r4, #40]	@ movhi
 3300              	.L409:
 3301 0072 012F     		cmp	r7, #1
 3302 0074 30D0     		beq	.L420
 3303 0076 130A     		lsrs	r3, r2, #8
 3304 0078 8362     		str	r3, [r0, #40]
 3305 007a D2B2     		uxtb	r2, r2
 3306 007c 2265     		str	r2, [r4, #80]
 3307              	.L411:
 3308 007e A36B     		ldr	r3, [r4, #56]
 3309 0080 002B     		cmp	r3, #0
 3310 0082 2FD0     		beq	.L412
 3311 0084 2F4A     		ldr	r2, .L422+8
 3312 0086 DA62     		str	r2, [r3, #44]
 3313 0088 A36B     		ldr	r3, [r4, #56]
 3314 008a 2F4A     		ldr	r2, .L422+12
ARM GAS  C:\Users\Nathan\AppData\Local\Temp\cc2yLhuw.s 			page 58


 3315 008c 5A63     		str	r2, [r3, #52]
 3316 008e A26B     		ldr	r2, [r4, #56]
 3317 0090 0023     		movs	r3, #0
 3318 0092 1363     		str	r3, [r2, #48]
 3319 0094 A26B     		ldr	r2, [r4, #56]
 3320 0096 9363     		str	r3, [r2, #56]
 3321 0098 2268     		ldr	r2, [r4]
 3322 009a 238D     		ldrh	r3, [r4, #40]
 3323 009c 2832     		adds	r2, r2, #40
 3324 009e A06B     		ldr	r0, [r4, #56]
 3325 00a0 FFF7FEFF 		bl	HAL_DMA_Start_IT
 3326 00a4 0546     		mov	r5, r0
 3327 00a6 60B3     		cbz	r0, .L421
 3328 00a8 2023     		movs	r3, #32
 3329 00aa 84F84130 		strb	r3, [r4, #65]
 3330 00ae 0022     		movs	r2, #0
 3331 00b0 84F84220 		strb	r2, [r4, #66]
 3332 00b4 636C     		ldr	r3, [r4, #68]
 3333 00b6 43F01003 		orr	r3, r3, #16
 3334 00ba 6364     		str	r3, [r4, #68]
 3335 00bc 84F84020 		strb	r2, [r4, #64]
 3336 00c0 0123     		movs	r3, #1
 3337 00c2 1D46     		mov	r5, r3
 3338 00c4 30E0     		b	.L405
 3339              	.L406:
 3340 00c6 4FF40073 		mov	r3, #512
 3341 00ca 6364     		str	r3, [r4, #68]
 3342 00cc 0123     		movs	r3, #1
 3343 00ce 1D46     		mov	r5, r3
 3344 00d0 2AE0     		b	.L405
 3345              	.L408:
 3346 00d2 638D     		ldrh	r3, [r4, #42]
 3347 00d4 2385     		strh	r3, [r4, #40]	@ movhi
 3348 00d6 CCE7     		b	.L409
 3349              	.L420:
 3350 00d8 D2B2     		uxtb	r2, r2
 3351 00da 8262     		str	r2, [r0, #40]
 3352 00dc 4FF0FF33 		mov	r3, #-1
 3353 00e0 2365     		str	r3, [r4, #80]
 3354 00e2 CCE7     		b	.L411
 3355              	.L412:
 3356 00e4 2023     		movs	r3, #32
 3357 00e6 84F84130 		strb	r3, [r4, #65]
 3358 00ea 0022     		movs	r2, #0
 3359 00ec 84F84220 		strb	r2, [r4, #66]
 3360 00f0 636C     		ldr	r3, [r4, #68]
 3361 00f2 43F08003 		orr	r3, r3, #128
 3362 00f6 6364     		str	r3, [r4, #68]
 3363 00f8 84F84020 		strb	r2, [r4, #64]
 3364 00fc 0123     		movs	r3, #1
 3365 00fe 1D46     		mov	r5, r3
 3366 0100 12E0     		b	.L405
 3367              	.L421:
 3368 0102 124B     		ldr	r3, .L422+16
 3369 0104 0093     		str	r3, [sp]
 3370 0106 4FF08073 		mov	r3, #16777216
 3371 010a FAB2     		uxtb	r2, r7
ARM GAS  C:\Users\Nathan\AppData\Local\Temp\cc2yLhuw.s 			page 59


 3372 010c 3146     		mov	r1, r6
 3373 010e 2046     		mov	r0, r4
 3374 0110 FFF7FEFF 		bl	I2C_TransferConfig
 3375 0114 0023     		movs	r3, #0
 3376 0116 84F84030 		strb	r3, [r4, #64]
 3377 011a 0121     		movs	r1, #1
 3378 011c 2046     		mov	r0, r4
 3379 011e FFF7FEFF 		bl	I2C_Enable_IRQ
 3380 0122 01E0     		b	.L405
 3381              	.L415:
 3382 0124 0223     		movs	r3, #2
 3383 0126 1D46     		mov	r5, r3
 3384              	.L405:
 3385 0128 2846     		mov	r0, r5
 3386 012a 03B0     		add	sp, sp, #12
 3387              		@ sp needed
 3388 012c F0BD     		pop	{r4, r5, r6, r7, pc}
 3389              	.L416:
 3390 012e 0223     		movs	r3, #2
 3391 0130 1D46     		mov	r5, r3
 3392 0132 F9E7     		b	.L405
 3393              	.L417:
 3394 0134 0223     		movs	r3, #2
 3395 0136 1D46     		mov	r5, r3
 3396 0138 F6E7     		b	.L405
 3397              	.L423:
 3398 013a 00BF     		.align	2
 3399              	.L422:
 3400 013c 0000FFFF 		.word	-65536
 3401 0140 00000000 		.word	I2C_Mem_ISR_DMA
 3402 0144 00000000 		.word	I2C_DMAMasterTransmitCplt
 3403 0148 00000000 		.word	I2C_DMAError
 3404 014c 00200080 		.word	-2147475456
 3406              		.section	.text.HAL_I2C_Mem_Read_DMA,"ax",%progbits
 3407              		.align	1
 3408              		.global	HAL_I2C_Mem_Read_DMA
 3409              		.syntax unified
 3410              		.thumb
 3411              		.thumb_func
 3413              	HAL_I2C_Mem_Read_DMA:
 3414              		@ args = 8, pretend = 0, frame = 0
 3415              		@ frame_needed = 0, uses_anonymous_args = 0
 3416 0000 F0B5     		push	{r4, r5, r6, r7, lr}
 3417 0002 83B0     		sub	sp, sp, #12
 3418 0004 0446     		mov	r4, r0
 3419 0006 1F46     		mov	r7, r3
 3420 0008 BDF82430 		ldrh	r3, [sp, #36]
 3421 000c 90F84100 		ldrb	r0, [r0, #65]	@ zero_extendqisi2
 3422 0010 2028     		cmp	r0, #32
 3423 0012 40F08680 		bne	.L435
 3424 0016 0E46     		mov	r6, r1
 3425 0018 0899     		ldr	r1, [sp, #32]
 3426 001a 0029     		cmp	r1, #0
 3427 001c 53D0     		beq	.L426
 3428 001e 002B     		cmp	r3, #0
 3429 0020 51D0     		beq	.L426
 3430 0022 2068     		ldr	r0, [r4]
ARM GAS  C:\Users\Nathan\AppData\Local\Temp\cc2yLhuw.s 			page 60


 3431 0024 8169     		ldr	r1, [r0, #24]
 3432 0026 11F4004F 		tst	r1, #32768
 3433 002a 7FD1     		bne	.L436
 3434 002c 94F840C0 		ldrb	ip, [r4, #64]	@ zero_extendqisi2
 3435 0030 BCF1010F 		cmp	ip, #1
 3436 0034 7DD0     		beq	.L437
 3437 0036 4FF0010C 		mov	ip, #1
 3438 003a 84F840C0 		strb	ip, [r4, #64]
 3439 003e 4FF0220C 		mov	ip, #34
 3440 0042 84F841C0 		strb	ip, [r4, #65]
 3441 0046 4FF0400C 		mov	ip, #64
 3442 004a 84F842C0 		strb	ip, [r4, #66]
 3443 004e 0021     		movs	r1, #0
 3444 0050 6164     		str	r1, [r4, #68]
 3445 0052 0899     		ldr	r1, [sp, #32]
 3446 0054 6162     		str	r1, [r4, #36]
 3447 0056 6385     		strh	r3, [r4, #42]	@ movhi
 3448 0058 374B     		ldr	r3, .L442
 3449 005a E362     		str	r3, [r4, #44]
 3450 005c 374B     		ldr	r3, .L442+4
 3451 005e 6363     		str	r3, [r4, #52]
 3452 0060 E664     		str	r6, [r4, #76]
 3453 0062 638D     		ldrh	r3, [r4, #42]
 3454 0064 9BB2     		uxth	r3, r3
 3455 0066 FF2B     		cmp	r3, #255
 3456 0068 33D9     		bls	.L428
 3457 006a FF23     		movs	r3, #255
 3458 006c 2385     		strh	r3, [r4, #40]	@ movhi
 3459              	.L429:
 3460 006e 012F     		cmp	r7, #1
 3461 0070 32D0     		beq	.L440
 3462 0072 130A     		lsrs	r3, r2, #8
 3463 0074 8362     		str	r3, [r0, #40]
 3464 0076 D2B2     		uxtb	r2, r2
 3465 0078 2265     		str	r2, [r4, #80]
 3466              	.L431:
 3467 007a E36B     		ldr	r3, [r4, #60]
 3468 007c 002B     		cmp	r3, #0
 3469 007e 31D0     		beq	.L432
 3470 0080 2F4A     		ldr	r2, .L442+8
 3471 0082 DA62     		str	r2, [r3, #44]
 3472 0084 E36B     		ldr	r3, [r4, #60]
 3473 0086 2F4A     		ldr	r2, .L442+12
 3474 0088 5A63     		str	r2, [r3, #52]
 3475 008a E26B     		ldr	r2, [r4, #60]
 3476 008c 0023     		movs	r3, #0
 3477 008e 1363     		str	r3, [r2, #48]
 3478 0090 E26B     		ldr	r2, [r4, #60]
 3479 0092 9363     		str	r3, [r2, #56]
 3480 0094 2068     		ldr	r0, [r4]
 3481 0096 238D     		ldrh	r3, [r4, #40]
 3482 0098 089A     		ldr	r2, [sp, #32]
 3483 009a 00F12401 		add	r1, r0, #36
 3484 009e E06B     		ldr	r0, [r4, #60]
 3485 00a0 FFF7FEFF 		bl	HAL_DMA_Start_IT
 3486 00a4 0546     		mov	r5, r0
 3487 00a6 60B3     		cbz	r0, .L441
ARM GAS  C:\Users\Nathan\AppData\Local\Temp\cc2yLhuw.s 			page 61


 3488 00a8 2023     		movs	r3, #32
 3489 00aa 84F84130 		strb	r3, [r4, #65]
 3490 00ae 0022     		movs	r2, #0
 3491 00b0 84F84220 		strb	r2, [r4, #66]
 3492 00b4 636C     		ldr	r3, [r4, #68]
 3493 00b6 43F01003 		orr	r3, r3, #16
 3494 00ba 6364     		str	r3, [r4, #68]
 3495 00bc 84F84020 		strb	r2, [r4, #64]
 3496 00c0 0123     		movs	r3, #1
 3497 00c2 1D46     		mov	r5, r3
 3498 00c4 2FE0     		b	.L425
 3499              	.L426:
 3500 00c6 4FF40073 		mov	r3, #512
 3501 00ca 6364     		str	r3, [r4, #68]
 3502 00cc 0123     		movs	r3, #1
 3503 00ce 1D46     		mov	r5, r3
 3504 00d0 29E0     		b	.L425
 3505              	.L428:
 3506 00d2 638D     		ldrh	r3, [r4, #42]
 3507 00d4 2385     		strh	r3, [r4, #40]	@ movhi
 3508 00d6 CAE7     		b	.L429
 3509              	.L440:
 3510 00d8 D2B2     		uxtb	r2, r2
 3511 00da 8262     		str	r2, [r0, #40]
 3512 00dc 4FF0FF33 		mov	r3, #-1
 3513 00e0 2365     		str	r3, [r4, #80]
 3514 00e2 CAE7     		b	.L431
 3515              	.L432:
 3516 00e4 2023     		movs	r3, #32
 3517 00e6 84F84130 		strb	r3, [r4, #65]
 3518 00ea 0022     		movs	r2, #0
 3519 00ec 84F84220 		strb	r2, [r4, #66]
 3520 00f0 636C     		ldr	r3, [r4, #68]
 3521 00f2 43F08003 		orr	r3, r3, #128
 3522 00f6 6364     		str	r3, [r4, #68]
 3523 00f8 84F84020 		strb	r2, [r4, #64]
 3524 00fc 0123     		movs	r3, #1
 3525 00fe 1D46     		mov	r5, r3
 3526 0100 11E0     		b	.L425
 3527              	.L441:
 3528 0102 114B     		ldr	r3, .L442+16
 3529 0104 0093     		str	r3, [sp]
 3530 0106 0023     		movs	r3, #0
 3531 0108 FAB2     		uxtb	r2, r7
 3532 010a 3146     		mov	r1, r6
 3533 010c 2046     		mov	r0, r4
 3534 010e FFF7FEFF 		bl	I2C_TransferConfig
 3535 0112 0023     		movs	r3, #0
 3536 0114 84F84030 		strb	r3, [r4, #64]
 3537 0118 0121     		movs	r1, #1
 3538 011a 2046     		mov	r0, r4
 3539 011c FFF7FEFF 		bl	I2C_Enable_IRQ
 3540 0120 01E0     		b	.L425
 3541              	.L435:
 3542 0122 0223     		movs	r3, #2
 3543 0124 1D46     		mov	r5, r3
 3544              	.L425:
ARM GAS  C:\Users\Nathan\AppData\Local\Temp\cc2yLhuw.s 			page 62


 3545 0126 2846     		mov	r0, r5
 3546 0128 03B0     		add	sp, sp, #12
 3547              		@ sp needed
 3548 012a F0BD     		pop	{r4, r5, r6, r7, pc}
 3549              	.L436:
 3550 012c 0223     		movs	r3, #2
 3551 012e 1D46     		mov	r5, r3
 3552 0130 F9E7     		b	.L425
 3553              	.L437:
 3554 0132 0223     		movs	r3, #2
 3555 0134 1D46     		mov	r5, r3
 3556 0136 F6E7     		b	.L425
 3557              	.L443:
 3558              		.align	2
 3559              	.L442:
 3560 0138 0000FFFF 		.word	-65536
 3561 013c 00000000 		.word	I2C_Mem_ISR_DMA
 3562 0140 00000000 		.word	I2C_DMAMasterReceiveCplt
 3563 0144 00000000 		.word	I2C_DMAError
 3564 0148 00200080 		.word	-2147475456
 3566              		.section	.text.HAL_I2C_IsDeviceReady,"ax",%progbits
 3567              		.align	1
 3568              		.global	HAL_I2C_IsDeviceReady
 3569              		.syntax unified
 3570              		.thumb
 3571              		.thumb_func
 3573              	HAL_I2C_IsDeviceReady:
 3574              		@ args = 0, pretend = 0, frame = 8
 3575              		@ frame_needed = 0, uses_anonymous_args = 0
 3576 0000 2DE9F041 		push	{r4, r5, r6, r7, r8, lr}
 3577 0004 84B0     		sub	sp, sp, #16
 3578 0006 1C46     		mov	r4, r3
 3579 0008 0023     		movs	r3, #0
 3580 000a 0393     		str	r3, [sp, #12]
 3581 000c 90F84130 		ldrb	r3, [r0, #65]	@ zero_extendqisi2
 3582 0010 202B     		cmp	r3, #32
 3583 0012 40F08B80 		bne	.L455
 3584 0016 0546     		mov	r5, r0
 3585 0018 0F46     		mov	r7, r1
 3586 001a 9046     		mov	r8, r2
 3587 001c 0368     		ldr	r3, [r0]
 3588 001e 9B69     		ldr	r3, [r3, #24]
 3589 0020 13F4004F 		tst	r3, #32768
 3590 0024 40F08480 		bne	.L456
 3591 0028 90F84030 		ldrb	r3, [r0, #64]	@ zero_extendqisi2
 3592 002c 012B     		cmp	r3, #1
 3593 002e 00F08180 		beq	.L457
 3594 0032 0123     		movs	r3, #1
 3595 0034 80F84030 		strb	r3, [r0, #64]
 3596 0038 2423     		movs	r3, #36
 3597 003a 80F84130 		strb	r3, [r0, #65]
 3598 003e 0023     		movs	r3, #0
 3599 0040 4364     		str	r3, [r0, #68]
 3600 0042 41E0     		b	.L454
 3601              	.L463:
 3602 0044 C7F30903 		ubfx	r3, r7, #0, #10
 3603 0048 43F00073 		orr	r3, r3, #33554432
ARM GAS  C:\Users\Nathan\AppData\Local\Temp\cc2yLhuw.s 			page 63


 3604 004c 43F40053 		orr	r3, r3, #8192
 3605 0050 43E0     		b	.L447
 3606              	.L449:
 3607 0052 2A68     		ldr	r2, [r5]
 3608 0054 9369     		ldr	r3, [r2, #24]
 3609 0056 C3F34013 		ubfx	r3, r3, #5, #1
 3610 005a 9269     		ldr	r2, [r2, #24]
 3611 005c C2F30012 		ubfx	r2, r2, #4, #1
 3612              	.L448:
 3613 0060 C3B9     		cbnz	r3, .L451
 3614 0062 BAB9     		cbnz	r2, .L451
 3615 0064 B4F1FF3F 		cmp	r4, #-1
 3616 0068 F3D0     		beq	.L449
 3617 006a FFF7FEFF 		bl	HAL_GetTick
 3618 006e 801B     		subs	r0, r0, r6
 3619 0070 A042     		cmp	r0, r4
 3620 0072 01D8     		bhi	.L450
 3621 0074 002C     		cmp	r4, #0
 3622 0076 ECD1     		bne	.L449
 3623              	.L450:
 3624 0078 2023     		movs	r3, #32
 3625 007a 85F84130 		strb	r3, [r5, #65]
 3626 007e 6B6C     		ldr	r3, [r5, #68]
 3627 0080 43F02003 		orr	r3, r3, #32
 3628 0084 6B64     		str	r3, [r5, #68]
 3629 0086 0023     		movs	r3, #0
 3630 0088 85F84030 		strb	r3, [r5, #64]
 3631 008c 0120     		movs	r0, #1
 3632              	.L445:
 3633 008e 04B0     		add	sp, sp, #16
 3634              		@ sp needed
 3635 0090 BDE8F081 		pop	{r4, r5, r6, r7, r8, pc}
 3636              	.L451:
 3637 0094 2B68     		ldr	r3, [r5]
 3638 0096 9B69     		ldr	r3, [r3, #24]
 3639 0098 13F0100F 		tst	r3, #16
 3640 009c 2AD0     		beq	.L461
 3641 009e 0096     		str	r6, [sp]
 3642 00a0 2346     		mov	r3, r4
 3643 00a2 0022     		movs	r2, #0
 3644 00a4 2021     		movs	r1, #32
 3645 00a6 2846     		mov	r0, r5
 3646 00a8 FFF7FEFF 		bl	I2C_WaitOnFlagUntilTimeout
 3647 00ac 0028     		cmp	r0, #0
 3648 00ae 45D1     		bne	.L459
 3649 00b0 2B68     		ldr	r3, [r5]
 3650 00b2 1022     		movs	r2, #16
 3651 00b4 DA61     		str	r2, [r3, #28]
 3652 00b6 2B68     		ldr	r3, [r5]
 3653 00b8 2022     		movs	r2, #32
 3654 00ba DA61     		str	r2, [r3, #28]
 3655 00bc 039B     		ldr	r3, [sp, #12]
 3656 00be 0133     		adds	r3, r3, #1
 3657 00c0 0393     		str	r3, [sp, #12]
 3658 00c2 039B     		ldr	r3, [sp, #12]
 3659 00c4 4345     		cmp	r3, r8
 3660 00c6 26D2     		bcs	.L462
ARM GAS  C:\Users\Nathan\AppData\Local\Temp\cc2yLhuw.s 			page 64


 3661              	.L454:
 3662 00c8 EB68     		ldr	r3, [r5, #12]
 3663 00ca 012B     		cmp	r3, #1
 3664 00cc BAD0     		beq	.L463
 3665 00ce C7F30903 		ubfx	r3, r7, #0, #10
 3666 00d2 43F00073 		orr	r3, r3, #33554432
 3667 00d6 43F42053 		orr	r3, r3, #10240
 3668              	.L447:
 3669 00da 2A68     		ldr	r2, [r5]
 3670 00dc 5360     		str	r3, [r2, #4]
 3671 00de FFF7FEFF 		bl	HAL_GetTick
 3672 00e2 0646     		mov	r6, r0
 3673 00e4 2A68     		ldr	r2, [r5]
 3674 00e6 9369     		ldr	r3, [r2, #24]
 3675 00e8 C3F34013 		ubfx	r3, r3, #5, #1
 3676 00ec 9269     		ldr	r2, [r2, #24]
 3677 00ee C2F30012 		ubfx	r2, r2, #4, #1
 3678 00f2 B5E7     		b	.L448
 3679              	.L461:
 3680 00f4 0096     		str	r6, [sp]
 3681 00f6 2346     		mov	r3, r4
 3682 00f8 0022     		movs	r2, #0
 3683 00fa 2021     		movs	r1, #32
 3684 00fc 2846     		mov	r0, r5
 3685 00fe FFF7FEFF 		bl	I2C_WaitOnFlagUntilTimeout
 3686 0102 C8B9     		cbnz	r0, .L458
 3687 0104 2A68     		ldr	r2, [r5]
 3688 0106 2023     		movs	r3, #32
 3689 0108 D361     		str	r3, [r2, #28]
 3690 010a 85F84130 		strb	r3, [r5, #65]
 3691 010e 0023     		movs	r3, #0
 3692 0110 85F84030 		strb	r3, [r5, #64]
 3693 0114 BBE7     		b	.L445
 3694              	.L462:
 3695 0116 2023     		movs	r3, #32
 3696 0118 85F84130 		strb	r3, [r5, #65]
 3697 011c 6B6C     		ldr	r3, [r5, #68]
 3698 011e 43F02003 		orr	r3, r3, #32
 3699 0122 6B64     		str	r3, [r5, #68]
 3700 0124 85F84000 		strb	r0, [r5, #64]
 3701 0128 0120     		movs	r0, #1
 3702 012a B0E7     		b	.L445
 3703              	.L455:
 3704 012c 0220     		movs	r0, #2
 3705 012e AEE7     		b	.L445
 3706              	.L456:
 3707 0130 0220     		movs	r0, #2
 3708 0132 ACE7     		b	.L445
 3709              	.L457:
 3710 0134 0220     		movs	r0, #2
 3711 0136 AAE7     		b	.L445
 3712              	.L458:
 3713 0138 0120     		movs	r0, #1
 3714 013a A8E7     		b	.L445
 3715              	.L459:
 3716 013c 0120     		movs	r0, #1
 3717 013e A6E7     		b	.L445
ARM GAS  C:\Users\Nathan\AppData\Local\Temp\cc2yLhuw.s 			page 65


 3719              		.section	.text.HAL_I2C_Master_Seq_Transmit_IT,"ax",%progbits
 3720              		.align	1
 3721              		.global	HAL_I2C_Master_Seq_Transmit_IT
 3722              		.syntax unified
 3723              		.thumb
 3724              		.thumb_func
 3726              	HAL_I2C_Master_Seq_Transmit_IT:
 3727              		@ args = 4, pretend = 0, frame = 0
 3728              		@ frame_needed = 0, uses_anonymous_args = 0
 3729 0000 F0B5     		push	{r4, r5, r6, r7, lr}
 3730 0002 83B0     		sub	sp, sp, #12
 3731 0004 0446     		mov	r4, r0
 3732 0006 90F84100 		ldrb	r0, [r0, #65]	@ zero_extendqisi2
 3733 000a 2028     		cmp	r0, #32
 3734 000c 75D1     		bne	.L475
 3735 000e 0D46     		mov	r5, r1
 3736 0010 94F84010 		ldrb	r1, [r4, #64]	@ zero_extendqisi2
 3737 0014 0129     		cmp	r1, #1
 3738 0016 72D0     		beq	.L476
 3739 0018 0121     		movs	r1, #1
 3740 001a 84F84010 		strb	r1, [r4, #64]
 3741 001e 2121     		movs	r1, #33
 3742 0020 84F84110 		strb	r1, [r4, #65]
 3743 0024 1021     		movs	r1, #16
 3744 0026 84F84210 		strb	r1, [r4, #66]
 3745 002a 0021     		movs	r1, #0
 3746 002c 6164     		str	r1, [r4, #68]
 3747 002e 6262     		str	r2, [r4, #36]
 3748 0030 6385     		strh	r3, [r4, #42]	@ movhi
 3749 0032 089B     		ldr	r3, [sp, #32]
 3750 0034 E362     		str	r3, [r4, #44]
 3751 0036 334B     		ldr	r3, .L482
 3752 0038 6363     		str	r3, [r4, #52]
 3753 003a 638D     		ldrh	r3, [r4, #42]
 3754 003c 9BB2     		uxth	r3, r3
 3755 003e FF2B     		cmp	r3, #255
 3756 0040 0ED9     		bls	.L466
 3757 0042 FF23     		movs	r3, #255
 3758 0044 2385     		strh	r3, [r4, #40]	@ movhi
 3759 0046 4FF08073 		mov	r3, #16777216
 3760 004a 1E46     		mov	r6, r3
 3761              	.L467:
 3762 004c 238D     		ldrh	r3, [r4, #40]
 3763 004e E3B1     		cbz	r3, .L477
 3764 0050 089B     		ldr	r3, [sp, #32]
 3765 0052 53B1     		cbz	r3, .L469
 3766 0054 B3F1007F 		cmp	r3, #33554432
 3767 0058 07D0     		beq	.L469
 3768 005a 0023     		movs	r3, #0
 3769 005c 1F46     		mov	r7, r3
 3770 005e 15E0     		b	.L468
 3771              	.L466:
 3772 0060 638D     		ldrh	r3, [r4, #42]
 3773 0062 2385     		strh	r3, [r4, #40]	@ movhi
 3774 0064 E36A     		ldr	r3, [r4, #44]
 3775 0066 1E46     		mov	r6, r3
 3776 0068 F0E7     		b	.L467
ARM GAS  C:\Users\Nathan\AppData\Local\Temp\cc2yLhuw.s 			page 66


 3777              	.L469:
 3778 006a 2368     		ldr	r3, [r4]
 3779 006c 1278     		ldrb	r2, [r2]	@ zero_extendqisi2
 3780 006e 9A62     		str	r2, [r3, #40]
 3781 0070 636A     		ldr	r3, [r4, #36]
 3782 0072 0133     		adds	r3, r3, #1
 3783 0074 6362     		str	r3, [r4, #36]
 3784 0076 228D     		ldrh	r2, [r4, #40]
 3785 0078 1746     		mov	r7, r2
 3786 007a 638D     		ldrh	r3, [r4, #42]
 3787 007c 9BB2     		uxth	r3, r3
 3788 007e 013B     		subs	r3, r3, #1
 3789 0080 9BB2     		uxth	r3, r3
 3790 0082 6385     		strh	r3, [r4, #42]	@ movhi
 3791 0084 531E     		subs	r3, r2, #1
 3792 0086 2385     		strh	r3, [r4, #40]	@ movhi
 3793 0088 00E0     		b	.L468
 3794              	.L477:
 3795 008a 1F46     		mov	r7, r3
 3796              	.L468:
 3797 008c 236B     		ldr	r3, [r4, #48]
 3798 008e 112B     		cmp	r3, #17
 3799 0090 07D1     		bne	.L470
 3800 0092 089B     		ldr	r3, [sp, #32]
 3801 0094 AA2B     		cmp	r3, #170
 3802 0096 04D0     		beq	.L470
 3803 0098 B3F52A4F 		cmp	r3, #43520
 3804 009c 01D0     		beq	.L470
 3805 009e 0023     		movs	r3, #0
 3806 00a0 09E0     		b	.L471
 3807              	.L470:
 3808 00a2 2046     		mov	r0, r4
 3809 00a4 FFF7FEFF 		bl	I2C_ConvertOtherXferOptions
 3810 00a8 638D     		ldrh	r3, [r4, #42]
 3811 00aa 9BB2     		uxth	r3, r3
 3812 00ac FF2B     		cmp	r3, #255
 3813 00ae 19D8     		bhi	.L480
 3814 00b0 E36A     		ldr	r3, [r4, #44]
 3815 00b2 1E46     		mov	r6, r3
 3816 00b4 144B     		ldr	r3, .L482+4
 3817              	.L471:
 3818 00b6 089A     		ldr	r2, [sp, #32]
 3819 00b8 12B1     		cbz	r2, .L472
 3820 00ba B2F1007F 		cmp	r2, #33554432
 3821 00be 13D1     		bne	.L473
 3822              	.L472:
 3823 00c0 0093     		str	r3, [sp]
 3824 00c2 3346     		mov	r3, r6
 3825 00c4 FAB2     		uxtb	r2, r7
 3826 00c6 2946     		mov	r1, r5
 3827 00c8 2046     		mov	r0, r4
 3828 00ca FFF7FEFF 		bl	I2C_TransferConfig
 3829              	.L474:
 3830 00ce 4FF00003 		mov	r3, #0
 3831 00d2 84F84030 		strb	r3, [r4, #64]
 3832 00d6 0121     		movs	r1, #1
 3833 00d8 2046     		mov	r0, r4
ARM GAS  C:\Users\Nathan\AppData\Local\Temp\cc2yLhuw.s 			page 67


 3834 00da FFF7FEFF 		bl	I2C_Enable_IRQ
 3835 00de 0020     		movs	r0, #0
 3836              	.L465:
 3837 00e0 03B0     		add	sp, sp, #12
 3838              		@ sp needed
 3839 00e2 F0BD     		pop	{r4, r5, r6, r7, pc}
 3840              	.L480:
 3841 00e4 084B     		ldr	r3, .L482+4
 3842 00e6 E6E7     		b	.L471
 3843              	.L473:
 3844 00e8 0093     		str	r3, [sp]
 3845 00ea 3346     		mov	r3, r6
 3846 00ec 94F82820 		ldrb	r2, [r4, #40]	@ zero_extendqisi2
 3847 00f0 2946     		mov	r1, r5
 3848 00f2 2046     		mov	r0, r4
 3849 00f4 FFF7FEFF 		bl	I2C_TransferConfig
 3850 00f8 E9E7     		b	.L474
 3851              	.L475:
 3852 00fa 0220     		movs	r0, #2
 3853 00fc F0E7     		b	.L465
 3854              	.L476:
 3855 00fe 0220     		movs	r0, #2
 3856 0100 EEE7     		b	.L465
 3857              	.L483:
 3858 0102 00BF     		.align	2
 3859              	.L482:
 3860 0104 00000000 		.word	I2C_Master_ISR_IT
 3861 0108 00200080 		.word	-2147475456
 3863              		.section	.text.HAL_I2C_Master_Seq_Transmit_DMA,"ax",%progbits
 3864              		.align	1
 3865              		.global	HAL_I2C_Master_Seq_Transmit_DMA
 3866              		.syntax unified
 3867              		.thumb
 3868              		.thumb_func
 3870              	HAL_I2C_Master_Seq_Transmit_DMA:
 3871              		@ args = 4, pretend = 0, frame = 0
 3872              		@ frame_needed = 0, uses_anonymous_args = 0
 3873 0000 2DE9F041 		push	{r4, r5, r6, r7, r8, lr}
 3874 0004 82B0     		sub	sp, sp, #8
 3875 0006 0446     		mov	r4, r0
 3876 0008 90F84100 		ldrb	r0, [r0, #65]	@ zero_extendqisi2
 3877 000c 2028     		cmp	r0, #32
 3878 000e 40F0D680 		bne	.L503
 3879 0012 0D46     		mov	r5, r1
 3880 0014 94F84010 		ldrb	r1, [r4, #64]	@ zero_extendqisi2
 3881 0018 0129     		cmp	r1, #1
 3882 001a 00F0D480 		beq	.L504
 3883 001e 0121     		movs	r1, #1
 3884 0020 84F84010 		strb	r1, [r4, #64]
 3885 0024 2121     		movs	r1, #33
 3886 0026 84F84110 		strb	r1, [r4, #65]
 3887 002a 1021     		movs	r1, #16
 3888 002c 84F84210 		strb	r1, [r4, #66]
 3889 0030 0021     		movs	r1, #0
 3890 0032 6164     		str	r1, [r4, #68]
 3891 0034 6262     		str	r2, [r4, #36]
 3892 0036 6385     		strh	r3, [r4, #42]	@ movhi
ARM GAS  C:\Users\Nathan\AppData\Local\Temp\cc2yLhuw.s 			page 68


 3893 0038 089B     		ldr	r3, [sp, #32]
 3894 003a E362     		str	r3, [r4, #44]
 3895 003c 634B     		ldr	r3, .L511
 3896 003e 6363     		str	r3, [r4, #52]
 3897 0040 638D     		ldrh	r3, [r4, #42]
 3898 0042 9BB2     		uxth	r3, r3
 3899 0044 FF2B     		cmp	r3, #255
 3900 0046 0ED9     		bls	.L486
 3901 0048 FF23     		movs	r3, #255
 3902 004a 2385     		strh	r3, [r4, #40]	@ movhi
 3903 004c 4FF08073 		mov	r3, #16777216
 3904 0050 1E46     		mov	r6, r3
 3905              	.L487:
 3906 0052 238D     		ldrh	r3, [r4, #40]
 3907 0054 E3B1     		cbz	r3, .L505
 3908 0056 089B     		ldr	r3, [sp, #32]
 3909 0058 53B1     		cbz	r3, .L489
 3910 005a B3F1007F 		cmp	r3, #33554432
 3911 005e 07D0     		beq	.L489
 3912 0060 0023     		movs	r3, #0
 3913 0062 9846     		mov	r8, r3
 3914 0064 15E0     		b	.L488
 3915              	.L486:
 3916 0066 638D     		ldrh	r3, [r4, #42]
 3917 0068 2385     		strh	r3, [r4, #40]	@ movhi
 3918 006a E36A     		ldr	r3, [r4, #44]
 3919 006c 1E46     		mov	r6, r3
 3920 006e F0E7     		b	.L487
 3921              	.L489:
 3922 0070 2368     		ldr	r3, [r4]
 3923 0072 1278     		ldrb	r2, [r2]	@ zero_extendqisi2
 3924 0074 9A62     		str	r2, [r3, #40]
 3925 0076 636A     		ldr	r3, [r4, #36]
 3926 0078 0133     		adds	r3, r3, #1
 3927 007a 6362     		str	r3, [r4, #36]
 3928 007c 228D     		ldrh	r2, [r4, #40]
 3929 007e 9046     		mov	r8, r2
 3930 0080 638D     		ldrh	r3, [r4, #42]
 3931 0082 9BB2     		uxth	r3, r3
 3932 0084 013B     		subs	r3, r3, #1
 3933 0086 9BB2     		uxth	r3, r3
 3934 0088 6385     		strh	r3, [r4, #42]	@ movhi
 3935 008a 531E     		subs	r3, r2, #1
 3936 008c 2385     		strh	r3, [r4, #40]	@ movhi
 3937 008e 00E0     		b	.L488
 3938              	.L505:
 3939 0090 9846     		mov	r8, r3
 3940              	.L488:
 3941 0092 236B     		ldr	r3, [r4, #48]
 3942 0094 112B     		cmp	r3, #17
 3943 0096 08D1     		bne	.L490
 3944 0098 089B     		ldr	r3, [sp, #32]
 3945 009a AA2B     		cmp	r3, #170
 3946 009c 05D0     		beq	.L490
 3947 009e B3F52A4F 		cmp	r3, #43520
 3948 00a2 02D0     		beq	.L490
 3949 00a4 0023     		movs	r3, #0
ARM GAS  C:\Users\Nathan\AppData\Local\Temp\cc2yLhuw.s 			page 69


 3950 00a6 1F46     		mov	r7, r3
 3951 00a8 0AE0     		b	.L491
 3952              	.L490:
 3953 00aa 2046     		mov	r0, r4
 3954 00ac FFF7FEFF 		bl	I2C_ConvertOtherXferOptions
 3955 00b0 638D     		ldrh	r3, [r4, #42]
 3956 00b2 9BB2     		uxth	r3, r3
 3957 00b4 FF2B     		cmp	r3, #255
 3958 00b6 28D8     		bhi	.L508
 3959 00b8 E36A     		ldr	r3, [r4, #44]
 3960 00ba 1E46     		mov	r6, r3
 3961 00bc 444B     		ldr	r3, .L511+4
 3962 00be 1F46     		mov	r7, r3
 3963              	.L491:
 3964 00c0 228D     		ldrh	r2, [r4, #40]
 3965 00c2 002A     		cmp	r2, #0
 3966 00c4 5BD0     		beq	.L492
 3967 00c6 A36B     		ldr	r3, [r4, #56]
 3968 00c8 13B3     		cbz	r3, .L493
 3969 00ca 424A     		ldr	r2, .L511+8
 3970 00cc DA62     		str	r2, [r3, #44]
 3971 00ce A36B     		ldr	r3, [r4, #56]
 3972 00d0 414A     		ldr	r2, .L511+12
 3973 00d2 5A63     		str	r2, [r3, #52]
 3974 00d4 A26B     		ldr	r2, [r4, #56]
 3975 00d6 0023     		movs	r3, #0
 3976 00d8 1363     		str	r3, [r2, #48]
 3977 00da A26B     		ldr	r2, [r4, #56]
 3978 00dc 9363     		str	r3, [r2, #56]
 3979 00de 2268     		ldr	r2, [r4]
 3980 00e0 238D     		ldrh	r3, [r4, #40]
 3981 00e2 2832     		adds	r2, r2, #40
 3982 00e4 616A     		ldr	r1, [r4, #36]
 3983 00e6 A06B     		ldr	r0, [r4, #56]
 3984 00e8 FFF7FEFF 		bl	HAL_DMA_Start_IT
 3985 00ec F0B1     		cbz	r0, .L494
 3986 00ee 2023     		movs	r3, #32
 3987 00f0 84F84130 		strb	r3, [r4, #65]
 3988 00f4 0022     		movs	r2, #0
 3989 00f6 84F84220 		strb	r2, [r4, #66]
 3990 00fa 636C     		ldr	r3, [r4, #68]
 3991 00fc 43F01003 		orr	r3, r3, #16
 3992 0100 6364     		str	r3, [r4, #68]
 3993 0102 84F84020 		strb	r2, [r4, #64]
 3994 0106 0120     		movs	r0, #1
 3995 0108 5AE0     		b	.L485
 3996              	.L508:
 3997 010a 314B     		ldr	r3, .L511+4
 3998 010c 1F46     		mov	r7, r3
 3999 010e D7E7     		b	.L491
 4000              	.L493:
 4001 0110 2023     		movs	r3, #32
 4002 0112 84F84130 		strb	r3, [r4, #65]
 4003 0116 0022     		movs	r2, #0
 4004 0118 84F84220 		strb	r2, [r4, #66]
 4005 011c 636C     		ldr	r3, [r4, #68]
 4006 011e 43F08003 		orr	r3, r3, #128
ARM GAS  C:\Users\Nathan\AppData\Local\Temp\cc2yLhuw.s 			page 70


 4007 0122 6364     		str	r3, [r4, #68]
 4008 0124 84F84020 		strb	r2, [r4, #64]
 4009 0128 0120     		movs	r0, #1
 4010 012a 49E0     		b	.L485
 4011              	.L494:
 4012 012c 089B     		ldr	r3, [sp, #32]
 4013 012e 13B1     		cbz	r3, .L496
 4014 0130 B3F1007F 		cmp	r3, #33554432
 4015 0134 1AD1     		bne	.L497
 4016              	.L496:
 4017 0136 0097     		str	r7, [sp]
 4018 0138 3346     		mov	r3, r6
 4019 013a 5FFA88F2 		uxtb	r2, r8
 4020 013e 2946     		mov	r1, r5
 4021 0140 2046     		mov	r0, r4
 4022 0142 FFF7FEFF 		bl	I2C_TransferConfig
 4023              	.L498:
 4024 0146 638D     		ldrh	r3, [r4, #42]
 4025 0148 9BB2     		uxth	r3, r3
 4026 014a 228D     		ldrh	r2, [r4, #40]
 4027 014c 9B1A     		subs	r3, r3, r2
 4028 014e 9BB2     		uxth	r3, r3
 4029 0150 6385     		strh	r3, [r4, #42]	@ movhi
 4030 0152 0023     		movs	r3, #0
 4031 0154 84F84030 		strb	r3, [r4, #64]
 4032 0158 1021     		movs	r1, #16
 4033 015a 2046     		mov	r0, r4
 4034 015c FFF7FEFF 		bl	I2C_Enable_IRQ
 4035 0160 2268     		ldr	r2, [r4]
 4036 0162 1368     		ldr	r3, [r2]
 4037 0164 43F48043 		orr	r3, r3, #16384
 4038 0168 1360     		str	r3, [r2]
 4039 016a 1EE0     		b	.L499
 4040              	.L497:
 4041 016c 0097     		str	r7, [sp]
 4042 016e 3346     		mov	r3, r6
 4043 0170 94F82820 		ldrb	r2, [r4, #40]	@ zero_extendqisi2
 4044 0174 2946     		mov	r1, r5
 4045 0176 2046     		mov	r0, r4
 4046 0178 FFF7FEFF 		bl	I2C_TransferConfig
 4047 017c E3E7     		b	.L498
 4048              	.L492:
 4049 017e 174B     		ldr	r3, .L511+16
 4050 0180 6363     		str	r3, [r4, #52]
 4051 0182 089B     		ldr	r3, [sp, #32]
 4052 0184 13B1     		cbz	r3, .L500
 4053 0186 B3F1007F 		cmp	r3, #33554432
 4054 018a 10D1     		bne	.L501
 4055              	.L500:
 4056 018c 0097     		str	r7, [sp]
 4057 018e 3346     		mov	r3, r6
 4058 0190 5FFA88F2 		uxtb	r2, r8
 4059 0194 2946     		mov	r1, r5
 4060 0196 2046     		mov	r0, r4
 4061 0198 FFF7FEFF 		bl	I2C_TransferConfig
 4062              	.L502:
 4063 019c 0023     		movs	r3, #0
ARM GAS  C:\Users\Nathan\AppData\Local\Temp\cc2yLhuw.s 			page 71


 4064 019e 84F84030 		strb	r3, [r4, #64]
 4065 01a2 0121     		movs	r1, #1
 4066 01a4 2046     		mov	r0, r4
 4067 01a6 FFF7FEFF 		bl	I2C_Enable_IRQ
 4068              	.L499:
 4069 01aa 0020     		movs	r0, #0
 4070 01ac 08E0     		b	.L485
 4071              	.L501:
 4072 01ae 0097     		str	r7, [sp]
 4073 01b0 3346     		mov	r3, r6
 4074 01b2 D2B2     		uxtb	r2, r2
 4075 01b4 2946     		mov	r1, r5
 4076 01b6 2046     		mov	r0, r4
 4077 01b8 FFF7FEFF 		bl	I2C_TransferConfig
 4078 01bc EEE7     		b	.L502
 4079              	.L503:
 4080 01be 0220     		movs	r0, #2
 4081              	.L485:
 4082 01c0 02B0     		add	sp, sp, #8
 4083              		@ sp needed
 4084 01c2 BDE8F081 		pop	{r4, r5, r6, r7, r8, pc}
 4085              	.L504:
 4086 01c6 0220     		movs	r0, #2
 4087 01c8 FAE7     		b	.L485
 4088              	.L512:
 4089 01ca 00BF     		.align	2
 4090              	.L511:
 4091 01cc 00000000 		.word	I2C_Master_ISR_DMA
 4092 01d0 00200080 		.word	-2147475456
 4093 01d4 00000000 		.word	I2C_DMAMasterTransmitCplt
 4094 01d8 00000000 		.word	I2C_DMAError
 4095 01dc 00000000 		.word	I2C_Master_ISR_IT
 4097              		.section	.text.HAL_I2C_Master_Seq_Receive_IT,"ax",%progbits
 4098              		.align	1
 4099              		.global	HAL_I2C_Master_Seq_Receive_IT
 4100              		.syntax unified
 4101              		.thumb
 4102              		.thumb_func
 4104              	HAL_I2C_Master_Seq_Receive_IT:
 4105              		@ args = 4, pretend = 0, frame = 0
 4106              		@ frame_needed = 0, uses_anonymous_args = 0
 4107 0000 70B5     		push	{r4, r5, r6, lr}
 4108 0002 82B0     		sub	sp, sp, #8
 4109 0004 0D46     		mov	r5, r1
 4110 0006 90F84110 		ldrb	r1, [r0, #65]	@ zero_extendqisi2
 4111 000a 2029     		cmp	r1, #32
 4112 000c 4DD1     		bne	.L519
 4113 000e 0446     		mov	r4, r0
 4114 0010 90F84010 		ldrb	r1, [r0, #64]	@ zero_extendqisi2
 4115 0014 0129     		cmp	r1, #1
 4116 0016 4AD0     		beq	.L520
 4117 0018 0121     		movs	r1, #1
 4118 001a 80F84010 		strb	r1, [r0, #64]
 4119 001e 2221     		movs	r1, #34
 4120 0020 80F84110 		strb	r1, [r0, #65]
 4121 0024 1021     		movs	r1, #16
 4122 0026 80F84210 		strb	r1, [r0, #66]
ARM GAS  C:\Users\Nathan\AppData\Local\Temp\cc2yLhuw.s 			page 72


 4123 002a 0021     		movs	r1, #0
 4124 002c 4164     		str	r1, [r0, #68]
 4125 002e 4262     		str	r2, [r0, #36]
 4126 0030 4385     		strh	r3, [r0, #42]	@ movhi
 4127 0032 069B     		ldr	r3, [sp, #24]
 4128 0034 C362     		str	r3, [r0, #44]
 4129 0036 1F4B     		ldr	r3, .L524
 4130 0038 4363     		str	r3, [r0, #52]
 4131 003a 438D     		ldrh	r3, [r0, #42]
 4132 003c 9BB2     		uxth	r3, r3
 4133 003e FF2B     		cmp	r3, #255
 4134 0040 0FD9     		bls	.L515
 4135 0042 FF23     		movs	r3, #255
 4136 0044 0385     		strh	r3, [r0, #40]	@ movhi
 4137 0046 4FF08073 		mov	r3, #16777216
 4138 004a 1E46     		mov	r6, r3
 4139              	.L516:
 4140 004c 236B     		ldr	r3, [r4, #48]
 4141 004e 122B     		cmp	r3, #18
 4142 0050 0CD1     		bne	.L517
 4143 0052 069B     		ldr	r3, [sp, #24]
 4144 0054 AA2B     		cmp	r3, #170
 4145 0056 09D0     		beq	.L517
 4146 0058 B3F52A4F 		cmp	r3, #43520
 4147 005c 06D0     		beq	.L517
 4148 005e 0023     		movs	r3, #0
 4149 0060 0EE0     		b	.L518
 4150              	.L515:
 4151 0062 438D     		ldrh	r3, [r0, #42]
 4152 0064 0385     		strh	r3, [r0, #40]	@ movhi
 4153 0066 C36A     		ldr	r3, [r0, #44]
 4154 0068 1E46     		mov	r6, r3
 4155 006a EFE7     		b	.L516
 4156              	.L517:
 4157 006c 2046     		mov	r0, r4
 4158 006e FFF7FEFF 		bl	I2C_ConvertOtherXferOptions
 4159 0072 638D     		ldrh	r3, [r4, #42]
 4160 0074 9BB2     		uxth	r3, r3
 4161 0076 FF2B     		cmp	r3, #255
 4162 0078 15D8     		bhi	.L522
 4163 007a E36A     		ldr	r3, [r4, #44]
 4164 007c 1E46     		mov	r6, r3
 4165 007e 0E4B     		ldr	r3, .L524+4
 4166              	.L518:
 4167 0080 0093     		str	r3, [sp]
 4168 0082 3346     		mov	r3, r6
 4169 0084 94F82820 		ldrb	r2, [r4, #40]	@ zero_extendqisi2
 4170 0088 2946     		mov	r1, r5
 4171 008a 2046     		mov	r0, r4
 4172 008c FFF7FEFF 		bl	I2C_TransferConfig
 4173 0090 4FF00003 		mov	r3, #0
 4174 0094 84F84030 		strb	r3, [r4, #64]
 4175 0098 0221     		movs	r1, #2
 4176 009a 2046     		mov	r0, r4
 4177 009c FFF7FEFF 		bl	I2C_Enable_IRQ
 4178 00a0 0020     		movs	r0, #0
 4179              	.L514:
ARM GAS  C:\Users\Nathan\AppData\Local\Temp\cc2yLhuw.s 			page 73


 4180 00a2 02B0     		add	sp, sp, #8
 4181              		@ sp needed
 4182 00a4 70BD     		pop	{r4, r5, r6, pc}
 4183              	.L522:
 4184 00a6 044B     		ldr	r3, .L524+4
 4185 00a8 EAE7     		b	.L518
 4186              	.L519:
 4187 00aa 0220     		movs	r0, #2
 4188 00ac F9E7     		b	.L514
 4189              	.L520:
 4190 00ae 0220     		movs	r0, #2
 4191 00b0 F7E7     		b	.L514
 4192              	.L525:
 4193 00b2 00BF     		.align	2
 4194              	.L524:
 4195 00b4 00000000 		.word	I2C_Master_ISR_IT
 4196 00b8 00240080 		.word	-2147474432
 4198              		.section	.text.HAL_I2C_Master_Seq_Receive_DMA,"ax",%progbits
 4199              		.align	1
 4200              		.global	HAL_I2C_Master_Seq_Receive_DMA
 4201              		.syntax unified
 4202              		.thumb
 4203              		.thumb_func
 4205              	HAL_I2C_Master_Seq_Receive_DMA:
 4206              		@ args = 4, pretend = 0, frame = 0
 4207              		@ frame_needed = 0, uses_anonymous_args = 0
 4208 0000 2DE9F041 		push	{r4, r5, r6, r7, r8, lr}
 4209 0004 82B0     		sub	sp, sp, #8
 4210 0006 0446     		mov	r4, r0
 4211 0008 0E46     		mov	r6, r1
 4212 000a 1046     		mov	r0, r2
 4213 000c 1546     		mov	r5, r2
 4214 000e 089A     		ldr	r2, [sp, #32]
 4215 0010 94F84110 		ldrb	r1, [r4, #65]	@ zero_extendqisi2
 4216 0014 2029     		cmp	r1, #32
 4217 0016 40F09F80 		bne	.L537
 4218 001a 94F84010 		ldrb	r1, [r4, #64]	@ zero_extendqisi2
 4219 001e 0129     		cmp	r1, #1
 4220 0020 00F09E80 		beq	.L538
 4221 0024 0121     		movs	r1, #1
 4222 0026 84F84010 		strb	r1, [r4, #64]
 4223 002a 2221     		movs	r1, #34
 4224 002c 84F84110 		strb	r1, [r4, #65]
 4225 0030 1021     		movs	r1, #16
 4226 0032 84F84210 		strb	r1, [r4, #66]
 4227 0036 0021     		movs	r1, #0
 4228 0038 6164     		str	r1, [r4, #68]
 4229 003a 6062     		str	r0, [r4, #36]
 4230 003c 6385     		strh	r3, [r4, #42]	@ movhi
 4231 003e E262     		str	r2, [r4, #44]
 4232 0040 484B     		ldr	r3, .L544
 4233 0042 6363     		str	r3, [r4, #52]
 4234 0044 638D     		ldrh	r3, [r4, #42]
 4235 0046 9BB2     		uxth	r3, r3
 4236 0048 FF2B     		cmp	r3, #255
 4237 004a 0FD9     		bls	.L528
 4238 004c FF23     		movs	r3, #255
ARM GAS  C:\Users\Nathan\AppData\Local\Temp\cc2yLhuw.s 			page 74


 4239 004e 2385     		strh	r3, [r4, #40]	@ movhi
 4240 0050 4FF08073 		mov	r3, #16777216
 4241 0054 1F46     		mov	r7, r3
 4242              	.L529:
 4243 0056 236B     		ldr	r3, [r4, #48]
 4244 0058 122B     		cmp	r3, #18
 4245 005a 0CD1     		bne	.L530
 4246 005c AA2A     		cmp	r2, #170
 4247 005e 0AD0     		beq	.L530
 4248 0060 B2F52A4F 		cmp	r2, #43520
 4249 0064 07D0     		beq	.L530
 4250 0066 0023     		movs	r3, #0
 4251 0068 9846     		mov	r8, r3
 4252 006a 0FE0     		b	.L531
 4253              	.L528:
 4254 006c 638D     		ldrh	r3, [r4, #42]
 4255 006e 2385     		strh	r3, [r4, #40]	@ movhi
 4256 0070 E36A     		ldr	r3, [r4, #44]
 4257 0072 1F46     		mov	r7, r3
 4258 0074 EFE7     		b	.L529
 4259              	.L530:
 4260 0076 2046     		mov	r0, r4
 4261 0078 FFF7FEFF 		bl	I2C_ConvertOtherXferOptions
 4262 007c 638D     		ldrh	r3, [r4, #42]
 4263 007e 9BB2     		uxth	r3, r3
 4264 0080 FF2B     		cmp	r3, #255
 4265 0082 28D8     		bhi	.L540
 4266 0084 E36A     		ldr	r3, [r4, #44]
 4267 0086 1F46     		mov	r7, r3
 4268 0088 374B     		ldr	r3, .L544+4
 4269 008a 9846     		mov	r8, r3
 4270              	.L531:
 4271 008c 228D     		ldrh	r2, [r4, #40]
 4272 008e 002A     		cmp	r2, #0
 4273 0090 4ED0     		beq	.L532
 4274 0092 E36B     		ldr	r3, [r4, #60]
 4275 0094 13B3     		cbz	r3, .L533
 4276 0096 354A     		ldr	r2, .L544+8
 4277 0098 DA62     		str	r2, [r3, #44]
 4278 009a E36B     		ldr	r3, [r4, #60]
 4279 009c 344A     		ldr	r2, .L544+12
 4280 009e 5A63     		str	r2, [r3, #52]
 4281 00a0 E26B     		ldr	r2, [r4, #60]
 4282 00a2 0023     		movs	r3, #0
 4283 00a4 1363     		str	r3, [r2, #48]
 4284 00a6 E26B     		ldr	r2, [r4, #60]
 4285 00a8 9363     		str	r3, [r2, #56]
 4286 00aa 2168     		ldr	r1, [r4]
 4287 00ac 238D     		ldrh	r3, [r4, #40]
 4288 00ae 2A46     		mov	r2, r5
 4289 00b0 2431     		adds	r1, r1, #36
 4290 00b2 E06B     		ldr	r0, [r4, #60]
 4291 00b4 FFF7FEFF 		bl	HAL_DMA_Start_IT
 4292 00b8 F0B1     		cbz	r0, .L543
 4293 00ba 2023     		movs	r3, #32
 4294 00bc 84F84130 		strb	r3, [r4, #65]
 4295 00c0 0022     		movs	r2, #0
ARM GAS  C:\Users\Nathan\AppData\Local\Temp\cc2yLhuw.s 			page 75


 4296 00c2 84F84220 		strb	r2, [r4, #66]
 4297 00c6 636C     		ldr	r3, [r4, #68]
 4298 00c8 43F01003 		orr	r3, r3, #16
 4299 00cc 6364     		str	r3, [r4, #68]
 4300 00ce 84F84020 		strb	r2, [r4, #64]
 4301 00d2 0120     		movs	r0, #1
 4302 00d4 41E0     		b	.L527
 4303              	.L540:
 4304 00d6 244B     		ldr	r3, .L544+4
 4305 00d8 9846     		mov	r8, r3
 4306 00da D7E7     		b	.L531
 4307              	.L533:
 4308 00dc 2023     		movs	r3, #32
 4309 00de 84F84130 		strb	r3, [r4, #65]
 4310 00e2 0022     		movs	r2, #0
 4311 00e4 84F84220 		strb	r2, [r4, #66]
 4312 00e8 636C     		ldr	r3, [r4, #68]
 4313 00ea 43F08003 		orr	r3, r3, #128
 4314 00ee 6364     		str	r3, [r4, #68]
 4315 00f0 84F84020 		strb	r2, [r4, #64]
 4316 00f4 0120     		movs	r0, #1
 4317 00f6 30E0     		b	.L527
 4318              	.L543:
 4319 00f8 CDF80080 		str	r8, [sp]
 4320 00fc 3B46     		mov	r3, r7
 4321 00fe 94F82820 		ldrb	r2, [r4, #40]	@ zero_extendqisi2
 4322 0102 3146     		mov	r1, r6
 4323 0104 2046     		mov	r0, r4
 4324 0106 FFF7FEFF 		bl	I2C_TransferConfig
 4325 010a 638D     		ldrh	r3, [r4, #42]
 4326 010c 9BB2     		uxth	r3, r3
 4327 010e 228D     		ldrh	r2, [r4, #40]
 4328 0110 9B1A     		subs	r3, r3, r2
 4329 0112 9BB2     		uxth	r3, r3
 4330 0114 6385     		strh	r3, [r4, #42]	@ movhi
 4331 0116 0023     		movs	r3, #0
 4332 0118 84F84030 		strb	r3, [r4, #64]
 4333 011c 1021     		movs	r1, #16
 4334 011e 2046     		mov	r0, r4
 4335 0120 FFF7FEFF 		bl	I2C_Enable_IRQ
 4336 0124 2268     		ldr	r2, [r4]
 4337 0126 1368     		ldr	r3, [r2]
 4338 0128 43F40043 		orr	r3, r3, #32768
 4339 012c 1360     		str	r3, [r2]
 4340 012e 11E0     		b	.L536
 4341              	.L532:
 4342 0130 104B     		ldr	r3, .L544+16
 4343 0132 6363     		str	r3, [r4, #52]
 4344 0134 0C4B     		ldr	r3, .L544+4
 4345 0136 0093     		str	r3, [sp]
 4346 0138 4FF00073 		mov	r3, #33554432
 4347 013c D2B2     		uxtb	r2, r2
 4348 013e 3146     		mov	r1, r6
 4349 0140 2046     		mov	r0, r4
 4350 0142 FFF7FEFF 		bl	I2C_TransferConfig
 4351 0146 0023     		movs	r3, #0
 4352 0148 84F84030 		strb	r3, [r4, #64]
ARM GAS  C:\Users\Nathan\AppData\Local\Temp\cc2yLhuw.s 			page 76


 4353 014c 0221     		movs	r1, #2
 4354 014e 2046     		mov	r0, r4
 4355 0150 FFF7FEFF 		bl	I2C_Enable_IRQ
 4356              	.L536:
 4357 0154 0020     		movs	r0, #0
 4358 0156 00E0     		b	.L527
 4359              	.L537:
 4360 0158 0220     		movs	r0, #2
 4361              	.L527:
 4362 015a 02B0     		add	sp, sp, #8
 4363              		@ sp needed
 4364 015c BDE8F081 		pop	{r4, r5, r6, r7, r8, pc}
 4365              	.L538:
 4366 0160 0220     		movs	r0, #2
 4367 0162 FAE7     		b	.L527
 4368              	.L545:
 4369              		.align	2
 4370              	.L544:
 4371 0164 00000000 		.word	I2C_Master_ISR_DMA
 4372 0168 00240080 		.word	-2147474432
 4373 016c 00000000 		.word	I2C_DMAMasterReceiveCplt
 4374 0170 00000000 		.word	I2C_DMAError
 4375 0174 00000000 		.word	I2C_Master_ISR_IT
 4377              		.section	.text.HAL_I2C_Slave_Seq_Transmit_IT,"ax",%progbits
 4378              		.align	1
 4379              		.global	HAL_I2C_Slave_Seq_Transmit_IT
 4380              		.syntax unified
 4381              		.thumb
 4382              		.thumb_func
 4384              	HAL_I2C_Slave_Seq_Transmit_IT:
 4385              		@ args = 0, pretend = 0, frame = 0
 4386              		@ frame_needed = 0, uses_anonymous_args = 0
 4387 0000 F8B5     		push	{r3, r4, r5, r6, r7, lr}
 4388 0002 0446     		mov	r4, r0
 4389 0004 90F84100 		ldrb	r0, [r0, #65]	@ zero_extendqisi2
 4390 0008 00F02800 		and	r0, r0, #40
 4391 000c 2828     		cmp	r0, #40
 4392 000e 5ED1     		bne	.L552
 4393 0010 0D46     		mov	r5, r1
 4394 0012 1646     		mov	r6, r2
 4395 0014 1F46     		mov	r7, r3
 4396 0016 01B1     		cbz	r1, .L548
 4397 0018 22B9     		cbnz	r2, .L549
 4398              	.L548:
 4399 001a 4FF40073 		mov	r3, #512
 4400 001e 6364     		str	r3, [r4, #68]
 4401 0020 0120     		movs	r0, #1
 4402 0022 55E0     		b	.L547
 4403              	.L549:
 4404 0024 48F20101 		movw	r1, #32769
 4405 0028 2046     		mov	r0, r4
 4406 002a FFF7FEFF 		bl	I2C_Disable_IRQ
 4407 002e 94F84030 		ldrb	r3, [r4, #64]	@ zero_extendqisi2
 4408 0032 012B     		cmp	r3, #1
 4409 0034 4DD0     		beq	.L553
 4410 0036 0123     		movs	r3, #1
 4411 0038 84F84030 		strb	r3, [r4, #64]
ARM GAS  C:\Users\Nathan\AppData\Local\Temp\cc2yLhuw.s 			page 77


 4412 003c 94F84130 		ldrb	r3, [r4, #65]	@ zero_extendqisi2
 4413 0040 2A2B     		cmp	r3, #42
 4414 0042 29D0     		beq	.L555
 4415              	.L550:
 4416 0044 2923     		movs	r3, #41
 4417 0046 84F84130 		strb	r3, [r4, #65]
 4418 004a 2023     		movs	r3, #32
 4419 004c 84F84230 		strb	r3, [r4, #66]
 4420 0050 0023     		movs	r3, #0
 4421 0052 6364     		str	r3, [r4, #68]
 4422 0054 2268     		ldr	r2, [r4]
 4423 0056 5368     		ldr	r3, [r2, #4]
 4424 0058 23F40043 		bic	r3, r3, #32768
 4425 005c 5360     		str	r3, [r2, #4]
 4426 005e 6562     		str	r5, [r4, #36]
 4427 0060 6685     		strh	r6, [r4, #42]	@ movhi
 4428 0062 638D     		ldrh	r3, [r4, #42]
 4429 0064 2385     		strh	r3, [r4, #40]	@ movhi
 4430 0066 E762     		str	r7, [r4, #44]
 4431 0068 1B4B     		ldr	r3, .L556
 4432 006a 6363     		str	r3, [r4, #52]
 4433 006c 2268     		ldr	r2, [r4]
 4434 006e 9369     		ldr	r3, [r2, #24]
 4435 0070 03F00803 		and	r3, r3, #8
 4436 0074 9169     		ldr	r1, [r2, #24]
 4437 0076 11F4803F 		tst	r1, #65536
 4438 007a 02D0     		beq	.L551
 4439 007c 0BB1     		cbz	r3, .L551
 4440 007e 0823     		movs	r3, #8
 4441 0080 D361     		str	r3, [r2, #28]
 4442              	.L551:
 4443 0082 4FF00003 		mov	r3, #0
 4444 0086 84F84030 		strb	r3, [r4, #64]
 4445 008a 48F20101 		movw	r1, #32769
 4446 008e 2046     		mov	r0, r4
 4447 0090 FFF7FEFF 		bl	I2C_Enable_IRQ
 4448 0094 0020     		movs	r0, #0
 4449 0096 1BE0     		b	.L547
 4450              	.L555:
 4451 0098 0221     		movs	r1, #2
 4452 009a 2046     		mov	r0, r4
 4453 009c FFF7FEFF 		bl	I2C_Disable_IRQ
 4454 00a0 2368     		ldr	r3, [r4]
 4455 00a2 1A68     		ldr	r2, [r3]
 4456 00a4 12F4004F 		tst	r2, #32768
 4457 00a8 CCD0     		beq	.L550
 4458 00aa 1A68     		ldr	r2, [r3]
 4459 00ac 22F40042 		bic	r2, r2, #32768
 4460 00b0 1A60     		str	r2, [r3]
 4461 00b2 E36B     		ldr	r3, [r4, #60]
 4462 00b4 002B     		cmp	r3, #0
 4463 00b6 C5D0     		beq	.L550
 4464 00b8 084A     		ldr	r2, .L556+4
 4465 00ba 9A63     		str	r2, [r3, #56]
 4466 00bc E06B     		ldr	r0, [r4, #60]
 4467 00be FFF7FEFF 		bl	HAL_DMA_Abort_IT
 4468 00c2 0028     		cmp	r0, #0
ARM GAS  C:\Users\Nathan\AppData\Local\Temp\cc2yLhuw.s 			page 78


 4469 00c4 BED0     		beq	.L550
 4470 00c6 E06B     		ldr	r0, [r4, #60]
 4471 00c8 836B     		ldr	r3, [r0, #56]
 4472 00ca 9847     		blx	r3
 4473 00cc BAE7     		b	.L550
 4474              	.L552:
 4475 00ce 0120     		movs	r0, #1
 4476              	.L547:
 4477 00d0 F8BD     		pop	{r3, r4, r5, r6, r7, pc}
 4478              	.L553:
 4479 00d2 0220     		movs	r0, #2
 4480 00d4 FCE7     		b	.L547
 4481              	.L557:
 4482 00d6 00BF     		.align	2
 4483              	.L556:
 4484 00d8 00000000 		.word	I2C_Slave_ISR_IT
 4485 00dc 00000000 		.word	I2C_DMAAbort
 4487              		.section	.text.HAL_I2C_Slave_Seq_Transmit_DMA,"ax",%progbits
 4488              		.align	1
 4489              		.global	HAL_I2C_Slave_Seq_Transmit_DMA
 4490              		.syntax unified
 4491              		.thumb
 4492              		.thumb_func
 4494              	HAL_I2C_Slave_Seq_Transmit_DMA:
 4495              		@ args = 0, pretend = 0, frame = 0
 4496              		@ frame_needed = 0, uses_anonymous_args = 0
 4497 0000 F8B5     		push	{r3, r4, r5, r6, r7, lr}
 4498 0002 0446     		mov	r4, r0
 4499 0004 90F84100 		ldrb	r0, [r0, #65]	@ zero_extendqisi2
 4500 0008 00F02800 		and	r0, r0, #40
 4501 000c 2828     		cmp	r0, #40
 4502 000e 40F0C080 		bne	.L569
 4503 0012 0D46     		mov	r5, r1
 4504 0014 1646     		mov	r6, r2
 4505 0016 1F46     		mov	r7, r3
 4506 0018 0029     		cmp	r1, #0
 4507 001a 50D0     		beq	.L560
 4508 001c 002A     		cmp	r2, #0
 4509 001e 4ED0     		beq	.L560
 4510 0020 94F84030 		ldrb	r3, [r4, #64]	@ zero_extendqisi2
 4511 0024 012B     		cmp	r3, #1
 4512 0026 00F0B880 		beq	.L570
 4513 002a 0123     		movs	r3, #1
 4514 002c 84F84030 		strb	r3, [r4, #64]
 4515 0030 48F20101 		movw	r1, #32769
 4516 0034 2046     		mov	r0, r4
 4517 0036 FFF7FEFF 		bl	I2C_Disable_IRQ
 4518 003a 94F84130 		ldrb	r3, [r4, #65]	@ zero_extendqisi2
 4519 003e 2A2B     		cmp	r3, #42
 4520 0040 43D0     		beq	.L573
 4521 0042 94F84130 		ldrb	r3, [r4, #65]	@ zero_extendqisi2
 4522 0046 292B     		cmp	r3, #41
 4523 0048 5BD0     		beq	.L574
 4524              	.L563:
 4525 004a 2923     		movs	r3, #41
 4526 004c 84F84130 		strb	r3, [r4, #65]
 4527 0050 2023     		movs	r3, #32
ARM GAS  C:\Users\Nathan\AppData\Local\Temp\cc2yLhuw.s 			page 79


 4528 0052 84F84230 		strb	r3, [r4, #66]
 4529 0056 0023     		movs	r3, #0
 4530 0058 6364     		str	r3, [r4, #68]
 4531 005a 2268     		ldr	r2, [r4]
 4532 005c 5368     		ldr	r3, [r2, #4]
 4533 005e 23F40043 		bic	r3, r3, #32768
 4534 0062 5360     		str	r3, [r2, #4]
 4535 0064 2946     		mov	r1, r5
 4536 0066 6562     		str	r5, [r4, #36]
 4537 0068 6685     		strh	r6, [r4, #42]	@ movhi
 4538 006a 638D     		ldrh	r3, [r4, #42]
 4539 006c 2385     		strh	r3, [r4, #40]	@ movhi
 4540 006e E762     		str	r7, [r4, #44]
 4541 0070 4B4B     		ldr	r3, .L575
 4542 0072 6363     		str	r3, [r4, #52]
 4543 0074 A36B     		ldr	r3, [r4, #56]
 4544 0076 002B     		cmp	r3, #0
 4545 0078 5AD0     		beq	.L564
 4546 007a 4A4A     		ldr	r2, .L575+4
 4547 007c DA62     		str	r2, [r3, #44]
 4548 007e A36B     		ldr	r3, [r4, #56]
 4549 0080 494A     		ldr	r2, .L575+8
 4550 0082 5A63     		str	r2, [r3, #52]
 4551 0084 A26B     		ldr	r2, [r4, #56]
 4552 0086 0023     		movs	r3, #0
 4553 0088 1363     		str	r3, [r2, #48]
 4554 008a A26B     		ldr	r2, [r4, #56]
 4555 008c 9363     		str	r3, [r2, #56]
 4556 008e 2268     		ldr	r2, [r4]
 4557 0090 238D     		ldrh	r3, [r4, #40]
 4558 0092 2832     		adds	r2, r2, #40
 4559 0094 A06B     		ldr	r0, [r4, #56]
 4560 0096 FFF7FEFF 		bl	HAL_DMA_Start_IT
 4561 009a 0546     		mov	r5, r0
 4562 009c 0028     		cmp	r0, #0
 4563 009e 56D0     		beq	.L565
 4564 00a0 2823     		movs	r3, #40
 4565 00a2 84F84130 		strb	r3, [r4, #65]
 4566 00a6 0022     		movs	r2, #0
 4567 00a8 84F84220 		strb	r2, [r4, #66]
 4568 00ac 636C     		ldr	r3, [r4, #68]
 4569 00ae 43F01003 		orr	r3, r3, #16
 4570 00b2 6364     		str	r3, [r4, #68]
 4571 00b4 84F84020 		strb	r2, [r4, #64]
 4572 00b8 0123     		movs	r3, #1
 4573 00ba 1D46     		mov	r5, r3
 4574 00bc 6BE0     		b	.L559
 4575              	.L560:
 4576 00be 4FF40073 		mov	r3, #512
 4577 00c2 6364     		str	r3, [r4, #68]
 4578 00c4 0123     		movs	r3, #1
 4579 00c6 1D46     		mov	r5, r3
 4580 00c8 65E0     		b	.L559
 4581              	.L573:
 4582 00ca 0221     		movs	r1, #2
 4583 00cc 2046     		mov	r0, r4
 4584 00ce FFF7FEFF 		bl	I2C_Disable_IRQ
ARM GAS  C:\Users\Nathan\AppData\Local\Temp\cc2yLhuw.s 			page 80


 4585 00d2 2368     		ldr	r3, [r4]
 4586 00d4 1A68     		ldr	r2, [r3]
 4587 00d6 12F4004F 		tst	r2, #32768
 4588 00da B6D0     		beq	.L563
 4589 00dc E26B     		ldr	r2, [r4, #60]
 4590 00de 002A     		cmp	r2, #0
 4591 00e0 B3D0     		beq	.L563
 4592 00e2 1A68     		ldr	r2, [r3]
 4593 00e4 22F40042 		bic	r2, r2, #32768
 4594 00e8 1A60     		str	r2, [r3]
 4595 00ea E36B     		ldr	r3, [r4, #60]
 4596 00ec 2F4A     		ldr	r2, .L575+12
 4597 00ee 9A63     		str	r2, [r3, #56]
 4598 00f0 E06B     		ldr	r0, [r4, #60]
 4599 00f2 FFF7FEFF 		bl	HAL_DMA_Abort_IT
 4600 00f6 0028     		cmp	r0, #0
 4601 00f8 A7D0     		beq	.L563
 4602 00fa E06B     		ldr	r0, [r4, #60]
 4603 00fc 836B     		ldr	r3, [r0, #56]
 4604 00fe 9847     		blx	r3
 4605 0100 A3E7     		b	.L563
 4606              	.L574:
 4607 0102 2368     		ldr	r3, [r4]
 4608 0104 1A68     		ldr	r2, [r3]
 4609 0106 12F4804F 		tst	r2, #16384
 4610 010a 9ED0     		beq	.L563
 4611 010c 1A68     		ldr	r2, [r3]
 4612 010e 22F48042 		bic	r2, r2, #16384
 4613 0112 1A60     		str	r2, [r3]
 4614 0114 A36B     		ldr	r3, [r4, #56]
 4615 0116 002B     		cmp	r3, #0
 4616 0118 97D0     		beq	.L563
 4617 011a 244A     		ldr	r2, .L575+12
 4618 011c 9A63     		str	r2, [r3, #56]
 4619 011e A06B     		ldr	r0, [r4, #56]
 4620 0120 FFF7FEFF 		bl	HAL_DMA_Abort_IT
 4621 0124 0028     		cmp	r0, #0
 4622 0126 90D0     		beq	.L563
 4623 0128 A06B     		ldr	r0, [r4, #56]
 4624 012a 836B     		ldr	r3, [r0, #56]
 4625 012c 9847     		blx	r3
 4626 012e 8CE7     		b	.L563
 4627              	.L564:
 4628 0130 2823     		movs	r3, #40
 4629 0132 84F84130 		strb	r3, [r4, #65]
 4630 0136 0022     		movs	r2, #0
 4631 0138 84F84220 		strb	r2, [r4, #66]
 4632 013c 636C     		ldr	r3, [r4, #68]
 4633 013e 43F08003 		orr	r3, r3, #128
 4634 0142 6364     		str	r3, [r4, #68]
 4635 0144 84F84020 		strb	r2, [r4, #64]
 4636 0148 0123     		movs	r3, #1
 4637 014a 1D46     		mov	r5, r3
 4638 014c 23E0     		b	.L559
 4639              	.L565:
 4640 014e 638D     		ldrh	r3, [r4, #42]
 4641 0150 9BB2     		uxth	r3, r3
ARM GAS  C:\Users\Nathan\AppData\Local\Temp\cc2yLhuw.s 			page 81


 4642 0152 228D     		ldrh	r2, [r4, #40]
 4643 0154 9B1A     		subs	r3, r3, r2
 4644 0156 9BB2     		uxth	r3, r3
 4645 0158 6385     		strh	r3, [r4, #42]	@ movhi
 4646 015a 2085     		strh	r0, [r4, #40]	@ movhi
 4647 015c 2268     		ldr	r2, [r4]
 4648 015e 9369     		ldr	r3, [r2, #24]
 4649 0160 03F00803 		and	r3, r3, #8
 4650 0164 9169     		ldr	r1, [r2, #24]
 4651 0166 11F4803F 		tst	r1, #65536
 4652 016a 0DD1     		bne	.L567
 4653              	.L568:
 4654 016c 0023     		movs	r3, #0
 4655 016e 84F84030 		strb	r3, [r4, #64]
 4656 0172 2268     		ldr	r2, [r4]
 4657 0174 1368     		ldr	r3, [r2]
 4658 0176 43F48043 		orr	r3, r3, #16384
 4659 017a 1360     		str	r3, [r2]
 4660 017c 4FF40041 		mov	r1, #32768
 4661 0180 2046     		mov	r0, r4
 4662 0182 FFF7FEFF 		bl	I2C_Enable_IRQ
 4663 0186 06E0     		b	.L559
 4664              	.L567:
 4665 0188 002B     		cmp	r3, #0
 4666 018a EFD0     		beq	.L568
 4667 018c 0823     		movs	r3, #8
 4668 018e D361     		str	r3, [r2, #28]
 4669 0190 ECE7     		b	.L568
 4670              	.L569:
 4671 0192 0123     		movs	r3, #1
 4672 0194 1D46     		mov	r5, r3
 4673              	.L559:
 4674 0196 2846     		mov	r0, r5
 4675 0198 F8BD     		pop	{r3, r4, r5, r6, r7, pc}
 4676              	.L570:
 4677 019a 0223     		movs	r3, #2
 4678 019c 1D46     		mov	r5, r3
 4679 019e FAE7     		b	.L559
 4680              	.L576:
 4681              		.align	2
 4682              	.L575:
 4683 01a0 00000000 		.word	I2C_Slave_ISR_DMA
 4684 01a4 00000000 		.word	I2C_DMASlaveTransmitCplt
 4685 01a8 00000000 		.word	I2C_DMAError
 4686 01ac 00000000 		.word	I2C_DMAAbort
 4688              		.section	.text.HAL_I2C_Slave_Seq_Receive_IT,"ax",%progbits
 4689              		.align	1
 4690              		.global	HAL_I2C_Slave_Seq_Receive_IT
 4691              		.syntax unified
 4692              		.thumb
 4693              		.thumb_func
 4695              	HAL_I2C_Slave_Seq_Receive_IT:
 4696              		@ args = 0, pretend = 0, frame = 0
 4697              		@ frame_needed = 0, uses_anonymous_args = 0
 4698 0000 F8B5     		push	{r3, r4, r5, r6, r7, lr}
 4699 0002 0446     		mov	r4, r0
 4700 0004 90F84100 		ldrb	r0, [r0, #65]	@ zero_extendqisi2
ARM GAS  C:\Users\Nathan\AppData\Local\Temp\cc2yLhuw.s 			page 82


 4701 0008 00F02800 		and	r0, r0, #40
 4702 000c 2828     		cmp	r0, #40
 4703 000e 5ED1     		bne	.L583
 4704 0010 0D46     		mov	r5, r1
 4705 0012 1646     		mov	r6, r2
 4706 0014 1F46     		mov	r7, r3
 4707 0016 01B1     		cbz	r1, .L579
 4708 0018 22B9     		cbnz	r2, .L580
 4709              	.L579:
 4710 001a 4FF40073 		mov	r3, #512
 4711 001e 6364     		str	r3, [r4, #68]
 4712 0020 0120     		movs	r0, #1
 4713 0022 55E0     		b	.L578
 4714              	.L580:
 4715 0024 48F20201 		movw	r1, #32770
 4716 0028 2046     		mov	r0, r4
 4717 002a FFF7FEFF 		bl	I2C_Disable_IRQ
 4718 002e 94F84030 		ldrb	r3, [r4, #64]	@ zero_extendqisi2
 4719 0032 012B     		cmp	r3, #1
 4720 0034 4DD0     		beq	.L584
 4721 0036 0123     		movs	r3, #1
 4722 0038 84F84030 		strb	r3, [r4, #64]
 4723 003c 94F84130 		ldrb	r3, [r4, #65]	@ zero_extendqisi2
 4724 0040 292B     		cmp	r3, #41
 4725 0042 29D0     		beq	.L586
 4726              	.L581:
 4727 0044 2A23     		movs	r3, #42
 4728 0046 84F84130 		strb	r3, [r4, #65]
 4729 004a 2023     		movs	r3, #32
 4730 004c 84F84230 		strb	r3, [r4, #66]
 4731 0050 0023     		movs	r3, #0
 4732 0052 6364     		str	r3, [r4, #68]
 4733 0054 2268     		ldr	r2, [r4]
 4734 0056 5368     		ldr	r3, [r2, #4]
 4735 0058 23F40043 		bic	r3, r3, #32768
 4736 005c 5360     		str	r3, [r2, #4]
 4737 005e 6562     		str	r5, [r4, #36]
 4738 0060 6685     		strh	r6, [r4, #42]	@ movhi
 4739 0062 638D     		ldrh	r3, [r4, #42]
 4740 0064 2385     		strh	r3, [r4, #40]	@ movhi
 4741 0066 E762     		str	r7, [r4, #44]
 4742 0068 1B4B     		ldr	r3, .L587
 4743 006a 6363     		str	r3, [r4, #52]
 4744 006c 2268     		ldr	r2, [r4]
 4745 006e 9369     		ldr	r3, [r2, #24]
 4746 0070 03F00803 		and	r3, r3, #8
 4747 0074 9169     		ldr	r1, [r2, #24]
 4748 0076 11F4803F 		tst	r1, #65536
 4749 007a 02D1     		bne	.L582
 4750 007c 0BB1     		cbz	r3, .L582
 4751 007e 0823     		movs	r3, #8
 4752 0080 D361     		str	r3, [r2, #28]
 4753              	.L582:
 4754 0082 4FF00003 		mov	r3, #0
 4755 0086 84F84030 		strb	r3, [r4, #64]
 4756 008a 48F20201 		movw	r1, #32770
 4757 008e 2046     		mov	r0, r4
ARM GAS  C:\Users\Nathan\AppData\Local\Temp\cc2yLhuw.s 			page 83


 4758 0090 FFF7FEFF 		bl	I2C_Enable_IRQ
 4759 0094 0020     		movs	r0, #0
 4760 0096 1BE0     		b	.L578
 4761              	.L586:
 4762 0098 0121     		movs	r1, #1
 4763 009a 2046     		mov	r0, r4
 4764 009c FFF7FEFF 		bl	I2C_Disable_IRQ
 4765 00a0 2368     		ldr	r3, [r4]
 4766 00a2 1A68     		ldr	r2, [r3]
 4767 00a4 12F4804F 		tst	r2, #16384
 4768 00a8 CCD0     		beq	.L581
 4769 00aa 1A68     		ldr	r2, [r3]
 4770 00ac 22F48042 		bic	r2, r2, #16384
 4771 00b0 1A60     		str	r2, [r3]
 4772 00b2 A36B     		ldr	r3, [r4, #56]
 4773 00b4 002B     		cmp	r3, #0
 4774 00b6 C5D0     		beq	.L581
 4775 00b8 084A     		ldr	r2, .L587+4
 4776 00ba 9A63     		str	r2, [r3, #56]
 4777 00bc A06B     		ldr	r0, [r4, #56]
 4778 00be FFF7FEFF 		bl	HAL_DMA_Abort_IT
 4779 00c2 0028     		cmp	r0, #0
 4780 00c4 BED0     		beq	.L581
 4781 00c6 A06B     		ldr	r0, [r4, #56]
 4782 00c8 836B     		ldr	r3, [r0, #56]
 4783 00ca 9847     		blx	r3
 4784 00cc BAE7     		b	.L581
 4785              	.L583:
 4786 00ce 0120     		movs	r0, #1
 4787              	.L578:
 4788 00d0 F8BD     		pop	{r3, r4, r5, r6, r7, pc}
 4789              	.L584:
 4790 00d2 0220     		movs	r0, #2
 4791 00d4 FCE7     		b	.L578
 4792              	.L588:
 4793 00d6 00BF     		.align	2
 4794              	.L587:
 4795 00d8 00000000 		.word	I2C_Slave_ISR_IT
 4796 00dc 00000000 		.word	I2C_DMAAbort
 4798              		.section	.text.HAL_I2C_Slave_Seq_Receive_DMA,"ax",%progbits
 4799              		.align	1
 4800              		.global	HAL_I2C_Slave_Seq_Receive_DMA
 4801              		.syntax unified
 4802              		.thumb
 4803              		.thumb_func
 4805              	HAL_I2C_Slave_Seq_Receive_DMA:
 4806              		@ args = 0, pretend = 0, frame = 0
 4807              		@ frame_needed = 0, uses_anonymous_args = 0
 4808 0000 F8B5     		push	{r3, r4, r5, r6, r7, lr}
 4809 0002 0446     		mov	r4, r0
 4810 0004 90F84100 		ldrb	r0, [r0, #65]	@ zero_extendqisi2
 4811 0008 00F02800 		and	r0, r0, #40
 4812 000c 2828     		cmp	r0, #40
 4813 000e 40F0BE80 		bne	.L600
 4814 0012 0D46     		mov	r5, r1
 4815 0014 1646     		mov	r6, r2
 4816 0016 1F46     		mov	r7, r3
ARM GAS  C:\Users\Nathan\AppData\Local\Temp\cc2yLhuw.s 			page 84


 4817 0018 01B1     		cbz	r1, .L591
 4818 001a 2AB9     		cbnz	r2, .L592
 4819              	.L591:
 4820 001c 4FF40073 		mov	r3, #512
 4821 0020 6364     		str	r3, [r4, #68]
 4822 0022 0123     		movs	r3, #1
 4823 0024 1D46     		mov	r5, r3
 4824 0026 B4E0     		b	.L590
 4825              	.L592:
 4826 0028 48F20201 		movw	r1, #32770
 4827 002c 2046     		mov	r0, r4
 4828 002e FFF7FEFF 		bl	I2C_Disable_IRQ
 4829 0032 94F84030 		ldrb	r3, [r4, #64]	@ zero_extendqisi2
 4830 0036 012B     		cmp	r3, #1
 4831 0038 00F0AD80 		beq	.L601
 4832 003c 0123     		movs	r3, #1
 4833 003e 84F84030 		strb	r3, [r4, #64]
 4834 0042 94F84130 		ldrb	r3, [r4, #65]	@ zero_extendqisi2
 4835 0046 292B     		cmp	r3, #41
 4836 0048 3DD0     		beq	.L604
 4837 004a 94F84130 		ldrb	r3, [r4, #65]	@ zero_extendqisi2
 4838 004e 2A2B     		cmp	r3, #42
 4839 0050 55D0     		beq	.L605
 4840              	.L594:
 4841 0052 2A23     		movs	r3, #42
 4842 0054 84F84130 		strb	r3, [r4, #65]
 4843 0058 2023     		movs	r3, #32
 4844 005a 84F84230 		strb	r3, [r4, #66]
 4845 005e 0023     		movs	r3, #0
 4846 0060 6364     		str	r3, [r4, #68]
 4847 0062 2268     		ldr	r2, [r4]
 4848 0064 5368     		ldr	r3, [r2, #4]
 4849 0066 23F40043 		bic	r3, r3, #32768
 4850 006a 5360     		str	r3, [r2, #4]
 4851 006c 6562     		str	r5, [r4, #36]
 4852 006e 6685     		strh	r6, [r4, #42]	@ movhi
 4853 0070 638D     		ldrh	r3, [r4, #42]
 4854 0072 2385     		strh	r3, [r4, #40]	@ movhi
 4855 0074 E762     		str	r7, [r4, #44]
 4856 0076 494B     		ldr	r3, .L606
 4857 0078 6363     		str	r3, [r4, #52]
 4858 007a E36B     		ldr	r3, [r4, #60]
 4859 007c 002B     		cmp	r3, #0
 4860 007e 55D0     		beq	.L595
 4861 0080 474A     		ldr	r2, .L606+4
 4862 0082 DA62     		str	r2, [r3, #44]
 4863 0084 E36B     		ldr	r3, [r4, #60]
 4864 0086 474A     		ldr	r2, .L606+8
 4865 0088 5A63     		str	r2, [r3, #52]
 4866 008a E26B     		ldr	r2, [r4, #60]
 4867 008c 0023     		movs	r3, #0
 4868 008e 1363     		str	r3, [r2, #48]
 4869 0090 E26B     		ldr	r2, [r4, #60]
 4870 0092 9363     		str	r3, [r2, #56]
 4871 0094 2168     		ldr	r1, [r4]
 4872 0096 238D     		ldrh	r3, [r4, #40]
 4873 0098 2A46     		mov	r2, r5
ARM GAS  C:\Users\Nathan\AppData\Local\Temp\cc2yLhuw.s 			page 85


 4874 009a 2431     		adds	r1, r1, #36
 4875 009c E06B     		ldr	r0, [r4, #60]
 4876 009e FFF7FEFF 		bl	HAL_DMA_Start_IT
 4877 00a2 0546     		mov	r5, r0
 4878 00a4 0028     		cmp	r0, #0
 4879 00a6 50D0     		beq	.L596
 4880 00a8 2823     		movs	r3, #40
 4881 00aa 84F84130 		strb	r3, [r4, #65]
 4882 00ae 0022     		movs	r2, #0
 4883 00b0 84F84220 		strb	r2, [r4, #66]
 4884 00b4 636C     		ldr	r3, [r4, #68]
 4885 00b6 43F01003 		orr	r3, r3, #16
 4886 00ba 6364     		str	r3, [r4, #68]
 4887 00bc 84F84020 		strb	r2, [r4, #64]
 4888 00c0 0123     		movs	r3, #1
 4889 00c2 1D46     		mov	r5, r3
 4890 00c4 65E0     		b	.L590
 4891              	.L604:
 4892 00c6 0121     		movs	r1, #1
 4893 00c8 2046     		mov	r0, r4
 4894 00ca FFF7FEFF 		bl	I2C_Disable_IRQ
 4895 00ce 2368     		ldr	r3, [r4]
 4896 00d0 1A68     		ldr	r2, [r3]
 4897 00d2 12F4804F 		tst	r2, #16384
 4898 00d6 BCD0     		beq	.L594
 4899 00d8 A26B     		ldr	r2, [r4, #56]
 4900 00da 002A     		cmp	r2, #0
 4901 00dc B9D0     		beq	.L594
 4902 00de 1A68     		ldr	r2, [r3]
 4903 00e0 22F48042 		bic	r2, r2, #16384
 4904 00e4 1A60     		str	r2, [r3]
 4905 00e6 A36B     		ldr	r3, [r4, #56]
 4906 00e8 2F4A     		ldr	r2, .L606+12
 4907 00ea 9A63     		str	r2, [r3, #56]
 4908 00ec A06B     		ldr	r0, [r4, #56]
 4909 00ee FFF7FEFF 		bl	HAL_DMA_Abort_IT
 4910 00f2 0028     		cmp	r0, #0
 4911 00f4 ADD0     		beq	.L594
 4912 00f6 A06B     		ldr	r0, [r4, #56]
 4913 00f8 836B     		ldr	r3, [r0, #56]
 4914 00fa 9847     		blx	r3
 4915 00fc A9E7     		b	.L594
 4916              	.L605:
 4917 00fe 2368     		ldr	r3, [r4]
 4918 0100 1A68     		ldr	r2, [r3]
 4919 0102 12F4004F 		tst	r2, #32768
 4920 0106 A4D0     		beq	.L594
 4921 0108 1A68     		ldr	r2, [r3]
 4922 010a 22F40042 		bic	r2, r2, #32768
 4923 010e 1A60     		str	r2, [r3]
 4924 0110 E36B     		ldr	r3, [r4, #60]
 4925 0112 002B     		cmp	r3, #0
 4926 0114 9DD0     		beq	.L594
 4927 0116 244A     		ldr	r2, .L606+12
 4928 0118 9A63     		str	r2, [r3, #56]
 4929 011a E06B     		ldr	r0, [r4, #60]
 4930 011c FFF7FEFF 		bl	HAL_DMA_Abort_IT
ARM GAS  C:\Users\Nathan\AppData\Local\Temp\cc2yLhuw.s 			page 86


 4931 0120 0028     		cmp	r0, #0
 4932 0122 96D0     		beq	.L594
 4933 0124 E06B     		ldr	r0, [r4, #60]
 4934 0126 836B     		ldr	r3, [r0, #56]
 4935 0128 9847     		blx	r3
 4936 012a 92E7     		b	.L594
 4937              	.L595:
 4938 012c 2823     		movs	r3, #40
 4939 012e 84F84130 		strb	r3, [r4, #65]
 4940 0132 0022     		movs	r2, #0
 4941 0134 84F84220 		strb	r2, [r4, #66]
 4942 0138 636C     		ldr	r3, [r4, #68]
 4943 013a 43F08003 		orr	r3, r3, #128
 4944 013e 6364     		str	r3, [r4, #68]
 4945 0140 84F84020 		strb	r2, [r4, #64]
 4946 0144 0123     		movs	r3, #1
 4947 0146 1D46     		mov	r5, r3
 4948 0148 23E0     		b	.L590
 4949              	.L596:
 4950 014a 638D     		ldrh	r3, [r4, #42]
 4951 014c 9BB2     		uxth	r3, r3
 4952 014e 228D     		ldrh	r2, [r4, #40]
 4953 0150 9B1A     		subs	r3, r3, r2
 4954 0152 9BB2     		uxth	r3, r3
 4955 0154 6385     		strh	r3, [r4, #42]	@ movhi
 4956 0156 2085     		strh	r0, [r4, #40]	@ movhi
 4957 0158 2268     		ldr	r2, [r4]
 4958 015a 9369     		ldr	r3, [r2, #24]
 4959 015c 03F00803 		and	r3, r3, #8
 4960 0160 9169     		ldr	r1, [r2, #24]
 4961 0162 11F4803F 		tst	r1, #65536
 4962 0166 0DD0     		beq	.L598
 4963              	.L599:
 4964 0168 0023     		movs	r3, #0
 4965 016a 84F84030 		strb	r3, [r4, #64]
 4966 016e 2268     		ldr	r2, [r4]
 4967 0170 1368     		ldr	r3, [r2]
 4968 0172 43F40043 		orr	r3, r3, #32768
 4969 0176 1360     		str	r3, [r2]
 4970 0178 48F20201 		movw	r1, #32770
 4971 017c 2046     		mov	r0, r4
 4972 017e FFF7FEFF 		bl	I2C_Enable_IRQ
 4973 0182 06E0     		b	.L590
 4974              	.L598:
 4975 0184 002B     		cmp	r3, #0
 4976 0186 EFD0     		beq	.L599
 4977 0188 0823     		movs	r3, #8
 4978 018a D361     		str	r3, [r2, #28]
 4979 018c ECE7     		b	.L599
 4980              	.L600:
 4981 018e 0123     		movs	r3, #1
 4982 0190 1D46     		mov	r5, r3
 4983              	.L590:
 4984 0192 2846     		mov	r0, r5
 4985 0194 F8BD     		pop	{r3, r4, r5, r6, r7, pc}
 4986              	.L601:
 4987 0196 0223     		movs	r3, #2
ARM GAS  C:\Users\Nathan\AppData\Local\Temp\cc2yLhuw.s 			page 87


 4988 0198 1D46     		mov	r5, r3
 4989 019a FAE7     		b	.L590
 4990              	.L607:
 4991              		.align	2
 4992              	.L606:
 4993 019c 00000000 		.word	I2C_Slave_ISR_DMA
 4994 01a0 00000000 		.word	I2C_DMASlaveReceiveCplt
 4995 01a4 00000000 		.word	I2C_DMAError
 4996 01a8 00000000 		.word	I2C_DMAAbort
 4998              		.section	.text.HAL_I2C_EnableListen_IT,"ax",%progbits
 4999              		.align	1
 5000              		.global	HAL_I2C_EnableListen_IT
 5001              		.syntax unified
 5002              		.thumb
 5003              		.thumb_func
 5005              	HAL_I2C_EnableListen_IT:
 5006              		@ args = 0, pretend = 0, frame = 0
 5007              		@ frame_needed = 0, uses_anonymous_args = 0
 5008 0000 08B5     		push	{r3, lr}
 5009 0002 90F84130 		ldrb	r3, [r0, #65]	@ zero_extendqisi2
 5010 0006 202B     		cmp	r3, #32
 5011 0008 01D0     		beq	.L612
 5012 000a 0220     		movs	r0, #2
 5013              	.L609:
 5014 000c 08BD     		pop	{r3, pc}
 5015              	.L612:
 5016 000e 2823     		movs	r3, #40
 5017 0010 80F84130 		strb	r3, [r0, #65]
 5018 0014 034B     		ldr	r3, .L613
 5019 0016 4363     		str	r3, [r0, #52]
 5020 0018 4FF40041 		mov	r1, #32768
 5021 001c FFF7FEFF 		bl	I2C_Enable_IRQ
 5022 0020 0020     		movs	r0, #0
 5023 0022 F3E7     		b	.L609
 5024              	.L614:
 5025              		.align	2
 5026              	.L613:
 5027 0024 00000000 		.word	I2C_Slave_ISR_IT
 5029              		.section	.text.HAL_I2C_DisableListen_IT,"ax",%progbits
 5030              		.align	1
 5031              		.global	HAL_I2C_DisableListen_IT
 5032              		.syntax unified
 5033              		.thumb
 5034              		.thumb_func
 5036              	HAL_I2C_DisableListen_IT:
 5037              		@ args = 0, pretend = 0, frame = 0
 5038              		@ frame_needed = 0, uses_anonymous_args = 0
 5039 0000 08B5     		push	{r3, lr}
 5040 0002 90F84130 		ldrb	r3, [r0, #65]	@ zero_extendqisi2
 5041 0006 282B     		cmp	r3, #40
 5042 0008 01D0     		beq	.L619
 5043 000a 0220     		movs	r0, #2
 5044              	.L616:
 5045 000c 08BD     		pop	{r3, pc}
 5046              	.L619:
 5047 000e 90F84120 		ldrb	r2, [r0, #65]	@ zero_extendqisi2
 5048 0012 90F84230 		ldrb	r3, [r0, #66]	@ zero_extendqisi2
ARM GAS  C:\Users\Nathan\AppData\Local\Temp\cc2yLhuw.s 			page 88


 5049 0016 02F00302 		and	r2, r2, #3
 5050 001a 1343     		orrs	r3, r3, r2
 5051 001c 0363     		str	r3, [r0, #48]
 5052 001e 2023     		movs	r3, #32
 5053 0020 80F84130 		strb	r3, [r0, #65]
 5054 0024 4FF00003 		mov	r3, #0
 5055 0028 80F84230 		strb	r3, [r0, #66]
 5056 002c 0023     		movs	r3, #0
 5057 002e 4363     		str	r3, [r0, #52]
 5058 0030 4FF40041 		mov	r1, #32768
 5059 0034 FFF7FEFF 		bl	I2C_Disable_IRQ
 5060 0038 0020     		movs	r0, #0
 5061 003a E7E7     		b	.L616
 5063              		.section	.text.HAL_I2C_Master_Abort_IT,"ax",%progbits
 5064              		.align	1
 5065              		.global	HAL_I2C_Master_Abort_IT
 5066              		.syntax unified
 5067              		.thumb
 5068              		.thumb_func
 5070              	HAL_I2C_Master_Abort_IT:
 5071              		@ args = 0, pretend = 0, frame = 0
 5072              		@ frame_needed = 0, uses_anonymous_args = 0
 5073 0000 30B5     		push	{r4, r5, lr}
 5074 0002 83B0     		sub	sp, sp, #12
 5075 0004 0446     		mov	r4, r0
 5076 0006 0D46     		mov	r5, r1
 5077 0008 90F84230 		ldrb	r3, [r0, #66]	@ zero_extendqisi2
 5078 000c 102B     		cmp	r3, #16
 5079 000e 02D0     		beq	.L621
 5080 0010 DAB2     		uxtb	r2, r3
 5081 0012 402A     		cmp	r2, #64
 5082 0014 33D1     		bne	.L625
 5083              	.L621:
 5084 0016 94F84030 		ldrb	r3, [r4, #64]	@ zero_extendqisi2
 5085 001a 012B     		cmp	r3, #1
 5086 001c 31D0     		beq	.L626
 5087 001e 0123     		movs	r3, #1
 5088 0020 84F84030 		strb	r3, [r4, #64]
 5089 0024 94F84130 		ldrb	r3, [r4, #65]	@ zero_extendqisi2
 5090 0028 212B     		cmp	r3, #33
 5091 002a 1AD0     		beq	.L628
 5092 002c 94F84130 		ldrb	r3, [r4, #65]	@ zero_extendqisi2
 5093 0030 222B     		cmp	r3, #34
 5094 0032 1DD0     		beq	.L629
 5095              	.L624:
 5096 0034 6023     		movs	r3, #96
 5097 0036 84F84130 		strb	r3, [r4, #65]
 5098 003a 134B     		ldr	r3, .L630
 5099 003c 0093     		str	r3, [sp]
 5100 003e 4FF00073 		mov	r3, #33554432
 5101 0042 0122     		movs	r2, #1
 5102 0044 2946     		mov	r1, r5
 5103 0046 2046     		mov	r0, r4
 5104 0048 FFF7FEFF 		bl	I2C_TransferConfig
 5105 004c 4FF00003 		mov	r3, #0
 5106 0050 84F84030 		strb	r3, [r4, #64]
 5107 0054 2021     		movs	r1, #32
ARM GAS  C:\Users\Nathan\AppData\Local\Temp\cc2yLhuw.s 			page 89


 5108 0056 2046     		mov	r0, r4
 5109 0058 FFF7FEFF 		bl	I2C_Enable_IRQ
 5110 005c 0020     		movs	r0, #0
 5111              	.L622:
 5112 005e 03B0     		add	sp, sp, #12
 5113              		@ sp needed
 5114 0060 30BD     		pop	{r4, r5, pc}
 5115              	.L628:
 5116 0062 0121     		movs	r1, #1
 5117 0064 2046     		mov	r0, r4
 5118 0066 FFF7FEFF 		bl	I2C_Disable_IRQ
 5119 006a 1123     		movs	r3, #17
 5120 006c 2363     		str	r3, [r4, #48]
 5121 006e E1E7     		b	.L624
 5122              	.L629:
 5123 0070 0221     		movs	r1, #2
 5124 0072 2046     		mov	r0, r4
 5125 0074 FFF7FEFF 		bl	I2C_Disable_IRQ
 5126 0078 1223     		movs	r3, #18
 5127 007a 2363     		str	r3, [r4, #48]
 5128 007c DAE7     		b	.L624
 5129              	.L625:
 5130 007e 0120     		movs	r0, #1
 5131 0080 EDE7     		b	.L622
 5132              	.L626:
 5133 0082 0220     		movs	r0, #2
 5134 0084 EBE7     		b	.L622
 5135              	.L631:
 5136 0086 00BF     		.align	2
 5137              	.L630:
 5138 0088 00400080 		.word	-2147467264
 5140              		.section	.text.HAL_I2C_EV_IRQHandler,"ax",%progbits
 5141              		.align	1
 5142              		.global	HAL_I2C_EV_IRQHandler
 5143              		.syntax unified
 5144              		.thumb
 5145              		.thumb_func
 5147              	HAL_I2C_EV_IRQHandler:
 5148              		@ args = 0, pretend = 0, frame = 0
 5149              		@ frame_needed = 0, uses_anonymous_args = 0
 5150 0000 08B5     		push	{r3, lr}
 5151 0002 0368     		ldr	r3, [r0]
 5152 0004 9969     		ldr	r1, [r3, #24]
 5153 0006 1A68     		ldr	r2, [r3]
 5154 0008 436B     		ldr	r3, [r0, #52]
 5155 000a 03B1     		cbz	r3, .L632
 5156 000c 9847     		blx	r3
 5157              	.L632:
 5158 000e 08BD     		pop	{r3, pc}
 5160              		.section	.text.HAL_I2C_MasterTxCpltCallback,"ax",%progbits
 5161              		.align	1
 5162              		.weak	HAL_I2C_MasterTxCpltCallback
 5163              		.syntax unified
 5164              		.thumb
 5165              		.thumb_func
 5167              	HAL_I2C_MasterTxCpltCallback:
 5168              		@ args = 0, pretend = 0, frame = 0
ARM GAS  C:\Users\Nathan\AppData\Local\Temp\cc2yLhuw.s 			page 90


 5169              		@ frame_needed = 0, uses_anonymous_args = 0
 5170              		@ link register save eliminated.
 5171 0000 7047     		bx	lr
 5173              		.section	.text.HAL_I2C_MasterRxCpltCallback,"ax",%progbits
 5174              		.align	1
 5175              		.weak	HAL_I2C_MasterRxCpltCallback
 5176              		.syntax unified
 5177              		.thumb
 5178              		.thumb_func
 5180              	HAL_I2C_MasterRxCpltCallback:
 5181              		@ args = 0, pretend = 0, frame = 0
 5182              		@ frame_needed = 0, uses_anonymous_args = 0
 5183              		@ link register save eliminated.
 5184 0000 7047     		bx	lr
 5186              		.section	.text.I2C_ITMasterSeqCplt,"ax",%progbits
 5187              		.align	1
 5188              		.syntax unified
 5189              		.thumb
 5190              		.thumb_func
 5192              	I2C_ITMasterSeqCplt:
 5193              		@ args = 0, pretend = 0, frame = 0
 5194              		@ frame_needed = 0, uses_anonymous_args = 0
 5195 0000 10B5     		push	{r4, lr}
 5196 0002 0446     		mov	r4, r0
 5197 0004 0023     		movs	r3, #0
 5198 0006 80F84230 		strb	r3, [r0, #66]
 5199 000a 90F84130 		ldrb	r3, [r0, #65]	@ zero_extendqisi2
 5200 000e 212B     		cmp	r3, #33
 5201 0010 11D0     		beq	.L641
 5202 0012 2023     		movs	r3, #32
 5203 0014 80F84130 		strb	r3, [r0, #65]
 5204 0018 1223     		movs	r3, #18
 5205 001a 0363     		str	r3, [r0, #48]
 5206 001c 0023     		movs	r3, #0
 5207 001e 4363     		str	r3, [r0, #52]
 5208 0020 0221     		movs	r1, #2
 5209 0022 FFF7FEFF 		bl	I2C_Disable_IRQ
 5210 0026 4FF00003 		mov	r3, #0
 5211 002a 84F84030 		strb	r3, [r4, #64]
 5212 002e 2046     		mov	r0, r4
 5213 0030 FFF7FEFF 		bl	HAL_I2C_MasterRxCpltCallback
 5214              	.L637:
 5215 0034 10BD     		pop	{r4, pc}
 5216              	.L641:
 5217 0036 2023     		movs	r3, #32
 5218 0038 80F84130 		strb	r3, [r0, #65]
 5219 003c 1123     		movs	r3, #17
 5220 003e 0363     		str	r3, [r0, #48]
 5221 0040 0023     		movs	r3, #0
 5222 0042 4363     		str	r3, [r0, #52]
 5223 0044 0121     		movs	r1, #1
 5224 0046 FFF7FEFF 		bl	I2C_Disable_IRQ
 5225 004a 4FF00003 		mov	r3, #0
 5226 004e 84F84030 		strb	r3, [r4, #64]
 5227 0052 2046     		mov	r0, r4
 5228 0054 FFF7FEFF 		bl	HAL_I2C_MasterTxCpltCallback
 5229 0058 ECE7     		b	.L637
ARM GAS  C:\Users\Nathan\AppData\Local\Temp\cc2yLhuw.s 			page 91


 5231              		.section	.text.HAL_I2C_SlaveTxCpltCallback,"ax",%progbits
 5232              		.align	1
 5233              		.weak	HAL_I2C_SlaveTxCpltCallback
 5234              		.syntax unified
 5235              		.thumb
 5236              		.thumb_func
 5238              	HAL_I2C_SlaveTxCpltCallback:
 5239              		@ args = 0, pretend = 0, frame = 0
 5240              		@ frame_needed = 0, uses_anonymous_args = 0
 5241              		@ link register save eliminated.
 5242 0000 7047     		bx	lr
 5244              		.section	.text.HAL_I2C_SlaveRxCpltCallback,"ax",%progbits
 5245              		.align	1
 5246              		.weak	HAL_I2C_SlaveRxCpltCallback
 5247              		.syntax unified
 5248              		.thumb
 5249              		.thumb_func
 5251              	HAL_I2C_SlaveRxCpltCallback:
 5252              		@ args = 0, pretend = 0, frame = 0
 5253              		@ frame_needed = 0, uses_anonymous_args = 0
 5254              		@ link register save eliminated.
 5255 0000 7047     		bx	lr
 5257              		.section	.text.I2C_ITSlaveSeqCplt,"ax",%progbits
 5258              		.align	1
 5259              		.syntax unified
 5260              		.thumb
 5261              		.thumb_func
 5263              	I2C_ITSlaveSeqCplt:
 5264              		@ args = 0, pretend = 0, frame = 0
 5265              		@ frame_needed = 0, uses_anonymous_args = 0
 5266 0000 10B5     		push	{r4, lr}
 5267 0002 0446     		mov	r4, r0
 5268 0004 0368     		ldr	r3, [r0]
 5269 0006 1A68     		ldr	r2, [r3]
 5270 0008 0021     		movs	r1, #0
 5271 000a 80F84210 		strb	r1, [r0, #66]
 5272 000e 12F4804F 		tst	r2, #16384
 5273 0012 0CD0     		beq	.L645
 5274 0014 1A68     		ldr	r2, [r3]
 5275 0016 22F48042 		bic	r2, r2, #16384
 5276 001a 1A60     		str	r2, [r3]
 5277              	.L646:
 5278 001c 94F84130 		ldrb	r3, [r4, #65]	@ zero_extendqisi2
 5279 0020 292B     		cmp	r3, #41
 5280 0022 0CD0     		beq	.L650
 5281 0024 94F84130 		ldrb	r3, [r4, #65]	@ zero_extendqisi2
 5282 0028 2A2B     		cmp	r3, #42
 5283 002a 18D0     		beq	.L651
 5284              	.L644:
 5285 002c 10BD     		pop	{r4, pc}
 5286              	.L645:
 5287 002e 12F4004F 		tst	r2, #32768
 5288 0032 F3D0     		beq	.L646
 5289 0034 1A68     		ldr	r2, [r3]
 5290 0036 22F40042 		bic	r2, r2, #32768
 5291 003a 1A60     		str	r2, [r3]
 5292 003c EEE7     		b	.L646
ARM GAS  C:\Users\Nathan\AppData\Local\Temp\cc2yLhuw.s 			page 92


 5293              	.L650:
 5294 003e 2823     		movs	r3, #40
 5295 0040 84F84130 		strb	r3, [r4, #65]
 5296 0044 2123     		movs	r3, #33
 5297 0046 2363     		str	r3, [r4, #48]
 5298 0048 0121     		movs	r1, #1
 5299 004a 2046     		mov	r0, r4
 5300 004c FFF7FEFF 		bl	I2C_Disable_IRQ
 5301 0050 0023     		movs	r3, #0
 5302 0052 84F84030 		strb	r3, [r4, #64]
 5303 0056 2046     		mov	r0, r4
 5304 0058 FFF7FEFF 		bl	HAL_I2C_SlaveTxCpltCallback
 5305 005c E6E7     		b	.L644
 5306              	.L651:
 5307 005e 2823     		movs	r3, #40
 5308 0060 84F84130 		strb	r3, [r4, #65]
 5309 0064 2223     		movs	r3, #34
 5310 0066 2363     		str	r3, [r4, #48]
 5311 0068 0221     		movs	r1, #2
 5312 006a 2046     		mov	r0, r4
 5313 006c FFF7FEFF 		bl	I2C_Disable_IRQ
 5314 0070 0023     		movs	r3, #0
 5315 0072 84F84030 		strb	r3, [r4, #64]
 5316 0076 2046     		mov	r0, r4
 5317 0078 FFF7FEFF 		bl	HAL_I2C_SlaveRxCpltCallback
 5318 007c D6E7     		b	.L644
 5320              		.section	.text.I2C_DMASlaveTransmitCplt,"ax",%progbits
 5321              		.align	1
 5322              		.syntax unified
 5323              		.thumb
 5324              		.thumb_func
 5326              	I2C_DMASlaveTransmitCplt:
 5327              		@ args = 0, pretend = 0, frame = 0
 5328              		@ frame_needed = 0, uses_anonymous_args = 0
 5329 0000 08B5     		push	{r3, lr}
 5330 0002 806A     		ldr	r0, [r0, #40]
 5331 0004 C36A     		ldr	r3, [r0, #44]
 5332 0006 B3F1807F 		cmp	r3, #16777216
 5333 000a 00D0     		beq	.L653
 5334 000c 33B9     		cbnz	r3, .L652
 5335              	.L653:
 5336 000e 0268     		ldr	r2, [r0]
 5337 0010 1368     		ldr	r3, [r2]
 5338 0012 23F48043 		bic	r3, r3, #16384
 5339 0016 1360     		str	r3, [r2]
 5340 0018 FFF7FEFF 		bl	I2C_ITSlaveSeqCplt
 5341              	.L652:
 5342 001c 08BD     		pop	{r3, pc}
 5344              		.section	.text.I2C_DMASlaveReceiveCplt,"ax",%progbits
 5345              		.align	1
 5346              		.syntax unified
 5347              		.thumb
 5348              		.thumb_func
 5350              	I2C_DMASlaveReceiveCplt:
 5351              		@ args = 0, pretend = 0, frame = 0
 5352              		@ frame_needed = 0, uses_anonymous_args = 0
 5353 0000 08B5     		push	{r3, lr}
ARM GAS  C:\Users\Nathan\AppData\Local\Temp\cc2yLhuw.s 			page 93


 5354 0002 806A     		ldr	r0, [r0, #40]
 5355 0004 C26A     		ldr	r2, [r0, #44]
 5356 0006 C36B     		ldr	r3, [r0, #60]
 5357 0008 1B68     		ldr	r3, [r3]
 5358 000a 5B68     		ldr	r3, [r3, #4]
 5359 000c 13B9     		cbnz	r3, .L656
 5360 000e 12F5803F 		cmn	r2, #65536
 5361 0012 00D1     		bne	.L659
 5362              	.L656:
 5363 0014 08BD     		pop	{r3, pc}
 5364              	.L659:
 5365 0016 0268     		ldr	r2, [r0]
 5366 0018 1368     		ldr	r3, [r2]
 5367 001a 23F40043 		bic	r3, r3, #32768
 5368 001e 1360     		str	r3, [r2]
 5369 0020 FFF7FEFF 		bl	I2C_ITSlaveSeqCplt
 5370 0024 F6E7     		b	.L656
 5372              		.section	.text.HAL_I2C_AddrCallback,"ax",%progbits
 5373              		.align	1
 5374              		.weak	HAL_I2C_AddrCallback
 5375              		.syntax unified
 5376              		.thumb
 5377              		.thumb_func
 5379              	HAL_I2C_AddrCallback:
 5380              		@ args = 0, pretend = 0, frame = 0
 5381              		@ frame_needed = 0, uses_anonymous_args = 0
 5382              		@ link register save eliminated.
 5383 0000 7047     		bx	lr
 5385              		.section	.text.I2C_ITAddrCplt,"ax",%progbits
 5386              		.align	1
 5387              		.syntax unified
 5388              		.thumb
 5389              		.thumb_func
 5391              	I2C_ITAddrCplt:
 5392              		@ args = 0, pretend = 0, frame = 0
 5393              		@ frame_needed = 0, uses_anonymous_args = 0
 5394 0000 F8B5     		push	{r3, r4, r5, r6, r7, lr}
 5395 0002 0446     		mov	r4, r0
 5396 0004 90F84130 		ldrb	r3, [r0, #65]	@ zero_extendqisi2
 5397 0008 03F02803 		and	r3, r3, #40
 5398 000c 282B     		cmp	r3, #40
 5399 000e 06D0     		beq	.L667
 5400 0010 0368     		ldr	r3, [r0]
 5401 0012 0822     		movs	r2, #8
 5402 0014 DA61     		str	r2, [r3, #28]
 5403 0016 0023     		movs	r3, #0
 5404 0018 80F84030 		strb	r3, [r0, #64]
 5405              	.L661:
 5406 001c F8BD     		pop	{r3, r4, r5, r6, r7, pc}
 5407              	.L667:
 5408 001e 0368     		ldr	r3, [r0]
 5409 0020 9A69     		ldr	r2, [r3, #24]
 5410 0022 C2F30042 		ubfx	r2, r2, #16, #1
 5411 0026 1546     		mov	r5, r2
 5412 0028 9A69     		ldr	r2, [r3, #24]
 5413 002a 120C     		lsrs	r2, r2, #16
 5414 002c 02F0FE00 		and	r0, r2, #254
ARM GAS  C:\Users\Nathan\AppData\Local\Temp\cc2yLhuw.s 			page 94


 5415 0030 0646     		mov	r6, r0
 5416 0032 9A68     		ldr	r2, [r3, #8]
 5417 0034 C2F30902 		ubfx	r2, r2, #0, #10
 5418 0038 D968     		ldr	r1, [r3, #12]
 5419 003a 01F0FE01 		and	r1, r1, #254
 5420 003e 0F46     		mov	r7, r1
 5421 0040 E168     		ldr	r1, [r4, #12]
 5422 0042 0229     		cmp	r1, #2
 5423 0044 23D1     		bne	.L663
 5424 0046 80EAD211 		eor	r1, r0, r2, lsr #7
 5425 004a 11F0060F 		tst	r1, #6
 5426 004e 10D1     		bne	.L664
 5427 0050 A16C     		ldr	r1, [r4, #72]
 5428 0052 0131     		adds	r1, r1, #1
 5429 0054 A164     		str	r1, [r4, #72]
 5430 0056 A16C     		ldr	r1, [r4, #72]
 5431 0058 0229     		cmp	r1, #2
 5432 005a DFD1     		bne	.L661
 5433 005c 0021     		movs	r1, #0
 5434 005e A164     		str	r1, [r4, #72]
 5435 0060 0820     		movs	r0, #8
 5436 0062 D861     		str	r0, [r3, #28]
 5437 0064 84F84010 		strb	r1, [r4, #64]
 5438 0068 2946     		mov	r1, r5
 5439 006a 2046     		mov	r0, r4
 5440 006c FFF7FEFF 		bl	HAL_I2C_AddrCallback
 5441 0070 D4E7     		b	.L661
 5442              	.L664:
 5443 0072 4FF40041 		mov	r1, #32768
 5444 0076 2046     		mov	r0, r4
 5445 0078 FFF7FEFF 		bl	I2C_Disable_IRQ
 5446 007c 0023     		movs	r3, #0
 5447 007e 84F84030 		strb	r3, [r4, #64]
 5448 0082 3A46     		mov	r2, r7
 5449 0084 2946     		mov	r1, r5
 5450 0086 2046     		mov	r0, r4
 5451 0088 FFF7FEFF 		bl	HAL_I2C_AddrCallback
 5452 008c C6E7     		b	.L661
 5453              	.L663:
 5454 008e 4FF40041 		mov	r1, #32768
 5455 0092 2046     		mov	r0, r4
 5456 0094 FFF7FEFF 		bl	I2C_Disable_IRQ
 5457 0098 0023     		movs	r3, #0
 5458 009a 84F84030 		strb	r3, [r4, #64]
 5459 009e 3246     		mov	r2, r6
 5460 00a0 2946     		mov	r1, r5
 5461 00a2 2046     		mov	r0, r4
 5462 00a4 FFF7FEFF 		bl	HAL_I2C_AddrCallback
 5463 00a8 B8E7     		b	.L661
 5465              		.section	.text.HAL_I2C_ListenCpltCallback,"ax",%progbits
 5466              		.align	1
 5467              		.weak	HAL_I2C_ListenCpltCallback
 5468              		.syntax unified
 5469              		.thumb
 5470              		.thumb_func
 5472              	HAL_I2C_ListenCpltCallback:
 5473              		@ args = 0, pretend = 0, frame = 0
ARM GAS  C:\Users\Nathan\AppData\Local\Temp\cc2yLhuw.s 			page 95


 5474              		@ frame_needed = 0, uses_anonymous_args = 0
 5475              		@ link register save eliminated.
 5476 0000 7047     		bx	lr
 5478              		.section	.text.I2C_ITListenCplt,"ax",%progbits
 5479              		.align	1
 5480              		.syntax unified
 5481              		.thumb
 5482              		.thumb_func
 5484              	I2C_ITListenCplt:
 5485              		@ args = 0, pretend = 0, frame = 0
 5486              		@ frame_needed = 0, uses_anonymous_args = 0
 5487 0000 10B5     		push	{r4, lr}
 5488 0002 0446     		mov	r4, r0
 5489 0004 174B     		ldr	r3, .L672
 5490 0006 C362     		str	r3, [r0, #44]
 5491 0008 0023     		movs	r3, #0
 5492 000a 0363     		str	r3, [r0, #48]
 5493 000c 2022     		movs	r2, #32
 5494 000e 80F84120 		strb	r2, [r0, #65]
 5495 0012 80F84230 		strb	r3, [r0, #66]
 5496 0016 4363     		str	r3, [r0, #52]
 5497 0018 11F0040F 		tst	r1, #4
 5498 001c 13D0     		beq	.L670
 5499 001e 0368     		ldr	r3, [r0]
 5500 0020 5A6A     		ldr	r2, [r3, #36]
 5501 0022 436A     		ldr	r3, [r0, #36]
 5502 0024 1A70     		strb	r2, [r3]
 5503 0026 436A     		ldr	r3, [r0, #36]
 5504 0028 0133     		adds	r3, r3, #1
 5505 002a 4362     		str	r3, [r0, #36]
 5506 002c 038D     		ldrh	r3, [r0, #40]
 5507 002e 53B1     		cbz	r3, .L670
 5508 0030 013B     		subs	r3, r3, #1
 5509 0032 0385     		strh	r3, [r0, #40]	@ movhi
 5510 0034 438D     		ldrh	r3, [r0, #42]
 5511 0036 9BB2     		uxth	r3, r3
 5512 0038 013B     		subs	r3, r3, #1
 5513 003a 9BB2     		uxth	r3, r3
 5514 003c 4385     		strh	r3, [r0, #42]	@ movhi
 5515 003e 436C     		ldr	r3, [r0, #68]
 5516 0040 43F00403 		orr	r3, r3, #4
 5517 0044 4364     		str	r3, [r0, #68]
 5518              	.L670:
 5519 0046 48F20301 		movw	r1, #32771
 5520 004a 2046     		mov	r0, r4
 5521 004c FFF7FEFF 		bl	I2C_Disable_IRQ
 5522 0050 2368     		ldr	r3, [r4]
 5523 0052 1022     		movs	r2, #16
 5524 0054 DA61     		str	r2, [r3, #28]
 5525 0056 0023     		movs	r3, #0
 5526 0058 84F84030 		strb	r3, [r4, #64]
 5527 005c 2046     		mov	r0, r4
 5528 005e FFF7FEFF 		bl	HAL_I2C_ListenCpltCallback
 5529 0062 10BD     		pop	{r4, pc}
 5530              	.L673:
 5531              		.align	2
 5532              	.L672:
ARM GAS  C:\Users\Nathan\AppData\Local\Temp\cc2yLhuw.s 			page 96


 5533 0064 0000FFFF 		.word	-65536
 5535              		.section	.text.HAL_I2C_MemTxCpltCallback,"ax",%progbits
 5536              		.align	1
 5537              		.weak	HAL_I2C_MemTxCpltCallback
 5538              		.syntax unified
 5539              		.thumb
 5540              		.thumb_func
 5542              	HAL_I2C_MemTxCpltCallback:
 5543              		@ args = 0, pretend = 0, frame = 0
 5544              		@ frame_needed = 0, uses_anonymous_args = 0
 5545              		@ link register save eliminated.
 5546 0000 7047     		bx	lr
 5548              		.section	.text.HAL_I2C_MemRxCpltCallback,"ax",%progbits
 5549              		.align	1
 5550              		.weak	HAL_I2C_MemRxCpltCallback
 5551              		.syntax unified
 5552              		.thumb
 5553              		.thumb_func
 5555              	HAL_I2C_MemRxCpltCallback:
 5556              		@ args = 0, pretend = 0, frame = 0
 5557              		@ frame_needed = 0, uses_anonymous_args = 0
 5558              		@ link register save eliminated.
 5559 0000 7047     		bx	lr
 5561              		.section	.text.HAL_I2C_ErrorCallback,"ax",%progbits
 5562              		.align	1
 5563              		.weak	HAL_I2C_ErrorCallback
 5564              		.syntax unified
 5565              		.thumb
 5566              		.thumb_func
 5568              	HAL_I2C_ErrorCallback:
 5569              		@ args = 0, pretend = 0, frame = 0
 5570              		@ frame_needed = 0, uses_anonymous_args = 0
 5571              		@ link register save eliminated.
 5572 0000 7047     		bx	lr
 5574              		.section	.text.HAL_I2C_AbortCpltCallback,"ax",%progbits
 5575              		.align	1
 5576              		.weak	HAL_I2C_AbortCpltCallback
 5577              		.syntax unified
 5578              		.thumb
 5579              		.thumb_func
 5581              	HAL_I2C_AbortCpltCallback:
 5582              		@ args = 0, pretend = 0, frame = 0
 5583              		@ frame_needed = 0, uses_anonymous_args = 0
 5584              		@ link register save eliminated.
 5585 0000 7047     		bx	lr
 5587              		.section	.text.I2C_TreatErrorCallback,"ax",%progbits
 5588              		.align	1
 5589              		.syntax unified
 5590              		.thumb
 5591              		.thumb_func
 5593              	I2C_TreatErrorCallback:
 5594              		@ args = 0, pretend = 0, frame = 0
 5595              		@ frame_needed = 0, uses_anonymous_args = 0
 5596 0000 08B5     		push	{r3, lr}
 5597 0002 90F84130 		ldrb	r3, [r0, #65]	@ zero_extendqisi2
 5598 0006 602B     		cmp	r3, #96
 5599 0008 06D0     		beq	.L682
ARM GAS  C:\Users\Nathan\AppData\Local\Temp\cc2yLhuw.s 			page 97


 5600 000a 0023     		movs	r3, #0
 5601 000c 0363     		str	r3, [r0, #48]
 5602 000e 80F84030 		strb	r3, [r0, #64]
 5603 0012 FFF7FEFF 		bl	HAL_I2C_ErrorCallback
 5604              	.L678:
 5605 0016 08BD     		pop	{r3, pc}
 5606              	.L682:
 5607 0018 2023     		movs	r3, #32
 5608 001a 80F84130 		strb	r3, [r0, #65]
 5609 001e 0023     		movs	r3, #0
 5610 0020 0363     		str	r3, [r0, #48]
 5611 0022 80F84030 		strb	r3, [r0, #64]
 5612 0026 FFF7FEFF 		bl	HAL_I2C_AbortCpltCallback
 5613 002a F4E7     		b	.L678
 5615              		.section	.text.I2C_ITError,"ax",%progbits
 5616              		.align	1
 5617              		.syntax unified
 5618              		.thumb
 5619              		.thumb_func
 5621              	I2C_ITError:
 5622              		@ args = 0, pretend = 0, frame = 0
 5623              		@ frame_needed = 0, uses_anonymous_args = 0
 5624 0000 10B5     		push	{r4, lr}
 5625 0002 0446     		mov	r4, r0
 5626 0004 90F84130 		ldrb	r3, [r0, #65]	@ zero_extendqisi2
 5627 0008 0022     		movs	r2, #0
 5628 000a 80F84220 		strb	r2, [r0, #66]
 5629 000e 4548     		ldr	r0, .L698
 5630 0010 E062     		str	r0, [r4, #44]
 5631 0012 6285     		strh	r2, [r4, #42]	@ movhi
 5632 0014 626C     		ldr	r2, [r4, #68]
 5633 0016 0A43     		orrs	r2, r2, r1
 5634 0018 6264     		str	r2, [r4, #68]
 5635 001a 283B     		subs	r3, r3, #40
 5636 001c DBB2     		uxtb	r3, r3
 5637 001e 022B     		cmp	r3, #2
 5638 0020 19D8     		bhi	.L684
 5639 0022 0321     		movs	r1, #3
 5640 0024 2046     		mov	r0, r4
 5641 0026 FFF7FEFF 		bl	I2C_Disable_IRQ
 5642 002a 2823     		movs	r3, #40
 5643 002c 84F84130 		strb	r3, [r4, #65]
 5644 0030 3D4B     		ldr	r3, .L698+4
 5645 0032 6363     		str	r3, [r4, #52]
 5646              	.L685:
 5647 0034 236B     		ldr	r3, [r4, #48]
 5648 0036 A26B     		ldr	r2, [r4, #56]
 5649 0038 1AB1     		cbz	r2, .L688
 5650 003a 112B     		cmp	r3, #17
 5651 003c 2FD0     		beq	.L689
 5652 003e 212B     		cmp	r3, #33
 5653 0040 2DD0     		beq	.L689
 5654              	.L688:
 5655 0042 E26B     		ldr	r2, [r4, #60]
 5656 0044 1AB1     		cbz	r2, .L693
 5657 0046 122B     		cmp	r3, #18
 5658 0048 4AD0     		beq	.L694
ARM GAS  C:\Users\Nathan\AppData\Local\Temp\cc2yLhuw.s 			page 98


 5659 004a 222B     		cmp	r3, #34
 5660 004c 48D0     		beq	.L694
 5661              	.L693:
 5662 004e 2046     		mov	r0, r4
 5663 0050 FFF7FEFF 		bl	I2C_TreatErrorCallback
 5664              	.L683:
 5665 0054 10BD     		pop	{r4, pc}
 5666              	.L684:
 5667 0056 48F20301 		movw	r1, #32771
 5668 005a 2046     		mov	r0, r4
 5669 005c FFF7FEFF 		bl	I2C_Disable_IRQ
 5670 0060 2046     		mov	r0, r4
 5671 0062 FFF7FEFF 		bl	I2C_Flush_TXDR
 5672 0066 94F84130 		ldrb	r3, [r4, #65]	@ zero_extendqisi2
 5673 006a 602B     		cmp	r3, #96
 5674 006c 14D0     		beq	.L686
 5675 006e 2023     		movs	r3, #32
 5676 0070 84F84130 		strb	r3, [r4, #65]
 5677 0074 2368     		ldr	r3, [r4]
 5678 0076 9A69     		ldr	r2, [r3, #24]
 5679 0078 12F0200F 		tst	r2, #32
 5680 007c 0CD0     		beq	.L686
 5681 007e 9A69     		ldr	r2, [r3, #24]
 5682 0080 12F0100F 		tst	r2, #16
 5683 0084 05D0     		beq	.L687
 5684 0086 1022     		movs	r2, #16
 5685 0088 DA61     		str	r2, [r3, #28]
 5686 008a 636C     		ldr	r3, [r4, #68]
 5687 008c 43F00403 		orr	r3, r3, #4
 5688 0090 6364     		str	r3, [r4, #68]
 5689              	.L687:
 5690 0092 2368     		ldr	r3, [r4]
 5691 0094 2022     		movs	r2, #32
 5692 0096 DA61     		str	r2, [r3, #28]
 5693              	.L686:
 5694 0098 0023     		movs	r3, #0
 5695 009a 6363     		str	r3, [r4, #52]
 5696 009c CAE7     		b	.L685
 5697              	.L689:
 5698 009e 2368     		ldr	r3, [r4]
 5699 00a0 1A68     		ldr	r2, [r3]
 5700 00a2 12F4804F 		tst	r2, #16384
 5701 00a6 03D0     		beq	.L690
 5702 00a8 1A68     		ldr	r2, [r3]
 5703 00aa 22F48042 		bic	r2, r2, #16384
 5704 00ae 1A60     		str	r2, [r3]
 5705              	.L690:
 5706 00b0 A06B     		ldr	r0, [r4, #56]
 5707 00b2 FFF7FEFF 		bl	HAL_DMA_GetState
 5708 00b6 0128     		cmp	r0, #1
 5709 00b8 0ED0     		beq	.L691
 5710 00ba A36B     		ldr	r3, [r4, #56]
 5711 00bc 1B4A     		ldr	r2, .L698+8
 5712 00be 9A63     		str	r2, [r3, #56]
 5713 00c0 0023     		movs	r3, #0
 5714 00c2 84F84030 		strb	r3, [r4, #64]
 5715 00c6 A06B     		ldr	r0, [r4, #56]
ARM GAS  C:\Users\Nathan\AppData\Local\Temp\cc2yLhuw.s 			page 99


 5716 00c8 FFF7FEFF 		bl	HAL_DMA_Abort_IT
 5717 00cc 0028     		cmp	r0, #0
 5718 00ce C1D0     		beq	.L683
 5719 00d0 A06B     		ldr	r0, [r4, #56]
 5720 00d2 836B     		ldr	r3, [r0, #56]
 5721 00d4 9847     		blx	r3
 5722 00d6 BDE7     		b	.L683
 5723              	.L691:
 5724 00d8 2046     		mov	r0, r4
 5725 00da FFF7FEFF 		bl	I2C_TreatErrorCallback
 5726 00de B9E7     		b	.L683
 5727              	.L694:
 5728 00e0 2368     		ldr	r3, [r4]
 5729 00e2 1A68     		ldr	r2, [r3]
 5730 00e4 12F4004F 		tst	r2, #32768
 5731 00e8 03D0     		beq	.L695
 5732 00ea 1A68     		ldr	r2, [r3]
 5733 00ec 22F40042 		bic	r2, r2, #32768
 5734 00f0 1A60     		str	r2, [r3]
 5735              	.L695:
 5736 00f2 E06B     		ldr	r0, [r4, #60]
 5737 00f4 FFF7FEFF 		bl	HAL_DMA_GetState
 5738 00f8 0128     		cmp	r0, #1
 5739 00fa 0ED0     		beq	.L696
 5740 00fc E36B     		ldr	r3, [r4, #60]
 5741 00fe 0B4A     		ldr	r2, .L698+8
 5742 0100 9A63     		str	r2, [r3, #56]
 5743 0102 0023     		movs	r3, #0
 5744 0104 84F84030 		strb	r3, [r4, #64]
 5745 0108 E06B     		ldr	r0, [r4, #60]
 5746 010a FFF7FEFF 		bl	HAL_DMA_Abort_IT
 5747 010e 0028     		cmp	r0, #0
 5748 0110 A0D0     		beq	.L683
 5749 0112 E06B     		ldr	r0, [r4, #60]
 5750 0114 836B     		ldr	r3, [r0, #56]
 5751 0116 9847     		blx	r3
 5752 0118 9CE7     		b	.L683
 5753              	.L696:
 5754 011a 2046     		mov	r0, r4
 5755 011c FFF7FEFF 		bl	I2C_TreatErrorCallback
 5756 0120 98E7     		b	.L683
 5757              	.L699:
 5758 0122 00BF     		.align	2
 5759              	.L698:
 5760 0124 0000FFFF 		.word	-65536
 5761 0128 00000000 		.word	I2C_Slave_ISR_IT
 5762 012c 00000000 		.word	I2C_DMAAbort
 5764              		.section	.text.I2C_ITSlaveCplt,"ax",%progbits
 5765              		.align	1
 5766              		.syntax unified
 5767              		.thumb
 5768              		.thumb_func
 5770              	I2C_ITSlaveCplt:
 5771              		@ args = 0, pretend = 0, frame = 0
 5772              		@ frame_needed = 0, uses_anonymous_args = 0
 5773 0000 F8B5     		push	{r3, r4, r5, r6, r7, lr}
 5774 0002 0446     		mov	r4, r0
ARM GAS  C:\Users\Nathan\AppData\Local\Temp\cc2yLhuw.s 			page 100


 5775 0004 0D46     		mov	r5, r1
 5776 0006 0168     		ldr	r1, [r0]
 5777 0008 0E68     		ldr	r6, [r1]
 5778 000a C36A     		ldr	r3, [r0, #44]
 5779 000c 1F46     		mov	r7, r3
 5780 000e 90F84120 		ldrb	r2, [r0, #65]	@ zero_extendqisi2
 5781 0012 2020     		movs	r0, #32
 5782 0014 C861     		str	r0, [r1, #28]
 5783 0016 212A     		cmp	r2, #33
 5784 0018 10D0     		beq	.L701
 5785 001a D3B2     		uxtb	r3, r2
 5786 001c 292B     		cmp	r3, #41
 5787 001e 0DD0     		beq	.L701
 5788 0020 222B     		cmp	r3, #34
 5789 0022 7ED0     		beq	.L704
 5790 0024 2A2B     		cmp	r3, #42
 5791 0026 7CD0     		beq	.L704
 5792 0028 282B     		cmp	r3, #40
 5793 002a 0ED1     		bne	.L703
 5794 002c 48F20301 		movw	r1, #32771
 5795 0030 2046     		mov	r0, r4
 5796 0032 FFF7FEFF 		bl	I2C_Disable_IRQ
 5797 0036 0023     		movs	r3, #0
 5798 0038 2363     		str	r3, [r4, #48]
 5799 003a 06E0     		b	.L703
 5800              	.L701:
 5801 003c 48F20101 		movw	r1, #32769
 5802 0040 2046     		mov	r0, r4
 5803 0042 FFF7FEFF 		bl	I2C_Disable_IRQ
 5804 0046 2123     		movs	r3, #33
 5805 0048 2363     		str	r3, [r4, #48]
 5806              	.L703:
 5807 004a 2268     		ldr	r2, [r4]
 5808 004c 5368     		ldr	r3, [r2, #4]
 5809 004e 43F40043 		orr	r3, r3, #32768
 5810 0052 5360     		str	r3, [r2, #4]
 5811 0054 2268     		ldr	r2, [r4]
 5812 0056 5368     		ldr	r3, [r2, #4]
 5813 0058 23F0FF73 		bic	r3, r3, #33423360
 5814 005c 23F48B33 		bic	r3, r3, #71168
 5815 0060 23F4FF73 		bic	r3, r3, #510
 5816 0064 23F00103 		bic	r3, r3, #1
 5817 0068 5360     		str	r3, [r2, #4]
 5818 006a 2046     		mov	r0, r4
 5819 006c FFF7FEFF 		bl	I2C_Flush_TXDR
 5820 0070 16F4804F 		tst	r6, #16384
 5821 0074 5DD0     		beq	.L706
 5822 0076 2268     		ldr	r2, [r4]
 5823 0078 1368     		ldr	r3, [r2]
 5824 007a 23F48043 		bic	r3, r3, #16384
 5825 007e 1360     		str	r3, [r2]
 5826 0080 A36B     		ldr	r3, [r4, #56]
 5827 0082 1BB1     		cbz	r3, .L707
 5828 0084 1B68     		ldr	r3, [r3]
 5829 0086 5B68     		ldr	r3, [r3, #4]
 5830 0088 9BB2     		uxth	r3, r3
 5831 008a 6385     		strh	r3, [r4, #42]	@ movhi
ARM GAS  C:\Users\Nathan\AppData\Local\Temp\cc2yLhuw.s 			page 101


 5832              	.L707:
 5833 008c 15F0040F 		tst	r5, #4
 5834 0090 11D0     		beq	.L708
 5835 0092 25F00405 		bic	r5, r5, #4
 5836 0096 2368     		ldr	r3, [r4]
 5837 0098 5A6A     		ldr	r2, [r3, #36]
 5838 009a 636A     		ldr	r3, [r4, #36]
 5839 009c 1A70     		strb	r2, [r3]
 5840 009e 636A     		ldr	r3, [r4, #36]
 5841 00a0 0133     		adds	r3, r3, #1
 5842 00a2 6362     		str	r3, [r4, #36]
 5843 00a4 238D     		ldrh	r3, [r4, #40]
 5844 00a6 33B1     		cbz	r3, .L708
 5845 00a8 013B     		subs	r3, r3, #1
 5846 00aa 2385     		strh	r3, [r4, #40]	@ movhi
 5847 00ac 638D     		ldrh	r3, [r4, #42]
 5848 00ae 9BB2     		uxth	r3, r3
 5849 00b0 013B     		subs	r3, r3, #1
 5850 00b2 9BB2     		uxth	r3, r3
 5851 00b4 6385     		strh	r3, [r4, #42]	@ movhi
 5852              	.L708:
 5853 00b6 638D     		ldrh	r3, [r4, #42]
 5854 00b8 9BB2     		uxth	r3, r3
 5855 00ba 1BB1     		cbz	r3, .L709
 5856 00bc 636C     		ldr	r3, [r4, #68]
 5857 00be 43F00403 		orr	r3, r3, #4
 5858 00c2 6364     		str	r3, [r4, #68]
 5859              	.L709:
 5860 00c4 15F0100F 		tst	r5, #16
 5861 00c8 11D0     		beq	.L710
 5862 00ca 16F0100F 		tst	r6, #16
 5863 00ce 0ED0     		beq	.L710
 5864 00d0 638D     		ldrh	r3, [r4, #42]
 5865 00d2 9BB2     		uxth	r3, r3
 5866 00d4 002B     		cmp	r3, #0
 5867 00d6 51D1     		bne	.L711
 5868 00d8 94F84130 		ldrb	r3, [r4, #65]	@ zero_extendqisi2
 5869 00dc 282B     		cmp	r3, #40
 5870 00de 38D0     		beq	.L720
 5871              	.L712:
 5872 00e0 94F84130 		ldrb	r3, [r4, #65]	@ zero_extendqisi2
 5873 00e4 292B     		cmp	r3, #41
 5874 00e6 3CD0     		beq	.L721
 5875              	.L713:
 5876 00e8 2368     		ldr	r3, [r4]
 5877 00ea 1022     		movs	r2, #16
 5878 00ec DA61     		str	r2, [r3, #28]
 5879              	.L710:
 5880 00ee 0023     		movs	r3, #0
 5881 00f0 84F84230 		strb	r3, [r4, #66]
 5882 00f4 6363     		str	r3, [r4, #52]
 5883 00f6 636C     		ldr	r3, [r4, #68]
 5884 00f8 002B     		cmp	r3, #0
 5885 00fa 4FD1     		bne	.L722
 5886 00fc E36A     		ldr	r3, [r4, #44]
 5887 00fe 13F5803F 		cmn	r3, #65536
 5888 0102 58D1     		bne	.L723
ARM GAS  C:\Users\Nathan\AppData\Local\Temp\cc2yLhuw.s 			page 102


 5889 0104 94F84130 		ldrb	r3, [r4, #65]	@ zero_extendqisi2
 5890 0108 222B     		cmp	r3, #34
 5891 010a 64D0     		beq	.L724
 5892 010c 2023     		movs	r3, #32
 5893 010e 84F84130 		strb	r3, [r4, #65]
 5894 0112 0023     		movs	r3, #0
 5895 0114 2363     		str	r3, [r4, #48]
 5896 0116 84F84030 		strb	r3, [r4, #64]
 5897 011a 2046     		mov	r0, r4
 5898 011c FFF7FEFF 		bl	HAL_I2C_SlaveTxCpltCallback
 5899 0120 58E0     		b	.L700
 5900              	.L704:
 5901 0122 48F20201 		movw	r1, #32770
 5902 0126 2046     		mov	r0, r4
 5903 0128 FFF7FEFF 		bl	I2C_Disable_IRQ
 5904 012c 2223     		movs	r3, #34
 5905 012e 2363     		str	r3, [r4, #48]
 5906 0130 8BE7     		b	.L703
 5907              	.L706:
 5908 0132 16F4004F 		tst	r6, #32768
 5909 0136 A9D0     		beq	.L707
 5910 0138 2268     		ldr	r2, [r4]
 5911 013a 1368     		ldr	r3, [r2]
 5912 013c 23F40043 		bic	r3, r3, #32768
 5913 0140 1360     		str	r3, [r2]
 5914 0142 E36B     		ldr	r3, [r4, #60]
 5915 0144 002B     		cmp	r3, #0
 5916 0146 A1D0     		beq	.L707
 5917 0148 1B68     		ldr	r3, [r3]
 5918 014a 5B68     		ldr	r3, [r3, #4]
 5919 014c 9BB2     		uxth	r3, r3
 5920 014e 6385     		strh	r3, [r4, #42]	@ movhi
 5921 0150 9CE7     		b	.L707
 5922              	.L720:
 5923 0152 B7F1007F 		cmp	r7, #33554432
 5924 0156 C3D1     		bne	.L712
 5925 0158 2946     		mov	r1, r5
 5926 015a 2046     		mov	r0, r4
 5927 015c FFF7FEFF 		bl	I2C_ITListenCplt
 5928 0160 C5E7     		b	.L710
 5929              	.L721:
 5930 0162 17F5803F 		cmn	r7, #65536
 5931 0166 BFD0     		beq	.L713
 5932 0168 2368     		ldr	r3, [r4]
 5933 016a 1022     		movs	r2, #16
 5934 016c DA61     		str	r2, [r3, #28]
 5935 016e 2046     		mov	r0, r4
 5936 0170 FFF7FEFF 		bl	I2C_Flush_TXDR
 5937 0174 2046     		mov	r0, r4
 5938 0176 FFF7FEFF 		bl	I2C_ITSlaveSeqCplt
 5939 017a B8E7     		b	.L710
 5940              	.L711:
 5941 017c 2368     		ldr	r3, [r4]
 5942 017e 1022     		movs	r2, #16
 5943 0180 DA61     		str	r2, [r3, #28]
 5944 0182 636C     		ldr	r3, [r4, #68]
 5945 0184 43F00403 		orr	r3, r3, #4
ARM GAS  C:\Users\Nathan\AppData\Local\Temp\cc2yLhuw.s 			page 103


 5946 0188 6364     		str	r3, [r4, #68]
 5947 018a 17B1     		cbz	r7, .L714
 5948 018c B7F1807F 		cmp	r7, #16777216
 5949 0190 ADD1     		bne	.L710
 5950              	.L714:
 5951 0192 616C     		ldr	r1, [r4, #68]
 5952 0194 2046     		mov	r0, r4
 5953 0196 FFF7FEFF 		bl	I2C_ITError
 5954 019a A8E7     		b	.L710
 5955              	.L722:
 5956 019c 616C     		ldr	r1, [r4, #68]
 5957 019e 2046     		mov	r0, r4
 5958 01a0 FFF7FEFF 		bl	I2C_ITError
 5959 01a4 94F84130 		ldrb	r3, [r4, #65]	@ zero_extendqisi2
 5960 01a8 282B     		cmp	r3, #40
 5961 01aa 13D1     		bne	.L700
 5962 01ac 2946     		mov	r1, r5
 5963 01ae 2046     		mov	r0, r4
 5964 01b0 FFF7FEFF 		bl	I2C_ITListenCplt
 5965 01b4 0EE0     		b	.L700
 5966              	.L723:
 5967 01b6 2046     		mov	r0, r4
 5968 01b8 FFF7FEFF 		bl	I2C_ITSlaveSeqCplt
 5969 01bc 0B4B     		ldr	r3, .L725
 5970 01be E362     		str	r3, [r4, #44]
 5971 01c0 2023     		movs	r3, #32
 5972 01c2 84F84130 		strb	r3, [r4, #65]
 5973 01c6 0023     		movs	r3, #0
 5974 01c8 2363     		str	r3, [r4, #48]
 5975 01ca 84F84030 		strb	r3, [r4, #64]
 5976 01ce 2046     		mov	r0, r4
 5977 01d0 FFF7FEFF 		bl	HAL_I2C_ListenCpltCallback
 5978              	.L700:
 5979 01d4 F8BD     		pop	{r3, r4, r5, r6, r7, pc}
 5980              	.L724:
 5981 01d6 2023     		movs	r3, #32
 5982 01d8 84F84130 		strb	r3, [r4, #65]
 5983 01dc 0023     		movs	r3, #0
 5984 01de 2363     		str	r3, [r4, #48]
 5985 01e0 84F84030 		strb	r3, [r4, #64]
 5986 01e4 2046     		mov	r0, r4
 5987 01e6 FFF7FEFF 		bl	HAL_I2C_SlaveRxCpltCallback
 5988 01ea F3E7     		b	.L700
 5989              	.L726:
 5990              		.align	2
 5991              	.L725:
 5992 01ec 0000FFFF 		.word	-65536
 5994              		.section	.text.I2C_Slave_ISR_IT,"ax",%progbits
 5995              		.align	1
 5996              		.syntax unified
 5997              		.thumb
 5998              		.thumb_func
 6000              	I2C_Slave_ISR_IT:
 6001              		@ args = 0, pretend = 0, frame = 0
 6002              		@ frame_needed = 0, uses_anonymous_args = 0
 6003 0000 10B5     		push	{r4, lr}
 6004 0002 0446     		mov	r4, r0
ARM GAS  C:\Users\Nathan\AppData\Local\Temp\cc2yLhuw.s 			page 104


 6005 0004 C06A     		ldr	r0, [r0, #44]
 6006 0006 94F84030 		ldrb	r3, [r4, #64]	@ zero_extendqisi2
 6007 000a 012B     		cmp	r3, #1
 6008 000c 00F09880 		beq	.L741
 6009 0010 0123     		movs	r3, #1
 6010 0012 84F84030 		strb	r3, [r4, #64]
 6011 0016 11F0200F 		tst	r1, #32
 6012 001a 02D0     		beq	.L729
 6013 001c 12F0200F 		tst	r2, #32
 6014 0020 14D1     		bne	.L743
 6015              	.L729:
 6016 0022 11F0100F 		tst	r1, #16
 6017 0026 3CD0     		beq	.L731
 6018 0028 12F0100F 		tst	r2, #16
 6019 002c 39D0     		beq	.L731
 6020 002e 638D     		ldrh	r3, [r4, #42]
 6021 0030 9BB2     		uxth	r3, r3
 6022 0032 33BB     		cbnz	r3, .L732
 6023 0034 94F84130 		ldrb	r3, [r4, #65]	@ zero_extendqisi2
 6024 0038 282B     		cmp	r3, #40
 6025 003a 0ED0     		beq	.L744
 6026              	.L733:
 6027 003c 94F84130 		ldrb	r3, [r4, #65]	@ zero_extendqisi2
 6028 0040 292B     		cmp	r3, #41
 6029 0042 11D0     		beq	.L745
 6030              	.L734:
 6031 0044 2368     		ldr	r3, [r4]
 6032 0046 1022     		movs	r2, #16
 6033 0048 DA61     		str	r2, [r3, #28]
 6034 004a 02E0     		b	.L730
 6035              	.L743:
 6036 004c 2046     		mov	r0, r4
 6037 004e FFF7FEFF 		bl	I2C_ITSlaveCplt
 6038              	.L730:
 6039 0052 0020     		movs	r0, #0
 6040 0054 84F84000 		strb	r0, [r4, #64]
 6041              	.L728:
 6042 0058 10BD     		pop	{r4, pc}
 6043              	.L744:
 6044 005a B0F1007F 		cmp	r0, #33554432
 6045 005e EDD1     		bne	.L733
 6046 0060 2046     		mov	r0, r4
 6047 0062 FFF7FEFF 		bl	I2C_ITListenCplt
 6048 0066 F4E7     		b	.L730
 6049              	.L745:
 6050 0068 10F5803F 		cmn	r0, #65536
 6051 006c EAD0     		beq	.L734
 6052 006e 2368     		ldr	r3, [r4]
 6053 0070 1022     		movs	r2, #16
 6054 0072 DA61     		str	r2, [r3, #28]
 6055 0074 2046     		mov	r0, r4
 6056 0076 FFF7FEFF 		bl	I2C_Flush_TXDR
 6057 007a 2046     		mov	r0, r4
 6058 007c FFF7FEFF 		bl	I2C_ITSlaveSeqCplt
 6059 0080 E7E7     		b	.L730
 6060              	.L732:
 6061 0082 2368     		ldr	r3, [r4]
ARM GAS  C:\Users\Nathan\AppData\Local\Temp\cc2yLhuw.s 			page 105


 6062 0084 1022     		movs	r2, #16
 6063 0086 DA61     		str	r2, [r3, #28]
 6064 0088 636C     		ldr	r3, [r4, #68]
 6065 008a 43F00403 		orr	r3, r3, #4
 6066 008e 6364     		str	r3, [r4, #68]
 6067 0090 10B1     		cbz	r0, .L735
 6068 0092 B0F1807F 		cmp	r0, #16777216
 6069 0096 DCD1     		bne	.L730
 6070              	.L735:
 6071 0098 616C     		ldr	r1, [r4, #68]
 6072 009a 2046     		mov	r0, r4
 6073 009c FFF7FEFF 		bl	I2C_ITError
 6074 00a0 D7E7     		b	.L730
 6075              	.L731:
 6076 00a2 11F0040F 		tst	r1, #4
 6077 00a6 1FD0     		beq	.L736
 6078 00a8 12F0040F 		tst	r2, #4
 6079 00ac 1CD0     		beq	.L736
 6080 00ae 638D     		ldrh	r3, [r4, #42]
 6081 00b0 9BB2     		uxth	r3, r3
 6082 00b2 73B1     		cbz	r3, .L737
 6083 00b4 2368     		ldr	r3, [r4]
 6084 00b6 5A6A     		ldr	r2, [r3, #36]
 6085 00b8 636A     		ldr	r3, [r4, #36]
 6086 00ba 1A70     		strb	r2, [r3]
 6087 00bc 636A     		ldr	r3, [r4, #36]
 6088 00be 0133     		adds	r3, r3, #1
 6089 00c0 6362     		str	r3, [r4, #36]
 6090 00c2 238D     		ldrh	r3, [r4, #40]
 6091 00c4 013B     		subs	r3, r3, #1
 6092 00c6 2385     		strh	r3, [r4, #40]	@ movhi
 6093 00c8 638D     		ldrh	r3, [r4, #42]
 6094 00ca 9BB2     		uxth	r3, r3
 6095 00cc 013B     		subs	r3, r3, #1
 6096 00ce 9BB2     		uxth	r3, r3
 6097 00d0 6385     		strh	r3, [r4, #42]	@ movhi
 6098              	.L737:
 6099 00d2 638D     		ldrh	r3, [r4, #42]
 6100 00d4 9BB2     		uxth	r3, r3
 6101 00d6 002B     		cmp	r3, #0
 6102 00d8 BBD1     		bne	.L730
 6103 00da 10F5803F 		cmn	r0, #65536
 6104 00de B8D0     		beq	.L730
 6105 00e0 2046     		mov	r0, r4
 6106 00e2 FFF7FEFF 		bl	I2C_ITSlaveSeqCplt
 6107 00e6 B4E7     		b	.L730
 6108              	.L736:
 6109 00e8 11F0080F 		tst	r1, #8
 6110 00ec 02D0     		beq	.L738
 6111 00ee 12F0080F 		tst	r2, #8
 6112 00f2 18D1     		bne	.L746
 6113              	.L738:
 6114 00f4 11F0020F 		tst	r1, #2
 6115 00f8 ABD0     		beq	.L730
 6116 00fa 12F0020F 		tst	r2, #2
 6117 00fe A8D0     		beq	.L730
 6118 0100 638D     		ldrh	r3, [r4, #42]
ARM GAS  C:\Users\Nathan\AppData\Local\Temp\cc2yLhuw.s 			page 106


 6119 0102 9BB2     		uxth	r3, r3
 6120 0104 9BB1     		cbz	r3, .L739
 6121 0106 626A     		ldr	r2, [r4, #36]
 6122 0108 2368     		ldr	r3, [r4]
 6123 010a 1278     		ldrb	r2, [r2]	@ zero_extendqisi2
 6124 010c 9A62     		str	r2, [r3, #40]
 6125 010e 636A     		ldr	r3, [r4, #36]
 6126 0110 0133     		adds	r3, r3, #1
 6127 0112 6362     		str	r3, [r4, #36]
 6128 0114 638D     		ldrh	r3, [r4, #42]
 6129 0116 9BB2     		uxth	r3, r3
 6130 0118 013B     		subs	r3, r3, #1
 6131 011a 9BB2     		uxth	r3, r3
 6132 011c 6385     		strh	r3, [r4, #42]	@ movhi
 6133 011e 238D     		ldrh	r3, [r4, #40]
 6134 0120 013B     		subs	r3, r3, #1
 6135 0122 2385     		strh	r3, [r4, #40]	@ movhi
 6136 0124 95E7     		b	.L730
 6137              	.L746:
 6138 0126 2046     		mov	r0, r4
 6139 0128 FFF7FEFF 		bl	I2C_ITAddrCplt
 6140 012c 91E7     		b	.L730
 6141              	.L739:
 6142 012e B0F1807F 		cmp	r0, #16777216
 6143 0132 01D0     		beq	.L740
 6144 0134 0028     		cmp	r0, #0
 6145 0136 8CD1     		bne	.L730
 6146              	.L740:
 6147 0138 2046     		mov	r0, r4
 6148 013a FFF7FEFF 		bl	I2C_ITSlaveSeqCplt
 6149 013e 88E7     		b	.L730
 6150              	.L741:
 6151 0140 0220     		movs	r0, #2
 6152 0142 89E7     		b	.L728
 6154              		.section	.text.I2C_ITMasterCplt,"ax",%progbits
 6155              		.align	1
 6156              		.syntax unified
 6157              		.thumb
 6158              		.thumb_func
 6160              	I2C_ITMasterCplt:
 6161              		@ args = 0, pretend = 0, frame = 8
 6162              		@ frame_needed = 0, uses_anonymous_args = 0
 6163 0000 30B5     		push	{r4, r5, lr}
 6164 0002 83B0     		sub	sp, sp, #12
 6165 0004 0446     		mov	r4, r0
 6166 0006 0D46     		mov	r5, r1
 6167 0008 0368     		ldr	r3, [r0]
 6168 000a 2022     		movs	r2, #32
 6169 000c DA61     		str	r2, [r3, #28]
 6170 000e 90F84130 		ldrb	r3, [r0, #65]	@ zero_extendqisi2
 6171 0012 212B     		cmp	r3, #33
 6172 0014 30D0     		beq	.L759
 6173 0016 90F84130 		ldrb	r3, [r0, #65]	@ zero_extendqisi2
 6174 001a 222B     		cmp	r3, #34
 6175 001c 32D0     		beq	.L760
 6176              	.L749:
 6177 001e 2268     		ldr	r2, [r4]
ARM GAS  C:\Users\Nathan\AppData\Local\Temp\cc2yLhuw.s 			page 107


 6178 0020 5368     		ldr	r3, [r2, #4]
 6179 0022 23F0FF73 		bic	r3, r3, #33423360
 6180 0026 23F48B33 		bic	r3, r3, #71168
 6181 002a 23F4FF73 		bic	r3, r3, #510
 6182 002e 23F00103 		bic	r3, r3, #1
 6183 0032 5360     		str	r3, [r2, #4]
 6184 0034 0023     		movs	r3, #0
 6185 0036 6363     		str	r3, [r4, #52]
 6186 0038 A3F58033 		sub	r3, r3, #65536
 6187 003c E362     		str	r3, [r4, #44]
 6188 003e 15F0100F 		tst	r5, #16
 6189 0042 06D0     		beq	.L750
 6190 0044 2368     		ldr	r3, [r4]
 6191 0046 1022     		movs	r2, #16
 6192 0048 DA61     		str	r2, [r3, #28]
 6193 004a 636C     		ldr	r3, [r4, #68]
 6194 004c 43F00403 		orr	r3, r3, #4
 6195 0050 6364     		str	r3, [r4, #68]
 6196              	.L750:
 6197 0052 94F84130 		ldrb	r3, [r4, #65]	@ zero_extendqisi2
 6198 0056 602B     		cmp	r3, #96
 6199 0058 1AD0     		beq	.L761
 6200              	.L751:
 6201 005a 2046     		mov	r0, r4
 6202 005c FFF7FEFF 		bl	I2C_Flush_TXDR
 6203 0060 626C     		ldr	r2, [r4, #68]
 6204 0062 94F84130 		ldrb	r3, [r4, #65]	@ zero_extendqisi2
 6205 0066 602B     		cmp	r3, #96
 6206 0068 00D0     		beq	.L752
 6207 006a D2B1     		cbz	r2, .L753
 6208              	.L752:
 6209 006c 616C     		ldr	r1, [r4, #68]
 6210 006e 2046     		mov	r0, r4
 6211 0070 FFF7FEFF 		bl	I2C_ITError
 6212              	.L747:
 6213 0074 03B0     		add	sp, sp, #12
 6214              		@ sp needed
 6215 0076 30BD     		pop	{r4, r5, pc}
 6216              	.L759:
 6217 0078 0121     		movs	r1, #1
 6218 007a FFF7FEFF 		bl	I2C_Disable_IRQ
 6219 007e 1123     		movs	r3, #17
 6220 0080 2363     		str	r3, [r4, #48]
 6221 0082 CCE7     		b	.L749
 6222              	.L760:
 6223 0084 0221     		movs	r1, #2
 6224 0086 FFF7FEFF 		bl	I2C_Disable_IRQ
 6225 008a 1223     		movs	r3, #18
 6226 008c 2363     		str	r3, [r4, #48]
 6227 008e C6E7     		b	.L749
 6228              	.L761:
 6229 0090 15F0040F 		tst	r5, #4
 6230 0094 E1D0     		beq	.L751
 6231 0096 2368     		ldr	r3, [r4]
 6232 0098 5B6A     		ldr	r3, [r3, #36]
 6233 009a DBB2     		uxtb	r3, r3
 6234 009c 0193     		str	r3, [sp, #4]
ARM GAS  C:\Users\Nathan\AppData\Local\Temp\cc2yLhuw.s 			page 108


 6235 009e 019B     		ldr	r3, [sp, #4]
 6236 00a0 DBE7     		b	.L751
 6237              	.L753:
 6238 00a2 94F84130 		ldrb	r3, [r4, #65]	@ zero_extendqisi2
 6239 00a6 212B     		cmp	r3, #33
 6240 00a8 15D0     		beq	.L762
 6241 00aa 94F84130 		ldrb	r3, [r4, #65]	@ zero_extendqisi2
 6242 00ae 222B     		cmp	r3, #34
 6243 00b0 E0D1     		bne	.L747
 6244 00b2 2023     		movs	r3, #32
 6245 00b4 84F84130 		strb	r3, [r4, #65]
 6246 00b8 0023     		movs	r3, #0
 6247 00ba 2363     		str	r3, [r4, #48]
 6248 00bc 94F84230 		ldrb	r3, [r4, #66]	@ zero_extendqisi2
 6249 00c0 402B     		cmp	r3, #64
 6250 00c2 21D0     		beq	.L763
 6251 00c4 0023     		movs	r3, #0
 6252 00c6 84F84230 		strb	r3, [r4, #66]
 6253 00ca 84F84030 		strb	r3, [r4, #64]
 6254 00ce 2046     		mov	r0, r4
 6255 00d0 FFF7FEFF 		bl	HAL_I2C_MasterRxCpltCallback
 6256 00d4 CEE7     		b	.L747
 6257              	.L762:
 6258 00d6 2023     		movs	r3, #32
 6259 00d8 84F84130 		strb	r3, [r4, #65]
 6260 00dc 2263     		str	r2, [r4, #48]
 6261 00de 94F84230 		ldrb	r3, [r4, #66]	@ zero_extendqisi2
 6262 00e2 402B     		cmp	r3, #64
 6263 00e4 08D0     		beq	.L764
 6264 00e6 0023     		movs	r3, #0
 6265 00e8 84F84230 		strb	r3, [r4, #66]
 6266 00ec 84F84030 		strb	r3, [r4, #64]
 6267 00f0 2046     		mov	r0, r4
 6268 00f2 FFF7FEFF 		bl	HAL_I2C_MasterTxCpltCallback
 6269 00f6 BDE7     		b	.L747
 6270              	.L764:
 6271 00f8 84F84220 		strb	r2, [r4, #66]
 6272 00fc 84F84020 		strb	r2, [r4, #64]
 6273 0100 2046     		mov	r0, r4
 6274 0102 FFF7FEFF 		bl	HAL_I2C_MemTxCpltCallback
 6275 0106 B5E7     		b	.L747
 6276              	.L763:
 6277 0108 0023     		movs	r3, #0
 6278 010a 84F84230 		strb	r3, [r4, #66]
 6279 010e 84F84030 		strb	r3, [r4, #64]
 6280 0112 2046     		mov	r0, r4
 6281 0114 FFF7FEFF 		bl	HAL_I2C_MemRxCpltCallback
 6282 0118 ACE7     		b	.L747
 6284              		.section	.text.I2C_Master_ISR_IT,"ax",%progbits
 6285              		.align	1
 6286              		.syntax unified
 6287              		.thumb
 6288              		.thumb_func
 6290              	I2C_Master_ISR_IT:
 6291              		@ args = 0, pretend = 0, frame = 0
 6292              		@ frame_needed = 0, uses_anonymous_args = 0
 6293 0000 90F84030 		ldrb	r3, [r0, #64]	@ zero_extendqisi2
ARM GAS  C:\Users\Nathan\AppData\Local\Temp\cc2yLhuw.s 			page 109


 6294 0004 012B     		cmp	r3, #1
 6295 0006 00F0C280 		beq	.L779
 6296 000a 70B5     		push	{r4, r5, r6, lr}
 6297 000c 82B0     		sub	sp, sp, #8
 6298 000e 0446     		mov	r4, r0
 6299 0010 0D46     		mov	r5, r1
 6300 0012 1646     		mov	r6, r2
 6301 0014 0123     		movs	r3, #1
 6302 0016 80F84030 		strb	r3, [r0, #64]
 6303 001a 11F0100F 		tst	r1, #16
 6304 001e 02D0     		beq	.L767
 6305 0020 12F0100F 		tst	r2, #16
 6306 0024 22D1     		bne	.L784
 6307              	.L767:
 6308 0026 15F0040F 		tst	r5, #4
 6309 002a 29D0     		beq	.L769
 6310 002c 16F0040F 		tst	r6, #4
 6311 0030 26D0     		beq	.L769
 6312 0032 25F00405 		bic	r5, r5, #4
 6313 0036 2368     		ldr	r3, [r4]
 6314 0038 5A6A     		ldr	r2, [r3, #36]
 6315 003a 636A     		ldr	r3, [r4, #36]
 6316 003c 1A70     		strb	r2, [r3]
 6317 003e 636A     		ldr	r3, [r4, #36]
 6318 0040 0133     		adds	r3, r3, #1
 6319 0042 6362     		str	r3, [r4, #36]
 6320 0044 238D     		ldrh	r3, [r4, #40]
 6321 0046 013B     		subs	r3, r3, #1
 6322 0048 2385     		strh	r3, [r4, #40]	@ movhi
 6323 004a 638D     		ldrh	r3, [r4, #42]
 6324 004c 9BB2     		uxth	r3, r3
 6325 004e 013B     		subs	r3, r3, #1
 6326 0050 9BB2     		uxth	r3, r3
 6327 0052 6385     		strh	r3, [r4, #42]	@ movhi
 6328              	.L768:
 6329 0054 15F0200F 		tst	r5, #32
 6330 0058 03D0     		beq	.L778
 6331 005a 16F0200F 		tst	r6, #32
 6332 005e 40F09180 		bne	.L785
 6333              	.L778:
 6334 0062 0020     		movs	r0, #0
 6335 0064 84F84000 		strb	r0, [r4, #64]
 6336 0068 02B0     		add	sp, sp, #8
 6337              		@ sp needed
 6338 006a 70BD     		pop	{r4, r5, r6, pc}
 6339              	.L784:
 6340 006c 0368     		ldr	r3, [r0]
 6341 006e 1022     		movs	r2, #16
 6342 0070 DA61     		str	r2, [r3, #28]
 6343 0072 436C     		ldr	r3, [r0, #68]
 6344 0074 43F00403 		orr	r3, r3, #4
 6345 0078 4364     		str	r3, [r0, #68]
 6346 007a FFF7FEFF 		bl	I2C_Flush_TXDR
 6347 007e E9E7     		b	.L768
 6348              	.L769:
 6349 0080 C5F38013 		ubfx	r3, r5, #6, #1
 6350 0084 15F0400F 		tst	r5, #64
ARM GAS  C:\Users\Nathan\AppData\Local\Temp\cc2yLhuw.s 			page 110


 6351 0088 19D1     		bne	.L770
 6352 008a 15F0020F 		tst	r5, #2
 6353 008e 16D0     		beq	.L770
 6354 0090 16F0020F 		tst	r6, #2
 6355 0094 13D0     		beq	.L770
 6356 0096 638D     		ldrh	r3, [r4, #42]
 6357 0098 9BB2     		uxth	r3, r3
 6358 009a 002B     		cmp	r3, #0
 6359 009c DAD0     		beq	.L768
 6360 009e 626A     		ldr	r2, [r4, #36]
 6361 00a0 2368     		ldr	r3, [r4]
 6362 00a2 1278     		ldrb	r2, [r2]	@ zero_extendqisi2
 6363 00a4 9A62     		str	r2, [r3, #40]
 6364 00a6 636A     		ldr	r3, [r4, #36]
 6365 00a8 0133     		adds	r3, r3, #1
 6366 00aa 6362     		str	r3, [r4, #36]
 6367 00ac 238D     		ldrh	r3, [r4, #40]
 6368 00ae 013B     		subs	r3, r3, #1
 6369 00b0 2385     		strh	r3, [r4, #40]	@ movhi
 6370 00b2 638D     		ldrh	r3, [r4, #42]
 6371 00b4 9BB2     		uxth	r3, r3
 6372 00b6 013B     		subs	r3, r3, #1
 6373 00b8 9BB2     		uxth	r3, r3
 6374 00ba 6385     		strh	r3, [r4, #42]	@ movhi
 6375 00bc CAE7     		b	.L768
 6376              	.L770:
 6377 00be 15F0800F 		tst	r5, #128
 6378 00c2 3FD0     		beq	.L771
 6379 00c4 16F0400F 		tst	r6, #64
 6380 00c8 3CD0     		beq	.L771
 6381 00ca 638D     		ldrh	r3, [r4, #42]
 6382 00cc 9BB2     		uxth	r3, r3
 6383 00ce 5BB3     		cbz	r3, .L772
 6384 00d0 238D     		ldrh	r3, [r4, #40]
 6385 00d2 4BBB     		cbnz	r3, .L772
 6386 00d4 2368     		ldr	r3, [r4]
 6387 00d6 5968     		ldr	r1, [r3, #4]
 6388 00d8 C1F30901 		ubfx	r1, r1, #0, #10
 6389 00dc 638D     		ldrh	r3, [r4, #42]
 6390 00de 9BB2     		uxth	r3, r3
 6391 00e0 FF2B     		cmp	r3, #255
 6392 00e2 0ED8     		bhi	.L786
 6393 00e4 628D     		ldrh	r2, [r4, #42]
 6394 00e6 92B2     		uxth	r2, r2
 6395 00e8 2285     		strh	r2, [r4, #40]	@ movhi
 6396 00ea E36A     		ldr	r3, [r4, #44]
 6397 00ec 13F5803F 		cmn	r3, #65536
 6398 00f0 11D0     		beq	.L774
 6399 00f2 E36A     		ldr	r3, [r4, #44]
 6400 00f4 0020     		movs	r0, #0
 6401 00f6 0090     		str	r0, [sp]
 6402 00f8 D2B2     		uxtb	r2, r2
 6403 00fa 2046     		mov	r0, r4
 6404 00fc FFF7FEFF 		bl	I2C_TransferConfig
 6405 0100 A8E7     		b	.L768
 6406              	.L786:
 6407 0102 FF22     		movs	r2, #255
ARM GAS  C:\Users\Nathan\AppData\Local\Temp\cc2yLhuw.s 			page 111


 6408 0104 2285     		strh	r2, [r4, #40]	@ movhi
 6409 0106 0023     		movs	r3, #0
 6410 0108 0093     		str	r3, [sp]
 6411 010a 4FF08073 		mov	r3, #16777216
 6412 010e 2046     		mov	r0, r4
 6413 0110 FFF7FEFF 		bl	I2C_TransferConfig
 6414 0114 9EE7     		b	.L768
 6415              	.L774:
 6416 0116 0023     		movs	r3, #0
 6417 0118 0093     		str	r3, [sp]
 6418 011a 4FF00073 		mov	r3, #33554432
 6419 011e D2B2     		uxtb	r2, r2
 6420 0120 2046     		mov	r0, r4
 6421 0122 FFF7FEFF 		bl	I2C_TransferConfig
 6422 0126 95E7     		b	.L768
 6423              	.L772:
 6424 0128 2368     		ldr	r3, [r4]
 6425 012a 5B68     		ldr	r3, [r3, #4]
 6426 012c 13F0007F 		tst	r3, #33554432
 6427 0130 03D1     		bne	.L775
 6428 0132 2046     		mov	r0, r4
 6429 0134 FFF7FEFF 		bl	I2C_ITMasterSeqCplt
 6430 0138 8CE7     		b	.L768
 6431              	.L775:
 6432 013a 4021     		movs	r1, #64
 6433 013c 2046     		mov	r0, r4
 6434 013e FFF7FEFF 		bl	I2C_ITError
 6435 0142 87E7     		b	.L768
 6436              	.L771:
 6437 0144 002B     		cmp	r3, #0
 6438 0146 85D0     		beq	.L768
 6439 0148 16F0400F 		tst	r6, #64
 6440 014c 82D0     		beq	.L768
 6441 014e 638D     		ldrh	r3, [r4, #42]
 6442 0150 9BB2     		uxth	r3, r3
 6443 0152 93B9     		cbnz	r3, .L776
 6444 0154 2368     		ldr	r3, [r4]
 6445 0156 5A68     		ldr	r2, [r3, #4]
 6446 0158 12F0007F 		tst	r2, #33554432
 6447 015c 7FF47AAF 		bne	.L768
 6448 0160 E26A     		ldr	r2, [r4, #44]
 6449 0162 12F5803F 		cmn	r2, #65536
 6450 0166 04D1     		bne	.L777
 6451 0168 5A68     		ldr	r2, [r3, #4]
 6452 016a 42F48042 		orr	r2, r2, #16384
 6453 016e 5A60     		str	r2, [r3, #4]
 6454 0170 70E7     		b	.L768
 6455              	.L777:
 6456 0172 2046     		mov	r0, r4
 6457 0174 FFF7FEFF 		bl	I2C_ITMasterSeqCplt
 6458 0178 6CE7     		b	.L768
 6459              	.L776:
 6460 017a 4021     		movs	r1, #64
 6461 017c 2046     		mov	r0, r4
 6462 017e FFF7FEFF 		bl	I2C_ITError
 6463 0182 67E7     		b	.L768
 6464              	.L785:
ARM GAS  C:\Users\Nathan\AppData\Local\Temp\cc2yLhuw.s 			page 112


 6465 0184 2946     		mov	r1, r5
 6466 0186 2046     		mov	r0, r4
 6467 0188 FFF7FEFF 		bl	I2C_ITMasterCplt
 6468 018c 69E7     		b	.L778
 6469              	.L779:
 6470 018e 0220     		movs	r0, #2
 6471 0190 7047     		bx	lr
 6473              		.section	.text.I2C_Mem_ISR_DMA,"ax",%progbits
 6474              		.align	1
 6475              		.syntax unified
 6476              		.thumb
 6477              		.thumb_func
 6479              	I2C_Mem_ISR_DMA:
 6480              		@ args = 0, pretend = 0, frame = 0
 6481              		@ frame_needed = 0, uses_anonymous_args = 0
 6482 0000 90F84030 		ldrb	r3, [r0, #64]	@ zero_extendqisi2
 6483 0004 012B     		cmp	r3, #1
 6484 0006 00F0C580 		beq	.L802
 6485 000a 10B5     		push	{r4, lr}
 6486 000c 82B0     		sub	sp, sp, #8
 6487 000e 0446     		mov	r4, r0
 6488 0010 0123     		movs	r3, #1
 6489 0012 80F84030 		strb	r3, [r0, #64]
 6490 0016 11F0100F 		tst	r1, #16
 6491 001a 02D0     		beq	.L789
 6492 001c 12F0100F 		tst	r2, #16
 6493 0020 10D1     		bne	.L808
 6494              	.L789:
 6495 0022 11F0020F 		tst	r1, #2
 6496 0026 1BD0     		beq	.L791
 6497 0028 12F0020F 		tst	r2, #2
 6498 002c 18D0     		beq	.L791
 6499 002e 2368     		ldr	r3, [r4]
 6500 0030 226D     		ldr	r2, [r4, #80]
 6501 0032 9A62     		str	r2, [r3, #40]
 6502 0034 4FF0FF33 		mov	r3, #-1
 6503 0038 2365     		str	r3, [r4, #80]
 6504              	.L790:
 6505 003a 0020     		movs	r0, #0
 6506 003c 84F84000 		strb	r0, [r4, #64]
 6507 0040 02B0     		add	sp, sp, #8
 6508              		@ sp needed
 6509 0042 10BD     		pop	{r4, pc}
 6510              	.L808:
 6511 0044 0368     		ldr	r3, [r0]
 6512 0046 1022     		movs	r2, #16
 6513 0048 DA61     		str	r2, [r3, #28]
 6514 004a 436C     		ldr	r3, [r0, #68]
 6515 004c 43F00403 		orr	r3, r3, #4
 6516 0050 4364     		str	r3, [r0, #68]
 6517 0052 2021     		movs	r1, #32
 6518 0054 FFF7FEFF 		bl	I2C_Enable_IRQ
 6519 0058 2046     		mov	r0, r4
 6520 005a FFF7FEFF 		bl	I2C_Flush_TXDR
 6521 005e ECE7     		b	.L790
 6522              	.L791:
 6523 0060 11F0800F 		tst	r1, #128
ARM GAS  C:\Users\Nathan\AppData\Local\Temp\cc2yLhuw.s 			page 113


 6524 0064 02D0     		beq	.L792
 6525 0066 12F0400F 		tst	r2, #64
 6526 006a 0FD1     		bne	.L809
 6527              	.L792:
 6528 006c 11F0400F 		tst	r1, #64
 6529 0070 02D0     		beq	.L797
 6530 0072 12F0400F 		tst	r2, #64
 6531 0076 4DD1     		bne	.L810
 6532              	.L797:
 6533 0078 11F0200F 		tst	r1, #32
 6534 007c DDD0     		beq	.L790
 6535 007e 12F0200F 		tst	r2, #32
 6536 0082 DAD0     		beq	.L790
 6537 0084 2046     		mov	r0, r4
 6538 0086 FFF7FEFF 		bl	I2C_ITMasterCplt
 6539 008a D6E7     		b	.L790
 6540              	.L809:
 6541 008c 0121     		movs	r1, #1
 6542 008e 2046     		mov	r0, r4
 6543 0090 FFF7FEFF 		bl	I2C_Disable_IRQ
 6544 0094 1021     		movs	r1, #16
 6545 0096 2046     		mov	r0, r4
 6546 0098 FFF7FEFF 		bl	I2C_Enable_IRQ
 6547 009c 638D     		ldrh	r3, [r4, #42]
 6548 009e 9BB2     		uxth	r3, r3
 6549 00a0 002B     		cmp	r3, #0
 6550 00a2 32D0     		beq	.L793
 6551 00a4 638D     		ldrh	r3, [r4, #42]
 6552 00a6 9BB2     		uxth	r3, r3
 6553 00a8 FF2B     		cmp	r3, #255
 6554 00aa 1AD9     		bls	.L794
 6555 00ac FF22     		movs	r2, #255
 6556 00ae 2285     		strh	r2, [r4, #40]	@ movhi
 6557 00b0 E16C     		ldr	r1, [r4, #76]
 6558 00b2 0023     		movs	r3, #0
 6559 00b4 0093     		str	r3, [sp]
 6560 00b6 4FF08073 		mov	r3, #16777216
 6561 00ba 89B2     		uxth	r1, r1
 6562 00bc 2046     		mov	r0, r4
 6563 00be FFF7FEFF 		bl	I2C_TransferConfig
 6564              	.L795:
 6565 00c2 638D     		ldrh	r3, [r4, #42]
 6566 00c4 9BB2     		uxth	r3, r3
 6567 00c6 228D     		ldrh	r2, [r4, #40]
 6568 00c8 9B1A     		subs	r3, r3, r2
 6569 00ca 9BB2     		uxth	r3, r3
 6570 00cc 6385     		strh	r3, [r4, #42]	@ movhi
 6571 00ce 94F84130 		ldrb	r3, [r4, #65]	@ zero_extendqisi2
 6572 00d2 222B     		cmp	r3, #34
 6573 00d4 13D0     		beq	.L811
 6574 00d6 2268     		ldr	r2, [r4]
 6575 00d8 1368     		ldr	r3, [r2]
 6576 00da 43F48043 		orr	r3, r3, #16384
 6577 00de 1360     		str	r3, [r2]
 6578 00e0 ABE7     		b	.L790
 6579              	.L794:
 6580 00e2 628D     		ldrh	r2, [r4, #42]
ARM GAS  C:\Users\Nathan\AppData\Local\Temp\cc2yLhuw.s 			page 114


 6581 00e4 92B2     		uxth	r2, r2
 6582 00e6 2285     		strh	r2, [r4, #40]	@ movhi
 6583 00e8 E16C     		ldr	r1, [r4, #76]
 6584 00ea 0023     		movs	r3, #0
 6585 00ec 0093     		str	r3, [sp]
 6586 00ee 4FF00073 		mov	r3, #33554432
 6587 00f2 D2B2     		uxtb	r2, r2
 6588 00f4 89B2     		uxth	r1, r1
 6589 00f6 2046     		mov	r0, r4
 6590 00f8 FFF7FEFF 		bl	I2C_TransferConfig
 6591 00fc E1E7     		b	.L795
 6592              	.L811:
 6593 00fe 2268     		ldr	r2, [r4]
 6594 0100 1368     		ldr	r3, [r2]
 6595 0102 43F40043 		orr	r3, r3, #32768
 6596 0106 1360     		str	r3, [r2]
 6597 0108 97E7     		b	.L790
 6598              	.L793:
 6599 010a 4021     		movs	r1, #64
 6600 010c 2046     		mov	r0, r4
 6601 010e FFF7FEFF 		bl	I2C_ITError
 6602 0112 92E7     		b	.L790
 6603              	.L810:
 6604 0114 0121     		movs	r1, #1
 6605 0116 2046     		mov	r0, r4
 6606 0118 FFF7FEFF 		bl	I2C_Disable_IRQ
 6607 011c 1021     		movs	r1, #16
 6608 011e 2046     		mov	r0, r4
 6609 0120 FFF7FEFF 		bl	I2C_Enable_IRQ
 6610 0124 94F84130 		ldrb	r3, [r4, #65]	@ zero_extendqisi2
 6611 0128 222B     		cmp	r3, #34
 6612 012a 1ED0     		beq	.L803
 6613 012c 1A48     		ldr	r0, .L813
 6614              	.L798:
 6615 012e 638D     		ldrh	r3, [r4, #42]
 6616 0130 9BB2     		uxth	r3, r3
 6617 0132 FF2B     		cmp	r3, #255
 6618 0134 1BD9     		bls	.L799
 6619 0136 FF22     		movs	r2, #255
 6620 0138 2285     		strh	r2, [r4, #40]	@ movhi
 6621 013a E16C     		ldr	r1, [r4, #76]
 6622 013c 0090     		str	r0, [sp]
 6623 013e 4FF08073 		mov	r3, #16777216
 6624 0142 89B2     		uxth	r1, r1
 6625 0144 2046     		mov	r0, r4
 6626 0146 FFF7FEFF 		bl	I2C_TransferConfig
 6627              	.L800:
 6628 014a 638D     		ldrh	r3, [r4, #42]
 6629 014c 9BB2     		uxth	r3, r3
 6630 014e 228D     		ldrh	r2, [r4, #40]
 6631 0150 9B1A     		subs	r3, r3, r2
 6632 0152 9BB2     		uxth	r3, r3
 6633 0154 6385     		strh	r3, [r4, #42]	@ movhi
 6634 0156 94F84130 		ldrb	r3, [r4, #65]	@ zero_extendqisi2
 6635 015a 222B     		cmp	r3, #34
 6636 015c 14D0     		beq	.L812
 6637 015e 2268     		ldr	r2, [r4]
ARM GAS  C:\Users\Nathan\AppData\Local\Temp\cc2yLhuw.s 			page 115


 6638 0160 1368     		ldr	r3, [r2]
 6639 0162 43F48043 		orr	r3, r3, #16384
 6640 0166 1360     		str	r3, [r2]
 6641 0168 67E7     		b	.L790
 6642              	.L803:
 6643 016a 0C48     		ldr	r0, .L813+4
 6644 016c DFE7     		b	.L798
 6645              	.L799:
 6646 016e 628D     		ldrh	r2, [r4, #42]
 6647 0170 92B2     		uxth	r2, r2
 6648 0172 2285     		strh	r2, [r4, #40]	@ movhi
 6649 0174 E16C     		ldr	r1, [r4, #76]
 6650 0176 0090     		str	r0, [sp]
 6651 0178 4FF00073 		mov	r3, #33554432
 6652 017c D2B2     		uxtb	r2, r2
 6653 017e 89B2     		uxth	r1, r1
 6654 0180 2046     		mov	r0, r4
 6655 0182 FFF7FEFF 		bl	I2C_TransferConfig
 6656 0186 E0E7     		b	.L800
 6657              	.L812:
 6658 0188 2268     		ldr	r2, [r4]
 6659 018a 1368     		ldr	r3, [r2]
 6660 018c 43F40043 		orr	r3, r3, #32768
 6661 0190 1360     		str	r3, [r2]
 6662 0192 52E7     		b	.L790
 6663              	.L802:
 6664 0194 0220     		movs	r0, #2
 6665 0196 7047     		bx	lr
 6666              	.L814:
 6667              		.align	2
 6668              	.L813:
 6669 0198 00200080 		.word	-2147475456
 6670 019c 00240080 		.word	-2147474432
 6672              		.section	.text.I2C_Slave_ISR_DMA,"ax",%progbits
 6673              		.align	1
 6674              		.syntax unified
 6675              		.thumb
 6676              		.thumb_func
 6678              	I2C_Slave_ISR_DMA:
 6679              		@ args = 0, pretend = 0, frame = 0
 6680              		@ frame_needed = 0, uses_anonymous_args = 0
 6681 0000 10B5     		push	{r4, lr}
 6682 0002 0446     		mov	r4, r0
 6683 0004 C06A     		ldr	r0, [r0, #44]
 6684 0006 94F84030 		ldrb	r3, [r4, #64]	@ zero_extendqisi2
 6685 000a 012B     		cmp	r3, #1
 6686 000c 00F08680 		beq	.L833
 6687 0010 0123     		movs	r3, #1
 6688 0012 84F84030 		strb	r3, [r4, #64]
 6689 0016 11F0200F 		tst	r1, #32
 6690 001a 02D0     		beq	.L817
 6691 001c 12F0200F 		tst	r2, #32
 6692 0020 1AD1     		bne	.L836
 6693              	.L817:
 6694 0022 11F0100F 		tst	r1, #16
 6695 0026 6BD0     		beq	.L819
 6696 0028 12F0100F 		tst	r2, #16
ARM GAS  C:\Users\Nathan\AppData\Local\Temp\cc2yLhuw.s 			page 116


 6697 002c 68D0     		beq	.L819
 6698 002e C2F3803C 		ubfx	ip, r2, #14, #1
 6699 0032 12F4804F 		tst	r2, #16384
 6700 0036 02D1     		bne	.L820
 6701 0038 12F4004F 		tst	r2, #32768
 6702 003c 5CD0     		beq	.L821
 6703              	.L820:
 6704 003e E36B     		ldr	r3, [r4, #60]
 6705 0040 73B1     		cbz	r3, .L834
 6706 0042 C2F3C03E 		ubfx	lr, r2, #15, #1
 6707 0046 12F4004F 		tst	r2, #32768
 6708 004a 0AD0     		beq	.L822
 6709 004c 1B68     		ldr	r3, [r3]
 6710 004e 5B68     		ldr	r3, [r3, #4]
 6711 0050 3BB1     		cbz	r3, .L822
 6712 0052 4FF0000E 		mov	lr, #0
 6713 0056 04E0     		b	.L822
 6714              	.L836:
 6715 0058 2046     		mov	r0, r4
 6716 005a FFF7FEFF 		bl	I2C_ITSlaveCplt
 6717 005e 55E0     		b	.L818
 6718              	.L834:
 6719 0060 9E46     		mov	lr, r3
 6720              	.L822:
 6721 0062 A36B     		ldr	r3, [r4, #56]
 6722 0064 2BB1     		cbz	r3, .L823
 6723 0066 BCF1000F 		cmp	ip, #0
 6724 006a 02D0     		beq	.L823
 6725 006c 1B68     		ldr	r3, [r3]
 6726 006e 5B68     		ldr	r3, [r3, #4]
 6727 0070 DBB1     		cbz	r3, .L824
 6728              	.L823:
 6729 0072 BEF1000F 		cmp	lr, #0
 6730 0076 18D1     		bne	.L824
 6731 0078 2368     		ldr	r3, [r4]
 6732 007a 1022     		movs	r2, #16
 6733 007c DA61     		str	r2, [r3, #28]
 6734 007e 636C     		ldr	r3, [r4, #68]
 6735 0080 43F00403 		orr	r3, r3, #4
 6736 0084 6364     		str	r3, [r4, #68]
 6737 0086 94F84130 		ldrb	r3, [r4, #65]	@ zero_extendqisi2
 6738 008a DBB2     		uxtb	r3, r3
 6739 008c 10B1     		cbz	r0, .L828
 6740 008e B0F1807F 		cmp	r0, #16777216
 6741 0092 3BD1     		bne	.L818
 6742              	.L828:
 6743 0094 212B     		cmp	r3, #33
 6744 0096 28D0     		beq	.L829
 6745 0098 292B     		cmp	r3, #41
 6746 009a 26D0     		beq	.L829
 6747 009c 222B     		cmp	r3, #34
 6748 009e 01D0     		beq	.L832
 6749 00a0 2A2B     		cmp	r3, #42
 6750 00a2 24D1     		bne	.L831
 6751              	.L832:
 6752 00a4 2223     		movs	r3, #34
 6753 00a6 2363     		str	r3, [r4, #48]
ARM GAS  C:\Users\Nathan\AppData\Local\Temp\cc2yLhuw.s 			page 117


 6754 00a8 21E0     		b	.L831
 6755              	.L824:
 6756 00aa 94F84130 		ldrb	r3, [r4, #65]	@ zero_extendqisi2
 6757 00ae 282B     		cmp	r3, #40
 6758 00b0 07D0     		beq	.L837
 6759              	.L826:
 6760 00b2 94F84130 		ldrb	r3, [r4, #65]	@ zero_extendqisi2
 6761 00b6 292B     		cmp	r3, #41
 6762 00b8 0AD0     		beq	.L838
 6763              	.L827:
 6764 00ba 2368     		ldr	r3, [r4]
 6765 00bc 1022     		movs	r2, #16
 6766 00be DA61     		str	r2, [r3, #28]
 6767 00c0 24E0     		b	.L818
 6768              	.L837:
 6769 00c2 B0F1007F 		cmp	r0, #33554432
 6770 00c6 F4D1     		bne	.L826
 6771 00c8 2046     		mov	r0, r4
 6772 00ca FFF7FEFF 		bl	I2C_ITListenCplt
 6773 00ce 1DE0     		b	.L818
 6774              	.L838:
 6775 00d0 10F5803F 		cmn	r0, #65536
 6776 00d4 F1D0     		beq	.L827
 6777 00d6 2368     		ldr	r3, [r4]
 6778 00d8 1022     		movs	r2, #16
 6779 00da DA61     		str	r2, [r3, #28]
 6780 00dc 2046     		mov	r0, r4
 6781 00de FFF7FEFF 		bl	I2C_Flush_TXDR
 6782 00e2 2046     		mov	r0, r4
 6783 00e4 FFF7FEFF 		bl	I2C_ITSlaveSeqCplt
 6784 00e8 10E0     		b	.L818
 6785              	.L829:
 6786 00ea 2123     		movs	r3, #33
 6787 00ec 2363     		str	r3, [r4, #48]
 6788              	.L831:
 6789 00ee 616C     		ldr	r1, [r4, #68]
 6790 00f0 2046     		mov	r0, r4
 6791 00f2 FFF7FEFF 		bl	I2C_ITError
 6792 00f6 09E0     		b	.L818
 6793              	.L821:
 6794 00f8 2368     		ldr	r3, [r4]
 6795 00fa 1022     		movs	r2, #16
 6796 00fc DA61     		str	r2, [r3, #28]
 6797 00fe 05E0     		b	.L818
 6798              	.L819:
 6799 0100 11F0080F 		tst	r1, #8
 6800 0104 02D0     		beq	.L818
 6801 0106 12F0080F 		tst	r2, #8
 6802 010a 03D1     		bne	.L839
 6803              	.L818:
 6804 010c 0020     		movs	r0, #0
 6805 010e 84F84000 		strb	r0, [r4, #64]
 6806              	.L816:
 6807 0112 10BD     		pop	{r4, pc}
 6808              	.L839:
 6809 0114 2046     		mov	r0, r4
 6810 0116 FFF7FEFF 		bl	I2C_ITAddrCplt
ARM GAS  C:\Users\Nathan\AppData\Local\Temp\cc2yLhuw.s 			page 118


 6811 011a F7E7     		b	.L818
 6812              	.L833:
 6813 011c 0220     		movs	r0, #2
 6814 011e F8E7     		b	.L816
 6816              		.section	.text.I2C_Master_ISR_DMA,"ax",%progbits
 6817              		.align	1
 6818              		.syntax unified
 6819              		.thumb
 6820              		.thumb_func
 6822              	I2C_Master_ISR_DMA:
 6823              		@ args = 0, pretend = 0, frame = 0
 6824              		@ frame_needed = 0, uses_anonymous_args = 0
 6825 0000 90F84030 		ldrb	r3, [r0, #64]	@ zero_extendqisi2
 6826 0004 012B     		cmp	r3, #1
 6827 0006 00F09980 		beq	.L853
 6828 000a 10B5     		push	{r4, lr}
 6829 000c 82B0     		sub	sp, sp, #8
 6830 000e 0446     		mov	r4, r0
 6831 0010 0123     		movs	r3, #1
 6832 0012 80F84030 		strb	r3, [r0, #64]
 6833 0016 11F0100F 		tst	r1, #16
 6834 001a 02D0     		beq	.L842
 6835 001c 12F0100F 		tst	r2, #16
 6836 0020 31D1     		bne	.L859
 6837              	.L842:
 6838 0022 11F0800F 		tst	r1, #128
 6839 0026 5FD0     		beq	.L844
 6840 0028 12F0400F 		tst	r2, #64
 6841 002c 5CD0     		beq	.L844
 6842 002e 2268     		ldr	r2, [r4]
 6843 0030 1368     		ldr	r3, [r2]
 6844 0032 23F04003 		bic	r3, r3, #64
 6845 0036 1360     		str	r3, [r2]
 6846 0038 638D     		ldrh	r3, [r4, #42]
 6847 003a 9BB2     		uxth	r3, r3
 6848 003c 002B     		cmp	r3, #0
 6849 003e 45D0     		beq	.L845
 6850 0040 2368     		ldr	r3, [r4]
 6851 0042 5968     		ldr	r1, [r3, #4]
 6852 0044 C1F30901 		ubfx	r1, r1, #0, #10
 6853 0048 638D     		ldrh	r3, [r4, #42]
 6854 004a 9BB2     		uxth	r3, r3
 6855 004c FF2B     		cmp	r3, #255
 6856 004e 2CD9     		bls	.L846
 6857 0050 FF23     		movs	r3, #255
 6858 0052 2385     		strh	r3, [r4, #40]	@ movhi
 6859 0054 4FF08073 		mov	r3, #16777216
 6860              	.L847:
 6861 0058 0022     		movs	r2, #0
 6862 005a 0092     		str	r2, [sp]
 6863 005c 94F82820 		ldrb	r2, [r4, #40]	@ zero_extendqisi2
 6864 0060 2046     		mov	r0, r4
 6865 0062 FFF7FEFF 		bl	I2C_TransferConfig
 6866 0066 638D     		ldrh	r3, [r4, #42]
 6867 0068 9BB2     		uxth	r3, r3
 6868 006a 228D     		ldrh	r2, [r4, #40]
 6869 006c 9B1A     		subs	r3, r3, r2
ARM GAS  C:\Users\Nathan\AppData\Local\Temp\cc2yLhuw.s 			page 119


 6870 006e 9BB2     		uxth	r3, r3
 6871 0070 6385     		strh	r3, [r4, #42]	@ movhi
 6872 0072 94F84130 		ldrb	r3, [r4, #65]	@ zero_extendqisi2
 6873 0076 222B     		cmp	r3, #34
 6874 0078 22D0     		beq	.L860
 6875 007a 2268     		ldr	r2, [r4]
 6876 007c 1368     		ldr	r3, [r2]
 6877 007e 43F48043 		orr	r3, r3, #16384
 6878 0082 1360     		str	r3, [r2]
 6879 0084 0CE0     		b	.L843
 6880              	.L859:
 6881 0086 0368     		ldr	r3, [r0]
 6882 0088 1022     		movs	r2, #16
 6883 008a DA61     		str	r2, [r3, #28]
 6884 008c 436C     		ldr	r3, [r0, #68]
 6885 008e 43F00403 		orr	r3, r3, #4
 6886 0092 4364     		str	r3, [r0, #68]
 6887 0094 2021     		movs	r1, #32
 6888 0096 FFF7FEFF 		bl	I2C_Enable_IRQ
 6889 009a 2046     		mov	r0, r4
 6890 009c FFF7FEFF 		bl	I2C_Flush_TXDR
 6891              	.L843:
 6892 00a0 0020     		movs	r0, #0
 6893 00a2 84F84000 		strb	r0, [r4, #64]
 6894 00a6 02B0     		add	sp, sp, #8
 6895              		@ sp needed
 6896 00a8 10BD     		pop	{r4, pc}
 6897              	.L846:
 6898 00aa 638D     		ldrh	r3, [r4, #42]
 6899 00ac 2385     		strh	r3, [r4, #40]	@ movhi
 6900 00ae E36A     		ldr	r3, [r4, #44]
 6901 00b0 13F5803F 		cmn	r3, #65536
 6902 00b4 01D0     		beq	.L854
 6903 00b6 E36A     		ldr	r3, [r4, #44]
 6904 00b8 CEE7     		b	.L847
 6905              	.L854:
 6906 00ba 4FF00073 		mov	r3, #33554432
 6907 00be CBE7     		b	.L847
 6908              	.L860:
 6909 00c0 2268     		ldr	r2, [r4]
 6910 00c2 1368     		ldr	r3, [r2]
 6911 00c4 43F40043 		orr	r3, r3, #32768
 6912 00c8 1360     		str	r3, [r2]
 6913 00ca E9E7     		b	.L843
 6914              	.L845:
 6915 00cc 2368     		ldr	r3, [r4]
 6916 00ce 5B68     		ldr	r3, [r3, #4]
 6917 00d0 13F0007F 		tst	r3, #33554432
 6918 00d4 03D1     		bne	.L849
 6919 00d6 2046     		mov	r0, r4
 6920 00d8 FFF7FEFF 		bl	I2C_ITMasterSeqCplt
 6921 00dc E0E7     		b	.L843
 6922              	.L849:
 6923 00de 4021     		movs	r1, #64
 6924 00e0 2046     		mov	r0, r4
 6925 00e2 FFF7FEFF 		bl	I2C_ITError
 6926 00e6 DBE7     		b	.L843
ARM GAS  C:\Users\Nathan\AppData\Local\Temp\cc2yLhuw.s 			page 120


 6927              	.L844:
 6928 00e8 11F0400F 		tst	r1, #64
 6929 00ec 1CD0     		beq	.L850
 6930 00ee 12F0400F 		tst	r2, #64
 6931 00f2 19D0     		beq	.L850
 6932 00f4 638D     		ldrh	r3, [r4, #42]
 6933 00f6 9BB2     		uxth	r3, r3
 6934 00f8 8BB9     		cbnz	r3, .L851
 6935 00fa 2368     		ldr	r3, [r4]
 6936 00fc 5A68     		ldr	r2, [r3, #4]
 6937 00fe 12F0007F 		tst	r2, #33554432
 6938 0102 CDD1     		bne	.L843
 6939 0104 E26A     		ldr	r2, [r4, #44]
 6940 0106 12F5803F 		cmn	r2, #65536
 6941 010a 04D1     		bne	.L852
 6942 010c 5A68     		ldr	r2, [r3, #4]
 6943 010e 42F48042 		orr	r2, r2, #16384
 6944 0112 5A60     		str	r2, [r3, #4]
 6945 0114 C4E7     		b	.L843
 6946              	.L852:
 6947 0116 2046     		mov	r0, r4
 6948 0118 FFF7FEFF 		bl	I2C_ITMasterSeqCplt
 6949 011c C0E7     		b	.L843
 6950              	.L851:
 6951 011e 4021     		movs	r1, #64
 6952 0120 2046     		mov	r0, r4
 6953 0122 FFF7FEFF 		bl	I2C_ITError
 6954 0126 BBE7     		b	.L843
 6955              	.L850:
 6956 0128 11F0200F 		tst	r1, #32
 6957 012c B8D0     		beq	.L843
 6958 012e 12F0200F 		tst	r2, #32
 6959 0132 B5D0     		beq	.L843
 6960 0134 2046     		mov	r0, r4
 6961 0136 FFF7FEFF 		bl	I2C_ITMasterCplt
 6962 013a B1E7     		b	.L843
 6963              	.L853:
 6964 013c 0220     		movs	r0, #2
 6965 013e 7047     		bx	lr
 6967              		.section	.text.I2C_DMAError,"ax",%progbits
 6968              		.align	1
 6969              		.syntax unified
 6970              		.thumb
 6971              		.thumb_func
 6973              	I2C_DMAError:
 6974              		@ args = 0, pretend = 0, frame = 0
 6975              		@ frame_needed = 0, uses_anonymous_args = 0
 6976 0000 08B5     		push	{r3, lr}
 6977 0002 806A     		ldr	r0, [r0, #40]
 6978 0004 0268     		ldr	r2, [r0]
 6979 0006 5368     		ldr	r3, [r2, #4]
 6980 0008 43F40043 		orr	r3, r3, #32768
 6981 000c 5360     		str	r3, [r2, #4]
 6982 000e 1021     		movs	r1, #16
 6983 0010 FFF7FEFF 		bl	I2C_ITError
 6984 0014 08BD     		pop	{r3, pc}
 6986              		.section	.text.I2C_DMAMasterTransmitCplt,"ax",%progbits
ARM GAS  C:\Users\Nathan\AppData\Local\Temp\cc2yLhuw.s 			page 121


 6987              		.align	1
 6988              		.syntax unified
 6989              		.thumb
 6990              		.thumb_func
 6992              	I2C_DMAMasterTransmitCplt:
 6993              		@ args = 0, pretend = 0, frame = 0
 6994              		@ frame_needed = 0, uses_anonymous_args = 0
 6995 0000 10B5     		push	{r4, lr}
 6996 0002 846A     		ldr	r4, [r0, #40]
 6997 0004 2268     		ldr	r2, [r4]
 6998 0006 1368     		ldr	r3, [r2]
 6999 0008 23F48043 		bic	r3, r3, #16384
 7000 000c 1360     		str	r3, [r2]
 7001 000e 638D     		ldrh	r3, [r4, #42]
 7002 0010 9BB2     		uxth	r3, r3
 7003 0012 ABB1     		cbz	r3, .L870
 7004 0014 616A     		ldr	r1, [r4, #36]
 7005 0016 238D     		ldrh	r3, [r4, #40]
 7006 0018 1944     		add	r1, r1, r3
 7007 001a 6162     		str	r1, [r4, #36]
 7008 001c 638D     		ldrh	r3, [r4, #42]
 7009 001e 9BB2     		uxth	r3, r3
 7010 0020 FF2B     		cmp	r3, #255
 7011 0022 12D9     		bls	.L866
 7012 0024 FF23     		movs	r3, #255
 7013 0026 2385     		strh	r3, [r4, #40]	@ movhi
 7014              	.L867:
 7015 0028 2268     		ldr	r2, [r4]
 7016 002a 238D     		ldrh	r3, [r4, #40]
 7017 002c 2832     		adds	r2, r2, #40
 7018 002e A06B     		ldr	r0, [r4, #56]
 7019 0030 FFF7FEFF 		bl	HAL_DMA_Start_IT
 7020 0034 60B1     		cbz	r0, .L868
 7021 0036 1021     		movs	r1, #16
 7022 0038 2046     		mov	r0, r4
 7023 003a FFF7FEFF 		bl	I2C_ITError
 7024              	.L863:
 7025 003e 10BD     		pop	{r4, pc}
 7026              	.L870:
 7027 0040 2021     		movs	r1, #32
 7028 0042 2046     		mov	r0, r4
 7029 0044 FFF7FEFF 		bl	I2C_Enable_IRQ
 7030 0048 F9E7     		b	.L863
 7031              	.L866:
 7032 004a 638D     		ldrh	r3, [r4, #42]
 7033 004c 2385     		strh	r3, [r4, #40]	@ movhi
 7034 004e EBE7     		b	.L867
 7035              	.L868:
 7036 0050 4021     		movs	r1, #64
 7037 0052 2046     		mov	r0, r4
 7038 0054 FFF7FEFF 		bl	I2C_Enable_IRQ
 7039 0058 F1E7     		b	.L863
 7041              		.section	.text.I2C_DMAMasterReceiveCplt,"ax",%progbits
 7042              		.align	1
 7043              		.syntax unified
 7044              		.thumb
 7045              		.thumb_func
ARM GAS  C:\Users\Nathan\AppData\Local\Temp\cc2yLhuw.s 			page 122


 7047              	I2C_DMAMasterReceiveCplt:
 7048              		@ args = 0, pretend = 0, frame = 0
 7049              		@ frame_needed = 0, uses_anonymous_args = 0
 7050 0000 10B5     		push	{r4, lr}
 7051 0002 846A     		ldr	r4, [r0, #40]
 7052 0004 2268     		ldr	r2, [r4]
 7053 0006 1368     		ldr	r3, [r2]
 7054 0008 23F40043 		bic	r3, r3, #32768
 7055 000c 1360     		str	r3, [r2]
 7056 000e 638D     		ldrh	r3, [r4, #42]
 7057 0010 9BB2     		uxth	r3, r3
 7058 0012 ABB1     		cbz	r3, .L878
 7059 0014 626A     		ldr	r2, [r4, #36]
 7060 0016 238D     		ldrh	r3, [r4, #40]
 7061 0018 1A44     		add	r2, r2, r3
 7062 001a 6262     		str	r2, [r4, #36]
 7063 001c 638D     		ldrh	r3, [r4, #42]
 7064 001e 9BB2     		uxth	r3, r3
 7065 0020 FF2B     		cmp	r3, #255
 7066 0022 12D9     		bls	.L874
 7067 0024 FF23     		movs	r3, #255
 7068 0026 2385     		strh	r3, [r4, #40]	@ movhi
 7069              	.L875:
 7070 0028 2168     		ldr	r1, [r4]
 7071 002a 238D     		ldrh	r3, [r4, #40]
 7072 002c 2431     		adds	r1, r1, #36
 7073 002e E06B     		ldr	r0, [r4, #60]
 7074 0030 FFF7FEFF 		bl	HAL_DMA_Start_IT
 7075 0034 60B1     		cbz	r0, .L876
 7076 0036 1021     		movs	r1, #16
 7077 0038 2046     		mov	r0, r4
 7078 003a FFF7FEFF 		bl	I2C_ITError
 7079              	.L871:
 7080 003e 10BD     		pop	{r4, pc}
 7081              	.L878:
 7082 0040 2021     		movs	r1, #32
 7083 0042 2046     		mov	r0, r4
 7084 0044 FFF7FEFF 		bl	I2C_Enable_IRQ
 7085 0048 F9E7     		b	.L871
 7086              	.L874:
 7087 004a 638D     		ldrh	r3, [r4, #42]
 7088 004c 2385     		strh	r3, [r4, #40]	@ movhi
 7089 004e EBE7     		b	.L875
 7090              	.L876:
 7091 0050 4021     		movs	r1, #64
 7092 0052 2046     		mov	r0, r4
 7093 0054 FFF7FEFF 		bl	I2C_Enable_IRQ
 7094 0058 F1E7     		b	.L871
 7096              		.section	.text.I2C_Mem_ISR_IT,"ax",%progbits
 7097              		.align	1
 7098              		.syntax unified
 7099              		.thumb
 7100              		.thumb_func
 7102              	I2C_Mem_ISR_IT:
 7103              		@ args = 0, pretend = 0, frame = 0
 7104              		@ frame_needed = 0, uses_anonymous_args = 0
 7105 0000 90F84030 		ldrb	r3, [r0, #64]	@ zero_extendqisi2
ARM GAS  C:\Users\Nathan\AppData\Local\Temp\cc2yLhuw.s 			page 123


 7106 0004 012B     		cmp	r3, #1
 7107 0006 00F0C080 		beq	.L892
 7108 000a 70B5     		push	{r4, r5, r6, lr}
 7109 000c 82B0     		sub	sp, sp, #8
 7110 000e 0446     		mov	r4, r0
 7111 0010 0D46     		mov	r5, r1
 7112 0012 1646     		mov	r6, r2
 7113 0014 0123     		movs	r3, #1
 7114 0016 80F84030 		strb	r3, [r0, #64]
 7115 001a 11F0100F 		tst	r1, #16
 7116 001e 02D0     		beq	.L881
 7117 0020 12F0100F 		tst	r2, #16
 7118 0024 22D1     		bne	.L898
 7119              	.L881:
 7120 0026 15F0040F 		tst	r5, #4
 7121 002a 29D0     		beq	.L883
 7122 002c 16F0040F 		tst	r6, #4
 7123 0030 26D0     		beq	.L883
 7124 0032 25F00405 		bic	r5, r5, #4
 7125 0036 2368     		ldr	r3, [r4]
 7126 0038 5A6A     		ldr	r2, [r3, #36]
 7127 003a 636A     		ldr	r3, [r4, #36]
 7128 003c 1A70     		strb	r2, [r3]
 7129 003e 636A     		ldr	r3, [r4, #36]
 7130 0040 0133     		adds	r3, r3, #1
 7131 0042 6362     		str	r3, [r4, #36]
 7132 0044 238D     		ldrh	r3, [r4, #40]
 7133 0046 013B     		subs	r3, r3, #1
 7134 0048 2385     		strh	r3, [r4, #40]	@ movhi
 7135 004a 638D     		ldrh	r3, [r4, #42]
 7136 004c 9BB2     		uxth	r3, r3
 7137 004e 013B     		subs	r3, r3, #1
 7138 0050 9BB2     		uxth	r3, r3
 7139 0052 6385     		strh	r3, [r4, #42]	@ movhi
 7140              	.L882:
 7141 0054 15F0200F 		tst	r5, #32
 7142 0058 03D0     		beq	.L891
 7143 005a 16F0200F 		tst	r6, #32
 7144 005e 40F08F80 		bne	.L899
 7145              	.L891:
 7146 0062 0020     		movs	r0, #0
 7147 0064 84F84000 		strb	r0, [r4, #64]
 7148 0068 02B0     		add	sp, sp, #8
 7149              		@ sp needed
 7150 006a 70BD     		pop	{r4, r5, r6, pc}
 7151              	.L898:
 7152 006c 0368     		ldr	r3, [r0]
 7153 006e 1022     		movs	r2, #16
 7154 0070 DA61     		str	r2, [r3, #28]
 7155 0072 436C     		ldr	r3, [r0, #68]
 7156 0074 43F00403 		orr	r3, r3, #4
 7157 0078 4364     		str	r3, [r0, #68]
 7158 007a FFF7FEFF 		bl	I2C_Flush_TXDR
 7159 007e E9E7     		b	.L882
 7160              	.L883:
 7161 0080 15F0020F 		tst	r5, #2
 7162 0084 1DD0     		beq	.L884
ARM GAS  C:\Users\Nathan\AppData\Local\Temp\cc2yLhuw.s 			page 124


 7163 0086 16F0020F 		tst	r6, #2
 7164 008a 1AD0     		beq	.L884
 7165 008c 236D     		ldr	r3, [r4, #80]
 7166 008e B3F1FF3F 		cmp	r3, #-1
 7167 0092 06D0     		beq	.L900
 7168 0094 2368     		ldr	r3, [r4]
 7169 0096 226D     		ldr	r2, [r4, #80]
 7170 0098 9A62     		str	r2, [r3, #40]
 7171 009a 4FF0FF33 		mov	r3, #-1
 7172 009e 2365     		str	r3, [r4, #80]
 7173 00a0 D8E7     		b	.L882
 7174              	.L900:
 7175 00a2 626A     		ldr	r2, [r4, #36]
 7176 00a4 2368     		ldr	r3, [r4]
 7177 00a6 1278     		ldrb	r2, [r2]	@ zero_extendqisi2
 7178 00a8 9A62     		str	r2, [r3, #40]
 7179 00aa 636A     		ldr	r3, [r4, #36]
 7180 00ac 0133     		adds	r3, r3, #1
 7181 00ae 6362     		str	r3, [r4, #36]
 7182 00b0 238D     		ldrh	r3, [r4, #40]
 7183 00b2 013B     		subs	r3, r3, #1
 7184 00b4 2385     		strh	r3, [r4, #40]	@ movhi
 7185 00b6 638D     		ldrh	r3, [r4, #42]
 7186 00b8 9BB2     		uxth	r3, r3
 7187 00ba 013B     		subs	r3, r3, #1
 7188 00bc 9BB2     		uxth	r3, r3
 7189 00be 6385     		strh	r3, [r4, #42]	@ movhi
 7190 00c0 C8E7     		b	.L882
 7191              	.L884:
 7192 00c2 15F0800F 		tst	r5, #128
 7193 00c6 2AD0     		beq	.L886
 7194 00c8 16F0400F 		tst	r6, #64
 7195 00cc 27D0     		beq	.L886
 7196 00ce 638D     		ldrh	r3, [r4, #42]
 7197 00d0 9BB2     		uxth	r3, r3
 7198 00d2 FBB1     		cbz	r3, .L887
 7199 00d4 238D     		ldrh	r3, [r4, #40]
 7200 00d6 EBB9     		cbnz	r3, .L887
 7201 00d8 638D     		ldrh	r3, [r4, #42]
 7202 00da 9BB2     		uxth	r3, r3
 7203 00dc FF2B     		cmp	r3, #255
 7204 00de 0BD9     		bls	.L888
 7205 00e0 FF22     		movs	r2, #255
 7206 00e2 2285     		strh	r2, [r4, #40]	@ movhi
 7207 00e4 E16C     		ldr	r1, [r4, #76]
 7208 00e6 0023     		movs	r3, #0
 7209 00e8 0093     		str	r3, [sp]
 7210 00ea 4FF08073 		mov	r3, #16777216
 7211 00ee 89B2     		uxth	r1, r1
 7212 00f0 2046     		mov	r0, r4
 7213 00f2 FFF7FEFF 		bl	I2C_TransferConfig
 7214 00f6 ADE7     		b	.L882
 7215              	.L888:
 7216 00f8 628D     		ldrh	r2, [r4, #42]
 7217 00fa 92B2     		uxth	r2, r2
 7218 00fc 2285     		strh	r2, [r4, #40]	@ movhi
 7219 00fe E16C     		ldr	r1, [r4, #76]
ARM GAS  C:\Users\Nathan\AppData\Local\Temp\cc2yLhuw.s 			page 125


 7220 0100 0023     		movs	r3, #0
 7221 0102 0093     		str	r3, [sp]
 7222 0104 4FF00073 		mov	r3, #33554432
 7223 0108 D2B2     		uxtb	r2, r2
 7224 010a 89B2     		uxth	r1, r1
 7225 010c 2046     		mov	r0, r4
 7226 010e FFF7FEFF 		bl	I2C_TransferConfig
 7227 0112 9FE7     		b	.L882
 7228              	.L887:
 7229 0114 4021     		movs	r1, #64
 7230 0116 2046     		mov	r0, r4
 7231 0118 FFF7FEFF 		bl	I2C_ITError
 7232 011c 9AE7     		b	.L882
 7233              	.L886:
 7234 011e 15F0400F 		tst	r5, #64
 7235 0122 97D0     		beq	.L882
 7236 0124 16F0400F 		tst	r6, #64
 7237 0128 94D0     		beq	.L882
 7238 012a 0121     		movs	r1, #1
 7239 012c 2046     		mov	r0, r4
 7240 012e FFF7FEFF 		bl	I2C_Disable_IRQ
 7241 0132 0221     		movs	r1, #2
 7242 0134 2046     		mov	r0, r4
 7243 0136 FFF7FEFF 		bl	I2C_Enable_IRQ
 7244 013a 94F84130 		ldrb	r3, [r4, #65]	@ zero_extendqisi2
 7245 013e 222B     		cmp	r3, #34
 7246 0140 0FD0     		beq	.L893
 7247 0142 1348     		ldr	r0, .L901
 7248              	.L889:
 7249 0144 638D     		ldrh	r3, [r4, #42]
 7250 0146 9BB2     		uxth	r3, r3
 7251 0148 FF2B     		cmp	r3, #255
 7252 014a 0CD9     		bls	.L890
 7253 014c FF22     		movs	r2, #255
 7254 014e 2285     		strh	r2, [r4, #40]	@ movhi
 7255 0150 E16C     		ldr	r1, [r4, #76]
 7256 0152 0090     		str	r0, [sp]
 7257 0154 4FF08073 		mov	r3, #16777216
 7258 0158 89B2     		uxth	r1, r1
 7259 015a 2046     		mov	r0, r4
 7260 015c FFF7FEFF 		bl	I2C_TransferConfig
 7261 0160 78E7     		b	.L882
 7262              	.L893:
 7263 0162 0C48     		ldr	r0, .L901+4
 7264 0164 EEE7     		b	.L889
 7265              	.L890:
 7266 0166 628D     		ldrh	r2, [r4, #42]
 7267 0168 92B2     		uxth	r2, r2
 7268 016a 2285     		strh	r2, [r4, #40]	@ movhi
 7269 016c E16C     		ldr	r1, [r4, #76]
 7270 016e 0090     		str	r0, [sp]
 7271 0170 4FF00073 		mov	r3, #33554432
 7272 0174 D2B2     		uxtb	r2, r2
 7273 0176 89B2     		uxth	r1, r1
 7274 0178 2046     		mov	r0, r4
 7275 017a FFF7FEFF 		bl	I2C_TransferConfig
 7276 017e 69E7     		b	.L882
ARM GAS  C:\Users\Nathan\AppData\Local\Temp\cc2yLhuw.s 			page 126


 7277              	.L899:
 7278 0180 2946     		mov	r1, r5
 7279 0182 2046     		mov	r0, r4
 7280 0184 FFF7FEFF 		bl	I2C_ITMasterCplt
 7281 0188 6BE7     		b	.L891
 7282              	.L892:
 7283 018a 0220     		movs	r0, #2
 7284 018c 7047     		bx	lr
 7285              	.L902:
 7286 018e 00BF     		.align	2
 7287              	.L901:
 7288 0190 00200080 		.word	-2147475456
 7289 0194 00240080 		.word	-2147474432
 7291              		.section	.text.HAL_I2C_ER_IRQHandler,"ax",%progbits
 7292              		.align	1
 7293              		.global	HAL_I2C_ER_IRQHandler
 7294              		.syntax unified
 7295              		.thumb
 7296              		.thumb_func
 7298              	HAL_I2C_ER_IRQHandler:
 7299              		@ args = 0, pretend = 0, frame = 0
 7300              		@ frame_needed = 0, uses_anonymous_args = 0
 7301 0000 10B5     		push	{r4, lr}
 7302 0002 0268     		ldr	r2, [r0]
 7303 0004 9369     		ldr	r3, [r2, #24]
 7304 0006 1168     		ldr	r1, [r2]
 7305 0008 13F4807F 		tst	r3, #256
 7306 000c 0CD0     		beq	.L904
 7307 000e 11F0800F 		tst	r1, #128
 7308 0012 09D0     		beq	.L904
 7309 0014 D0F844C0 		ldr	ip, [r0, #68]
 7310 0018 4CF0010C 		orr	ip, ip, #1
 7311 001c C0F844C0 		str	ip, [r0, #68]
 7312 0020 4FF4807C 		mov	ip, #256
 7313 0024 C2F81CC0 		str	ip, [r2, #28]
 7314              	.L904:
 7315 0028 13F4806F 		tst	r3, #1024
 7316 002c 0AD0     		beq	.L905
 7317 002e 11F0800F 		tst	r1, #128
 7318 0032 07D0     		beq	.L905
 7319 0034 426C     		ldr	r2, [r0, #68]
 7320 0036 42F00802 		orr	r2, r2, #8
 7321 003a 4264     		str	r2, [r0, #68]
 7322 003c 4FF48062 		mov	r2, #1024
 7323 0040 0468     		ldr	r4, [r0]
 7324 0042 E261     		str	r2, [r4, #28]
 7325              	.L905:
 7326 0044 13F4007F 		tst	r3, #512
 7327 0048 0AD0     		beq	.L906
 7328 004a 11F0800F 		tst	r1, #128
 7329 004e 07D0     		beq	.L906
 7330 0050 436C     		ldr	r3, [r0, #68]
 7331 0052 43F00203 		orr	r3, r3, #2
 7332 0056 4364     		str	r3, [r0, #68]
 7333 0058 0368     		ldr	r3, [r0]
 7334 005a 4FF40072 		mov	r2, #512
 7335 005e DA61     		str	r2, [r3, #28]
ARM GAS  C:\Users\Nathan\AppData\Local\Temp\cc2yLhuw.s 			page 127


 7336              	.L906:
 7337 0060 416C     		ldr	r1, [r0, #68]
 7338 0062 11F00B0F 		tst	r1, #11
 7339 0066 00D1     		bne	.L909
 7340              	.L903:
 7341 0068 10BD     		pop	{r4, pc}
 7342              	.L909:
 7343 006a FFF7FEFF 		bl	I2C_ITError
 7344 006e FBE7     		b	.L903
 7346              		.section	.text.I2C_DMAAbort,"ax",%progbits
 7347              		.align	1
 7348              		.syntax unified
 7349              		.thumb
 7350              		.thumb_func
 7352              	I2C_DMAAbort:
 7353              		@ args = 0, pretend = 0, frame = 0
 7354              		@ frame_needed = 0, uses_anonymous_args = 0
 7355 0000 08B5     		push	{r3, lr}
 7356 0002 806A     		ldr	r0, [r0, #40]
 7357 0004 836B     		ldr	r3, [r0, #56]
 7358 0006 0BB1     		cbz	r3, .L911
 7359 0008 0022     		movs	r2, #0
 7360 000a 9A63     		str	r2, [r3, #56]
 7361              	.L911:
 7362 000c C36B     		ldr	r3, [r0, #60]
 7363 000e 0BB1     		cbz	r3, .L912
 7364 0010 0022     		movs	r2, #0
 7365 0012 9A63     		str	r2, [r3, #56]
 7366              	.L912:
 7367 0014 FFF7FEFF 		bl	I2C_TreatErrorCallback
 7368 0018 08BD     		pop	{r3, pc}
 7370              		.section	.text.HAL_I2C_GetState,"ax",%progbits
 7371              		.align	1
 7372              		.global	HAL_I2C_GetState
 7373              		.syntax unified
 7374              		.thumb
 7375              		.thumb_func
 7377              	HAL_I2C_GetState:
 7378              		@ args = 0, pretend = 0, frame = 0
 7379              		@ frame_needed = 0, uses_anonymous_args = 0
 7380              		@ link register save eliminated.
 7381 0000 90F84100 		ldrb	r0, [r0, #65]	@ zero_extendqisi2
 7382 0004 7047     		bx	lr
 7384              		.section	.text.HAL_I2C_GetMode,"ax",%progbits
 7385              		.align	1
 7386              		.global	HAL_I2C_GetMode
 7387              		.syntax unified
 7388              		.thumb
 7389              		.thumb_func
 7391              	HAL_I2C_GetMode:
 7392              		@ args = 0, pretend = 0, frame = 0
 7393              		@ frame_needed = 0, uses_anonymous_args = 0
 7394              		@ link register save eliminated.
 7395 0000 90F84200 		ldrb	r0, [r0, #66]	@ zero_extendqisi2
 7396 0004 7047     		bx	lr
 7398              		.section	.text.HAL_I2C_GetError,"ax",%progbits
 7399              		.align	1
ARM GAS  C:\Users\Nathan\AppData\Local\Temp\cc2yLhuw.s 			page 128


 7400              		.global	HAL_I2C_GetError
 7401              		.syntax unified
 7402              		.thumb
 7403              		.thumb_func
 7405              	HAL_I2C_GetError:
 7406              		@ args = 0, pretend = 0, frame = 0
 7407              		@ frame_needed = 0, uses_anonymous_args = 0
 7408              		@ link register save eliminated.
 7409 0000 406C     		ldr	r0, [r0, #68]
 7410 0002 7047     		bx	lr
 7412              		.ident	"GCC: (xPack GNU Arm Embedded GCC x86_64) 15.2.1 20251203"
ARM GAS  C:\Users\Nathan\AppData\Local\Temp\cc2yLhuw.s 			page 129


DEFINED SYMBOLS
                            *ABS*:00000000 stm32wbxx_hal_i2c.c
C:\Users\Nathan\AppData\Local\Temp\cc2yLhuw.s:18     .text.I2C_Flush_TXDR:00000000 $t
C:\Users\Nathan\AppData\Local\Temp\cc2yLhuw.s:23     .text.I2C_Flush_TXDR:00000000 I2C_Flush_TXDR
C:\Users\Nathan\AppData\Local\Temp\cc2yLhuw.s:45     .text.I2C_TransferConfig:00000000 $t
C:\Users\Nathan\AppData\Local\Temp\cc2yLhuw.s:50     .text.I2C_TransferConfig:00000000 I2C_TransferConfig
C:\Users\Nathan\AppData\Local\Temp\cc2yLhuw.s:74     .text.I2C_Enable_IRQ:00000000 $t
C:\Users\Nathan\AppData\Local\Temp\cc2yLhuw.s:79     .text.I2C_Enable_IRQ:00000000 I2C_Enable_IRQ
C:\Users\Nathan\AppData\Local\Temp\cc2yLhuw.s:158    .text.I2C_Enable_IRQ:00000090 $d
C:\Users\Nathan\AppData\Local\Temp\cc2yLhuw.s:6822   .text.I2C_Master_ISR_DMA:00000000 I2C_Master_ISR_DMA
C:\Users\Nathan\AppData\Local\Temp\cc2yLhuw.s:6678   .text.I2C_Slave_ISR_DMA:00000000 I2C_Slave_ISR_DMA
C:\Users\Nathan\AppData\Local\Temp\cc2yLhuw.s:6479   .text.I2C_Mem_ISR_DMA:00000000 I2C_Mem_ISR_DMA
C:\Users\Nathan\AppData\Local\Temp\cc2yLhuw.s:163    .text.I2C_Disable_IRQ:00000000 $t
C:\Users\Nathan\AppData\Local\Temp\cc2yLhuw.s:168    .text.I2C_Disable_IRQ:00000000 I2C_Disable_IRQ
C:\Users\Nathan\AppData\Local\Temp\cc2yLhuw.s:226    .text.I2C_ConvertOtherXferOptions:00000000 $t
C:\Users\Nathan\AppData\Local\Temp\cc2yLhuw.s:231    .text.I2C_ConvertOtherXferOptions:00000000 I2C_ConvertOtherXferOptions
C:\Users\Nathan\AppData\Local\Temp\cc2yLhuw.s:253    .text.I2C_IsErrorOccurred:00000000 $t
C:\Users\Nathan\AppData\Local\Temp\cc2yLhuw.s:258    .text.I2C_IsErrorOccurred:00000000 I2C_IsErrorOccurred
C:\Users\Nathan\AppData\Local\Temp\cc2yLhuw.s:382    .text.I2C_WaitOnTXISFlagUntilTimeout:00000000 $t
C:\Users\Nathan\AppData\Local\Temp\cc2yLhuw.s:387    .text.I2C_WaitOnTXISFlagUntilTimeout:00000000 I2C_WaitOnTXISFlagUntilTimeout
C:\Users\Nathan\AppData\Local\Temp\cc2yLhuw.s:436    .text.I2C_WaitOnFlagUntilTimeout:00000000 $t
C:\Users\Nathan\AppData\Local\Temp\cc2yLhuw.s:441    .text.I2C_WaitOnFlagUntilTimeout:00000000 I2C_WaitOnFlagUntilTimeout
C:\Users\Nathan\AppData\Local\Temp\cc2yLhuw.s:500    .text.I2C_RequestMemoryWrite:00000000 $t
C:\Users\Nathan\AppData\Local\Temp\cc2yLhuw.s:505    .text.I2C_RequestMemoryWrite:00000000 I2C_RequestMemoryWrite
C:\Users\Nathan\AppData\Local\Temp\cc2yLhuw.s:566    .text.I2C_RequestMemoryWrite:0000006c $d
C:\Users\Nathan\AppData\Local\Temp\cc2yLhuw.s:569    .text.I2C_RequestMemoryRead:00000000 $t
C:\Users\Nathan\AppData\Local\Temp\cc2yLhuw.s:574    .text.I2C_RequestMemoryRead:00000000 I2C_RequestMemoryRead
C:\Users\Nathan\AppData\Local\Temp\cc2yLhuw.s:635    .text.I2C_RequestMemoryRead:00000068 $d
C:\Users\Nathan\AppData\Local\Temp\cc2yLhuw.s:638    .text.I2C_WaitOnSTOPFlagUntilTimeout:00000000 $t
C:\Users\Nathan\AppData\Local\Temp\cc2yLhuw.s:643    .text.I2C_WaitOnSTOPFlagUntilTimeout:00000000 I2C_WaitOnSTOPFlagUntilTimeout
C:\Users\Nathan\AppData\Local\Temp\cc2yLhuw.s:693    .text.I2C_WaitOnRXNEFlagUntilTimeout:00000000 $t
C:\Users\Nathan\AppData\Local\Temp\cc2yLhuw.s:698    .text.I2C_WaitOnRXNEFlagUntilTimeout:00000000 I2C_WaitOnRXNEFlagUntilTimeout
C:\Users\Nathan\AppData\Local\Temp\cc2yLhuw.s:776    .text.HAL_I2C_MspInit:00000000 $t
C:\Users\Nathan\AppData\Local\Temp\cc2yLhuw.s:782    .text.HAL_I2C_MspInit:00000000 HAL_I2C_MspInit
C:\Users\Nathan\AppData\Local\Temp\cc2yLhuw.s:789    .text.HAL_I2C_Init:00000000 $t
C:\Users\Nathan\AppData\Local\Temp\cc2yLhuw.s:795    .text.HAL_I2C_Init:00000000 HAL_I2C_Init
C:\Users\Nathan\AppData\Local\Temp\cc2yLhuw.s:889    .text.HAL_I2C_MspDeInit:00000000 $t
C:\Users\Nathan\AppData\Local\Temp\cc2yLhuw.s:895    .text.HAL_I2C_MspDeInit:00000000 HAL_I2C_MspDeInit
C:\Users\Nathan\AppData\Local\Temp\cc2yLhuw.s:902    .text.HAL_I2C_DeInit:00000000 $t
C:\Users\Nathan\AppData\Local\Temp\cc2yLhuw.s:908    .text.HAL_I2C_DeInit:00000000 HAL_I2C_DeInit
C:\Users\Nathan\AppData\Local\Temp\cc2yLhuw.s:933    .text.HAL_I2C_Master_Transmit:00000000 $t
C:\Users\Nathan\AppData\Local\Temp\cc2yLhuw.s:939    .text.HAL_I2C_Master_Transmit:00000000 HAL_I2C_Master_Transmit
C:\Users\Nathan\AppData\Local\Temp\cc2yLhuw.s:1130   .text.HAL_I2C_Master_Transmit:00000198 $d
C:\Users\Nathan\AppData\Local\Temp\cc2yLhuw.s:1133   .text.HAL_I2C_Master_Receive:00000000 $t
C:\Users\Nathan\AppData\Local\Temp\cc2yLhuw.s:1139   .text.HAL_I2C_Master_Receive:00000000 HAL_I2C_Master_Receive
C:\Users\Nathan\AppData\Local\Temp\cc2yLhuw.s:1307   .text.HAL_I2C_Master_Receive:00000170 $d
C:\Users\Nathan\AppData\Local\Temp\cc2yLhuw.s:1310   .text.HAL_I2C_Slave_Transmit:00000000 $t
C:\Users\Nathan\AppData\Local\Temp\cc2yLhuw.s:1316   .text.HAL_I2C_Slave_Transmit:00000000 HAL_I2C_Slave_Transmit
C:\Users\Nathan\AppData\Local\Temp\cc2yLhuw.s:1547   .text.HAL_I2C_Slave_Receive:00000000 $t
C:\Users\Nathan\AppData\Local\Temp\cc2yLhuw.s:1553   .text.HAL_I2C_Slave_Receive:00000000 HAL_I2C_Slave_Receive
C:\Users\Nathan\AppData\Local\Temp\cc2yLhuw.s:1727   .text.HAL_I2C_Master_Transmit_IT:00000000 $t
C:\Users\Nathan\AppData\Local\Temp\cc2yLhuw.s:1733   .text.HAL_I2C_Master_Transmit_IT:00000000 HAL_I2C_Master_Transmit_IT
C:\Users\Nathan\AppData\Local\Temp\cc2yLhuw.s:1830   .text.HAL_I2C_Master_Transmit_IT:000000d4 $d
C:\Users\Nathan\AppData\Local\Temp\cc2yLhuw.s:6290   .text.I2C_Master_ISR_IT:00000000 I2C_Master_ISR_IT
C:\Users\Nathan\AppData\Local\Temp\cc2yLhuw.s:1835   .text.HAL_I2C_Master_Receive_IT:00000000 $t
C:\Users\Nathan\AppData\Local\Temp\cc2yLhuw.s:1841   .text.HAL_I2C_Master_Receive_IT:00000000 HAL_I2C_Master_Receive_IT
C:\Users\Nathan\AppData\Local\Temp\cc2yLhuw.s:1911   .text.HAL_I2C_Master_Receive_IT:0000008c $d
ARM GAS  C:\Users\Nathan\AppData\Local\Temp\cc2yLhuw.s 			page 130


C:\Users\Nathan\AppData\Local\Temp\cc2yLhuw.s:1916   .text.HAL_I2C_Slave_Transmit_IT:00000000 $t
C:\Users\Nathan\AppData\Local\Temp\cc2yLhuw.s:1922   .text.HAL_I2C_Slave_Transmit_IT:00000000 HAL_I2C_Slave_Transmit_IT
C:\Users\Nathan\AppData\Local\Temp\cc2yLhuw.s:1988   .text.HAL_I2C_Slave_Transmit_IT:0000008c $d
C:\Users\Nathan\AppData\Local\Temp\cc2yLhuw.s:6000   .text.I2C_Slave_ISR_IT:00000000 I2C_Slave_ISR_IT
C:\Users\Nathan\AppData\Local\Temp\cc2yLhuw.s:1992   .text.HAL_I2C_Slave_Receive_IT:00000000 $t
C:\Users\Nathan\AppData\Local\Temp\cc2yLhuw.s:1998   .text.HAL_I2C_Slave_Receive_IT:00000000 HAL_I2C_Slave_Receive_IT
C:\Users\Nathan\AppData\Local\Temp\cc2yLhuw.s:2044   .text.HAL_I2C_Slave_Receive_IT:00000064 $d
C:\Users\Nathan\AppData\Local\Temp\cc2yLhuw.s:2048   .text.HAL_I2C_Master_Transmit_DMA:00000000 $t
C:\Users\Nathan\AppData\Local\Temp\cc2yLhuw.s:2054   .text.HAL_I2C_Master_Transmit_DMA:00000000 HAL_I2C_Master_Transmit_DMA
C:\Users\Nathan\AppData\Local\Temp\cc2yLhuw.s:2218   .text.HAL_I2C_Master_Transmit_DMA:0000016c $d
C:\Users\Nathan\AppData\Local\Temp\cc2yLhuw.s:6992   .text.I2C_DMAMasterTransmitCplt:00000000 I2C_DMAMasterTransmitCplt
C:\Users\Nathan\AppData\Local\Temp\cc2yLhuw.s:6973   .text.I2C_DMAError:00000000 I2C_DMAError
C:\Users\Nathan\AppData\Local\Temp\cc2yLhuw.s:2226   .text.HAL_I2C_Master_Receive_DMA:00000000 $t
C:\Users\Nathan\AppData\Local\Temp\cc2yLhuw.s:2232   .text.HAL_I2C_Master_Receive_DMA:00000000 HAL_I2C_Master_Receive_DMA
C:\Users\Nathan\AppData\Local\Temp\cc2yLhuw.s:2377   .text.HAL_I2C_Master_Receive_DMA:0000013c $d
C:\Users\Nathan\AppData\Local\Temp\cc2yLhuw.s:7047   .text.I2C_DMAMasterReceiveCplt:00000000 I2C_DMAMasterReceiveCplt
C:\Users\Nathan\AppData\Local\Temp\cc2yLhuw.s:2385   .text.HAL_I2C_Slave_Transmit_DMA:00000000 $t
C:\Users\Nathan\AppData\Local\Temp\cc2yLhuw.s:2391   .text.HAL_I2C_Slave_Transmit_DMA:00000000 HAL_I2C_Slave_Transmit_DMA
C:\Users\Nathan\AppData\Local\Temp\cc2yLhuw.s:2530   .text.HAL_I2C_Slave_Transmit_DMA:0000012c $d
C:\Users\Nathan\AppData\Local\Temp\cc2yLhuw.s:5326   .text.I2C_DMASlaveTransmitCplt:00000000 I2C_DMASlaveTransmitCplt
C:\Users\Nathan\AppData\Local\Temp\cc2yLhuw.s:2536   .text.HAL_I2C_Slave_Receive_DMA:00000000 $t
C:\Users\Nathan\AppData\Local\Temp\cc2yLhuw.s:2542   .text.HAL_I2C_Slave_Receive_DMA:00000000 HAL_I2C_Slave_Receive_DMA
C:\Users\Nathan\AppData\Local\Temp\cc2yLhuw.s:2650   .text.HAL_I2C_Slave_Receive_DMA:000000ec $d
C:\Users\Nathan\AppData\Local\Temp\cc2yLhuw.s:5350   .text.I2C_DMASlaveReceiveCplt:00000000 I2C_DMASlaveReceiveCplt
C:\Users\Nathan\AppData\Local\Temp\cc2yLhuw.s:2656   .text.HAL_I2C_Mem_Write:00000000 $t
C:\Users\Nathan\AppData\Local\Temp\cc2yLhuw.s:2662   .text.HAL_I2C_Mem_Write:00000000 HAL_I2C_Mem_Write
C:\Users\Nathan\AppData\Local\Temp\cc2yLhuw.s:2853   .text.HAL_I2C_Mem_Read:00000000 $t
C:\Users\Nathan\AppData\Local\Temp\cc2yLhuw.s:2859   .text.HAL_I2C_Mem_Read:00000000 HAL_I2C_Mem_Read
C:\Users\Nathan\AppData\Local\Temp\cc2yLhuw.s:3053   .text.HAL_I2C_Mem_Read:000001a4 $d
C:\Users\Nathan\AppData\Local\Temp\cc2yLhuw.s:3056   .text.HAL_I2C_Mem_Write_IT:00000000 $t
C:\Users\Nathan\AppData\Local\Temp\cc2yLhuw.s:3062   .text.HAL_I2C_Mem_Write_IT:00000000 HAL_I2C_Mem_Write_IT
C:\Users\Nathan\AppData\Local\Temp\cc2yLhuw.s:3148   .text.HAL_I2C_Mem_Write_IT:000000c0 $d
C:\Users\Nathan\AppData\Local\Temp\cc2yLhuw.s:7102   .text.I2C_Mem_ISR_IT:00000000 I2C_Mem_ISR_IT
C:\Users\Nathan\AppData\Local\Temp\cc2yLhuw.s:3153   .text.HAL_I2C_Mem_Read_IT:00000000 $t
C:\Users\Nathan\AppData\Local\Temp\cc2yLhuw.s:3159   .text.HAL_I2C_Mem_Read_IT:00000000 HAL_I2C_Mem_Read_IT
C:\Users\Nathan\AppData\Local\Temp\cc2yLhuw.s:3244   .text.HAL_I2C_Mem_Read_IT:000000bc $d
C:\Users\Nathan\AppData\Local\Temp\cc2yLhuw.s:3249   .text.HAL_I2C_Mem_Write_DMA:00000000 $t
C:\Users\Nathan\AppData\Local\Temp\cc2yLhuw.s:3255   .text.HAL_I2C_Mem_Write_DMA:00000000 HAL_I2C_Mem_Write_DMA
C:\Users\Nathan\AppData\Local\Temp\cc2yLhuw.s:3400   .text.HAL_I2C_Mem_Write_DMA:0000013c $d
C:\Users\Nathan\AppData\Local\Temp\cc2yLhuw.s:3407   .text.HAL_I2C_Mem_Read_DMA:00000000 $t
C:\Users\Nathan\AppData\Local\Temp\cc2yLhuw.s:3413   .text.HAL_I2C_Mem_Read_DMA:00000000 HAL_I2C_Mem_Read_DMA
C:\Users\Nathan\AppData\Local\Temp\cc2yLhuw.s:3560   .text.HAL_I2C_Mem_Read_DMA:00000138 $d
C:\Users\Nathan\AppData\Local\Temp\cc2yLhuw.s:3567   .text.HAL_I2C_IsDeviceReady:00000000 $t
C:\Users\Nathan\AppData\Local\Temp\cc2yLhuw.s:3573   .text.HAL_I2C_IsDeviceReady:00000000 HAL_I2C_IsDeviceReady
C:\Users\Nathan\AppData\Local\Temp\cc2yLhuw.s:3720   .text.HAL_I2C_Master_Seq_Transmit_IT:00000000 $t
C:\Users\Nathan\AppData\Local\Temp\cc2yLhuw.s:3726   .text.HAL_I2C_Master_Seq_Transmit_IT:00000000 HAL_I2C_Master_Seq_Transmit_IT
C:\Users\Nathan\AppData\Local\Temp\cc2yLhuw.s:3860   .text.HAL_I2C_Master_Seq_Transmit_IT:00000104 $d
C:\Users\Nathan\AppData\Local\Temp\cc2yLhuw.s:3864   .text.HAL_I2C_Master_Seq_Transmit_DMA:00000000 $t
C:\Users\Nathan\AppData\Local\Temp\cc2yLhuw.s:3870   .text.HAL_I2C_Master_Seq_Transmit_DMA:00000000 HAL_I2C_Master_Seq_Transmit_DMA
C:\Users\Nathan\AppData\Local\Temp\cc2yLhuw.s:4091   .text.HAL_I2C_Master_Seq_Transmit_DMA:000001cc $d
C:\Users\Nathan\AppData\Local\Temp\cc2yLhuw.s:4098   .text.HAL_I2C_Master_Seq_Receive_IT:00000000 $t
C:\Users\Nathan\AppData\Local\Temp\cc2yLhuw.s:4104   .text.HAL_I2C_Master_Seq_Receive_IT:00000000 HAL_I2C_Master_Seq_Receive_IT
C:\Users\Nathan\AppData\Local\Temp\cc2yLhuw.s:4195   .text.HAL_I2C_Master_Seq_Receive_IT:000000b4 $d
C:\Users\Nathan\AppData\Local\Temp\cc2yLhuw.s:4199   .text.HAL_I2C_Master_Seq_Receive_DMA:00000000 $t
C:\Users\Nathan\AppData\Local\Temp\cc2yLhuw.s:4205   .text.HAL_I2C_Master_Seq_Receive_DMA:00000000 HAL_I2C_Master_Seq_Receive_DMA
C:\Users\Nathan\AppData\Local\Temp\cc2yLhuw.s:4371   .text.HAL_I2C_Master_Seq_Receive_DMA:00000164 $d
C:\Users\Nathan\AppData\Local\Temp\cc2yLhuw.s:4378   .text.HAL_I2C_Slave_Seq_Transmit_IT:00000000 $t
ARM GAS  C:\Users\Nathan\AppData\Local\Temp\cc2yLhuw.s 			page 131


C:\Users\Nathan\AppData\Local\Temp\cc2yLhuw.s:4384   .text.HAL_I2C_Slave_Seq_Transmit_IT:00000000 HAL_I2C_Slave_Seq_Transmit_IT
C:\Users\Nathan\AppData\Local\Temp\cc2yLhuw.s:4484   .text.HAL_I2C_Slave_Seq_Transmit_IT:000000d8 $d
C:\Users\Nathan\AppData\Local\Temp\cc2yLhuw.s:7352   .text.I2C_DMAAbort:00000000 I2C_DMAAbort
C:\Users\Nathan\AppData\Local\Temp\cc2yLhuw.s:4488   .text.HAL_I2C_Slave_Seq_Transmit_DMA:00000000 $t
C:\Users\Nathan\AppData\Local\Temp\cc2yLhuw.s:4494   .text.HAL_I2C_Slave_Seq_Transmit_DMA:00000000 HAL_I2C_Slave_Seq_Transmit_DMA
C:\Users\Nathan\AppData\Local\Temp\cc2yLhuw.s:4683   .text.HAL_I2C_Slave_Seq_Transmit_DMA:000001a0 $d
C:\Users\Nathan\AppData\Local\Temp\cc2yLhuw.s:4689   .text.HAL_I2C_Slave_Seq_Receive_IT:00000000 $t
C:\Users\Nathan\AppData\Local\Temp\cc2yLhuw.s:4695   .text.HAL_I2C_Slave_Seq_Receive_IT:00000000 HAL_I2C_Slave_Seq_Receive_IT
C:\Users\Nathan\AppData\Local\Temp\cc2yLhuw.s:4795   .text.HAL_I2C_Slave_Seq_Receive_IT:000000d8 $d
C:\Users\Nathan\AppData\Local\Temp\cc2yLhuw.s:4799   .text.HAL_I2C_Slave_Seq_Receive_DMA:00000000 $t
C:\Users\Nathan\AppData\Local\Temp\cc2yLhuw.s:4805   .text.HAL_I2C_Slave_Seq_Receive_DMA:00000000 HAL_I2C_Slave_Seq_Receive_DMA
C:\Users\Nathan\AppData\Local\Temp\cc2yLhuw.s:4993   .text.HAL_I2C_Slave_Seq_Receive_DMA:0000019c $d
C:\Users\Nathan\AppData\Local\Temp\cc2yLhuw.s:4999   .text.HAL_I2C_EnableListen_IT:00000000 $t
C:\Users\Nathan\AppData\Local\Temp\cc2yLhuw.s:5005   .text.HAL_I2C_EnableListen_IT:00000000 HAL_I2C_EnableListen_IT
C:\Users\Nathan\AppData\Local\Temp\cc2yLhuw.s:5027   .text.HAL_I2C_EnableListen_IT:00000024 $d
C:\Users\Nathan\AppData\Local\Temp\cc2yLhuw.s:5030   .text.HAL_I2C_DisableListen_IT:00000000 $t
C:\Users\Nathan\AppData\Local\Temp\cc2yLhuw.s:5036   .text.HAL_I2C_DisableListen_IT:00000000 HAL_I2C_DisableListen_IT
C:\Users\Nathan\AppData\Local\Temp\cc2yLhuw.s:5064   .text.HAL_I2C_Master_Abort_IT:00000000 $t
C:\Users\Nathan\AppData\Local\Temp\cc2yLhuw.s:5070   .text.HAL_I2C_Master_Abort_IT:00000000 HAL_I2C_Master_Abort_IT
C:\Users\Nathan\AppData\Local\Temp\cc2yLhuw.s:5138   .text.HAL_I2C_Master_Abort_IT:00000088 $d
C:\Users\Nathan\AppData\Local\Temp\cc2yLhuw.s:5141   .text.HAL_I2C_EV_IRQHandler:00000000 $t
C:\Users\Nathan\AppData\Local\Temp\cc2yLhuw.s:5147   .text.HAL_I2C_EV_IRQHandler:00000000 HAL_I2C_EV_IRQHandler
C:\Users\Nathan\AppData\Local\Temp\cc2yLhuw.s:5161   .text.HAL_I2C_MasterTxCpltCallback:00000000 $t
C:\Users\Nathan\AppData\Local\Temp\cc2yLhuw.s:5167   .text.HAL_I2C_MasterTxCpltCallback:00000000 HAL_I2C_MasterTxCpltCallback
C:\Users\Nathan\AppData\Local\Temp\cc2yLhuw.s:5174   .text.HAL_I2C_MasterRxCpltCallback:00000000 $t
C:\Users\Nathan\AppData\Local\Temp\cc2yLhuw.s:5180   .text.HAL_I2C_MasterRxCpltCallback:00000000 HAL_I2C_MasterRxCpltCallback
C:\Users\Nathan\AppData\Local\Temp\cc2yLhuw.s:5187   .text.I2C_ITMasterSeqCplt:00000000 $t
C:\Users\Nathan\AppData\Local\Temp\cc2yLhuw.s:5192   .text.I2C_ITMasterSeqCplt:00000000 I2C_ITMasterSeqCplt
C:\Users\Nathan\AppData\Local\Temp\cc2yLhuw.s:5232   .text.HAL_I2C_SlaveTxCpltCallback:00000000 $t
C:\Users\Nathan\AppData\Local\Temp\cc2yLhuw.s:5238   .text.HAL_I2C_SlaveTxCpltCallback:00000000 HAL_I2C_SlaveTxCpltCallback
C:\Users\Nathan\AppData\Local\Temp\cc2yLhuw.s:5245   .text.HAL_I2C_SlaveRxCpltCallback:00000000 $t
C:\Users\Nathan\AppData\Local\Temp\cc2yLhuw.s:5251   .text.HAL_I2C_SlaveRxCpltCallback:00000000 HAL_I2C_SlaveRxCpltCallback
C:\Users\Nathan\AppData\Local\Temp\cc2yLhuw.s:5258   .text.I2C_ITSlaveSeqCplt:00000000 $t
C:\Users\Nathan\AppData\Local\Temp\cc2yLhuw.s:5263   .text.I2C_ITSlaveSeqCplt:00000000 I2C_ITSlaveSeqCplt
C:\Users\Nathan\AppData\Local\Temp\cc2yLhuw.s:5321   .text.I2C_DMASlaveTransmitCplt:00000000 $t
C:\Users\Nathan\AppData\Local\Temp\cc2yLhuw.s:5345   .text.I2C_DMASlaveReceiveCplt:00000000 $t
C:\Users\Nathan\AppData\Local\Temp\cc2yLhuw.s:5373   .text.HAL_I2C_AddrCallback:00000000 $t
C:\Users\Nathan\AppData\Local\Temp\cc2yLhuw.s:5379   .text.HAL_I2C_AddrCallback:00000000 HAL_I2C_AddrCallback
C:\Users\Nathan\AppData\Local\Temp\cc2yLhuw.s:5386   .text.I2C_ITAddrCplt:00000000 $t
C:\Users\Nathan\AppData\Local\Temp\cc2yLhuw.s:5391   .text.I2C_ITAddrCplt:00000000 I2C_ITAddrCplt
C:\Users\Nathan\AppData\Local\Temp\cc2yLhuw.s:5466   .text.HAL_I2C_ListenCpltCallback:00000000 $t
C:\Users\Nathan\AppData\Local\Temp\cc2yLhuw.s:5472   .text.HAL_I2C_ListenCpltCallback:00000000 HAL_I2C_ListenCpltCallback
C:\Users\Nathan\AppData\Local\Temp\cc2yLhuw.s:5479   .text.I2C_ITListenCplt:00000000 $t
C:\Users\Nathan\AppData\Local\Temp\cc2yLhuw.s:5484   .text.I2C_ITListenCplt:00000000 I2C_ITListenCplt
C:\Users\Nathan\AppData\Local\Temp\cc2yLhuw.s:5533   .text.I2C_ITListenCplt:00000064 $d
C:\Users\Nathan\AppData\Local\Temp\cc2yLhuw.s:5536   .text.HAL_I2C_MemTxCpltCallback:00000000 $t
C:\Users\Nathan\AppData\Local\Temp\cc2yLhuw.s:5542   .text.HAL_I2C_MemTxCpltCallback:00000000 HAL_I2C_MemTxCpltCallback
C:\Users\Nathan\AppData\Local\Temp\cc2yLhuw.s:5549   .text.HAL_I2C_MemRxCpltCallback:00000000 $t
C:\Users\Nathan\AppData\Local\Temp\cc2yLhuw.s:5555   .text.HAL_I2C_MemRxCpltCallback:00000000 HAL_I2C_MemRxCpltCallback
C:\Users\Nathan\AppData\Local\Temp\cc2yLhuw.s:5562   .text.HAL_I2C_ErrorCallback:00000000 $t
C:\Users\Nathan\AppData\Local\Temp\cc2yLhuw.s:5568   .text.HAL_I2C_ErrorCallback:00000000 HAL_I2C_ErrorCallback
C:\Users\Nathan\AppData\Local\Temp\cc2yLhuw.s:5575   .text.HAL_I2C_AbortCpltCallback:00000000 $t
C:\Users\Nathan\AppData\Local\Temp\cc2yLhuw.s:5581   .text.HAL_I2C_AbortCpltCallback:00000000 HAL_I2C_AbortCpltCallback
C:\Users\Nathan\AppData\Local\Temp\cc2yLhuw.s:5588   .text.I2C_TreatErrorCallback:00000000 $t
C:\Users\Nathan\AppData\Local\Temp\cc2yLhuw.s:5593   .text.I2C_TreatErrorCallback:00000000 I2C_TreatErrorCallback
C:\Users\Nathan\AppData\Local\Temp\cc2yLhuw.s:5616   .text.I2C_ITError:00000000 $t
C:\Users\Nathan\AppData\Local\Temp\cc2yLhuw.s:5621   .text.I2C_ITError:00000000 I2C_ITError
ARM GAS  C:\Users\Nathan\AppData\Local\Temp\cc2yLhuw.s 			page 132


C:\Users\Nathan\AppData\Local\Temp\cc2yLhuw.s:5760   .text.I2C_ITError:00000124 $d
C:\Users\Nathan\AppData\Local\Temp\cc2yLhuw.s:5765   .text.I2C_ITSlaveCplt:00000000 $t
C:\Users\Nathan\AppData\Local\Temp\cc2yLhuw.s:5770   .text.I2C_ITSlaveCplt:00000000 I2C_ITSlaveCplt
C:\Users\Nathan\AppData\Local\Temp\cc2yLhuw.s:5992   .text.I2C_ITSlaveCplt:000001ec $d
C:\Users\Nathan\AppData\Local\Temp\cc2yLhuw.s:5995   .text.I2C_Slave_ISR_IT:00000000 $t
C:\Users\Nathan\AppData\Local\Temp\cc2yLhuw.s:6155   .text.I2C_ITMasterCplt:00000000 $t
C:\Users\Nathan\AppData\Local\Temp\cc2yLhuw.s:6160   .text.I2C_ITMasterCplt:00000000 I2C_ITMasterCplt
C:\Users\Nathan\AppData\Local\Temp\cc2yLhuw.s:6285   .text.I2C_Master_ISR_IT:00000000 $t
C:\Users\Nathan\AppData\Local\Temp\cc2yLhuw.s:6474   .text.I2C_Mem_ISR_DMA:00000000 $t
C:\Users\Nathan\AppData\Local\Temp\cc2yLhuw.s:6669   .text.I2C_Mem_ISR_DMA:00000198 $d
C:\Users\Nathan\AppData\Local\Temp\cc2yLhuw.s:6673   .text.I2C_Slave_ISR_DMA:00000000 $t
C:\Users\Nathan\AppData\Local\Temp\cc2yLhuw.s:6817   .text.I2C_Master_ISR_DMA:00000000 $t
C:\Users\Nathan\AppData\Local\Temp\cc2yLhuw.s:6968   .text.I2C_DMAError:00000000 $t
C:\Users\Nathan\AppData\Local\Temp\cc2yLhuw.s:6987   .text.I2C_DMAMasterTransmitCplt:00000000 $t
C:\Users\Nathan\AppData\Local\Temp\cc2yLhuw.s:7042   .text.I2C_DMAMasterReceiveCplt:00000000 $t
C:\Users\Nathan\AppData\Local\Temp\cc2yLhuw.s:7097   .text.I2C_Mem_ISR_IT:00000000 $t
C:\Users\Nathan\AppData\Local\Temp\cc2yLhuw.s:7288   .text.I2C_Mem_ISR_IT:00000190 $d
C:\Users\Nathan\AppData\Local\Temp\cc2yLhuw.s:7292   .text.HAL_I2C_ER_IRQHandler:00000000 $t
C:\Users\Nathan\AppData\Local\Temp\cc2yLhuw.s:7298   .text.HAL_I2C_ER_IRQHandler:00000000 HAL_I2C_ER_IRQHandler
C:\Users\Nathan\AppData\Local\Temp\cc2yLhuw.s:7347   .text.I2C_DMAAbort:00000000 $t
C:\Users\Nathan\AppData\Local\Temp\cc2yLhuw.s:7371   .text.HAL_I2C_GetState:00000000 $t
C:\Users\Nathan\AppData\Local\Temp\cc2yLhuw.s:7377   .text.HAL_I2C_GetState:00000000 HAL_I2C_GetState
C:\Users\Nathan\AppData\Local\Temp\cc2yLhuw.s:7385   .text.HAL_I2C_GetMode:00000000 $t
C:\Users\Nathan\AppData\Local\Temp\cc2yLhuw.s:7391   .text.HAL_I2C_GetMode:00000000 HAL_I2C_GetMode
C:\Users\Nathan\AppData\Local\Temp\cc2yLhuw.s:7399   .text.HAL_I2C_GetError:00000000 $t
C:\Users\Nathan\AppData\Local\Temp\cc2yLhuw.s:7405   .text.HAL_I2C_GetError:00000000 HAL_I2C_GetError

UNDEFINED SYMBOLS
HAL_GetTick
HAL_DMA_Start_IT
HAL_DMA_Abort_IT
HAL_DMA_GetState
